<?xml version="1.0" encoding="UTF-8"?>
<kml xmlns="http://www.opengis.net/kml/2.2">
<Document>
<name>Líneas M3E — 24/03/2026</name>
<description>Líneas de vuelo - Generado por TeMapeo</description>
<Style id="m3e"><LineStyle><color>fff5a521</color><width>3</width></LineStyle></Style>
<Style id="m3m"><LineStyle><color>ff0098ff</color><width>3</width></LineStyle></Style>
<Style id="default"><LineStyle><color>ff0aaed9</color><width>3</width></LineStyle></Style>
<Placemark>
<name>DJI_202603240837_001_LONCOPAN002_Timestamp.MRK</name>
<description>Equipo: M3E | Fecha: 24-03-2026 | Puntos: 1213</description>
<styleUrl>#m3e</styleUrl>
<LineString><altitudeMode>relativeToGround</altitudeMode><coordinates>
-72.5596326,-40.0433564,60
-72.559661,-40.0433451,60
-72.5597207,-40.0433223,60
-72.5598059,-40.0432904,60
-72.5598985,-40.0432561,60
-72.56003,-40.0432064,60
-72.5601479,-40.0431618,60
-72.5602784,-40.043114,60
-72.5604024,-40.0430668,60
-72.560544,-40.0430141,60
-72.560686,-40.0429617,60
-72.5608029,-40.0429186,60
-72.56093,-40.0428705,60
-72.5610545,-40.0428226,60
-72.561188,-40.0427672,60
-72.5613215,-40.0427014,60
-72.561448,-40.0426318,60
-72.5615613,-40.0425692,60
-72.5616861,-40.0424999,60
-72.5618095,-40.0424318,60
-72.5619203,-40.0423701,60
-72.5620461,-40.0423004,60
-72.5621592,-40.0422377,60
-72.5622854,-40.0421678,60
-72.5624076,-40.0421,60
-72.5624823,-40.0420525,60
-72.5625008,-40.0420352,60
-72.5624886,-40.0420367,60
-72.5624511,-40.0420499,60
-72.5623954,-40.0420704,60
-72.5623232,-40.0420976,60
-72.5622235,-40.0421345,60
-72.5621199,-40.042174,60
-72.5619918,-40.0422227,60
-72.5618574,-40.0422738,60
-72.5617297,-40.0423213,60
-72.5616056,-40.0423669,60
-72.5615065,-40.0424034,60
-72.561416,-40.0424374,60
-72.5613061,-40.0424791,60
-72.5611813,-40.0425268,60
-72.5610566,-40.042574,60
-72.5609127,-40.0426266,60
-72.560771,-40.0426789,60
-72.5606451,-40.0427254,60
-72.5605188,-40.0427719,60
-72.5603933,-40.0428205,60
-72.5602538,-40.0428733,60
-72.5601257,-40.0429194,60
-72.5599877,-40.0429705,60
-72.5598612,-40.0430175,60
-72.5597195,-40.0430703,60
-72.5595806,-40.0431209,60
-72.5594849,-40.0431483,60
-72.5594055,-40.0431448,60
-72.5593371,-40.0431071,60
-72.5592871,-40.0430604,60
-72.5592687,-40.0430152,60
-72.5592957,-40.042976,60
-72.5593512,-40.0429496,60
-72.559418,-40.0429244,60
-72.5595139,-40.0428883,60
-72.5596152,-40.0428501,60
-72.5597413,-40.0428025,60
-72.5598783,-40.0427513,60
-72.560007,-40.042704,60
-72.5601492,-40.0426519,60
-72.5602891,-40.0425999,60
-72.560428,-40.0425483,60
-72.5605544,-40.0425012,60
-72.5606932,-40.042449,60
-72.5608339,-40.0423965,60
-72.5609571,-40.0423502,60
-72.5610968,-40.0422981,60
-72.5612233,-40.0422516,60
-72.5613607,-40.0421991,60
-72.5615016,-40.042147,60
-72.5616297,-40.0420998,60
-72.5617654,-40.0420494,60
-72.5618996,-40.0419981,60
-72.5620411,-40.0419456,60
-72.5621682,-40.0418986,60
-72.5623081,-40.0418467,60
-72.5624486,-40.0417941,60
-72.5625707,-40.0417483,60
-72.5627026,-40.0416982,60
-72.562827,-40.0416528,60
-72.5629321,-40.0416138,60
-72.5630376,-40.0415742,60
-72.563111,-40.0415468,60
-72.5631842,-40.0415189,60
-72.5632926,-40.0414779,60
-72.5634041,-40.0414375,60
-72.5635365,-40.0413875,60
-72.5636712,-40.0413275,60
-72.5637684,-40.0412689,60
-72.5638332,-40.0412176,60
-72.5638748,-40.0411825,60
-72.563905,-40.0411573,60
-72.5639278,-40.0411398,60
-72.5639731,-40.0411036,60
-72.5640347,-40.0410526,60
-72.564104,-40.0409955,60
-72.5641681,-40.0409334,60
-72.564186,-40.0409034,60
-72.564165,-40.0408998,60
-72.5641282,-40.0409118,60
-72.564076,-40.0409311,60
-72.5639928,-40.0409628,60
-72.5638901,-40.0410015,60
-72.5637864,-40.0410411,60
-72.5636762,-40.041082,60
-72.5636019,-40.0411085,60
-72.5635321,-40.0411347,60
-72.5634563,-40.0411634,60
-72.5633544,-40.0412026,60
-72.5632348,-40.0412474,60
-72.5631178,-40.0412915,60
-72.5629814,-40.0413427,60
-72.5628519,-40.0413908,60
-72.5627105,-40.0414424,60
-72.5625713,-40.0414939,60
-72.5624355,-40.0415447,60
-72.5623121,-40.0415913,60
-72.5621735,-40.0416436,60
-72.5620323,-40.0416957,60
-72.5619059,-40.0417428,60
-72.5617706,-40.0417942,60
-72.5616554,-40.0418361,60
-72.5615415,-40.0418782,60
-72.5614169,-40.0419263,60
-72.5612966,-40.0419714,60
-72.5611904,-40.04201,60
-72.561077,-40.042053,60
-72.5609627,-40.0420959,60
-72.5608253,-40.0421477,60
-72.5606816,-40.0422006,60
-72.5605536,-40.0422475,60
-72.5604132,-40.0423,60
-72.5602738,-40.0423519,60
-72.5601343,-40.0424038,60
-72.5600086,-40.0424509,60
-72.5598696,-40.0425028,60
-72.5597303,-40.0425552,60
-72.5596047,-40.0426018,60
-72.5594666,-40.0426531,60
-72.5593258,-40.0427059,60
-72.5592005,-40.0427525,60
-72.5590817,-40.0427905,60
-72.5590083,-40.0427943,60
-72.5589352,-40.0427635,60
-72.5588766,-40.0427136,60
-72.5588506,-40.0426674,60
-72.5588677,-40.0426295,60
-72.5589189,-40.0426012,60
-72.5589883,-40.0425744,60
-72.5590711,-40.0425433,60
-72.5591807,-40.042502,60
-72.559292,-40.0424601,60
-72.5594267,-40.0424091,60
-72.5595689,-40.0423567,60
-72.5597108,-40.0423049,60
-72.5598372,-40.0422579,60
-72.5599771,-40.0422057,60
-72.5601166,-40.0421535,60
-72.5602423,-40.0421068,60
-72.5603814,-40.0420548,60
-72.5605069,-40.0420079,60
-72.5606462,-40.041956,60
-72.5607857,-40.041904,60
-72.5609251,-40.0418521,60
-72.5610503,-40.0418051,60
-72.5611897,-40.0417537,60
-72.561329,-40.0417014,60
-72.5614549,-40.0416547,60
-72.561594,-40.0416025,60
-72.5617335,-40.0415508,60
-72.5618593,-40.0415038,60
-72.5619973,-40.041452,60
-72.5621249,-40.0414049,60
-72.5622648,-40.0413524,60
-72.5624045,-40.0413003,60
-72.5625836,-40.0412331,60
-72.5626511,-40.041207,60
-72.5628042,-40.0411499,60
-72.562912,-40.0411098,60
-72.5630261,-40.0410668,60
-72.5631409,-40.0410236,60
-72.5632746,-40.0409725,60
-72.563407,-40.040924,60
-72.5635529,-40.0408714,60
-72.5636784,-40.0408244,60
-72.5637907,-40.0407814,60
-72.5638956,-40.0407416,60
-72.563975,-40.0407121,60
-72.5640164,-40.040698,60
-72.5640599,-40.0406818,60
-72.5641333,-40.0406553,60
-72.5642173,-40.0406243,60
-72.5643287,-40.0405813,60
-72.5644544,-40.0405339,60
-72.5645763,-40.0404875,60
-72.564718,-40.0404337,60
-72.5648503,-40.0403698,60
-72.5649531,-40.0402966,60
-72.5650603,-40.0402087,60
-72.5651551,-40.0401296,60
-72.5652525,-40.0400458,60
-72.5653032,-40.039989,60
-72.565306,-40.0399656,60
-72.5652794,-40.0399699,60
-72.5652375,-40.0399865,60
-72.5651831,-40.0400074,60
-72.5650994,-40.040039,60
-72.5649956,-40.0400779,60
-72.5648903,-40.0401176,60
-72.5647622,-40.0401666,60
-72.5646271,-40.0402184,60
-72.5644872,-40.040269,60
-72.5643639,-40.0403152,60
-72.564225,-40.0403684,60
-72.5640861,-40.0404206,60
-72.5639587,-40.0404679,60
-72.5638137,-40.0405215,60
-72.5636884,-40.0405673,60
-72.5635371,-40.0406245,60
-72.5634086,-40.040672,60
-72.5632676,-40.0407243,60
-72.5631427,-40.0407712,60
-72.5630041,-40.040823,60
-72.5628647,-40.0408749,60
-72.5627395,-40.0409213,60
-72.5625996,-40.0409735,60
-72.562474,-40.0410205,60
-72.5623348,-40.0410724,60
-72.5621955,-40.0411241,60
-72.5620696,-40.0411711,60
-72.5619306,-40.0412227,60
-72.561792,-40.0412745,60
-72.5616662,-40.0413218,60
-72.5615265,-40.0413739,60
-72.5613871,-40.0414259,60
-72.561262,-40.0414727,60
-72.5611224,-40.0415247,60
-72.5609828,-40.0415766,60
-72.5608428,-40.0416287,60
-72.5607036,-40.0416812,60
-72.5605779,-40.0417278,60
-72.5604384,-40.04178,60
-72.5603129,-40.0418266,60
-72.5601739,-40.0418787,60
-72.5600488,-40.0419253,60
-72.5599099,-40.0419772,60
-72.55977,-40.0420301,60
-72.5596443,-40.0420762,60
-72.5595045,-40.042128,60
-72.559365,-40.0421813,60
-72.5592249,-40.0422328,60
-72.5590993,-40.0422793,60
-72.5589608,-40.0423315,60
-72.5588215,-40.0423834,60
-72.5587034,-40.0424249,60
-72.558613,-40.0424417,60
-72.5585376,-40.04242,60
-72.5584809,-40.0423792,60
-72.5584377,-40.0423289,60
-72.5584435,-40.0422839,60
-72.5584825,-40.0422552,60
-72.558545,-40.04223,60
-72.5586299,-40.0421981,60
-72.5587237,-40.0421628,60
-72.558843,-40.0421174,60
-72.5589748,-40.0420679,60
-72.5591016,-40.0420207,60
-72.5592446,-40.0419684,60
-72.5593856,-40.0419158,60
-72.559512,-40.0418687,60
-72.559652,-40.0418159,60
-72.5597922,-40.0417646,60
-72.5599173,-40.0417172,60
-72.560057,-40.0416653,60
-72.5601961,-40.0416132,60
-72.5603215,-40.0415664,60
-72.5604608,-40.0415145,60
-72.5605993,-40.0414622,60
-72.5607384,-40.041411,60
-72.5608773,-40.0413589,60
-72.5610171,-40.0413068,60
-72.561157,-40.0412555,60
-72.5612815,-40.0412086,60
-72.5614209,-40.0411567,60
-72.5615469,-40.04111,60
-72.5616863,-40.0410576,60
-72.5618115,-40.0410109,60
-72.5619515,-40.0409588,60
-72.5620767,-40.0409122,60
-72.5622163,-40.0408604,60
-72.5623552,-40.0408083,60
-72.5624944,-40.0407562,60
-72.5626202,-40.0407099,60
-72.5627592,-40.0406579,60
-72.5628993,-40.0406054,60
-72.5630248,-40.0405589,60
-72.563164,-40.0405066,60
-72.5633037,-40.0404544,60
-72.5634273,-40.040408,60
-72.5635561,-40.0403596,60
-72.5636676,-40.0403166,60
-72.563804,-40.0402656,60
-72.5639269,-40.0402192,60
-72.5640706,-40.0401664,60
-72.5642121,-40.0401143,60
-72.5643388,-40.0400674,60
-72.5644797,-40.0400145,60
-72.5646055,-40.0399674,60
-72.5647453,-40.0399157,60
-72.5648808,-40.039864,60
-72.5650229,-40.0398108,60
-72.5651508,-40.0397643,60
-72.5652856,-40.0397132,60
-72.5653888,-40.0396748,60
-72.5655042,-40.0396216,60
-72.5655931,-40.0395551,60
-72.5656421,-40.0394758,60
-72.5656781,-40.0393935,60
-72.5656869,-40.0393507,60
-72.5656636,-40.039331,60
-72.5656192,-40.0393358,60
-72.5655684,-40.0393537,60
-72.5654935,-40.0393823,60
-72.5654029,-40.0394168,60
-72.5653027,-40.0394543,60
-72.5651812,-40.0394997,60
-72.5650619,-40.0395448,60
-72.5649229,-40.0395968,60
-72.5647947,-40.0396442,60
-72.5646541,-40.0396962,60
-72.5645146,-40.0397483,60
-72.5643755,-40.0398004,60
-72.5642522,-40.0398458,60
-72.5641188,-40.0398959,60
-72.5639988,-40.0399408,60
-72.5638564,-40.0399954,60
-72.5637117,-40.0400487,60
-72.5635721,-40.0401005,60
-72.5634474,-40.0401467,60
-72.5633078,-40.0401984,60
-72.5631683,-40.0402503,60
-72.5630434,-40.0402977,60
-72.5629039,-40.0403495,60
-72.5627645,-40.0404019,60
-72.5626389,-40.0404484,60
-72.5624997,-40.0404998,60
-72.5623598,-40.0405517,60
-72.5622341,-40.0405986,60
-72.5620945,-40.0406509,60
-72.5619559,-40.0407027,60
-72.5618306,-40.0407496,60
-72.5616909,-40.0408019,60
-72.5615514,-40.0408536,60
-72.5614263,-40.0409009,60
-72.5612869,-40.0409528,60
-72.5611477,-40.0410052,60
-72.5610223,-40.0410515,60
-72.5608824,-40.0411036,60
-72.5607574,-40.04115,60
-72.5606179,-40.0412021,60
-72.5604784,-40.0412544,60
-72.5603243,-40.0413116,60
-72.5601993,-40.0413582,60
-72.5600599,-40.0414111,60
-72.5599342,-40.0414578,60
-72.5597947,-40.04151,60
-72.5596547,-40.0415619,60
-72.5595292,-40.0416085,60
-72.5594041,-40.0416554,60
-72.5592649,-40.0417081,60
-72.5591244,-40.0417596,60
-72.5589988,-40.0418067,60
-72.5588594,-40.041859,60
-72.5587196,-40.041911,60
-72.5585943,-40.0419578,60
-72.5584567,-40.042009,60
-72.5583192,-40.0420594,60
-72.5582283,-40.0420845,60
-72.5581501,-40.042079,60
-72.5580888,-40.0420445,60
-72.5580342,-40.0419924,60
-72.5580187,-40.0419468,60
-72.5580491,-40.0419086,60
-72.5580996,-40.0418856,60
-72.5581743,-40.0418574,60
-72.5582719,-40.0418207,60
-72.5583745,-40.0417819,60
-72.5585016,-40.0417342,60
-72.5586393,-40.0416823,60
-72.558782,-40.0416303,60
-72.5589096,-40.0415833,60
-72.5590502,-40.0415311,60
-72.5591762,-40.0414839,60
-72.5593162,-40.041432,60
-72.559456,-40.0413797,60
-72.5595818,-40.0413323,60
-72.5597219,-40.0412806,60
-72.5598614,-40.0412284,60
-72.5599868,-40.0411817,60
-72.5601259,-40.0411293,60
-72.5602654,-40.0410771,60
-72.5603909,-40.041031,60
-72.5605304,-40.0409782,60
-72.5606696,-40.0409269,60
-72.5607951,-40.0408801,60
-72.5609346,-40.0408283,60
-72.5610741,-40.0407762,60
-72.5611997,-40.0407295,60
-72.5613392,-40.0406778,60
-72.5614782,-40.0406253,60
-72.5616033,-40.0405785,60
-72.5617426,-40.0405261,60
-72.5618817,-40.0404743,60
-72.5620071,-40.0404272,60
-72.5621463,-40.0403754,60
-72.5622855,-40.040323,60
-72.5624113,-40.040276,60
-72.562551,-40.0402241,60
-72.5626896,-40.0401721,60
-72.5628296,-40.0401201,60
-72.5629551,-40.0400734,60
-72.5630951,-40.0400209,60
-72.563234,-40.0399691,60
-72.5633596,-40.0399231,60
-72.5634976,-40.0398711,60
-72.5636512,-40.0398136,60
-72.5637769,-40.0397666,60
-72.5639025,-40.0397199,60
-72.5640416,-40.0396676,60
-72.564181,-40.0396158,60
-72.564307,-40.0395691,60
-72.564446,-40.0395168,60
-72.5645713,-40.03947,60
-72.5647108,-40.0394181,60
-72.5648507,-40.0393661,60
-72.5649762,-40.0393193,60
-72.5651161,-40.0392671,60
-72.5652554,-40.039215,60
-72.5653804,-40.0391684,60
-72.5655108,-40.0391193,60
-72.5656502,-40.039067,60
-72.5657889,-40.0390126,60
-72.5658882,-40.0389598,60
-72.565956,-40.0388789,60
-72.5660019,-40.0387973,60
-72.5660257,-40.0387312,60
-72.5660187,-40.0387007,60
-72.565984,-40.0386916,60
-72.5659382,-40.0387046,60
-72.5658772,-40.0387278,60
-72.5657913,-40.0387603,60
-72.565697,-40.0387963,60
-72.5655972,-40.0388332,60
-72.5655077,-40.0388669,60
-72.5654188,-40.0388999,60
-72.5653307,-40.0389323,60
-72.5652395,-40.0389668,60
-72.5651218,-40.039012,60
-72.5649935,-40.0390601,60
-72.5648785,-40.0391028,60
-72.564743,-40.039153,60
-72.5646022,-40.0392056,60
-72.5644752,-40.0392523,60
-72.5643353,-40.0393039,60
-72.5641958,-40.0393555,60
-72.5640706,-40.0394028,60
-72.5639314,-40.0394549,60
-72.563792,-40.0395071,60
-72.5636521,-40.0395592,60
-72.5635263,-40.0396058,60
-72.5633879,-40.0396577,60
-72.563248,-40.0397101,60
-72.5631224,-40.0397568,60
-72.5629838,-40.0398091,60
-72.5628447,-40.0398611,60
-72.5627191,-40.0399079,60
-72.5625801,-40.03996,60
-72.5624407,-40.0400116,60
-72.5623152,-40.0400583,60
-72.5621757,-40.0401105,60
-72.5620363,-40.0401628,60
-72.5619106,-40.0402093,60
-72.5617713,-40.0402609,60
-72.5616328,-40.0403135,60
-72.5615069,-40.04036,60
-72.5613671,-40.0404118,60
-72.5612269,-40.040464,60
-72.5610878,-40.0405163,60
-72.5609628,-40.0405633,60
-72.5608232,-40.0406154,60
-72.5606975,-40.040662,60
-72.5605442,-40.0407195,60
-72.5604193,-40.0407662,60
-72.5602935,-40.0408133,60
-72.5601529,-40.0408657,60
-72.5600135,-40.0409176,60
-72.5598877,-40.0409645,60
-72.5597482,-40.0410168,60
-72.5596085,-40.0410684,60
-72.5594833,-40.0411151,60
-72.5593433,-40.0411672,60
-72.5592035,-40.0412194,60
-72.5590644,-40.0412713,60
-72.5589248,-40.0413238,60
-72.5587994,-40.0413706,60
-72.5586604,-40.0414225,60
-72.5585201,-40.0414748,60
-72.5583943,-40.0415226,60
-72.5582541,-40.0415741,60
-72.558115,-40.0416261,60
-72.5579748,-40.0416782,60
-72.5578604,-40.0417175,60
-72.5577728,-40.0417308,60
-72.5577038,-40.041711,60
-72.5576415,-40.0416653,60
-72.5576037,-40.0416203,60
-72.5576077,-40.0415755,60
-72.5576515,-40.0415431,60
-72.5577077,-40.0415209,60
-72.557792,-40.0414894,60
-72.5578964,-40.0414495,60
-72.5580165,-40.0414043,60
-72.5581353,-40.0413599,60
-72.5582756,-40.041307,60
-72.5584036,-40.0412601,60
-72.5585446,-40.0412084,60
-72.5586852,-40.0411564,60
-72.5588112,-40.0411097,60
-72.558951,-40.0410574,60
-72.5590907,-40.041005,60
-72.5592163,-40.0409585,60
-72.5593556,-40.0409064,60
-72.5594946,-40.0408542,60
-72.5596199,-40.0408077,60
-72.5597596,-40.0407564,60
-72.5598987,-40.0407041,60
-72.5600241,-40.0406574,60
-72.5601636,-40.0406057,60
-72.560303,-40.0405527,60
-72.5604287,-40.0405064,60
-72.5605679,-40.0404548,60
-72.560707,-40.0404027,60
-72.5608322,-40.0403554,60
-72.5609715,-40.0403032,60
-72.5611103,-40.0402512,60
-72.5612361,-40.040204,60
-72.5613754,-40.0401524,60
-72.5615148,-40.0401005,60
-72.5616403,-40.0400535,60
-72.5617797,-40.0400015,60
-72.5619196,-40.0399499,60
-72.5620461,-40.0399025,60
-72.5621848,-40.0398507,60
-72.5623238,-40.0397988,60
-72.5624493,-40.0397521,60
-72.562589,-40.0397001,60
-72.5627275,-40.0396481,60
-72.5628672,-40.039596,60
-72.5629929,-40.0395493,60
-72.5631462,-40.0394921,60
-72.5632719,-40.0394454,60
-72.5634109,-40.0393934,60
-72.5635365,-40.0393466,60
-72.5636762,-40.0392943,60
-72.5638022,-40.0392474,60
-72.5639413,-40.0391955,60
-72.5640808,-40.0391435,60
-72.5642201,-40.0390909,60
-72.5643446,-40.0390443,60
-72.5644846,-40.0389921,60
-72.5646235,-40.0389399,60
-72.5647474,-40.0388935,60
-72.5648757,-40.0388452,60
-72.5650004,-40.0387986,60
-72.565121,-40.0387524,60
-72.5652611,-40.0387002,60
-72.5654036,-40.0386479,60
-72.56553,-40.0386008,60
-72.5656692,-40.0385486,60
-72.5658084,-40.0384968,60
-72.565933,-40.0384506,60
-72.5660723,-40.0383982,60
-72.5661961,-40.0383427,60
-72.5662681,-40.0382812,60
-72.5663248,-40.0381944,60
-72.5663787,-40.0381026,60
-72.5664075,-40.0380453,60
-72.5664111,-40.0380233,60
-72.5663914,-40.0380234,60
-72.5663522,-40.0380384,60
-72.5663008,-40.0380584,60
-72.5662199,-40.0380893,60
-72.5661194,-40.0381274,60
-72.5660159,-40.0381665,60
-72.5658874,-40.0382147,60
-72.5657735,-40.0382555,60
-72.5656431,-40.0383061,60
-72.5655055,-40.0383585,60
-72.5653751,-40.0384064,60
-72.5652175,-40.0384642,60
-72.5650917,-40.0385111,60
-72.5649673,-40.0385573,60
-72.5648281,-40.0386094,60
-72.5646896,-40.0386614,60
-72.5645504,-40.038714,60
-72.5644249,-40.0387601,60
-72.5642855,-40.0388123,60
-72.5641599,-40.0388594,60
-72.5640205,-40.038911,60
-72.5638816,-40.0389629,60
-72.5637554,-40.0390097,60
-72.563616,-40.0390617,60
-72.5634765,-40.0391137,60
-72.5633372,-40.0391657,60
-72.5632102,-40.0392135,60
-72.5630711,-40.0392656,60
-72.562931,-40.0393176,60
-72.562806,-40.0393642,60
-72.5626669,-40.0394162,60
-72.562527,-40.0394686,60
-72.5624015,-40.0395155,60
-72.5622618,-40.0395677,60
-72.5621222,-40.0396201,60
-72.5619969,-40.0396667,60
-72.5618575,-40.0397187,60
-72.561718,-40.0397703,60
-72.5615918,-40.0398172,60
-72.5614521,-40.0398695,60
-72.561312,-40.0399216,60
-72.5611862,-40.0399684,60
-72.5610463,-40.0400207,60
-72.5609072,-40.040073,60
-72.5607828,-40.0401196,60
-72.5606438,-40.0401716,60
-72.5605033,-40.0402242,60
-72.5603786,-40.040271,60
-72.5602392,-40.0403229,60
-72.5601003,-40.0403747,60
-72.5599747,-40.0404217,60
-72.5598201,-40.0404796,60
-72.5596808,-40.0405311,60
-72.559556,-40.040578,60
-72.5594159,-40.04063,60
-72.5592902,-40.0406769,60
-72.5591632,-40.0407242,60
-72.5590238,-40.0407764,60
-72.558884,-40.0408285,60
-72.5587445,-40.0408808,60
-72.5586049,-40.0409329,60
-72.55848,-40.0409795,60
-72.5583408,-40.0410312,60
-72.5582024,-40.0410828,60
-72.5580773,-40.0411303,60
-72.557937,-40.041182,60
-72.5578113,-40.0412291,60
-72.5576711,-40.0412812,60
-72.5575461,-40.0413281,60
-72.5574236,-40.0413689,60
-72.5573418,-40.0413754,60
-72.5572686,-40.0413451,60
-72.5572155,-40.0413008,60
-72.5571833,-40.0412486,60
-72.5571964,-40.0412142,60
-72.5572445,-40.0411845,60
-72.5573108,-40.041159,60
-72.557391,-40.0411285,60
-72.557499,-40.0410877,60
-72.5576217,-40.0410415,60
-72.5577562,-40.0409907,60
-72.5578836,-40.0409432,60
-72.5580263,-40.0408907,60
-72.5581545,-40.0408427,60
-72.5582957,-40.0407907,60
-72.5584365,-40.0407384,60
-72.558577,-40.0406861,60
-72.5587046,-40.040639,60
-72.5588445,-40.0405867,60
-72.5589847,-40.0405344,60
-72.5591101,-40.0404876,60
-72.5592493,-40.0404352,60
-72.5593883,-40.0403841,60
-72.5595139,-40.0403373,60
-72.559654,-40.0402853,60
-72.5597933,-40.0402325,60
-72.5599191,-40.0401859,60
-72.5600585,-40.0401342,60
-72.5601978,-40.0400819,60
-72.5603233,-40.040035,60
-72.560463,-40.0399837,60
-72.5606022,-40.0399312,60
-72.5607274,-40.0398847,60
-72.5608672,-40.0398324,60
-72.5610065,-40.0397805,60
-72.5611457,-40.0397284,60
-72.5612696,-40.0396819,60
-72.561409,-40.0396298,60
-72.561549,-40.0395773,60
-72.5616888,-40.0395257,60
-72.5618142,-40.0394788,60
-72.5619536,-40.0394268,60
-72.5620933,-40.0393745,60
-72.5622189,-40.0393279,60
-72.5623578,-40.0392758,60
-72.5624974,-40.0392239,60
-72.5626366,-40.0391716,60
-72.5627625,-40.0391248,60
-72.5628891,-40.0390775,60
-72.5630284,-40.0390252,60
-72.563167,-40.0389727,60
-72.5632925,-40.0389261,60
-72.5634318,-40.0388742,60
-72.5635571,-40.0388274,60
-72.5636964,-40.0387756,60
-72.5638355,-40.0387239,60
-72.5639749,-40.0386717,60
-72.5641,-40.0386253,60
-72.5642402,-40.0385729,60
-72.5643796,-40.0385211,60
-72.5645051,-40.0384738,60
-72.5646443,-40.0384213,60
-72.5647703,-40.0383748,60
-72.5649094,-40.0383226,60
-72.565049,-40.0382708,60
-72.5651734,-40.0382244,60
-72.565292,-40.0381793,60
-72.5653881,-40.0381439,60
-72.5654882,-40.038106,60
-72.5656074,-40.0380605,60
-72.5657378,-40.0380103,60
-72.5658704,-40.0379616,60
-72.5660047,-40.0379116,60
-72.5661445,-40.0378586,60
-72.5662918,-40.037805,60
-72.5664207,-40.0377579,60
-72.566544,-40.0377103,60
-72.5666528,-40.0376681,60
-72.5667609,-40.0376049,60
-72.566844,-40.0375268,60
-72.5669318,-40.0374185,60
-72.566974,-40.0373515,60
-72.5669845,-40.0373151,60
-72.56696,-40.0373052,60
-72.5669182,-40.037317,60
-72.5668602,-40.0373391,60
-72.5667953,-40.0373635,60
-72.566686,-40.0374055,60
-72.5665817,-40.0374449,60
-72.5664711,-40.0374868,60
-72.5663322,-40.0375396,60
-72.566191,-40.0375913,60
-72.566052,-40.0376429,60
-72.5659312,-40.0376883,60
-72.5658003,-40.0377353,60
-72.5656719,-40.0377846,60
-72.5655509,-40.0378323,60
-72.5654059,-40.0378852,60
-72.5652623,-40.0379376,60
-72.5651362,-40.0379839,60
-72.5649971,-40.0380357,60
-72.5648576,-40.0380875,60
-72.5647319,-40.0381346,60
-72.5645928,-40.0381865,60
-72.5644538,-40.0382383,60
-72.5643283,-40.0382858,60
-72.5641888,-40.0383373,60
-72.5640499,-40.0383895,60
-72.5639237,-40.0384365,60
-72.5637847,-40.0384886,60
-72.5636456,-40.0385408,60
-72.5635204,-40.0385873,60
-72.5633807,-40.038639,60
-72.5632413,-40.0386913,60
-72.563102,-40.038743,60
-72.5629629,-40.0387948,60
-72.5628373,-40.0388415,60
-72.5626975,-40.0388937,60
-72.5625586,-40.0389462,60
-72.5624196,-40.0389986,60
-72.5622942,-40.0390449,60
-72.5621546,-40.0390966,60
-72.5620153,-40.0391489,60
-72.5618892,-40.0391956,60
-72.5617505,-40.0392478,60
-72.5616262,-40.0392943,60
-72.5614874,-40.0393463,60
-72.5613627,-40.0393928,60
-72.5612235,-40.0394445,60
-72.5610847,-40.0394967,60
-72.5609596,-40.0395437,60
-72.5608204,-40.0395952,60
-72.5606802,-40.0396476,60
-72.5605551,-40.0396942,60
-72.5604157,-40.0397464,60
-72.560276,-40.0397985,60
-72.5601506,-40.039845,60
-72.5600115,-40.0398968,60
-72.5598721,-40.0399488,60
-72.5597483,-40.0399947,60
-72.5596096,-40.0400466,60
-72.5594693,-40.0400987,60
-72.5593298,-40.0401513,60
-72.5592044,-40.0401984,60
-72.5590649,-40.0402499,60
-72.5589392,-40.0402969,60
-72.5587998,-40.0403489,60
-72.5586613,-40.0404011,60
-72.558536,-40.0404478,60
-72.5583962,-40.0404998,60
-72.5582569,-40.0405514,60
-72.5581311,-40.0405988,60
-72.5579779,-40.0406555,60
-72.5578527,-40.0407034,60
-72.557713,-40.0407554,60
-72.5575873,-40.0408022,60
-72.5574485,-40.0408545,60
-72.5573095,-40.0409054,60
-72.5571841,-40.0409528,60
-72.5570559,-40.0409992,60
-72.5569798,-40.041019,60
-72.5569082,-40.0410162,60
-72.5568584,-40.0409914,60
-72.5568102,-40.0409539,60
-72.5567739,-40.0409017,60
-72.5567851,-40.0408565,60
-72.5568236,-40.0408323,60
-72.5568925,-40.0408039,60
-72.5569914,-40.0407663,60
-72.5571063,-40.0407236,60
-72.5572206,-40.0406806,60
-72.5573572,-40.040629,60
-72.5574988,-40.0405766,60
-72.5576267,-40.0405294,60
-72.5577677,-40.0404768,60
-72.5579089,-40.0404245,60
-72.5580353,-40.0403775,60
-72.5581758,-40.0403257,60
-72.5583157,-40.0402732,60
-72.5584416,-40.0402264,60
-72.558581,-40.0401739,60
-72.5587067,-40.0401269,60
-72.558847,-40.0400751,60
-72.5589868,-40.040023,60
-72.5591122,-40.0399762,60
-72.5592525,-40.0399242,60
-72.5593921,-40.0398722,60
-72.5595313,-40.0398199,60
-72.5596572,-40.0397728,60
-72.5597967,-40.0397204,60
-72.5599366,-40.0396684,60
-72.5600622,-40.0396222,60
-72.5602017,-40.0395705,60
-72.5603414,-40.0395182,60
-72.5604668,-40.0394713,60
-72.5606063,-40.0394192,60
-72.5607457,-40.0393672,60
-72.5608709,-40.03932,60
-72.5610102,-40.0392676,60
-72.5611493,-40.0392157,60
-72.561275,-40.0391689,60
-72.5614147,-40.0391171,60
-72.5615537,-40.0390656,60
-72.5616795,-40.0390181,60
-72.5619161,-40.0389298,60
-72.5619857,-40.0389037,60
-72.5620835,-40.0388669,60
-72.5622233,-40.0388151,60
-72.5623624,-40.0387631,60
-72.5624882,-40.0387167,60
-72.5626275,-40.0386643,60
-72.5627667,-40.0386122,60
-72.5628924,-40.0385656,60
-72.5630322,-40.0385135,60
-72.563172,-40.0384617,60
-72.5632975,-40.0384147,60
-72.5634364,-40.038362,60
-72.5635757,-40.0383103,60
-72.5637011,-40.0382633,60
-72.5638403,-40.038211,60
-72.5639802,-40.038159,60
-72.5641059,-40.0381123,60
-72.5642451,-40.0380604,60
-72.564385,-40.0380081,60
-72.5645245,-40.037956,60
-72.5646502,-40.0379091,60
-72.5647887,-40.037857,60
-72.5649279,-40.0378055,60
-72.5650536,-40.0377587,60
-72.565193,-40.0377063,60
-72.5653188,-40.0376593,60
-72.5654532,-40.037609,60
-72.5655917,-40.0375561,60
-72.5657348,-40.0375035,60
-72.5658615,-40.0374568,60
-72.5659974,-40.0374062,60
-72.5661163,-40.0373601,60
-72.5662584,-40.0373067,60
-72.5664033,-40.0372539,60
-72.5665281,-40.0372074,60
-72.5666384,-40.0371651,60
-72.5667515,-40.0371231,60
-72.5668778,-40.0370759,60
-72.5669813,-40.0370377,60
-72.5670866,-40.0369984,60
-72.5672071,-40.0369506,60
-72.5673172,-40.0368942,60
-72.5673884,-40.0368181,60
-72.5674297,-40.0367361,60
-72.5674554,-40.0366616,60
-72.5674385,-40.0366287,60
-72.5674009,-40.0366276,60
-72.5673462,-40.0366471,60
-72.5672765,-40.036674,60
-72.5671943,-40.0367047,60
-72.567106,-40.0367381,60
-72.5669942,-40.0367806,60
-72.5668706,-40.0368278,60
-72.5667469,-40.0368744,60
-72.5666033,-40.0369277,60
-72.5664603,-40.0369799,60
-72.5663343,-40.0370266,60
-72.5661945,-40.0370789,60
-72.5660552,-40.0371304,60
-72.5659161,-40.0371822,60
-72.5657909,-40.0372291,60
-72.5656526,-40.0372811,60
-72.5655132,-40.0373329,60
-72.565387,-40.0373803,60
-72.5652479,-40.0374317,60
-72.565123,-40.0374786,60
-72.5649835,-40.0375307,60
-72.5648447,-40.0375822,60
-72.5647206,-40.0376286,60
-72.5645839,-40.0376796,60
-72.564443,-40.0377326,60
-72.5643168,-40.037779,60
-72.5641769,-40.0378315,60
-72.5640378,-40.0378832,60
-72.5639128,-40.0379297,60
-72.5637739,-40.0379815,60
-72.5636344,-40.0380337,60
-72.5635093,-40.0380804,60
-72.5633707,-40.0381323,60
-72.5632315,-40.0381841,60
-72.5631068,-40.038231,60
-72.5629665,-40.0382831,60
-72.5628275,-40.0383351,60
-72.5627026,-40.0383816,60
-72.5625634,-40.0384332,60
-72.562424,-40.0384853,60
-72.562299,-40.0385322,60
-72.5621601,-40.0385842,60
-72.5620211,-40.0386361,60
-72.5618954,-40.0386828,60
-72.5617561,-40.0387353,60
-72.5616168,-40.0387869,60
-72.5614918,-40.0388334,60
-72.5613527,-40.0388855,60
-72.5612139,-40.0389374,60
-72.5610881,-40.0389846,60
-72.5609488,-40.039036,60
-72.5608094,-40.0390884,60
-72.5606845,-40.0391351,60
-72.5605453,-40.0391869,60
-72.5604066,-40.0392388,60
-72.5602812,-40.0392861,60
-72.560142,-40.0393371,60
-72.5600028,-40.0393896,60
-72.5598775,-40.0394364,60
-72.5597385,-40.0394879,60
-72.5595989,-40.0395403,60
-72.5594742,-40.0395869,60
-72.5593346,-40.0396387,60
-72.5591955,-40.0396908,60
-72.5590695,-40.0397376,60
-72.5589307,-40.0397898,60
-72.5587917,-40.0398421,60
-72.5586526,-40.0398941,60
-72.558527,-40.0399409,60
-72.5583874,-40.0399926,60
-72.5582616,-40.0400395,60
-72.5581224,-40.0400913,60
-72.5579834,-40.040143,60
-72.557858,-40.0401906,60
-72.5577189,-40.0402424,60
-72.5575809,-40.0402947,60
-72.557455,-40.040341,60
-72.5573156,-40.040393,60
-72.557176,-40.040445,60
-72.5570506,-40.0404918,60
-72.5569115,-40.0405436,60
-72.5567725,-40.0405958,60
-72.5566547,-40.0406376,60
-72.5565658,-40.0406563,60
-72.5564932,-40.040637,60
-72.5564404,-40.0405982,60
-72.5563984,-40.040545,60
-72.5563995,-40.0404981,60
-72.5564368,-40.0404667,60
-72.5564985,-40.0404407,60
-72.5565821,-40.0404092,60
-72.5566752,-40.0403741,60
-72.5567933,-40.0403295,60
-72.5569247,-40.04028,60
-72.5570504,-40.0402329,60
-72.5571929,-40.0401809,60
-72.5573346,-40.0401284,60
-72.5574611,-40.0400819,60
-72.5576008,-40.0400293,60
-72.5577409,-40.0399771,60
-72.5578809,-40.0399251,60
-72.5580064,-40.039878,60
-72.5581461,-40.0398259,60
-72.5582858,-40.0397742,60
-72.5584113,-40.0397268,60
-72.5585513,-40.0396744,60
-72.5586908,-40.0396228,60
-72.5588166,-40.039576,60
-72.558956,-40.0395237,60
-72.5590961,-40.0394723,60
-72.5592211,-40.0394251,60
-72.559361,-40.0393732,60
-72.559487,-40.0393265,60
-72.5596268,-40.0392743,60
-72.5597665,-40.0392221,60
-72.5598919,-40.0391747,60
-72.5600321,-40.0391226,60
-72.5601713,-40.0390708,60
-72.5602967,-40.0390239,60
-72.5604364,-40.0389715,60
-72.5605759,-40.0389194,60
-72.5607147,-40.0388675,60
-72.5608401,-40.0388206,60
-72.5609799,-40.0387689,60
-72.5611193,-40.0387171,60
-72.5612444,-40.0386703,60
-72.5613838,-40.0386181,60
-72.5615235,-40.038566,60
-72.5616489,-40.0385192,60
-72.5617884,-40.0384669,60
-72.5619281,-40.038415,60
-72.562053,-40.038368,60
-72.5621924,-40.0383162,60
-72.5623325,-40.0382643,60
-72.5624716,-40.0382121,60
-72.5625971,-40.0381652,60
-72.5627363,-40.0381131,60
-72.5628622,-40.0380662,60
-72.5630012,-40.0380141,60
-72.5631411,-40.0379621,60
-72.5632804,-40.0379099,60
-72.5634206,-40.0378578,60
-72.5635462,-40.0378109,60
-72.5636856,-40.0377589,60
-72.5638112,-40.0377121,60
-72.5639639,-40.0376544,60
-72.56409,-40.0376076,60
-72.5642295,-40.0375556,60
-72.5643688,-40.0375034,60
-72.5644947,-40.0374566,60
-72.5646341,-40.0374049,60
-72.5647595,-40.0373582,60
-72.5648987,-40.0373062,60
-72.5650236,-40.037259,60
-72.5651629,-40.037207,60
-72.5653028,-40.0371552,60
-72.5654277,-40.0371082,60
-72.5655675,-40.037056,60
-72.5657038,-40.0370046,60
-72.5658251,-40.0369587,60
-72.5659672,-40.0369058,60
-72.5661085,-40.0368534,60
-72.5662348,-40.0368071,60
-72.5663743,-40.0367549,60
-72.5665135,-40.0367024,60
-72.5666287,-40.0366586,60
-72.5667346,-40.0366199,60
-72.5668527,-40.0365754,60
-72.5669803,-40.0365262,60
-72.5671073,-40.0364787,60
-72.5672518,-40.0364267,60
-72.5673784,-40.0363793,60
-72.5675105,-40.0363275,60
-72.5675981,-40.0362796,60
-72.5676359,-40.0362217,60
-72.5676469,-40.0361483,60
-72.5676342,-40.0360887,60
-72.5675946,-40.0360613,60
-72.5675426,-40.0360659,60
-72.5674835,-40.0360848,60
-72.567409,-40.0361132,60
-72.5673321,-40.0361418,60
-72.5672415,-40.0361755,60
-72.5671565,-40.0362072,60
-72.5670519,-40.0362474,60
-72.5669383,-40.0362903,60
-72.5668538,-40.0363215,60
-72.5667764,-40.0363496,60
-72.5667069,-40.0363766,60
-72.5666393,-40.0364027,60
-72.5665435,-40.036438,60
-72.5664318,-40.0364801,60
-72.5663053,-40.0365278,60
-72.5661816,-40.0365742,60
-72.5660388,-40.0366267,60
-72.565897,-40.0366786,60
-72.5657711,-40.0367255,60
-72.565632,-40.0367774,60
-72.5654935,-40.0368291,60
-72.5653678,-40.0368759,60
-72.5652289,-40.0369277,60
-72.5650897,-40.03698,60
-72.5649645,-40.037027,60
-72.5648257,-40.0370785,60
-72.5646864,-40.0371301,60
-72.564561,-40.0371768,60
-72.5644219,-40.0372292,60
-72.5642968,-40.0372757,60
-72.5641577,-40.0373281,60
-72.5640184,-40.0373803,60
-72.5638791,-40.0374317,60
-72.5637541,-40.0374783,60
-72.5636152,-40.0375305,60
-72.5634756,-40.0375825,60
-72.5633502,-40.0376292,60
-72.563211,-40.0376805,60
-72.5630857,-40.0377276,60
-72.5629468,-40.0377801,60
-72.5628069,-40.0378322,60
-72.5626673,-40.0378842,60
-72.5625421,-40.0379312,60
-72.5624026,-40.0379831,60
-72.5622639,-40.0380351,60
-72.5621388,-40.0380816,60
-72.5619994,-40.0381335,60
-72.56186,-40.0381855,60
-72.5617349,-40.0382323,60
-72.5615959,-40.0382836,60
-72.561471,-40.0383309,60
-72.561332,-40.0383825,60
-72.5611932,-40.0384348,60
-72.5610535,-40.0384869,60
-72.5609286,-40.0385332,60
-72.5607891,-40.0385854,60
-72.5606497,-40.0386377,60
-72.5605105,-40.0386895,60
-72.5603852,-40.0387362,60
-72.5602463,-40.038788,60
-72.5601212,-40.0388347,60
-72.5599824,-40.0388864,60
-72.5598571,-40.0389331,60
-72.5597035,-40.0389906,60
-72.559578,-40.0390374,60
-72.5594392,-40.0390891,60
-72.5593136,-40.0391365,60
-72.5591604,-40.0391936,60
-72.559035,-40.0392406,60
-72.5589097,-40.0392873,60
-72.5587703,-40.0393392,60
-72.5586451,-40.0393857,60
-72.5584922,-40.0394432,60
-72.5583669,-40.0394893,60
-72.5582271,-40.0395411,60
-72.5581019,-40.0395882,60
-72.5579626,-40.0396406,60
-72.5578232,-40.0396928,60
-72.5576841,-40.039745,60
-72.557559,-40.0397918,60
-72.5574198,-40.0398434,60
-72.5572805,-40.0398955,60
-72.5571551,-40.0399421,60
-72.5570162,-40.0399941,60
-72.5568777,-40.0400455,60
-72.5567527,-40.0400933,60
-72.5566165,-40.0401445,60
-72.5564898,-40.0401911,60
-72.5563355,-40.0402483,60
-72.5562332,-40.0402805,60
-72.5561552,-40.040284,60
-72.5560948,-40.0402554,60
-72.5560409,-40.0402057,60
-72.5560149,-40.0401553,60
-72.5560309,-40.0401154,60
-72.5560819,-40.0400859,60
-72.5561511,-40.0400591,60
-72.5562335,-40.0400282,60
-72.5563428,-40.0399869,60
-72.5564672,-40.03994,60
-72.5565885,-40.0398947,60
-72.5567302,-40.039842,60
-72.5568588,-40.0397953,60
-72.5570135,-40.0397382,60
-72.55714,-40.0396909,60
-72.55728,-40.0396385,60
-72.5574063,-40.0395917,60
-72.5575457,-40.0395392,60
-72.5576853,-40.0394874,60
-72.5578108,-40.0394407,60
-72.5579504,-40.0393885,60
-72.55809,-40.0393364,60
-72.5582157,-40.0392899,60
-72.5583552,-40.0392376,60
-72.558495,-40.0391856,60
-72.5586347,-40.0391336,60
-72.5587605,-40.0390864,60
-72.5589006,-40.0390344,60
-72.5590264,-40.0389877,60
</coordinates></LineString>
</Placemark>
<Placemark>
<name>DJI_202603240902_002_LONCOPAN002_Timestamp.MRK</name>
<description>Equipo: M3E | Fecha: 24-03-2026 | Puntos: 1278</description>
<styleUrl>#m3e</styleUrl>
<LineString><altitudeMode>relativeToGround</altitudeMode><coordinates>
-72.5591241,-40.0389507,60
-72.5591575,-40.0389382,60
-72.559221,-40.0389149,60
-72.5593087,-40.038882,60
-72.5594032,-40.0388457,60
-72.559523,-40.0388002,60
-72.5596409,-40.0387555,60
-72.5597826,-40.0387027,60
-72.5599245,-40.0386513,60
-72.5600513,-40.0386042,60
-72.5601912,-40.0385521,60
-72.5603172,-40.0385049,60
-72.5604569,-40.038453,60
-72.5605963,-40.0384011,60
-72.5607356,-40.0383496,60
-72.5608607,-40.0383026,60
-72.560999,-40.0382507,60
-72.5611388,-40.0381985,60
-72.5612646,-40.0381519,60
-72.5614029,-40.0381001,60
-72.5615418,-40.0380486,60
-72.5616674,-40.0380013,60
-72.5618073,-40.0379493,60
-72.561946,-40.0378972,60
-72.5620713,-40.0378507,60
-72.5622111,-40.0377988,60
-72.5623502,-40.0377469,60
-72.5624748,-40.0377007,60
-72.562614,-40.0376486,60
-72.5627535,-40.0375964,60
-72.5628927,-40.0375443,60
-72.5630184,-40.0374976,60
-72.5631575,-40.0374458,60
-72.5632957,-40.037393,60
-72.5634217,-40.0373466,60
-72.563562,-40.037294,60
-72.5636882,-40.0372474,60
-72.5638273,-40.0371959,60
-72.563967,-40.0371434,60
-72.5641061,-40.0370917,60
-72.5642312,-40.0370449,60
-72.5643704,-40.0369923,60
-72.5644957,-40.0369457,60
-72.5646346,-40.0368937,60
-72.5647748,-40.0368415,60
-72.5648995,-40.0367945,60
-72.5650373,-40.0367428,60
-72.5651762,-40.0366912,60
-72.5653038,-40.0366442,60
-72.5654442,-40.0365913,60
-72.5655842,-40.0365387,60
-72.5657103,-40.0364916,60
-72.5658495,-40.0364403,60
-72.5659893,-40.0363883,60
-72.5661082,-40.0363427,60
-72.5662421,-40.0362919,60
-72.5663818,-40.0362402,60
-72.5665015,-40.0361962,60
-72.5666416,-40.0361432,60
-72.5667712,-40.0360942,60
-72.566897,-40.036048,60
-72.5670183,-40.0360032,60
-72.5671088,-40.0359684,60
-72.5671804,-40.0359409,60
-72.5672718,-40.0359062,60
-72.5673524,-40.035868,60
-72.5673759,-40.0358314,60
-72.5673555,-40.0357875,60
-72.5673058,-40.035748,60
-72.5672498,-40.0357151,60
-72.567172,-40.0357003,60
-72.5670941,-40.0357158,60
-72.5670259,-40.0357453,60
-72.5669304,-40.0357828,60
-72.5668189,-40.0358256,60
-72.566704,-40.0358684,60
-72.5665508,-40.0359258,60
-72.5664218,-40.0359732,60
-72.5662804,-40.0360254,60
-72.5661542,-40.0360725,60
-72.5660151,-40.036125,60
-72.5658757,-40.0361766,60
-72.56575,-40.0362235,60
-72.5656104,-40.0362752,60
-72.5654852,-40.036322,60
-72.5653454,-40.0363738,60
-72.5652072,-40.0364256,60
-72.5650678,-40.0364774,60
-72.5649434,-40.0365248,60
-72.5648041,-40.0365768,60
-72.5646792,-40.0366236,60
-72.5645403,-40.0366749,60
-72.5644013,-40.0367271,60
-72.5642755,-40.0367735,60
-72.564123,-40.0368305,60
-72.5639973,-40.0368775,60
-72.5638574,-40.0369296,60
-72.5637326,-40.0369765,60
-72.5635932,-40.0370285,60
-72.563453,-40.0370806,60
-72.5633275,-40.0371275,60
-72.5631884,-40.0371786,60
-72.5630489,-40.0372313,60
-72.562923,-40.0372784,60
-72.5627838,-40.0373302,60
-72.5626444,-40.0373821,60
-72.5625195,-40.0374299,60
-72.5623794,-40.0374816,60
-72.5622402,-40.0375333,60
-72.5621146,-40.0375802,60
-72.5619748,-40.0376326,60
-72.5618354,-40.037685,60
-72.5617105,-40.0377314,60
-72.5615569,-40.0377887,60
-72.5614307,-40.037835,60
-72.5613052,-40.0378822,60
-72.5611665,-40.0379344,60
-72.5610269,-40.0379864,60
-72.5609012,-40.0380333,60
-72.5607613,-40.038085,60
-72.5606221,-40.0381365,60
-72.560497,-40.0381835,60
-72.5603577,-40.0382359,60
-72.5602192,-40.038288,60
-72.5600937,-40.0383344,60
-72.559953,-40.0383861,60
-72.5598139,-40.0384386,60
-72.5596881,-40.0384855,60
-72.5595495,-40.038538,60
-72.5594096,-40.03859,60
-72.5592843,-40.038637,60
-72.5591449,-40.0386891,60
-72.5590059,-40.0387409,60
-72.5588797,-40.0387875,60
-72.5587406,-40.0388398,60
-72.5586011,-40.0388917,60
-72.5584763,-40.0389383,60
-72.558337,-40.0389903,60
-72.5581972,-40.0390429,60
-72.5580716,-40.0390899,60
-72.5579322,-40.0391419,60
-72.557793,-40.0391939,60
-72.557667,-40.0392407,60
-72.5575275,-40.039293,60
-72.5574022,-40.0393399,60
-72.5572626,-40.0393915,60
-72.5571233,-40.039444,60
-72.5569839,-40.0394958,60
-72.5568585,-40.0395421,60
-72.5567047,-40.0395995,60
-72.556579,-40.0396466,60
-72.5564536,-40.0396934,60
-72.556314,-40.0397453,60
-72.5561745,-40.0397978,60
-72.5560491,-40.0398445,60
-72.555915,-40.0398925,60
-72.5558213,-40.0399172,60
-72.5557552,-40.0399086,60
-72.5556935,-40.0398669,60
-72.5556469,-40.0398128,60
-72.5556378,-40.0397709,60
-72.5556709,-40.0397327,60
-72.5557234,-40.0397097,60
-72.5558002,-40.0396802,60
-72.5558997,-40.0396426,60
-72.5560032,-40.0396037,60
-72.5561448,-40.0395503,60
-72.5562698,-40.0395034,60
-72.5564124,-40.0394515,60
-72.5565395,-40.0394048,60
-72.5566797,-40.0393523,60
-72.5568193,-40.0392999,60
-72.5569448,-40.0392534,60
-72.5570844,-40.0392015,60
-72.5572235,-40.0391499,60
-72.5573485,-40.0391032,60
-72.5574879,-40.0390512,60
-72.5576269,-40.0389989,60
-72.5577525,-40.038952,60
-72.5578917,-40.0388999,60
-72.5580319,-40.038848,60
-72.5581572,-40.0388008,60
-72.5582969,-40.0387487,60
-72.5584377,-40.0386965,60
-72.5585771,-40.0386444,60
-72.5587031,-40.0385976,60
-72.5588423,-40.0385457,60
-72.5589688,-40.0384985,60
-72.5591084,-40.0384467,60
-72.559248,-40.0383944,60
-72.5593743,-40.0383478,60
-72.5595138,-40.0382954,60
-72.5596537,-40.0382434,60
-72.5597792,-40.0381962,60
-72.5599182,-40.0381437,60
-72.5600577,-40.0380918,60
-72.5601974,-40.0380399,60
-72.5603231,-40.0379932,60
-72.5604621,-40.0379408,60
-72.5605874,-40.037894,60
-72.5607263,-40.0378421,60
-72.5608655,-40.0377897,60
-72.5609918,-40.0377429,60
-72.5611318,-40.0376911,60
-72.5612717,-40.0376389,60
-72.5613977,-40.0375921,60
-72.5615371,-40.0375403,60
-72.5616765,-40.0374881,60
-72.5618159,-40.0374355,60
-72.5619411,-40.0373883,60
-72.56208,-40.0373364,60
-72.5622065,-40.0372897,60
-72.5623469,-40.0372378,60
-72.5624871,-40.0371861,60
-72.5626128,-40.0371388,60
-72.562753,-40.0370861,60
-72.562893,-40.0370341,60
-72.5630329,-40.0369819,60
-72.5631579,-40.036935,60
-72.5632984,-40.0368827,60
-72.5634382,-40.0368303,60
-72.5635631,-40.0367833,60
-72.5637023,-40.0367319,60
-72.5638421,-40.0366799,60
-72.5639656,-40.0366338,60
-72.5641045,-40.0365808,60
-72.5642441,-40.0365283,60
-72.5643702,-40.0364817,60
-72.5645101,-40.0364298,60
-72.5646491,-40.0363781,60
-72.5647744,-40.0363307,60
-72.5649143,-40.0362785,60
-72.565053,-40.0362271,60
-72.5651785,-40.0361804,60
-72.5653181,-40.0361284,60
-72.5654572,-40.0360766,60
-72.5655826,-40.0360296,60
-72.5657221,-40.0359782,60
-72.5658596,-40.0359258,60
-72.5659994,-40.0358734,60
-72.5661258,-40.0358264,60
-72.566265,-40.0357739,60
-72.5663908,-40.0357267,60
-72.566531,-40.035675,60
-72.5666707,-40.0356231,60
-72.5668074,-40.0355714,60
-72.5668952,-40.0355317,60
-72.5669351,-40.0354943,60
-72.5669266,-40.0354501,60
-72.56689,-40.0354154,60
-72.5668295,-40.0353753,60
-72.5667566,-40.0353564,60
-72.5666739,-40.0353686,60
-72.5665907,-40.0353979,60
-72.5665004,-40.0354322,60
-72.5663849,-40.0354756,60
-72.5662553,-40.0355249,60
-72.5661152,-40.0355769,60
-72.5659864,-40.035624,60
-72.5658456,-40.0356765,60
-72.56572,-40.035723,60
-72.5655809,-40.0357755,60
-72.5654423,-40.035828,60
-72.5653029,-40.0358796,60
-72.5651764,-40.0359264,60
-72.5650367,-40.0359787,60
-72.5648979,-40.0360301,60
-72.5647728,-40.0360769,60
-72.5646331,-40.0361291,60
-72.5644945,-40.0361812,60
-72.5643693,-40.0362283,60
-72.56423,-40.0362801,60
-72.5640906,-40.0363319,60
-72.5639668,-40.0363788,60
-72.5638281,-40.0364306,60
-72.563689,-40.0364828,60
-72.5635489,-40.0365342,60
-72.5634232,-40.0365814,60
-72.5632839,-40.0366331,60
-72.5631455,-40.0366852,60
-72.56302,-40.0367317,60
-72.5628794,-40.0367842,60
-72.5627535,-40.0368307,60
-72.5626138,-40.0368825,60
-72.5624742,-40.0369347,60
-72.562348,-40.036982,60
-72.5622089,-40.0370339,60
-72.5620691,-40.037086,60
-72.5619438,-40.0371328,60
-72.5618049,-40.0371847,60
-72.5616656,-40.0372368,60
-72.5615399,-40.037284,60
-72.5614004,-40.0373361,60
-72.5612615,-40.0373877,60
-72.5611223,-40.0374397,60
-72.5609969,-40.0374864,60
-72.5608577,-40.0375384,60
-72.5607319,-40.0375854,60
-72.5605932,-40.0376378,60
-72.5604542,-40.0376898,60
-72.5603289,-40.037737,60
-72.5601901,-40.0377889,60
-72.5600503,-40.0378405,60
-72.5599246,-40.0378876,60
-72.5597852,-40.0379395,60
-72.5596459,-40.0379911,60
-72.5595205,-40.038038,60
-72.559381,-40.0380901,60
-72.559242,-40.038142,60
-72.559117,-40.0381889,60
-72.5589631,-40.0382464,60
-72.5588376,-40.0382933,60
-72.5587123,-40.0383405,60
-72.558572,-40.0383919,60
-72.5584327,-40.0384441,60
-72.5583071,-40.038491,60
-72.558168,-40.0385434,60
-72.5580282,-40.0385954,60
-72.5579025,-40.0386423,60
-72.5577625,-40.0386942,60
-72.5576228,-40.0387464,60
-72.5574969,-40.0387932,60
-72.5573576,-40.038845,60
-72.5572177,-40.038897,60
-72.5570924,-40.0389435,60
-72.5569526,-40.0389962,60
-72.5568134,-40.039048,60
-72.5566882,-40.0390951,60
-72.5565481,-40.0391471,60
-72.556409,-40.0391995,60
-72.55627,-40.0392516,60
-72.5561451,-40.0392981,60
-72.556006,-40.0393498,60
-72.555881,-40.0393968,60
-72.5557419,-40.0394486,60
-72.5556022,-40.0395,60
-72.5554823,-40.0395403,60
-72.5554088,-40.0395464,60
-72.555341,-40.0395176,60
-72.5552866,-40.0394687,60
-72.5552599,-40.0394233,60
-72.5552738,-40.0393776,60
-72.5553249,-40.0393479,60
-72.5553858,-40.0393246,60
-72.5554754,-40.0392904,60
-72.5555844,-40.039249,60
-72.5556959,-40.0392071,60
-72.5558306,-40.0391566,60
-72.5559727,-40.0391042,60
-72.5561147,-40.0390523,60
-72.5562416,-40.0390052,60
-72.5563829,-40.0389525,60
-72.5565091,-40.0389053,60
-72.5566494,-40.0388533,60
-72.5567884,-40.0388011,60
-72.5569138,-40.0387546,60
-72.5570529,-40.0387027,60
-72.5571931,-40.0386511,60
-72.5573184,-40.0386039,60
-72.5574572,-40.0385518,60
-72.5575969,-40.0384998,60
-72.5577222,-40.038453,60
-72.5578617,-40.0384012,60
-72.558001,-40.0383495,60
-72.5581269,-40.0383022,60
-72.5582667,-40.03825,60
-72.5584056,-40.0381977,60
-72.5585307,-40.0381511,60
-72.5586705,-40.0380995,60
-72.5588108,-40.038047,60
-72.5589366,-40.038,60
-72.559077,-40.0379478,60
-72.5592166,-40.0378954,60
-72.5593568,-40.037843,60
-72.5594827,-40.0377966,60
-72.5596228,-40.0377442,60
-72.5597483,-40.0376971,60
-72.559887,-40.0376451,60
-72.5600272,-40.0375928,60
-72.5601674,-40.0375406,60
-72.5602935,-40.0374936,60
-72.5604328,-40.037442,60
-72.5605585,-40.0373948,60
-72.560698,-40.0373423,60
-72.5608376,-40.0372899,60
-72.5609774,-40.0372377,60
-72.561103,-40.0371912,60
-72.5612429,-40.0371392,60
-72.5613829,-40.0370871,60
-72.561508,-40.0370398,60
-72.5616483,-40.0369881,60
-72.5617877,-40.0369359,60
-72.561913,-40.0368888,60
-72.562052,-40.0368368,60
-72.5621774,-40.0367902,60
-72.5623169,-40.0367382,60
-72.562457,-40.0366858,60
-72.5625833,-40.0366393,60
-72.5627226,-40.036587,60
-72.562862,-40.0365347,60
-72.5629882,-40.036488,60
-72.5631277,-40.036435,60
-72.5632666,-40.036383,60
-72.5634061,-40.0363308,60
-72.5635315,-40.0362843,60
-72.5636707,-40.0362324,60
-72.563796,-40.0361856,60
-72.5639351,-40.0361342,60
-72.5640753,-40.0360816,60
-72.564201,-40.0360347,60
-72.56434,-40.035983,60
-72.5644794,-40.0359308,60
-72.5646051,-40.0358841,60
-72.564744,-40.035832,60
-72.5648829,-40.0357801,60
-72.5650089,-40.0357329,60
-72.5651484,-40.0356806,60
-72.5652881,-40.0356286,60
-72.5654136,-40.0355819,60
-72.5655535,-40.0355293,60
-72.5656932,-40.035477,60
-72.565832,-40.0354249,60
-72.5659574,-40.0353781,60
-72.5660981,-40.0353265,60
-72.5662386,-40.0352744,60
-72.5663635,-40.0352277,60
-72.5664631,-40.0351827,60
-72.5665,-40.0351495,60
-72.5664955,-40.0351056,60
-72.5664563,-40.0350671,60
-72.5664033,-40.0350306,60
-72.5663222,-40.0350081,60
-72.5662399,-40.0350198,60
-72.5661658,-40.0350459,60
-72.566066,-40.0350834,60
-72.5659491,-40.0351273,60
-72.5658327,-40.0351717,60
-72.565694,-40.0352239,60
-72.5655507,-40.0352767,60
-72.5654237,-40.0353239,60
-72.5652839,-40.0353763,60
-72.5651447,-40.0354284,60
-72.5650203,-40.0354751,60
-72.5648808,-40.0355267,60
-72.5647416,-40.0355786,60
-72.5646023,-40.0356303,60
-72.5644772,-40.0356765,60
-72.5643388,-40.0357286,60
-72.5642141,-40.0357756,60
-72.5640748,-40.0358277,60
-72.5639361,-40.0358794,60
-72.5638115,-40.0359262,60
-72.5636716,-40.0359782,60
-72.5635311,-40.0360302,60
-72.5633921,-40.0360817,60
-72.5632672,-40.0361284,60
-72.5631283,-40.0361811,60
-72.5630024,-40.0362278,60
-72.5628637,-40.0362795,60
-72.5627237,-40.0363319,60
-72.5625847,-40.0363839,60
-72.5624588,-40.0364307,60
-72.5623195,-40.0364822,60
-72.5621797,-40.0365344,60
-72.5620546,-40.0365813,60
-72.5619149,-40.0366334,60
-72.5617751,-40.0366856,60
-72.5616494,-40.0367325,60
-72.5615101,-40.0367849,60
-72.5613699,-40.036837,60
-72.5612445,-40.0368837,60
-72.5611054,-40.036936,60
-72.5609657,-40.036988,60
-72.5608397,-40.0370349,60
-72.5606997,-40.0370868,60
-72.5605738,-40.0371343,60
-72.5604338,-40.0371864,60
-72.5602947,-40.0372388,60
-72.5601563,-40.0372908,60
-72.5600304,-40.0373369,60
-72.559889,-40.0373896,60
-72.5597496,-40.0374419,60
-72.5596242,-40.0374885,60
-72.5594847,-40.0375411,60
-72.5593449,-40.0375928,60
-72.5592188,-40.0376397,60
-72.5590813,-40.0376918,60
-72.5589405,-40.0377442,60
-72.558814,-40.0377907,60
-72.5586747,-40.0378431,60
-72.5585358,-40.0378952,60
-72.5584095,-40.0379415,60
-72.5582704,-40.0379944,60
-72.5581448,-40.0380409,60
-72.5580054,-40.0380925,60
-72.5578675,-40.0381438,60
-72.5577278,-40.0381961,60
-72.5576024,-40.0382429,60
-72.5574629,-40.0382952,60
-72.5573237,-40.0383471,60
-72.5571981,-40.0383941,60
-72.557059,-40.038446,60
-72.5569195,-40.0384983,60
-72.5567944,-40.0385452,60
-72.5566546,-40.0385975,60
-72.5565279,-40.0386443,60
-72.5563885,-40.0386962,60
-72.5562373,-40.0387528,60
-72.5561104,-40.0388003,60
-72.5559854,-40.038847,60
-72.5558464,-40.0388995,60
-72.555721,-40.0389466,60
-72.5555821,-40.0389988,60
-72.5554436,-40.0390504,60
-72.5553169,-40.0390975,60
-72.555181,-40.0391474,60
-72.5550768,-40.0391766,60
-72.5550021,-40.0391697,60
-72.5549449,-40.0391347,60
-72.5548951,-40.0390821,60
-72.5548819,-40.0390339,60
-72.5549093,-40.0389974,60
-72.5549669,-40.038971,60
-72.5550426,-40.0389423,60
-72.5551298,-40.0389092,60
-72.5552458,-40.0388662,60
-72.5553732,-40.0388182,60
-72.5554954,-40.038772,60
-72.5556377,-40.0387194,60
-72.5557791,-40.0386676,60
-72.5559062,-40.0386204,60
-72.5560469,-40.0385681,60
-72.5561869,-40.0385155,60
-72.5563276,-40.0384632,60
-72.5564535,-40.0384161,60
-72.5565933,-40.0383642,60
-72.5567333,-40.0383122,60
-72.55686,-40.0382643,60
-72.5569985,-40.0382128,60
-72.5571387,-40.0381605,60
-72.5572646,-40.0381133,60
-72.5574044,-40.0380609,60
-72.5575444,-40.0380089,60
-72.5576702,-40.0379621,60
-72.5578084,-40.0379107,60
-72.5579497,-40.037858,60
-72.5580752,-40.0378108,60
-72.5582151,-40.0377593,60
-72.55834,-40.0377125,60
-72.5584808,-40.03766,60
-72.5586206,-40.0376075,60
-72.5587596,-40.0375553,60
-72.5588855,-40.037508,60
-72.5590261,-40.0374554,60
-72.5591646,-40.037404,60
-72.5592906,-40.0373569,60
-72.5594306,-40.037305,60
-72.5595703,-40.0372527,60
-72.5596955,-40.0372062,60
-72.559835,-40.037154,60
-72.5599749,-40.0371021,60
-72.5601,-40.0370549,60
-72.5602392,-40.0370027,60
-72.5603785,-40.0369513,60
-72.5605043,-40.0369041,60
-72.5606437,-40.0368524,60
-72.5607833,-40.0368001,60
-72.5609106,-40.0367526,60
-72.5610501,-40.0367003,60
-72.5611893,-40.0366483,60
-72.5613291,-40.0365962,60
-72.5614548,-40.0365493,60
-72.5615947,-40.036497,60
-72.5617199,-40.03645,60
-72.5618595,-40.036398,60
-72.5619991,-40.0363461,60
-72.5621246,-40.0362995,60
-72.5622642,-40.0362475,60
-72.5624033,-40.0361955,60
-72.5625418,-40.0361441,60
-72.5626691,-40.0360966,60
-72.5628084,-40.0360442,60
-72.5629338,-40.0359974,60
-72.5630735,-40.0359457,60
-72.5632132,-40.0358937,60
-72.5633373,-40.0358467,60
-72.5634784,-40.0357937,60
-72.5636166,-40.0357425,60
-72.5637413,-40.0356962,60
-72.5638967,-40.0356378,60
-72.5640214,-40.0355912,60
-72.5641615,-40.0355392,60
-72.5642866,-40.0354922,60
-72.5644264,-40.0354399,60
-72.564566,-40.0353874,60
-72.5646913,-40.035341,60
-72.5648302,-40.0352889,60
-72.5649699,-40.0352364,60
-72.5650964,-40.0351895,60
-72.5652356,-40.0351379,60
-72.5653752,-40.035086,60
-72.5655006,-40.0350391,60
-72.5656396,-40.0349872,60
-72.5657782,-40.0349347,60
-72.565903,-40.034888,60
-72.5660139,-40.0348415,60
-72.5660648,-40.0348062,60
-72.5660644,-40.0347626,60
-72.5660326,-40.0347263,60
-72.5659781,-40.0346861,60
-72.565907,-40.0346606,60
-72.5658238,-40.0346664,60
-72.5657413,-40.0346938,60
-72.5656557,-40.0347261,60
-72.5655433,-40.034769,60
-72.5654158,-40.0348171,60
-72.5652922,-40.0348634,60
-72.5651498,-40.0349157,60
-72.5650099,-40.0349672,60
-72.5648841,-40.0350146,60
-72.5647446,-40.0350671,60
-72.5646055,-40.0351192,60
-72.5644804,-40.0351663,60
-72.5643408,-40.0352174,60
-72.5642011,-40.0352695,60
-72.5640757,-40.0353167,60
-72.5639372,-40.0353687,60
-72.5637981,-40.0354204,60
-72.5636716,-40.0354673,60
-72.5635317,-40.0355194,60
-72.563394,-40.0355708,60
-72.5632543,-40.0356229,60
-72.5631286,-40.0356696,60
-72.5629896,-40.0357215,60
-72.562865,-40.0357689,60
-72.5627253,-40.0358203,60
-72.562586,-40.035872,60
-72.5624613,-40.0359186,60
-72.5623217,-40.0359717,60
-72.562183,-40.0360235,60
-72.5620562,-40.036071,60
-72.5619165,-40.0361227,60
-72.5617764,-40.0361747,60
-72.5616513,-40.0362207,60
-72.5615116,-40.0362732,60
-72.5613723,-40.0363255,60
-72.5612471,-40.0363715,60
-72.561108,-40.0364241,60
-72.5609693,-40.0364762,60
-72.5608441,-40.0365227,60
-72.5607052,-40.0365746,60
-72.5605656,-40.0366266,60
-72.5604261,-40.0366788,60
-72.5603015,-40.0367256,60
-72.5601617,-40.0367779,60
-72.560023,-40.0368302,60
-72.5598964,-40.036877,60
-72.5597577,-40.0369286,60
-72.5596181,-40.0369804,60
-72.5594914,-40.0370281,60
-72.5593528,-40.0370799,60
-72.5592268,-40.037127,60
-72.5590878,-40.0371788,60
-72.5589485,-40.0372307,60
-72.5588085,-40.037283,60
-72.5586829,-40.0373299,60
-72.5585447,-40.037381,60
-72.5584035,-40.0374341,60
-72.5582798,-40.0374807,60
-72.5581396,-40.037533,60
-72.5580137,-40.0375798,60
-72.5578736,-40.0376319,60
-72.557735,-40.0376839,60
-72.5576091,-40.0377307,60
-72.5574694,-40.0377833,60
-72.5573292,-40.0378351,60
-72.5571895,-40.037887,60
-72.557064,-40.0379339,60
-72.5569246,-40.0379861,60
-72.5568,-40.0380327,60
-72.5566608,-40.0380847,60
-72.5565212,-40.038137,60
-72.5563821,-40.0381882,60
-72.5562564,-40.0382349,60
-72.5561175,-40.0382873,60
-72.5559921,-40.0383339,60
-72.5558529,-40.0383859,60
-72.555714,-40.0384373,60
-72.5555748,-40.0384901,60
-72.5554486,-40.038537,60
-72.5553094,-40.0385891,60
-72.5551699,-40.0386412,60
-72.5550444,-40.0386881,60
-72.5549057,-40.0387402,60
-72.554771,-40.0387881,60
-72.5546867,-40.0388083,60
-72.5546132,-40.0387952,60
-72.5545595,-40.0387583,60
-72.5545122,-40.0387045,60
-72.5545059,-40.0386581,60
-72.5545444,-40.0386206,60
-72.5545983,-40.0385973,60
-72.5546787,-40.0385676,60
-72.5547795,-40.0385292,60
-72.5548855,-40.0384893,60
-72.5550159,-40.0384408,60
-72.5551556,-40.0383883,60
-72.5552821,-40.038342,60
-72.5554251,-40.0382893,60
-72.5555658,-40.0382369,60
-72.5556913,-40.03819,60
-72.5558332,-40.0381372,60
-72.5559733,-40.0380852,60
-72.5560992,-40.0380374,60
-72.5562384,-40.0379855,60
-72.5563777,-40.0379338,60
-72.5565034,-40.037887,60
-72.5566431,-40.0378349,60
-72.5567822,-40.0377834,60
-72.5569203,-40.0377314,60
-72.557047,-40.037684,60
-72.5571876,-40.0376315,60
-72.5573138,-40.0375846,60
-72.5574536,-40.0375323,60
-72.5575932,-40.03748,60
-72.557733,-40.0374281,60
-72.5578587,-40.0373812,60
-72.5579978,-40.0373295,60
-72.5581373,-40.0372774,60
-72.5582631,-40.037231,60
-72.5584026,-40.0371788,60
-72.5585416,-40.0371266,60
-72.5586675,-40.0370794,60
-72.5588077,-40.0370269,60
-72.558947,-40.036975,60
-72.5590722,-40.0369279,60
-72.5592115,-40.0368762,60
-72.559351,-40.036824,60
-72.5594764,-40.0367776,60
-72.5596167,-40.036726,60
-72.5597559,-40.036673,60
-72.5598816,-40.0366265,60
-72.5600204,-40.0365742,60
-72.5601602,-40.0365221,60
-72.5602862,-40.0364752,60
-72.5604263,-40.0364231,60
-72.5605659,-40.0363714,60
-72.5606911,-40.0363245,60
-72.5608304,-40.0362724,60
-72.5609697,-40.0362206,60
-72.561109,-40.036168,60
-72.5612341,-40.0361211,60
-72.5613734,-40.0360693,60
-72.5614986,-40.0360228,60
-72.5616378,-40.0359701,60
-72.5617775,-40.0359181,60
-72.561903,-40.0358712,60
-72.5620562,-40.035814,60
-72.5621813,-40.035767,60
-72.5623069,-40.0357207,60
-72.5624462,-40.0356692,60
-72.5625866,-40.0356171,60
-72.5627109,-40.0355699,60
-72.5628505,-40.0355175,60
-72.5629905,-40.0354654,60
-72.5631305,-40.0354139,60
-72.5632558,-40.0353669,60
-72.5633948,-40.0353147,60
-72.5635209,-40.0352677,60
-72.5636608,-40.0352149,60
-72.5638004,-40.0351633,60
-72.563926,-40.0351158,60
-72.564066,-40.0350641,60
-72.5642059,-40.0350116,60
-72.5643319,-40.0349649,60
-72.5644716,-40.0349129,60
-72.5646114,-40.0348604,60
-72.5647514,-40.0348083,60
-72.5648766,-40.0347616,60
-72.5650168,-40.034709,60
-72.5651567,-40.0346568,60
-72.5652815,-40.0346095,60
-72.5654207,-40.0345571,60
-72.5655367,-40.0345125,60
-72.5656141,-40.0344735,60
-72.5656372,-40.0344338,60
-72.5656146,-40.0343916,60
-72.5655732,-40.0343565,60
-72.5655035,-40.0343192,60
-72.5654286,-40.0343113,60
-72.5653469,-40.0343308,60
-72.5652595,-40.0343624,60
-72.5651656,-40.0343983,60
-72.5650481,-40.0344443,60
-72.5649141,-40.0344954,60
-72.5647721,-40.0345485,60
-72.5646273,-40.0346014,60
-72.5645006,-40.0346483,60
-72.5643607,-40.0347003,60
-72.5642346,-40.0347466,60
-72.5640958,-40.0347988,60
-72.5639705,-40.0348459,60
-72.5638314,-40.0348971,60
-72.5636921,-40.0349492,60
-72.563553,-40.0350015,60
-72.5634281,-40.0350483,60
-72.5632897,-40.0351004,60
-72.5631501,-40.0351523,60
-72.5630247,-40.0351989,60
-72.5628862,-40.03525,60
-72.5627468,-40.0353022,60
-72.5626221,-40.0353488,60
-72.5624827,-40.0354008,60
-72.5623576,-40.0354475,60
-72.5622181,-40.0354998,60
-72.5620791,-40.0355513,60
-72.5619401,-40.0356033,60
-72.5618145,-40.0356506,60
-72.5616746,-40.0357026,60
-72.561536,-40.0357544,60
-72.5614101,-40.0358011,60
-72.5612708,-40.0358529,60
-72.5611319,-40.0359051,60
-72.5610062,-40.0359516,60
-72.5608664,-40.0360038,60
-72.5607276,-40.0360558,60
-72.5606017,-40.0361027,60
-72.5604618,-40.036155,60
-72.560323,-40.0362068,60
-72.5601978,-40.0362534,60
-72.5600576,-40.0363054,60
-72.5599177,-40.036358,60
-72.5597914,-40.0364047,60
-72.5596519,-40.036457,60
-72.5595129,-40.0365094,60
-72.5593873,-40.0365562,60
-72.559248,-40.0366082,60
-72.5591086,-40.03666,60
-72.5589837,-40.0367066,60
-72.5588436,-40.0367588,60
-72.5587048,-40.0368108,60
-72.5585791,-40.0368576,60
-72.5584395,-40.03691,60
-72.5583,-40.0369619,60
-72.5581749,-40.0370085,60
-72.5580357,-40.0370606,60
-72.5578961,-40.0371129,60
-72.5577711,-40.0371601,60
-72.5576315,-40.0372122,60
-72.5574916,-40.0372642,60
-72.5573508,-40.0373164,60
-72.5572252,-40.0373635,60
-72.557086,-40.0374152,60
-72.5569604,-40.0374624,60
-72.5568212,-40.0375141,60
-72.5566818,-40.0375662,60
-72.5565422,-40.0376187,60
-72.5564164,-40.037666,60
-72.5562771,-40.037718,60
-72.5561376,-40.0377698,60
-72.5560109,-40.037817,60
-72.5558713,-40.0378691,60
-72.5557466,-40.0379165,60
-72.5556071,-40.0379681,60
-72.5554672,-40.0380194,60
-72.5553423,-40.0380664,60
-72.5552021,-40.0381187,60
-72.5550618,-40.0381708,60
-72.5549361,-40.038218,60
-72.5547965,-40.0382703,60
-72.5546575,-40.038322,60
-72.5545192,-40.0383742,60
-72.5543986,-40.0384175,60
-72.5543059,-40.0384393,60
-72.5542389,-40.0384279,60
-72.5541785,-40.0383863,60
-72.5541329,-40.038333,60
-72.5541273,-40.0382907,60
-72.5541633,-40.0382527,60
-72.5542229,-40.0382269,60
-72.5543031,-40.0381968,60
-72.5543939,-40.0381626,60
-72.5545114,-40.0381186,60
-72.5546281,-40.0380747,60
-72.5547666,-40.0380227,60
-72.5549092,-40.0379704,60
-72.5550352,-40.0379238,60
-72.5551753,-40.0378719,60
-72.5553142,-40.0378194,60
-72.5554542,-40.0377671,60
-72.5555799,-40.0377205,60
-72.5557196,-40.0376688,60
-72.5558447,-40.0376223,60
-72.5559845,-40.0375693,60
-72.5561241,-40.0375174,60
-72.5562501,-40.0374708,60
-72.5563893,-40.0374188,60
-72.5565291,-40.0373665,60
-72.5566543,-40.0373197,60
-72.5567939,-40.0372681,60
-72.5569333,-40.0372162,60
-72.5570728,-40.037164,60
-72.5571986,-40.0371171,60
-72.5573378,-40.0370649,60
-72.5574627,-40.0370186,60
-72.557603,-40.0369662,60
-72.5577429,-40.036914,60
-72.557882,-40.0368616,60
-72.5580082,-40.0368148,60
-72.5581484,-40.0367628,60
-72.5582739,-40.0367155,60
-72.5584137,-40.0366632,60
-72.5585535,-40.0366112,60
-72.5586789,-40.0365644,60
-72.5588188,-40.0365124,60
-72.5589583,-40.0364607,60
-72.5590836,-40.0364134,60
-72.559223,-40.0363604,60
-72.5593638,-40.0363089,60
-72.5595042,-40.0362567,60
-72.5596303,-40.0362096,60
-72.5597707,-40.0361573,60
-72.5598968,-40.0361107,60
-72.5600367,-40.0360578,60
-72.5601764,-40.0360059,60
-72.5603162,-40.0359531,60
-72.5604423,-40.0359061,60
-72.5605828,-40.0358538,60
-72.5607222,-40.0358014,60
-72.5608482,-40.0357549,60
-72.5609874,-40.0357029,60
-72.5611266,-40.0356504,60
-72.5612527,-40.0356039,60
-72.5613929,-40.0355519,60
-72.5615315,-40.0354998,60
-72.5616566,-40.0354531,60
-72.5617969,-40.0354007,60
-72.5619367,-40.0353486,60
-72.5620618,-40.0353015,60
-72.5622012,-40.0352492,60
-72.5623269,-40.0352027,60
-72.5624661,-40.0351504,60
-72.5626058,-40.0350989,60
-72.5627449,-40.0350471,60
-72.5628846,-40.0349945,60
-72.56301,-40.0349472,60
-72.5631496,-40.034895,60
-72.5632758,-40.0348481,60
-72.5634157,-40.0347966,60
-72.5635554,-40.0347442,60
-72.5636805,-40.0346972,60
-72.5638201,-40.034645,60
-72.5639591,-40.0345923,60
-72.5640858,-40.0345461,60
-72.5642261,-40.0344944,60
-72.5643661,-40.0344418,60
-72.5644904,-40.0343948,60
-72.5646328,-40.0343423,60
-72.564758,-40.0342953,60
-72.5648949,-40.0342428,60
-72.5650339,-40.0341904,60
-72.5651384,-40.0341481,60
-72.5651932,-40.0341136,60
-72.5652112,-40.0340772,60
-72.5651771,-40.03404,60
-72.565125,-40.033998,60
-72.5650505,-40.0339654,60
-72.5649757,-40.0339654,60
-72.5649189,-40.0339793,60
-72.5648451,-40.0340064,60
-72.5647549,-40.0340414,60
-72.5646543,-40.0340799,60
-72.564532,-40.0341251,60
-72.5644341,-40.0341608,60
-72.5643405,-40.0341971,60
-72.5642231,-40.0342416,60
-72.5641052,-40.0342873,60
-72.563964,-40.03434,60
-72.5638198,-40.0343923,60
-72.5636791,-40.0344439,60
-72.5635537,-40.0344903,60
-72.5634138,-40.0345422,60
-72.563275,-40.034594,60
-72.5631506,-40.0346408,60
-72.5630115,-40.034693,60
-72.5628728,-40.0347441,60
-72.5627466,-40.0347913,60
-72.5626075,-40.0348434,60
-72.5624686,-40.0348959,60
-72.5623441,-40.0349431,60
-72.5622053,-40.034995,60
-72.5620654,-40.0350461,60
-72.5619387,-40.0350923,60
-72.5618001,-40.0351442,60
-72.5616747,-40.0351906,60
-72.5615356,-40.0352436,60
-72.5613951,-40.0352953,60
-72.5612558,-40.0353471,60
-72.5611168,-40.0353994,60
-72.5609913,-40.0354462,60
-72.5608509,-40.0354982,60
-72.5607257,-40.0355451,60
-72.5605867,-40.0355971,60
-72.5604467,-40.0356494,60
-72.5603217,-40.0356961,60
-72.5601825,-40.0357484,60
-72.5600422,-40.0358006,60
-72.5599172,-40.0358488,60
-72.5597773,-40.0359002,60
-72.5596377,-40.0359524,60
-72.5594988,-40.0360042,60
-72.5593736,-40.036051,60
-72.5592333,-40.0361029,60
-72.5591075,-40.03615,60
-72.5589684,-40.0362022,60
-72.5588301,-40.036254,60
-72.5586902,-40.0363063,60
-72.5585659,-40.0363531,60
-72.5584259,-40.0364047,60
-72.5582861,-40.0364566,60
-72.5581609,-40.0365032,60
-72.5580228,-40.0365551,60
-72.5578823,-40.0366078,60
-72.5577569,-40.0366544,60
-72.5576176,-40.0367065,60
-72.5574778,-40.0367584,60
-72.5573516,-40.036805,60
-72.5572117,-40.0368573,60
-72.5570729,-40.0369102,60
-72.5569469,-40.0369566,60
-72.5568067,-40.0370084,60
-72.5566679,-40.0370603,60
-72.5565425,-40.0371078,60
-72.5564025,-40.03716,60
-72.5562621,-40.0372119,60
-72.5561368,-40.0372589,60
-72.5559978,-40.0373109,60
-72.555858,-40.0373631,60
-72.5557327,-40.0374101,60
-72.5555948,-40.0374612,60
-72.5554556,-40.037514,60
-72.5553301,-40.0375609,60
-72.5551897,-40.0376126,60
-72.5550502,-40.0376642,60
-72.5549104,-40.0377164,60
-72.554785,-40.0377634,60
-72.5546461,-40.0378154,60
-72.5545064,-40.0378681,60
-72.5543825,-40.0379148,60
-72.554253,-40.0379633,60
-72.5541657,-40.0379957,60
-72.554075,-40.0380309,60
-72.5539803,-40.0380587,60
-72.5539232,-40.0380582,60
-72.5538909,-40.0380292,60
-72.5538804,-40.0379814,60
-72.5538803,-40.0379287,60
-72.5539095,-40.0378606,60
-72.5539773,-40.037811,60
-72.5540649,-40.0377758,60
-72.5541582,-40.0377401,60
-72.5542767,-40.0376955,60
-72.5543965,-40.0376501,60
-72.5545382,-40.0375975,60
-72.5546811,-40.0375451,60
-72.554821,-40.0374929,60
-72.5549478,-40.0374458,60
-72.5550893,-40.0373934,60
-72.5552299,-40.0373407,60
-72.5553559,-40.0372935,60
-72.5554959,-40.0372415,60
-72.5556354,-40.037189,60
-72.5557602,-40.0371427,60
-72.5559139,-40.0370859,60
-72.5560382,-40.0370392,60
-72.5561634,-40.0369927,60
-72.5563036,-40.0369406,60
-72.5564429,-40.0368894,60
-72.5565686,-40.0368418,60
-72.556708,-40.0367895,60
-72.5568473,-40.0367372,60
-72.5569732,-40.0366898,60
-72.5571131,-40.0366381,60
-72.5572529,-40.0365864,60
-72.557393,-40.0365342,60
-72.5575181,-40.0364865,60
-72.5576576,-40.036435,60
-72.5577835,-40.0363882,60
-72.5579229,-40.0363364,60
-72.5580628,-40.036284,60
-72.5581883,-40.0362369,60
-72.558327,-40.0361853,60
-72.5584669,-40.0361333,60
-72.5585932,-40.0360863,60
-72.5587321,-40.0360342,60
-72.5588719,-40.035982,60
-72.5590115,-40.0359302,60
-72.559137,-40.0358831,60
-72.5592767,-40.035831,60
-72.5594026,-40.0357839,60
-72.5595431,-40.0357317,60
-72.5596824,-40.0356798,60
-72.5598073,-40.0356334,60
-72.5599469,-40.0355808,60
-72.5600864,-40.0355289,60
-72.5602113,-40.0354828,60
-72.5603516,-40.0354303,60
-72.5604909,-40.0353778,60
-72.5606307,-40.0353255,60
-72.5607571,-40.0352792,60
-72.5608968,-40.0352273,60
-72.5610226,-40.0351798,60
-72.5611621,-40.0351277,60
-72.561302,-40.0350756,60
-72.561427,-40.0350288,60
-72.5615665,-40.0349768,60
-72.561706,-40.0349239,60
-72.5618312,-40.0348774,60
-72.5619708,-40.0348246,60
-72.5621098,-40.0347729,60
-72.5622494,-40.0347216,60
-72.5623755,-40.0346744,60
-72.5625157,-40.0346219,60
-72.562655,-40.0345695,60
-72.5627811,-40.034523,60
-72.5629199,-40.0344708,60
-72.5630434,-40.0344249,60
-72.5631777,-40.0343743,60
-72.5633199,-40.0343207,60
-72.5634576,-40.0342699,60
-72.5635817,-40.0342232,60
-72.5637168,-40.0341724,60
-72.5638506,-40.0341216,60
-72.5639723,-40.0340755,60
-72.5641142,-40.0340219,60
-72.5642503,-40.0339729,60
-72.5643733,-40.0339265,60
-72.564508,-40.0338759,60
-72.564646,-40.0338233,60
-72.5647408,-40.0337814,60
-72.5647702,-40.0337461,60
-72.5647562,-40.033703,60
-72.5647179,-40.033668,60
-72.5646543,-40.0336278,60
-72.5645725,-40.0336116,60
-72.564499,-40.0336272,60
-72.5644144,-40.0336579,60
-72.5643186,-40.0336945,60
-72.5642026,-40.0337396,60
-72.564088,-40.033782,60
-72.5639478,-40.0338348,60
-72.5638175,-40.0338826,60
-72.5636773,-40.0339339,60
-72.5635408,-40.0339852,60
-72.5634531,-40.0340132,60
-72.5634086,-40.0340204,60
-72.563402,-40.0340068,60
-72.5634201,-40.0339876,60
-72.5634592,-40.0339567,60
-72.5635217,-40.0339097,60
-72.5635906,-40.033857,60
-72.563682,-40.0337871,60
-72.5637784,-40.0337134,60
-72.5638771,-40.0336401,60
-72.5639992,-40.0335648,60
-72.5641313,-40.0335065,60
-72.5642457,-40.0334662,60
-72.5643016,-40.0334513,60
-72.5643065,-40.0334583,60
-72.5642792,-40.033477,60
-72.5642431,-40.0334988,60
-72.5641808,-40.0335375,60
-72.5641092,-40.0335814,60
-72.5640126,-40.0336407,60
-72.5639035,-40.0337072,60
-72.5637843,-40.0337798,60
-72.5636741,-40.0338455,60
-72.5635535,-40.0339192,60
-72.5634482,-40.0339822,60
-72.5633252,-40.0340522,60
-72.5631981,-40.0341114,60
-72.56306,-40.0341652,60
-72.5629327,-40.0342121,60
-72.5627922,-40.0342641,60
-72.5626539,-40.0343158,60
-72.5625295,-40.0343622,60
-72.5623888,-40.0344139,60
-72.5622485,-40.0344664,60
-72.5621238,-40.0345138,60
-72.5619856,-40.0345655,60
-72.5618461,-40.0346171,60
-72.5617203,-40.0346642,60
-72.5615811,-40.0347159,60
-72.5614416,-40.0347679,60
-72.5613164,-40.0348145,60
-72.5611772,-40.0348664,60
-72.5610521,-40.0349133,60
-72.5609128,-40.0349661,60
-72.5607736,-40.0350174,60
-72.5606475,-40.0350639,60
-72.5604943,-40.0351222,60
-72.5603558,-40.0351737,60
-72.5602299,-40.035221,60
-72.5601057,-40.0352671,60
-72.5599713,-40.0353175,60
-72.5598298,-40.0353712,60
-72.5597023,-40.0354179,60
-72.5595623,-40.0354693,60
-72.5594218,-40.0355214,60
-72.5592969,-40.035568,60
-72.5591582,-40.0356205,60
-72.5590188,-40.0356725,60
-72.5588787,-40.0357249,60
-72.5587539,-40.0357721,60
-72.5586141,-40.0358245,60
-72.558489,-40.0358707,60
-72.5583487,-40.0359229,60
-72.5582222,-40.0359696,60
-72.5580836,-40.0360219,60
-72.5579436,-40.0360743,60
-72.5578041,-40.0361263,60
-72.557678,-40.0361729,60
-72.5575386,-40.0362248,60
-72.557398,-40.0362772,60
-72.5572711,-40.0363247,60
-72.5571316,-40.0363773,60
-72.5569919,-40.0364293,60
-72.5568663,-40.0364761,60
-72.556727,-40.0365279,60
-72.5565885,-40.0365797,60
-72.5564624,-40.0366271,60
-72.5563227,-40.036679,60
-72.5561835,-40.0367309,60
-72.5560589,-40.0367777,60
-72.5559193,-40.0368301,60
-72.5557793,-40.0368825,60
-72.5556537,-40.0369302,60
-72.5555178,-40.0369802,60
-72.5553815,-40.037032,60
-72.555252,-40.0370797,60
-72.5551111,-40.0371314,60
-72.5549728,-40.0371832,60
-72.5548474,-40.03723,60
-72.5547107,-40.0372808,60
-72.5545717,-40.0373334,60
-72.5544304,-40.0373857,60
-72.5543046,-40.0374328,60
-72.554168,-40.0374839,60
-72.5540779,-40.0375111,60
-72.5540237,-40.0375141,60
-72.5539972,-40.0374842,60
-72.5539992,-40.0374465,60
-72.5540135,-40.0373954,60
-72.554044,-40.0373272,60
-72.5541016,-40.0372645,60
-72.5541971,-40.0372146,60
-72.554311,-40.0371736,60
-72.5544233,-40.0371308,60
-72.5545588,-40.0370789,60
-72.5547007,-40.0370266,60
-72.5548412,-40.0369748,60
-72.5549674,-40.0369274,60
-72.5551084,-40.0368754,60
-72.5552488,-40.0368231,60
-72.5553757,-40.0367763,60
-72.5555163,-40.0367242,60
-72.5556554,-40.0366723,60
-72.5557804,-40.0366252,60
-72.55592,-40.0365729,60
-72.5560452,-40.0365262,60
-72.5561848,-40.0364739,60
-72.5563242,-40.0364217,60
-72.5564496,-40.0363751,60
-72.5565897,-40.0363228,60
-72.5567297,-40.0362711,60
-72.5568551,-40.0362242,60
-72.5569954,-40.0361721,60
-72.5571346,-40.0361196,60
</coordinates></LineString>
</Placemark>
<Placemark>
<name>DJI_202603240926_003_LONCOPAN002_Timestamp.MRK</name>
<description>Equipo: M3E | Fecha: 24-03-2026 | Puntos: 1280</description>
<styleUrl>#m3e</styleUrl>
<LineString><altitudeMode>relativeToGround</altitudeMode><coordinates>
-72.5571708,-40.0361054,60
-72.5571946,-40.0360965,60
-72.5572497,-40.0360755,60
-72.5573228,-40.0360486,60
-72.5574231,-40.0360114,60
-72.5575392,-40.0359678,60
-72.5576678,-40.0359197,60
-72.5577918,-40.0358724,60
-72.5579341,-40.0358202,60
-72.5580745,-40.0357679,60
-72.5582002,-40.0357213,60
-72.5583399,-40.0356693,60
-72.5584797,-40.0356177,60
-72.558605,-40.0355708,60
-72.5587442,-40.0355188,60
-72.5588694,-40.0354722,60
-72.5590088,-40.0354202,60
-72.5591475,-40.0353681,60
-72.559287,-40.0353162,60
-72.5594123,-40.0352695,60
-72.5595517,-40.0352174,60
-72.5596915,-40.0351654,60
-72.5598174,-40.0351183,60
-72.5599567,-40.0350661,60
-72.560096,-40.0350142,60
-72.5602219,-40.0349671,60
-72.5603612,-40.0349153,60
-72.5605013,-40.0348632,60
-72.5606414,-40.0348113,60
-72.5607667,-40.034764,60
-72.5609065,-40.0347119,60
-72.5610457,-40.0346599,60
-72.5611717,-40.0346136,60
-72.5613106,-40.0345613,60
-72.5614358,-40.034514,60
-72.561575,-40.0344621,60
-72.5617143,-40.0344101,60
-72.561853,-40.0343587,60
-72.561993,-40.0343064,60
-72.5621187,-40.03426,60
-72.5622583,-40.0342074,60
-72.5623968,-40.0341557,60
-72.5625197,-40.0341093,60
-72.5626598,-40.0340574,60
-72.5627851,-40.0340109,60
-72.5629129,-40.0339606,60
-72.5629817,-40.0339216,60
-72.5629986,-40.0338854,60
-72.5629746,-40.033845,60
-72.5629267,-40.0338076,60
-72.5628594,-40.0337752,60
-72.5627733,-40.0337684,60
-72.5626897,-40.0337915,60
-72.5626074,-40.0338218,60
-72.5624992,-40.0338631,60
-72.5623757,-40.0339093,60
-72.5622413,-40.0339603,60
-72.5621136,-40.0340078,60
-72.5619713,-40.0340605,60
-72.561831,-40.0341128,60
-72.5617041,-40.03416,60
-72.5615651,-40.0342123,60
-72.5614263,-40.034264,60
-72.5613018,-40.0343109,60
-72.5611629,-40.0343621,60
-72.5610376,-40.0344087,60
-72.5608985,-40.0344609,60
-72.5607588,-40.0345124,60
-72.5606201,-40.0345647,60
-72.5604953,-40.0346118,60
-72.5603558,-40.0346632,60
-72.5602164,-40.0347153,60
-72.5600773,-40.0347669,60
-72.5599515,-40.0348141,60
-72.5598121,-40.0348664,60
-72.5596877,-40.0349127,60
-72.5595481,-40.034965,60
-72.5594082,-40.0350169,60
-72.5592821,-40.0350638,60
-72.5591429,-40.0351158,60
-72.5590174,-40.0351623,60
-72.5588783,-40.0352152,60
-72.558739,-40.035267,60
-72.5585994,-40.0353189,60
-72.5584733,-40.0353658,60
-72.5583338,-40.035418,60
-72.5581948,-40.0354704,60
-72.5580696,-40.0355172,60
-72.5579301,-40.0355691,60
-72.5577908,-40.0356209,60
-72.557665,-40.035668,60
-72.557526,-40.0357195,60
-72.5573996,-40.035767,60
-72.5572471,-40.0358237,60
-72.55712,-40.0358715,60
-72.5569802,-40.0359241,60
-72.5568545,-40.0359709,60
-72.5567145,-40.0360226,60
-72.5565901,-40.0360691,60
-72.5564506,-40.0361212,60
-72.5563095,-40.036174,60
-72.5561696,-40.0362263,60
-72.5560309,-40.0362775,60
-72.5559048,-40.0363243,60
-72.5557646,-40.0363773,60
-72.5556254,-40.036429,60
-72.5555021,-40.0364748,60
-72.5553628,-40.036528,60
-72.5552374,-40.0365745,60
-72.5550987,-40.036626,60
-72.5549766,-40.0366716,60
-72.5548359,-40.0367248,60
-72.5546952,-40.0367773,60
-72.5545637,-40.0368258,60
-72.5544319,-40.0368772,60
-72.5543118,-40.0369184,60
-72.5542336,-40.0369401,60
-72.5541863,-40.0369435,60
-72.5541653,-40.0369122,60
-72.5541774,-40.0368645,60
-72.5541946,-40.0368095,60
-72.5542237,-40.0367468,60
-72.5542918,-40.0366785,60
-72.5543793,-40.0366348,60
-72.554494,-40.0365938,60
-72.5546176,-40.0365465,60
-72.5547575,-40.0364942,60
-72.5548883,-40.0364478,60
-72.55503,-40.0363953,60
-72.5551711,-40.0363423,60
-72.555296,-40.0362947,60
-72.5554385,-40.0362419,60
-72.5555771,-40.03619,60
-72.5557163,-40.0361373,60
-72.555843,-40.0360902,60
-72.5559816,-40.036039,60
-72.556107,-40.0359921,60
-72.5562454,-40.0359404,60
-72.5563842,-40.0358891,60
-72.5565092,-40.035842,60
-72.5566482,-40.0357902,60
-72.556788,-40.0357383,60
-72.5569131,-40.0356913,60
-72.5570521,-40.0356397,60
-72.5571773,-40.0355934,60
-72.5573161,-40.0355411,60
-72.5574555,-40.0354893,60
-72.5575952,-40.0354374,60
-72.5577343,-40.0353846,60
-72.5578597,-40.0353384,60
-72.5579994,-40.0352866,60
-72.5581249,-40.0352398,60
-72.5582651,-40.0351876,60
-72.5584036,-40.0351352,60
-72.5585436,-40.0350833,60
-72.5586703,-40.0350354,60
-72.5588115,-40.0349834,60
-72.5589376,-40.0349363,60
-72.5590777,-40.0348839,60
-72.5592177,-40.0348319,60
-72.5593436,-40.0347847,60
-72.5594837,-40.0347325,60
-72.5596083,-40.0346862,60
-72.5597479,-40.0346338,60
-72.5598895,-40.0345811,60
-72.5600135,-40.0345348,60
-72.5601536,-40.0344826,60
-72.5602944,-40.0344303,60
-72.5604335,-40.0343775,60
-72.5605596,-40.0343311,60
-72.5606992,-40.0342788,60
-72.5608394,-40.0342268,60
-72.5609661,-40.034179,60
-72.5611063,-40.0341269,60
-72.561246,-40.0340751,60
-72.5613713,-40.034028,60
-72.5615101,-40.0339758,60
-72.5616499,-40.0339241,60
-72.5617753,-40.0338773,60
-72.5619143,-40.0338252,60
-72.5620534,-40.0337733,60
-72.5621787,-40.0337265,60
-72.5623176,-40.0336744,60
-72.5624473,-40.0336237,60
-72.5625177,-40.0335884,60
-72.562543,-40.0335506,60
-72.5625224,-40.0335092,60
-72.562482,-40.0334752,60
-72.5624128,-40.0334376,60
-72.5623266,-40.0334271,60
-72.562251,-40.0334446,60
-72.5621624,-40.0334768,60
-72.5620557,-40.0335179,60
-72.5619468,-40.0335596,60
-72.5618142,-40.0336096,60
-72.5616732,-40.0336619,60
-72.5615455,-40.0337088,60
-72.5614041,-40.0337612,60
-72.5612667,-40.0338133,60
-72.5611415,-40.0338605,60
-72.5610019,-40.0339119,60
-72.5608631,-40.0339638,60
-72.5607369,-40.0340107,60
-72.5605991,-40.034062,60
-72.5604592,-40.0341149,60
-72.5603205,-40.0341666,60
-72.5601948,-40.0342132,60
-72.5600555,-40.0342651,60
-72.5599164,-40.0343172,60
-72.5597922,-40.0343636,60
-72.5596523,-40.0344157,60
-72.5595268,-40.0344623,60
-72.559387,-40.0345142,60
-72.5592479,-40.0345663,60
-72.5591227,-40.0346134,60
-72.5589836,-40.0346655,60
-72.5588443,-40.0347165,60
-72.5587193,-40.0347636,60
-72.55858,-40.0348156,60
-72.5584403,-40.0348682,60
-72.5581331,-40.0349828,60
-72.5580772,-40.0350035,60
-72.5580073,-40.0350294,60
-72.5578955,-40.0350718,60
-72.557756,-40.0351233,60
-72.5576299,-40.0351706,60
-72.5574905,-40.0352223,60
-72.5573657,-40.0352689,60
-72.5572262,-40.0353207,60
-72.5571007,-40.035368,60
-72.556961,-40.0354201,60
-72.5568218,-40.0354723,60
-72.5566946,-40.0355191,60
-72.556557,-40.0355706,60
-72.5564166,-40.0356229,60
-72.5562921,-40.0356696,60
-72.5561534,-40.0357214,60
-72.5560153,-40.035773,60
-72.5558982,-40.0358167,60
-72.5557619,-40.0358698,60
-72.5556207,-40.0359215,60
-72.5554938,-40.0359683,60
-72.5553534,-40.0360206,60
-72.5552134,-40.0360727,60
-72.5550887,-40.0361192,60
-72.5549493,-40.0361714,60
-72.55481,-40.0362233,60
-72.5546711,-40.0362747,60
-72.5545467,-40.0363213,60
-72.5544404,-40.0363565,60
-72.5543864,-40.0363638,60
-72.5543534,-40.0363399,60
-72.5543524,-40.0362982,60
-72.5543662,-40.0362489,60
-72.5543895,-40.0361893,60
-72.5544482,-40.0361187,60
-72.5545283,-40.0360696,60
-72.5546381,-40.0360293,60
-72.5547602,-40.0359831,60
-72.5548788,-40.0359378,60
-72.5550228,-40.0358852,60
-72.5551662,-40.0358327,60
-72.5552944,-40.035785,60
-72.5554342,-40.0357335,60
-72.5555735,-40.0356813,60
-72.5557146,-40.0356287,60
-72.5558398,-40.0355823,60
-72.5559796,-40.0355305,60
-72.5561164,-40.0354781,60
-72.556242,-40.0354312,60
-72.5563819,-40.0353787,60
-72.5565223,-40.035327,60
-72.5566481,-40.0352797,60
-72.5567883,-40.0352278,60
-72.5569151,-40.0351805,60
-72.5570549,-40.035128,60
-72.5571954,-40.0350758,60
-72.5573217,-40.0350289,60
-72.5574764,-40.0349715,60
-72.5576016,-40.0349246,60
-72.5577415,-40.0348723,60
-72.5578675,-40.0348253,60
-72.5580073,-40.0347724,60
-72.5581477,-40.0347202,60
-72.5582744,-40.0346727,60
-72.5584149,-40.0346204,60
-72.5585555,-40.0345687,60
-72.5586813,-40.0345214,60
-72.5588491,-40.0344584,60
-72.558947,-40.0344218,60
-72.559088,-40.0343694,60
-72.5592285,-40.0343169,60
-72.5593687,-40.0342648,60
-72.5594948,-40.0342176,60
-72.5596347,-40.0341651,60
-72.5597759,-40.0341125,60
-72.5599021,-40.0340658,60
-72.560054,-40.0340084,60
-72.5601825,-40.0339607,60
-72.5603078,-40.0339144,60
-72.5604474,-40.0338619,60
-72.5605882,-40.0338092,60
-72.5607149,-40.0337626,60
-72.5608546,-40.0337095,60
-72.5609944,-40.0336582,60
-72.5611203,-40.0336109,60
-72.5612599,-40.0335586,60
-72.5613999,-40.033506,60
-72.5615259,-40.0334589,60
-72.5616669,-40.0334066,60
-72.5618074,-40.0333544,60
-72.561932,-40.0333072,60
-72.5620373,-40.033262,60
-72.562082,-40.0332272,60
-72.5620808,-40.033188,60
-72.5620434,-40.033149,60
-72.561985,-40.0331101,60
-72.5619097,-40.0330872,60
-72.5618247,-40.0330953,60
-72.5617401,-40.0331235,60
-72.5616505,-40.0331576,60
-72.5615349,-40.0332025,60
-72.5614066,-40.0332511,60
-72.5612817,-40.0332984,60
-72.5611393,-40.0333507,60
-72.5609977,-40.0334035,60
-72.5608717,-40.0334507,60
-72.5607319,-40.0335025,60
-72.5605918,-40.0335544,60
-72.5604665,-40.0336012,60
-72.5603269,-40.0336537,60
-72.5601872,-40.0337057,60
-72.5600616,-40.0337536,60
-72.5599209,-40.0338055,60
-72.5597953,-40.033852,60
-72.559655,-40.0339045,60
-72.5595152,-40.0339566,60
-72.559375,-40.0340093,60
-72.5592487,-40.0340567,60
-72.5591087,-40.0341092,60
-72.5589686,-40.0341606,60
-72.5588422,-40.0342076,60
-72.5587023,-40.0342596,60
-72.5585624,-40.0343117,60
-72.5584361,-40.0343593,60
-72.5582953,-40.0344123,60
-72.5581557,-40.0344645,60
-72.5580298,-40.0345113,60
-72.557889,-40.0345643,60
-72.5577486,-40.034616,60
-72.5576218,-40.0346629,60
-72.5574812,-40.0347151,60
-72.5573557,-40.0347624,60
-72.5572157,-40.034815,60
-72.5570757,-40.0348671,60
-72.5569357,-40.0349191,60
-72.5568096,-40.0349658,60
-72.5566688,-40.0350181,60
-72.5565298,-40.0350704,60
-72.5564116,-40.0351146,60
-72.5563028,-40.0351578,60
-72.5561647,-40.0352099,60
-72.5560363,-40.0352571,60
-72.5558923,-40.0353091,60
-72.5557506,-40.0353615,60
-72.5556262,-40.0354081,60
-72.5554891,-40.0354604,60
-72.5553479,-40.0355127,60
-72.5552204,-40.0355608,60
-72.5550795,-40.0356124,60
-72.5549529,-40.0356597,60
-72.5548118,-40.0357121,60
-72.5546779,-40.0357609,60
-72.5545896,-40.0357843,60
-72.5545434,-40.0357783,60
-72.5545259,-40.0357473,60
-72.5545331,-40.0357041,60
-72.5545482,-40.0356547,60
-72.5545838,-40.035584,60
-72.554657,-40.035518,60
-72.5547473,-40.0354787,60
-72.554861,-40.0354361,60
-72.5549871,-40.0353875,60
-72.5551266,-40.0353353,60
-72.5552553,-40.0352878,60
-72.555397,-40.0352357,60
-72.555538,-40.0351837,60
-72.5556651,-40.0351366,60
-72.5558063,-40.0350842,60
-72.5559265,-40.0350388,60
-72.5560609,-40.0349889,60
-72.5561798,-40.0349432,60
-72.5563063,-40.0348952,60
-72.556449,-40.0348434,60
-72.5565897,-40.0347908,60
-72.5567149,-40.0347437,60
-72.5568549,-40.034691,60
-72.5569954,-40.0346397,60
-72.5571357,-40.034587,60
-72.5572612,-40.0345399,60
-72.5574008,-40.0344881,60
-72.5575274,-40.0344408,60
-72.5576683,-40.0343888,60
-72.5578084,-40.034336,60
-72.5579349,-40.0342892,60
-72.5580744,-40.0342366,60
-72.5582149,-40.0341844,60
-72.5583416,-40.0341374,60
-72.5584811,-40.0340853,60
-72.5586219,-40.0340337,60
-72.5587469,-40.0339857,60
-72.5588869,-40.0339332,60
-72.5590278,-40.0338817,60
-72.5591537,-40.0338341,60
-72.5592933,-40.0337822,60
-72.5594344,-40.0337295,60
-72.5595742,-40.0336779,60
-72.5597005,-40.0336309,60
-72.5598407,-40.0335787,60
-72.5599804,-40.0335258,60
-72.560107,-40.0334786,60
-72.5602476,-40.0334265,60
-72.5603882,-40.0333741,60
-72.5605149,-40.0333269,60
-72.5606559,-40.0332744,60
-72.5607959,-40.0332212,60
-72.5609225,-40.0331745,60
-72.5610625,-40.0331221,60
-72.5612025,-40.0330702,60
-72.5613422,-40.0330175,60
-72.5614684,-40.0329699,60
-72.5615775,-40.0329236,60
-72.5616224,-40.0328923,60
-72.5616258,-40.0328498,60
-72.56159,-40.0328107,60
-72.5615336,-40.0327719,60
-72.5614589,-40.0327479,60
-72.5613738,-40.0327539,60
-72.5612902,-40.032782,60
-72.5612018,-40.0328153,60
-72.5610883,-40.032859,60
-72.5609605,-40.0329076,60
-72.5608357,-40.0329539,60
-72.560693,-40.033007,60
-72.5605649,-40.0330539,60
-72.5604248,-40.0331066,60
-72.5602841,-40.0331581,60
-72.5601446,-40.0332103,60
-72.5600188,-40.033258,60
-72.559879,-40.0333103,60
-72.5597393,-40.0333628,60
-72.5596142,-40.0334092,60
-72.5594741,-40.033462,60
-72.5593333,-40.0335141,60
-72.5592067,-40.0335615,60
-72.5590661,-40.0336141,60
-72.558926,-40.0336658,60
-72.5588005,-40.033713,60
-72.5586605,-40.033765,60
-72.5585203,-40.0338175,60
-72.5583944,-40.0338647,60
-72.5582549,-40.033917,60
-72.5581142,-40.0339698,60
-72.5579878,-40.0340164,60
-72.5578476,-40.0340686,60
-72.557707,-40.0341207,60
-72.5575808,-40.0341676,60
-72.5574406,-40.03422,60
-72.5573014,-40.0342718,60
-72.5571757,-40.0343199,60
-72.5570349,-40.0343722,60
-72.5568939,-40.0344242,60
-72.5567682,-40.0344707,60
-72.5566273,-40.0345237,60
-72.5564875,-40.0345751,60
-72.5563684,-40.0346194,60
-72.5562401,-40.0346702,60
-72.5561041,-40.0347216,60
-72.5559769,-40.0347684,60
-72.5558408,-40.0348193,60
-72.555701,-40.0348713,60
-72.5555704,-40.0349199,60
-72.555426,-40.0349728,60
-72.5552837,-40.0350253,60
-72.5551431,-40.035078,60
-72.5550164,-40.0351248,60
-72.5548786,-40.0351762,60
-72.5547872,-40.0352036,60
-72.5547324,-40.0352082,60
-72.5547036,-40.0351793,60
-72.5547071,-40.0351372,60
-72.5547198,-40.0350913,60
-72.5547491,-40.0350233,60
-72.5548061,-40.03496,60
-72.5548997,-40.0349095,60
-72.5550115,-40.0348684,60
-72.5551351,-40.034822,60
-72.5552589,-40.0347753,60
-72.5554018,-40.0347224,60
-72.5555441,-40.03467,60
-72.5556713,-40.0346227,60
-72.5558115,-40.0345704,60
-72.5559377,-40.034523,60
-72.5560775,-40.0344713,60
-72.5562192,-40.0344188,60
-72.5563599,-40.0343665,60
-72.5564857,-40.0343198,60
-72.556625,-40.0342674,60
-72.5567657,-40.0342151,60
-72.5568913,-40.0341682,60
-72.5570314,-40.0341159,60
-72.5571712,-40.0340638,60
-72.5572974,-40.0340165,60
-72.5574374,-40.0339643,60
-72.5575784,-40.0339119,60
-72.5577047,-40.0338653,60
-72.5578447,-40.0338132,60
-72.5579848,-40.0337607,60
-72.5581119,-40.0337138,60
-72.5582513,-40.033661,60
-72.5583917,-40.0336085,60
-72.5585326,-40.0335565,60
-72.5586584,-40.0335094,60
-72.5587982,-40.0334563,60
-72.5589241,-40.0334092,60
-72.5590639,-40.0333569,60
-72.5592042,-40.0333049,60
-72.5593441,-40.0332527,60
-72.5594705,-40.0332058,60
-72.5596107,-40.0331531,60
-72.5597504,-40.0331003,60
-72.5598768,-40.0330536,60
-72.5600171,-40.0330017,60
-72.5601431,-40.032955,60
-72.5602833,-40.0329027,60
-72.5604233,-40.0328504,60
-72.5605493,-40.0328031,60
-72.560689,-40.0327509,60
-72.5608285,-40.032698,60
-72.5609683,-40.0326459,60
-72.5610838,-40.0326011,60
-72.5611558,-40.0325631,60
-72.5611727,-40.0325232,60
-72.5611509,-40.0324859,60
-72.5611045,-40.0324483,60
-72.5610298,-40.0324126,60
-72.5609536,-40.032407,60
-72.5608697,-40.0324287,60
-72.5607788,-40.032462,60
-72.5606813,-40.0324997,60
-72.5605588,-40.0325467,60
-72.5604378,-40.0325923,60
-72.5602968,-40.0326449,60
-72.560154,-40.0326973,60
-72.560027,-40.0327441,60
-72.559887,-40.0327967,60
-72.5597466,-40.0328487,60
-72.5596073,-40.0329006,60
-72.5594821,-40.0329477,60
-72.5593421,-40.0329997,60
-72.5592026,-40.0330526,60
-72.5590766,-40.0330993,60
-72.5589372,-40.033152,60
-72.5587974,-40.0332041,60
-72.5586715,-40.0332508,60
-72.5585305,-40.0333037,60
-72.5583906,-40.033356,60
-72.5582638,-40.033403,60
-72.558124,-40.0334553,60
-72.5579977,-40.0335027,60
-72.5578571,-40.0335549,60
-72.5577167,-40.0336074,60
-72.5575764,-40.0336596,60
-72.5574508,-40.0337067,60
-72.5573106,-40.0337588,60
-72.5571845,-40.0338056,60
-72.5570438,-40.0338579,60
-72.5569042,-40.0339102,60
-72.5567638,-40.0339624,60
-72.556638,-40.0340096,60
-72.5564979,-40.034062,60
-72.5563574,-40.0341142,60
-72.5562312,-40.0341617,60
-72.5560917,-40.0342134,60
-72.5559657,-40.0342606,60
-72.5558255,-40.0343127,60
-72.5556852,-40.0343653,60
-72.5555453,-40.0344174,60
-72.5554194,-40.0344644,60
-72.5552792,-40.0345162,60
-72.5551387,-40.0345686,60
-72.555021,-40.0346117,60
-72.5549377,-40.0346318,60
-72.554897,-40.0346255,60
-72.5548802,-40.0345902,60
-72.5548882,-40.0345463,60
-72.5549049,-40.0344953,60
-72.5549439,-40.0344241,60
-72.5550194,-40.0343592,60
-72.5551218,-40.0343172,60
-72.5552266,-40.0342779,60
-72.5553541,-40.0342294,60
-72.5554915,-40.0341777,60
-72.5556362,-40.0341244,60
-72.5557659,-40.034077,60
-72.5559076,-40.0340245,60
-72.5560484,-40.0339722,60
-72.5561733,-40.0339257,60
-72.5563155,-40.0338731,60
-72.5564423,-40.0338257,60
-72.5565832,-40.0337729,60
-72.5567237,-40.0337202,60
-72.5568636,-40.0336677,60
-72.5569894,-40.0336209,60
-72.5571149,-40.0335744,60
-72.5572559,-40.033522,60
-72.5573961,-40.0334695,60
-72.5575358,-40.0334173,60
-72.5576613,-40.0333704,60
-72.5578013,-40.0333181,60
-72.5579408,-40.0332656,60
-72.5580672,-40.0332186,60
-72.558207,-40.0331661,60
-72.558348,-40.0331144,60
-72.5584748,-40.0330673,60
-72.5586147,-40.033015,60
-72.5587548,-40.0329624,60
-72.5588804,-40.0329151,60
-72.5590211,-40.0328629,60
-72.5591613,-40.0328106,60
-72.5592869,-40.0327634,60
-72.5594269,-40.0327114,60
-72.559567,-40.0326591,60
-72.5596934,-40.0326124,60
-72.5598332,-40.0325602,60
-72.5599733,-40.032508,60
-72.5601138,-40.032456,60
-72.5602396,-40.0324086,60
-72.5603802,-40.0323557,60
-72.5605057,-40.032308,60
-72.5606394,-40.0322575,60
-72.5607176,-40.0322175,60
-72.5607398,-40.0321896,60
-72.5607214,-40.032162,60
-72.5606849,-40.0321276,60
-72.5606665,-40.0320749,60
-72.5606658,-40.0320294,60
-72.5606538,-40.0320073,60
-72.5606212,-40.0320103,60
-72.5605824,-40.0320237,60
-72.5605074,-40.032052,60
-72.5604251,-40.0320833,60
-72.5603168,-40.0321249,60
-72.5602066,-40.0321666,60
-72.5600733,-40.0322171,60
-72.5599321,-40.0322697,60
-72.5598035,-40.032317,60
-72.5596626,-40.0323693,60
-72.559523,-40.0324215,60
-72.5593971,-40.0324687,60
-72.559257,-40.0325212,60
-72.5591169,-40.0325729,60
-72.5589915,-40.0326202,60
-72.5588516,-40.0326726,60
-72.5587118,-40.0327247,60
-72.5585854,-40.032772,60
-72.5584451,-40.0328245,60
-72.5583055,-40.0328773,60
-72.5581798,-40.0329237,60
-72.5580394,-40.0329761,60
-72.5579138,-40.0330226,60
-72.5577595,-40.0330802,60
-72.5576331,-40.0331269,60
-72.5574935,-40.0331792,60
-72.557367,-40.033227,60
-72.5572273,-40.0332797,60
-72.5570865,-40.0333319,60
-72.5569603,-40.0333784,60
-72.5568207,-40.033431,60
-72.5566797,-40.0334838,60
-72.5565541,-40.0335295,60
-72.5564138,-40.0335822,60
-72.5562775,-40.0336336,60
-72.5561513,-40.0336806,60
-72.55601,-40.0337331,60
-72.5558682,-40.0337863,60
-72.5557412,-40.0338338,60
-72.5556015,-40.0338856,60
-72.5554612,-40.033938,60
-72.555339,-40.033984,60
-72.5552069,-40.0340325,60
-72.555117,-40.034056,60
-72.5550727,-40.034045,60
-72.5550569,-40.0340132,60
-72.5550649,-40.0339695,60
-72.5550809,-40.0339185,60
-72.5551191,-40.0338472,60
-72.5551944,-40.0337832,60
-72.5552864,-40.0337448,60
-72.5554024,-40.0337016,60
-72.5555317,-40.0336527,60
-72.5556565,-40.0336058,60
-72.555799,-40.0335534,60
-72.5559408,-40.0335011,60
-72.5560681,-40.0334541,60
-72.5562089,-40.0334016,60
-72.5563494,-40.0333494,60
-72.5564755,-40.0333022,60
-72.5566158,-40.0332498,60
-72.5567551,-40.0331977,60
-72.5568812,-40.0331512,60
-72.5570203,-40.0330995,60
-72.5571604,-40.0330468,60
-72.557288,-40.0329998,60
-72.5574288,-40.0329475,60
-72.5575681,-40.0328949,60
-72.5576939,-40.0328481,60
-72.557834,-40.0327961,60
-72.5579743,-40.0327435,60
-72.5581009,-40.0326959,60
-72.5582405,-40.032643,60
-72.5583798,-40.032591,60
-72.5585202,-40.0325385,60
-72.5586463,-40.0324919,60
-72.5587728,-40.0324452,60
-72.5589271,-40.032387,60
-72.5590527,-40.0323399,60
-72.5591927,-40.032288,60
-72.5593192,-40.0322408,60
-72.5594593,-40.0321888,60
-72.5595996,-40.0321367,60
-72.5597257,-40.0320896,60
-72.5598657,-40.0320371,60
-72.5600057,-40.0319845,60
-72.5601311,-40.0319372,60
-72.5602712,-40.0318848,60
-72.5604121,-40.0318327,60
-72.560538,-40.0317861,60
-72.5606704,-40.0317316,60
-72.5607577,-40.0316747,60
-72.5608033,-40.0316044,60
-72.560829,-40.0315202,60
-72.5608298,-40.0314697,60
-72.5607959,-40.031447,60
-72.5607511,-40.0314525,60
-72.5606949,-40.0314713,60
-72.5606257,-40.0314981,60
-72.5605275,-40.0315352,60
-72.5604131,-40.0315784,60
-72.5602992,-40.031621,60
-72.5601623,-40.0316733,60
-72.5600196,-40.0317262,60
-72.5598919,-40.0317735,60
-72.5597516,-40.0318259,60
-72.5596115,-40.0318782,60
-72.5594851,-40.0319254,60
-72.5593447,-40.0319775,60
-72.5592051,-40.03203,60
-72.5590657,-40.0320826,60
-72.5589398,-40.0321292,60
-72.5588002,-40.0321813,60
-72.5586595,-40.0322334,60
-72.5585336,-40.0322809,60
-72.5583941,-40.0323334,60
-72.5582678,-40.0323803,60
-72.5581286,-40.0324324,60
-72.557988,-40.0324852,60
-72.5578622,-40.032532,60
-72.5577218,-40.0325847,60
-72.5575809,-40.0326377,60
-72.5574546,-40.0326842,60
-72.5573148,-40.0327364,60
-72.5571754,-40.0327886,60
-72.5570488,-40.0328352,60
-72.5568937,-40.0328933,60
-72.5567679,-40.0329395,60
-72.5566279,-40.0329918,60
-72.5565042,-40.0330383,60
-72.5563645,-40.0330907,60
-72.556237,-40.0331385,60
-72.5560957,-40.0331907,60
-72.555956,-40.0332427,60
-72.5558162,-40.0332954,60
-72.5556892,-40.0333426,60
-72.5555487,-40.0333945,60
-72.5554108,-40.0334456,60
-72.5553183,-40.0334737,60
-72.555263,-40.0334771,60
-72.555236,-40.0334476,60
-72.5552382,-40.03341,60
-72.555253,-40.0333596,60
-72.5552832,-40.0332912,60
-72.5553401,-40.0332282,60
-72.5554343,-40.0331788,60
-72.5555466,-40.0331378,60
-72.5556585,-40.0330953,60
-72.5557937,-40.0330443,60
-72.5559223,-40.032997,60
-72.5560656,-40.0329447,60
-72.5562065,-40.0328916,60
-72.5563465,-40.0328396,60
-72.5564727,-40.0327922,60
-72.5566099,-40.0327414,60
-72.5567493,-40.0326893,60
-72.5568765,-40.0326423,60
-72.5570164,-40.0325899,60
-72.5571564,-40.0325373,60
-72.5572824,-40.0324912,60
-72.5574232,-40.0324385,60
-72.5575632,-40.0323865,60
-72.5576891,-40.0323389,60
-72.5578289,-40.0322867,60
-72.5579693,-40.0322343,60
-72.5580951,-40.0321875,60
-72.5582358,-40.0321351,60
-72.5583757,-40.0320829,60
-72.5585015,-40.0320359,60
-72.5586415,-40.0319833,60
-72.5587821,-40.0319307,60
-72.5589076,-40.031884,60
-72.5590484,-40.0318317,60
-72.559188,-40.0317797,60
-72.5593143,-40.0317325,60
-72.559454,-40.0316803,60
-72.5595936,-40.0316282,60
-72.5597194,-40.031581,60
-72.5598573,-40.0315294,60
-72.5599981,-40.0314763,60
-72.5601247,-40.0314295,60
-72.5602651,-40.0313771,60
-72.5604058,-40.0313244,60
-72.5605446,-40.0312725,60
-72.5606676,-40.031225,60
-72.5608088,-40.0311712,60
-72.560914,-40.0311172,60
-72.5609722,-40.0310538,60
-72.5610059,-40.0309683,60
-72.561015,-40.0309029,60
-72.5609972,-40.030874,60
-72.5609504,-40.0308687,60
-72.5608972,-40.0308859,60
-72.5608356,-40.0309086,60
-72.5607445,-40.0309438,60
-72.560635,-40.030985,60
-72.5605118,-40.0310323,60
-72.560391,-40.0310778,60
-72.560249,-40.0311307,60
-72.5601204,-40.0311789,60
-72.5599797,-40.0312309,60
-72.5598535,-40.0312772,60
-72.5597132,-40.0313299,60
-72.5595731,-40.0313823,60
-72.5594476,-40.031429,60
-72.5593079,-40.0314808,60
-72.5591682,-40.0315334,60
-72.5590277,-40.031586,60
-72.5589017,-40.0316331,60
-72.5587623,-40.0316854,60
-72.5586221,-40.0317379,60
-72.5584961,-40.0317855,60
-72.5583555,-40.0318374,60
-72.558216,-40.0318894,60
-72.5580897,-40.031937,60
-72.5579491,-40.0319888,60
-72.557809,-40.0320418,60
-72.5576831,-40.0320885,60
-72.5575424,-40.032141,60
-72.5574018,-40.0321934,60
-72.557275,-40.0322407,60
-72.5571348,-40.0322928,60
-72.5570089,-40.0323404,60
-72.556868,-40.0323927,60
-72.556727,-40.0324451,60
-72.5565889,-40.0324968,60
-72.5564528,-40.0325483,60
-72.5563277,-40.0325951,60
-72.5561845,-40.032648,60
-72.5560561,-40.0326954,60
-72.5559145,-40.0327483,60
-72.555775,-40.0328001,60
-72.5556345,-40.0328525,60
-72.5555263,-40.0328897,60
-72.5554564,-40.0329035,60
-72.5554205,-40.0328885,60
-72.5554117,-40.03285,60
-72.555423,-40.0328039,60
-72.5554422,-40.0327482,60
-72.5554897,-40.0326761,60
-72.5555635,-40.032622,60
-72.5556687,-40.0325809,60
-72.5557881,-40.0325369,60
-72.5559194,-40.0324868,60
-72.5560458,-40.0324397,60
-72.5561884,-40.0323875,60
-72.5563311,-40.0323354,60
-72.5564553,-40.0322887,60
-72.5565918,-40.0322368,60
-72.5567275,-40.0321867,60
-72.5568661,-40.0321339,60
-72.5569918,-40.0320873,60
-72.557133,-40.0320351,60
-72.5572595,-40.0319877,60
-72.5573994,-40.0319359,60
-72.5575398,-40.031884,60
-72.5576657,-40.0318363,60
-72.5578059,-40.031784,60
-72.5579465,-40.031732,60
-72.5580723,-40.0316849,60
-72.5582123,-40.0316328,60
-72.5583524,-40.0315806,60
-72.5584788,-40.0315339,60
-72.558619,-40.0314818,60
-72.5587594,-40.0314292,60
-72.5588986,-40.0313766,60
-72.5590249,-40.0313295,60
-72.5591646,-40.0312775,60
-72.5592914,-40.0312304,60
-72.5594313,-40.031178,60
-72.5595715,-40.0311253,60
-72.5596978,-40.0310787,60
-72.5598381,-40.0310261,60
-72.5599785,-40.0309737,60
-72.5601184,-40.0309213,60
-72.5602444,-40.0308744,60
-72.5603848,-40.0308226,60
-72.5605104,-40.0307753,60
-72.5606504,-40.0307232,60
-72.5607906,-40.030671,60
-72.560929,-40.0306185,60
-72.5610455,-40.0305693,60
-72.5611308,-40.0305112,60
-72.5611751,-40.0304316,60
-72.5611951,-40.0303567,60
-72.5611939,-40.0303091,60
-72.5611574,-40.0302893,60
-72.5611109,-40.0302966,60
-72.561054,-40.0303164,60
-72.560983,-40.0303435,60
-72.560884,-40.0303815,60
-72.5607686,-40.0304256,60
-72.560653,-40.0304685,60
-72.5605152,-40.0305207,60
-72.5603721,-40.0305732,60
-72.5602443,-40.0306199,60
-72.5601042,-40.0306723,60
-72.559964,-40.0307241,60
-72.5598243,-40.0307769,60
-72.5596988,-40.030824,60
-72.5595594,-40.0308765,60
-72.5594191,-40.0309288,60
-72.5592934,-40.0309762,60
-72.5591529,-40.0310282,60
-72.5590124,-40.0310808,60
-72.558887,-40.0311283,60
-72.5587464,-40.0311807,60
-72.5586061,-40.0312325,60
-72.5584806,-40.0312797,60
-72.5583412,-40.0313319,60
-72.5582011,-40.0313843,60
-72.5580748,-40.031432,60
-72.5579347,-40.0314841,60
-72.5578086,-40.0315308,60
-72.5576682,-40.0315833,60
-72.5575277,-40.0316353,60
-72.5573874,-40.0316875,60
-72.5572609,-40.031735,60
-72.5571211,-40.0317869,60
-72.5569811,-40.03184,60
-72.5568544,-40.0318869,60
-72.5567149,-40.0319378,60
-72.5565878,-40.0319863,60
-72.5564512,-40.032038,60
-72.5563253,-40.0320851,60
-72.5561829,-40.0321382,60
-72.5560546,-40.0321854,60
-72.5559131,-40.0322379,60
-72.5557744,-40.032289,60
-72.5556783,-40.0323197,60
-72.5556187,-40.0323249,60
-72.5555902,-40.0323015,60
-72.5555906,-40.0322607,60
-72.5556048,-40.0322107,60
-72.5556284,-40.0321505,60
-72.555696,-40.0320733,60
-72.5557811,-40.0320284,60
-72.5558921,-40.0319878,60
-72.5560025,-40.0319456,60
-72.5561368,-40.0318949,60
-72.5562795,-40.0318416,60
-72.5564058,-40.0317963,60
-72.5565395,-40.031746,60
-72.5566686,-40.0316977,60
-72.5568112,-40.0316449,60
-72.556944,-40.0315949,60
-72.5570642,-40.0315507,60
-72.5572039,-40.0314976,60
-72.5573452,-40.0314453,60
-72.5574858,-40.0313932,60
-72.5576116,-40.0313459,60
-72.5577515,-40.0312939,60
-72.5578912,-40.031242,60
-72.5580168,-40.0311948,60
-72.5581567,-40.0311429,60
-72.5582969,-40.0310906,60
-72.5584231,-40.0310436,60
-72.5585632,-40.0309913,60
-72.5587042,-40.030939,60
-72.5588301,-40.0308916,60
-72.55897,-40.0308396,60
-72.5591099,-40.0307875,60
-72.5592369,-40.0307406,60
-72.5593779,-40.0306883,60
-72.5595183,-40.0306358,60
-72.5596576,-40.0305835,60
-72.5597841,-40.0305365,60
-72.5599237,-40.0304848,60
-72.5600497,-40.0304366,60
-72.5601896,-40.030384,60
-72.5603153,-40.0303371,60
-72.5604548,-40.0302847,60
-72.5605952,-40.0302319,60
-72.5607357,-40.03018,60
-72.5608618,-40.0301328,60
-72.5610013,-40.0300808,60
-72.5611403,-40.0300276,60
-72.5612482,-40.0299799,60
-72.5613228,-40.0299172,60
-72.5613628,-40.0298352,60
-72.56138,-40.029759,60
-72.5613718,-40.0297241,60
-72.5613293,-40.0297101,60
-72.5612725,-40.0297238,60
-72.5612225,-40.0297429,60
-72.5611377,-40.0297753,60
-72.5610443,-40.0298106,60
-72.5609259,-40.0298553,60
-72.5607956,-40.0299051,60
-72.5606691,-40.0299528,60
-72.5605261,-40.0300054,60
-72.5603849,-40.0300578,60
-72.5602589,-40.0301045,60
-72.5601188,-40.0301571,60
-72.5599798,-40.0302093,60
-72.5598542,-40.0302562,60
-72.5597146,-40.0303086,60
-72.5595744,-40.0303608,60
-72.5594492,-40.0304082,60
-72.5593093,-40.030461,60
-72.5591695,-40.0305128,60
-72.559044,-40.0305602,60
-72.5589037,-40.0306119,60
-72.5587635,-40.0306641,60
-72.5586374,-40.0307115,60
-72.5584963,-40.0307639,60
-72.5583561,-40.0308155,60
-72.5582297,-40.0308624,60
-72.5580894,-40.030915,60
-72.5579484,-40.0309678,60
-72.5578223,-40.0310148,60
-72.5576825,-40.0310673,60
-72.5575421,-40.0311192,60
-72.557402,-40.0311714,60
-72.5572754,-40.0312185,60
-72.5571354,-40.0312701,60
-72.5569956,-40.031323,60
-72.5568694,-40.0313707,60
-72.5567302,-40.0314222,60
-72.5566077,-40.0314682,60
-72.5564672,-40.0315202,60
-72.5563253,-40.0315733,60
-72.5561978,-40.031621,60
-72.5560575,-40.0316725,60
-72.5559266,-40.0317212,60
-72.5558424,-40.0317461,60
-72.5557912,-40.0317469,60
-72.555766,-40.0317154,60
-72.5557695,-40.031677,60
-72.5557851,-40.0316248,60
-72.5558167,-40.0315554,60
-72.555876,-40.0314936,60
-72.555972,-40.0314457,60
-72.5560852,-40.0314043,60
-72.5561978,-40.0313623,60
-72.5563351,-40.031311,60
-72.5564638,-40.0312628,60
-72.5566062,-40.0312109,60
-72.5567477,-40.0311584,60
-72.556888,-40.0311065,60
-72.5570141,-40.0310592,60
-72.5571554,-40.0310062,60
-72.5572968,-40.030954,60
-72.5574224,-40.0309068,60
-72.5575629,-40.0308547,60
-72.557703,-40.0308022,60
-72.5578293,-40.0307549,60
-72.5579678,-40.0307025,60
-72.5581074,-40.0306499,60
-72.5582481,-40.0305977,60
-72.5583744,-40.0305504,60
-72.5585155,-40.0304985,60
-72.5586409,-40.0304514,60
-72.5587806,-40.0303987,60
-72.5589209,-40.0303474,60
-72.5590598,-40.0302952,60
-72.5591869,-40.030248,60
-72.559327,-40.0301957,60
-72.5594528,-40.0301485,60
-72.5595939,-40.0300959,60
-72.5597338,-40.0300435,60
-72.5598599,-40.0299966,60
-72.5599995,-40.029944,60
-72.5601392,-40.0298919,60
-72.5602648,-40.0298445,60
-72.5604058,-40.0297923,60
-72.5605456,-40.0297401,60
-72.5606862,-40.0296879,60
-72.5608123,-40.029641,60
-72.560952,-40.0295885,60
-72.5610921,-40.0295362,60
-72.5612177,-40.0294895,60
-72.5613545,-40.0294369,60
-72.5614413,-40.0293949,60
-72.5614848,-40.0293399,60
-72.5614901,-40.029273,60
-72.5614748,-40.0292147,60
-72.5614396,-40.0291802,60
-72.5613827,-40.0291759,60
-72.5613279,-40.0291929,60
-72.5612525,-40.0292206,60
-72.561156,-40.0292577,60
-72.5610422,-40.0293013,60
-72.5609148,-40.0293498,60
-72.5607905,-40.0293964,60
-72.5606478,-40.0294493,60
-72.5605065,-40.0295016,60
-72.5603801,-40.0295487,60
-72.5602406,-40.0296006,60
-72.5601156,-40.029648,60
-72.559976,-40.0297006,60
-72.5598358,-40.0297531,60
-72.5596957,-40.0298051,60
-72.5595697,-40.0298526,60
-72.5594295,-40.0299048,60
-72.5593032,-40.0299522,60
-72.5591639,-40.0300045,60
-72.5590378,-40.0300516,60
-72.5588969,-40.0301037,60
-72.5587566,-40.030156,60
-72.5586171,-40.0302079,60
-72.5584766,-40.0302595,60
-72.5583498,-40.0303069,60
-72.55821,-40.0303588,60
-72.55807,-40.0304111,60
-72.5579439,-40.0304577,60
-72.5578181,-40.030505,60
-72.557678,-40.0305581,60
-72.5575384,-40.0306101,60
-72.5573979,-40.0306623,60
-72.5572722,-40.0307095,60
-72.5571322,-40.0307618,60
-72.5569931,-40.0308141,60
-72.5568537,-40.0308667,60
-72.5567346,-40.0309113,60
-72.5565965,-40.0309639,60
-72.5564738,-40.0310091,60
-72.5563334,-40.0310623,60
-72.5561881,-40.0311159,60
-72.5560616,-40.0311586,60
-72.5559948,-40.0311731,60
-72.5559526,-40.0311593,60
-72.5559422,-40.031126,60
-72.5559526,-40.0310813,60
-72.5559724,-40.0310218,60
-72.5560109,-40.0309565,60
-72.5560894,-40.0308938,60
-72.5561948,-40.0308531,60
-72.5563125,-40.0308093,60
-72.5564298,-40.0307642,60
-72.5565711,-40.0307122,60
-72.5567146,-40.0306593,60
-72.5568422,-40.0306125,60
-72.5569831,-40.0305598,60
-72.5571106,-40.0305131,60
-72.5572507,-40.0304606,60
-72.5573903,-40.0304086,60
-72.5575149,-40.0303611,60
-72.5576543,-40.030309,60
-72.5577957,-40.0302571,60
-72.5579362,-40.0302045,60
-72.5580619,-40.0301571,60
-72.5582019,-40.0301048,60
-72.5583423,-40.0300529,60
-72.5584681,-40.0300057,60
-72.5586084,-40.0299534,60
-72.5587484,-40.0299007,60
-72.558874,-40.0298541,60
-72.5590134,-40.0298017,60
-72.5591543,-40.0297497,60
-72.5592943,-40.0296973,60
-72.5594214,-40.0296494,60
-72.5595475,-40.0296027,60
-72.5597018,-40.0295446,60
-72.5598281,-40.0294982,60
-72.5599687,-40.0294456,60
-72.5601092,-40.0293931,60
-72.5602341,-40.0293461,60
-72.5603552,-40.0293007,60
-72.5604946,-40.0292474,60
-72.5606373,-40.0291949,60
-72.5607767,-40.0291431,60
-72.560903,-40.0290958,60
-72.5610465,-40.0290429,60
-72.5611827,-40.0289913,60
-72.5612637,-40.0289523,60
-72.5613004,-40.0289092,60
-72.5612914,-40.0288554,60
-72.561262,-40.0288076,60
-72.5612109,-40.0287661,60
-72.5611439,-40.0287584,60
-72.5610831,-40.0287748,60
-72.561004,-40.028804,60
-72.5609049,-40.0288419,60
-72.5608012,-40.028881,60
-72.5606736,-40.0289295,60
-72.5605365,-40.028981,60
-72.5603927,-40.0290338,60
-72.5602639,-40.0290819,60
-72.5601236,-40.0291343,60
-72.5599835,-40.0291865,60
-72.5598438,-40.0292389,60
-72.5597169,-40.0292863,60
-72.5595769,-40.0293383,60
-72.5594367,-40.0293906,60
-72.5593105,-40.0294374,60
-72.5591705,-40.02949,60
-72.5590456,-40.0295362,60
-72.5588913,-40.0295941,60
-72.5587665,-40.0296413,60
-72.5586407,-40.0296889,60
-72.5585007,-40.0297407,60
-72.5583606,-40.0297927,60
-72.5582329,-40.0298402,60
-72.5580927,-40.029893,60
-72.5579528,-40.0299454,60
-72.5578271,-40.0299923,60
-72.5576861,-40.0300452,60
-72.5575458,-40.0300977,60
-72.5574206,-40.030144,60
-72.5572804,-40.0301967,60
-72.5571406,-40.0302486,60
-72.557001,-40.0303007,60
-72.556875,-40.030348,60
-72.556741,-40.0303982,60
-72.5566013,-40.0304508,60
-72.5564725,-40.0304994,60
-72.5563295,-40.0305512,60
-72.5562257,-40.030586,60
-72.5561548,-40.0305967,60
-72.5561221,-40.0305719,60
-72.5561227,-40.0305306,60
-72.5561367,-40.0304813,60
-72.5561606,-40.030421,60
-72.5562183,-40.0303503,60
-72.5563004,-40.0303025,60
-72.5564097,-40.0302622,60
-72.5565337,-40.0302156,60
-72.5566539,-40.0301701,60
-72.556797,-40.0301177,60
-72.5569392,-40.0300654,60
-72.5570663,-40.0300183,60
-72.5572061,-40.0299656,60
-72.557334,-40.029918,60
-72.5574748,-40.0298661,60
-72.5576151,-40.0298138,60
-72.5577401,-40.0297666,60
-72.5578791,-40.0297139,60
-72.5580194,-40.0296622,60
-72.5581446,-40.0296162,60
-72.5582851,-40.0295633,60
-72.558425,-40.0295108,60
</coordinates></LineString>
</Placemark>
<Placemark>
<name>DJI_202603240949_001_LONCOPAN002_Timestamp.MRK</name>
<description>Equipo: M3E | Fecha: 24-03-2026 | Puntos: 494</description>
<styleUrl>#m3e</styleUrl>
<LineString><altitudeMode>relativeToGround</altitudeMode><coordinates>
-72.5585181,-40.029476,60
-72.5585519,-40.0294629,60
-72.5586074,-40.0294422,60
-72.5586928,-40.0294107,60
-72.558798,-40.029371,60
-72.558918,-40.0293263,60
-72.5590367,-40.0292812,60
-72.5591765,-40.0292288,60
-72.5593051,-40.0291821,60
-72.5594477,-40.0291295,60
-72.5595866,-40.0290775,60
-72.5597135,-40.0290303,60
-72.5598528,-40.0289784,60
-72.5599941,-40.0289261,60
-72.5601183,-40.0288791,60
-72.5602586,-40.0288269,60
-72.5603994,-40.0287738,60
-72.5605245,-40.0287273,60
-72.5606646,-40.0286745,60
-72.560807,-40.0286221,60
-72.5609268,-40.0285761,60
-72.5610133,-40.0285326,60
-72.5610416,-40.0284856,60
-72.5610279,-40.0284329,60
-72.5609949,-40.0283847,60
-72.5609424,-40.0283486,60
-72.5608746,-40.0283457,60
-72.5608126,-40.028364,60
-72.5607311,-40.0283946,60
-72.5606289,-40.0284338,60
-72.5605231,-40.0284738,60
-72.5603931,-40.0285228,60
-72.5602541,-40.0285756,60
-72.5601263,-40.0286228,60
-72.5599833,-40.0286756,60
-72.5598579,-40.028722,60
-72.559718,-40.0287741,60
-72.5595788,-40.0288265,60
-72.5594528,-40.0288737,60
-72.5593131,-40.0289262,60
-72.559172,-40.0289783,60
-72.559034,-40.0290302,60
-72.5589067,-40.0290782,60
-72.5587674,-40.0291305,60
-72.5586259,-40.0291831,60
-72.5585008,-40.0292297,60
-72.5583602,-40.029282,60
-72.5582202,-40.0293344,60
-72.5580927,-40.0293822,60
-72.5579539,-40.0294338,60
-72.5578131,-40.0294862,60
-72.557688,-40.0295328,60
-72.5575471,-40.0295858,60
-72.5574069,-40.0296377,60
-72.5572834,-40.0296842,60
-72.5571671,-40.0297272,60
-72.5570426,-40.0297763,60
-72.5569156,-40.0298239,60
-72.55678,-40.0298734,60
-72.5566404,-40.0299264,60
-72.5564959,-40.0299795,60
-72.5563903,-40.0300138,60
-72.5563267,-40.0300229,60
-72.5562912,-40.0299996,60
-72.5562859,-40.0299632,60
-72.556296,-40.0299156,60
-72.5563188,-40.02985,60
-72.5563681,-40.0297857,60
-72.5564556,-40.0297332,60
-72.5565646,-40.029694,60
-72.5566748,-40.0296524,60
-72.5568077,-40.0296019,60
-72.5569475,-40.0295502,60
-72.5570765,-40.0295031,60
-72.5572187,-40.0294509,60
-72.5573606,-40.0293971,60
-72.5574859,-40.0293509,60
-72.5576264,-40.0292986,60
-72.5577802,-40.0292409,60
-72.5578921,-40.029199,60
-72.5580321,-40.029147,60
-72.5581722,-40.0290951,60
-72.5582999,-40.0290477,60
-72.5584396,-40.0289953,60
-72.558566,-40.0289478,60
-72.5587062,-40.0288958,60
-72.5588459,-40.0288434,60
-72.5589862,-40.0287911,60
-72.5591122,-40.028744,60
-72.559252,-40.0286922,60
-72.559393,-40.0286393,60
-72.559519,-40.028592,60
-72.5596574,-40.0285404,60
-72.5597983,-40.0284877,60
-72.5599259,-40.02844,60
-72.5600656,-40.028388,60
-72.5602043,-40.0283364,60
-72.5603304,-40.028289,60
-72.5604697,-40.0282371,60
-72.5606116,-40.0281843,60
-72.5607141,-40.0281414,60
-72.5607706,-40.0281017,60
-72.5607811,-40.0280503,60
-72.5607585,-40.0280025,60
-72.5607136,-40.0279518,60
-72.5606539,-40.0279293,60
-72.560592,-40.0279374,60
-72.5605214,-40.0279622,60
-72.5604309,-40.0279964,60
-72.5603334,-40.0280342,60
-72.5602106,-40.0280808,60
-72.5600772,-40.0281311,60
-72.5599398,-40.0281827,60
-72.5598107,-40.0282312,60
-72.5596809,-40.0282783,60
-72.5595249,-40.0283358,60
-72.559399,-40.0283828,60
-72.559259,-40.0284349,60
-72.559133,-40.0284822,60
-72.5589944,-40.0285341,60
-72.5588546,-40.0285864,60
-72.5587279,-40.0286334,60
-72.5585884,-40.0286865,60
-72.5584487,-40.0287391,60
-72.5583226,-40.028786,60
-72.5581837,-40.0288374,60
-72.5580416,-40.0288906,60
-72.5579166,-40.0289372,60
-72.5577773,-40.0289894,60
-72.5576476,-40.0290385,60
-72.5575237,-40.0290857,60
-72.5573682,-40.0291434,60
-72.5572428,-40.0291889,60
-72.5571084,-40.0292405,60
-72.5569804,-40.0292872,60
-72.5568419,-40.0293386,60
-72.5567164,-40.0293862,60
-72.5565811,-40.0294349,60
-72.5564947,-40.0294572,60
-72.556452,-40.0294518,60
-72.5564303,-40.0294176,60
-72.5564349,-40.0293731,60
-72.5564487,-40.0293219,60
-72.5564855,-40.0292509,60
-72.5565603,-40.0291885,60
-72.5566498,-40.0291504,60
-72.5567648,-40.0291084,60
-72.5568922,-40.0290604,60
-72.5570307,-40.0290087,60
-72.5571728,-40.0289562,60
-72.5573014,-40.028909,60
-72.5574441,-40.0288558,60
-72.5575703,-40.0288089,60
-72.5577109,-40.0287562,60
-72.5578526,-40.0287041,60
-72.5579781,-40.0286564,60
-72.5581166,-40.0286049,60
-72.5582565,-40.0285529,60
-72.5583841,-40.0285055,60
-72.5585222,-40.0284537,60
-72.5586624,-40.0284018,60
-72.5587886,-40.0283544,60
-72.5589296,-40.0283018,60
-72.5590702,-40.0282494,60
-72.5591964,-40.0282025,60
-72.5593346,-40.0281501,60
-72.5594765,-40.028098,60
-72.5596156,-40.0280458,60
-72.5597424,-40.0279988,60
-72.5598722,-40.0279505,60
-72.5599935,-40.027904,60
-72.5601337,-40.0278519,60
-72.5602739,-40.0277997,60
-72.56041,-40.0277474,60
-72.560488,-40.027709,60
-72.5605216,-40.0276646,60
-72.5605137,-40.0276162,60
-72.56048,-40.0275628,60
-72.5604346,-40.0275259,60
-72.5603686,-40.0275164,60
-72.5602999,-40.027535,60
-72.5602204,-40.0275638,60
-72.5601315,-40.0275977,60
-72.5600157,-40.027642,60
-72.5598853,-40.0276916,60
-72.5597619,-40.0277387,60
-72.5596192,-40.0277909,60
-72.5594757,-40.027844,60
-72.5593495,-40.0278913,60
-72.559183,-40.027953,60
-72.5590712,-40.0279945,60
-72.5589441,-40.0280428,60
-72.5588064,-40.028094,60
-72.558665,-40.028147,60
-72.5585311,-40.0281973,60
-72.5583955,-40.0282484,60
-72.5582567,-40.0283002,60
-72.558114,-40.0283533,60
-72.5579893,-40.0283994,60
-72.5578616,-40.0284477,60
-72.5577231,-40.028499,60
-72.557597,-40.0285466,60
-72.5574559,-40.0285991,60
-72.5573164,-40.0286514,60
-72.5571934,-40.0286968,60
-72.5570547,-40.0287491,60
-72.5569134,-40.0288025,60
-72.5567853,-40.0288493,60
-72.5566711,-40.0288864,60
-72.5566076,-40.0288915,60
-72.5565773,-40.0288635,60
-72.5565763,-40.0288254,60
-72.5565881,-40.0287741,60
-72.556612,-40.0287132,60
-72.5566716,-40.0286437,60
-72.5567655,-40.0285967,60
-72.5568668,-40.0285603,60
-72.5569897,-40.0285139,60
-72.5571249,-40.028463,60
-72.5572533,-40.0284154,60
-72.5573954,-40.028363,60
-72.5575379,-40.0283107,60
-72.557665,-40.0282634,60
-72.5578203,-40.0282052,60
-72.5579469,-40.0281579,60
-72.5580867,-40.0281059,60
-72.5582123,-40.028059,60
-72.558352,-40.0280067,60
-72.5584782,-40.02796,60
-72.558618,-40.0279075,60
-72.5587575,-40.0278552,60
-72.5588843,-40.0278082,60
-72.5590243,-40.0277559,60
-72.5591643,-40.0277034,60
-72.5592909,-40.0276562,60
-72.5594288,-40.0276043,60
-72.5595428,-40.0275622,60
-72.5596516,-40.0275217,60
-72.5597821,-40.0274723,60
-72.5599221,-40.0274193,60
-72.5600506,-40.0273719,60
-72.5601784,-40.0273218,60
-72.5602466,-40.0272812,60
-72.5602624,-40.0272367,60
-72.5602436,-40.0271835,60
-72.5602022,-40.0271312,60
-72.5601513,-40.027106,60
-72.560084,-40.027108,60
-72.560014,-40.0271313,60
-72.5599267,-40.0271641,60
-72.5598313,-40.0272007,60
-72.5597111,-40.0272463,60
-72.5595782,-40.0272965,60
-72.5594505,-40.0273447,60
-72.5593078,-40.0273968,60
-72.5591807,-40.0274442,60
-72.5590404,-40.0274963,60
-72.5589014,-40.0275481,60
-72.5587618,-40.0276005,60
-72.5586357,-40.0276475,60
-72.5584965,-40.0276998,60
-72.5583562,-40.0277522,60
-72.5582304,-40.0277989,60
-72.5580896,-40.0278514,60
-72.5579635,-40.0278983,60
-72.5578239,-40.0279504,60
-72.5576832,-40.0280029,60
-72.5575431,-40.0280554,60
-72.5574178,-40.0281022,60
-72.5572772,-40.0281551,60
-72.5571367,-40.0282072,60
-72.5570116,-40.028254,60
-72.5568802,-40.0283026,60
-72.5567899,-40.0283277,60
-72.5567465,-40.0283257,60
-72.5567185,-40.0282956,60
-72.5567216,-40.0282515,60
-72.5567334,-40.0282032,60
-72.5567655,-40.0281333,60
-72.5568345,-40.0280673,60
-72.5569221,-40.0280279,60
-72.557035,-40.0279867,60
-72.5571611,-40.027939,60
-72.5572819,-40.0278934,60
-72.5574242,-40.0278409,60
-72.5575671,-40.0277884,60
-72.5576945,-40.0277417,60
-72.5578351,-40.0276891,60
-72.5579759,-40.0276367,60
-72.5581017,-40.0275895,60
-72.5582412,-40.0275368,60
-72.558381,-40.0274842,60
-72.5585062,-40.0274374,60
-72.5586438,-40.0273868,60
-72.5587831,-40.0273341,60
-72.5589213,-40.0272828,60
-72.5590434,-40.0272377,60
-72.5591618,-40.0271922,60
-72.5593012,-40.0271398,60
-72.559439,-40.0270892,60
-72.559567,-40.0270412,60
-72.5596956,-40.0269943,60
-72.5598356,-40.0269418,60
-72.5599456,-40.0268948,60
-72.5599929,-40.0268591,60
-72.5600004,-40.0268075,60
-72.5599737,-40.0267537,60
-72.5599323,-40.0267087,60
-72.559871,-40.0266885,60
-72.5598019,-40.0266998,60
-72.5597289,-40.0267264,60
-72.5596345,-40.0267625,60
-72.5595338,-40.0268009,60
-72.5594088,-40.0268478,60
-72.5592873,-40.0268934,60
-72.559145,-40.026947,60
-72.5590168,-40.0269943,60
-72.5588759,-40.0270469,60
-72.558736,-40.0270995,60
-72.5586099,-40.0271463,60
-72.5584705,-40.0271984,60
-72.5583313,-40.0272505,60
-72.5582121,-40.0272949,60
-72.5580949,-40.0273391,60
-72.5579645,-40.0273893,60
-72.5578391,-40.0274368,60
-72.5577112,-40.027482,60
-72.5575891,-40.0275287,60
-72.5574683,-40.0275738,60
-72.5573129,-40.0276323,60
-72.5571921,-40.0276764,60
-72.5570567,-40.0277264,60
-72.5569565,-40.0277591,60
-72.5568904,-40.0277643,60
-72.5568621,-40.0277347,60
-72.5568635,-40.027696,60
-72.5568759,-40.0276446,60
-72.5569039,-40.0275769,60
-72.5569616,-40.0275152,60
-72.5570527,-40.0274659,60
-72.5571549,-40.0274306,60
-72.557278,-40.0273851,60
-72.557414,-40.0273341,60
-72.5575407,-40.0272864,60
-72.5576721,-40.0272392,60
-72.5578089,-40.0271868,60
-72.557927,-40.0271432,60
-72.5580536,-40.0270967,60
-72.5582055,-40.0270387,60
-72.5583333,-40.026992,60
-72.5584752,-40.0269399,60
-72.5586151,-40.0268873,60
-72.5587409,-40.0268405,60
-72.5588727,-40.0267912,60
-72.5590124,-40.0267383,60
-72.5591397,-40.0266912,60
-72.5592802,-40.0266389,60
-72.5594066,-40.0265917,60
-72.5595464,-40.0265399,60
-72.5596673,-40.0264909,60
-72.5597254,-40.0264565,60
-72.5597433,-40.0264078,60
-72.5597228,-40.0263548,60
-72.5596855,-40.0263069,60
-72.5596298,-40.0262778,60
-72.5595611,-40.0262814,60
-72.5594911,-40.0263051,60
-72.5594127,-40.0263343,60
-72.5593067,-40.026375,60
-72.5591991,-40.0264156,60
-72.5590675,-40.0264655,60
-72.5589263,-40.0265185,60
-72.5587976,-40.0265662,60
-72.5586559,-40.0266186,60
-72.5585162,-40.0266706,60
-72.5583765,-40.0267228,60
-72.5582508,-40.0267695,60
-72.5581174,-40.0268199,60
-72.5579946,-40.0268667,60
-72.5578644,-40.0269153,60
-72.557727,-40.0269679,60
-72.5576019,-40.0270141,60
-72.5574636,-40.0270665,60
-72.5573105,-40.0271234,60
-72.5571806,-40.0271702,60
-72.5570898,-40.0271959,60
-72.5570363,-40.0271979,60
-72.5570089,-40.0271725,60
-72.5570083,-40.0271299,60
-72.5570205,-40.0270778,60
-72.5570504,-40.0270088,60
-72.5571099,-40.0269486,60
-72.5572048,-40.0269019,60
-72.5573161,-40.026861,60
-72.5574262,-40.026819,60
-72.5575625,-40.0267676,60
-72.5577051,-40.026715,60
-72.5578339,-40.0266673,60
-72.5579755,-40.0266149,60
-72.5581158,-40.0265624,60
-72.5582414,-40.0265161,60
-72.5583701,-40.0264683,60
-72.5585083,-40.0264153,60
-72.558636,-40.0263685,60
-72.5587771,-40.0263164,60
-72.5589179,-40.0262639,60
-72.5590436,-40.0262169,60
-72.5591832,-40.0261647,60
-72.559323,-40.0261121,60
-72.5594294,-40.0260665,60
-72.5594739,-40.0260315,60
-72.5594807,-40.0259801,60
-72.5594573,-40.025932,60
-72.5594124,-40.0258824,60
-72.559351,-40.0258617,60
-72.5592895,-40.025871,60
-72.5592173,-40.0258965,60
-72.5591253,-40.0259315,60
-72.5590148,-40.0259732,60
-72.5589033,-40.0260159,60
-72.5587685,-40.0260668,60
-72.5586406,-40.0261142,60
-72.5584977,-40.0261669,60
-72.5583567,-40.026219,60
-72.5582167,-40.0262714,60
-72.5580908,-40.0263184,60
-72.5579503,-40.0263709,60
-72.5578253,-40.026418,60
-72.5576858,-40.02647,60
-72.5575478,-40.026522,60
-72.5574227,-40.0265694,60
-72.5572951,-40.026615,60
-72.5572154,-40.0266367,60
-72.5571697,-40.0266282,60
-72.5571505,-40.026597,60
-72.5571552,-40.0265526,60
-72.5571685,-40.026502,60
-72.5572039,-40.0264319,60
-72.5572776,-40.0263686,60
-72.5573788,-40.0263269,60
-72.5574814,-40.0262891,60
-72.5576079,-40.0262407,60
-72.5577322,-40.0261939,60
-72.5578744,-40.0261413,60
-72.5580172,-40.026089,60
-72.558144,-40.0260422,60
-72.5582846,-40.0259896,60
-72.558425,-40.0259375,60
-72.5585505,-40.0258903,60
-72.5586908,-40.0258385,60
-72.5588309,-40.0257864,60
-72.5589711,-40.025734,60
-72.559094,-40.0256871,60
-72.5591862,-40.0256435,60
-72.5592195,-40.0256056,60
-72.5592159,-40.0255522,60
-72.5591844,-40.0254987,60
-72.559134,-40.0254578,60
-72.5590745,-40.0254488,60
-72.5590063,-40.0254655,60
-72.5589375,-40.0254905,60
-72.5588406,-40.0255277,60
-72.5587266,-40.0255707,60
-72.5585998,-40.0256183,60
-72.5584756,-40.0256663,60
-72.5583326,-40.0257186,60
-72.5581901,-40.0257707,60
-72.5580634,-40.0258182,60
-72.5579228,-40.0258707,60
-72.5577831,-40.0259231,60
-72.5576574,-40.0259701,60
-72.5575186,-40.0260216,60
-72.5574214,-40.0260555,60
-72.5573701,-40.0260664,60
-72.5573567,-40.0260582,60
-72.5573744,-40.0260381,60
-72.5574077,-40.026013,60
-72.5574678,-40.0259702,60
-72.5575456,-40.0259151,60
-72.5576382,-40.0258494,60
-72.5577309,-40.0257831,60
-72.5578426,-40.0257032,60
-72.5579478,-40.0256309,60
-72.5580745,-40.0255608,60
-72.5582119,-40.0255062,60
-72.5583358,-40.0254588,60
-72.5584786,-40.0254058,60
-72.5586208,-40.0253534,60
-72.5587467,-40.0253062,60
-72.5588779,-40.0252569,60
-72.5589558,-40.0252287,60
-72.5589851,-40.0252178,60
-72.5589997,-40.0252121,60
-72.5590036,-40.0252111,60
</coordinates></LineString>
</Placemark>
<Placemark>
<name>DJI_202603241015_002_LONCOPAN001_Timestamp.MRK</name>
<description>Equipo: M3E | Fecha: 24-03-2026 | Puntos: 1506</description>
<styleUrl>#m3e</styleUrl>
<LineString><altitudeMode>relativeToGround</altitudeMode><coordinates>
-72.536835,-40.0266787,60
-72.5368234,-40.0266557,60
-72.536801,-40.0266145,60
-72.5367676,-40.0265483,60
-72.5367258,-40.0264661,60
-72.5366832,-40.0263812,60
-72.5366312,-40.0262785,60
-72.5365736,-40.02617,60
-72.5365025,-40.0260759,60
-72.5364022,-40.0259841,60
-72.5362966,-40.0258978,60
-72.5361887,-40.0258126,60
-72.5361089,-40.0257551,60
-72.5360613,-40.0257366,60
-72.5360473,-40.0257504,60
-72.5360612,-40.0257791,60
-72.5360842,-40.0258254,60
-72.5361136,-40.0258837,60
-72.5361554,-40.0259638,60
-72.5362024,-40.0260575,60
-72.5362493,-40.0261507,60
-72.5363046,-40.0262609,60
-72.5363604,-40.0263746,60
-72.5364107,-40.0264756,60
-72.5364663,-40.0265858,60
-72.5365222,-40.0266958,60
-72.5365722,-40.0267952,60
-72.5366248,-40.0269038,60
-72.5366556,-40.0269862,60
-72.5366501,-40.0270376,60
-72.5365992,-40.0270839,60
-72.5365294,-40.0271186,60
-72.536472,-40.0271305,60
-72.5364192,-40.0271088,60
-72.536387,-40.0270656,60
-72.5363614,-40.0270141,60
-72.5363233,-40.0269391,60
-72.5362788,-40.0268512,60
-72.5362333,-40.0267621,60
-72.5361788,-40.0266546,60
-72.5361242,-40.0265428,60
-72.5360774,-40.0264493,60
-72.5360207,-40.0263404,60
-72.535963,-40.0262244,60
-72.5359122,-40.0261217,60
-72.5358572,-40.0260101,60
-72.5358024,-40.0259026,60
-72.5357515,-40.0258016,60
-72.5356963,-40.0256882,60
-72.5356398,-40.0255763,60
-72.5355883,-40.0254743,60
-72.5355321,-40.0253633,60
-72.535463,-40.0252571,60
-72.5353817,-40.0251732,60
-72.5352777,-40.0250872,60
-72.5351698,-40.0250016,60
-72.5350798,-40.0249325,60
-72.5350091,-40.0248883,60
-72.5349657,-40.024872,60
-72.5349621,-40.0248909,60
-72.5349861,-40.024917,60
-72.5350054,-40.024951,60
-72.5350303,-40.0249995,60
-72.5350664,-40.025071,60
-72.5351104,-40.0251578,60
-72.5351599,-40.025256,60
-72.5352096,-40.0253546,60
-72.5352652,-40.0254686,60
-72.5353152,-40.0255691,60
-72.5353704,-40.0256795,60
-72.5354228,-40.0257846,60
-72.5354784,-40.025893,60
-72.5355257,-40.0259908,60
-72.5355824,-40.026102,60
-72.5356302,-40.0261973,60
-72.5356863,-40.0263084,60
-72.5357418,-40.0264212,60
-72.5357932,-40.026524,60
-72.5358235,-40.0265858,60
-72.5358556,-40.0266491,60
-72.5358931,-40.0267206,60
-72.5359377,-40.0268082,60
-72.5359899,-40.0269102,60
-72.5360452,-40.0270207,60
-72.5360959,-40.0271215,60
-72.536137,-40.0272191,60
-72.5361434,-40.0272839,60
-72.5361061,-40.0273289,60
-72.5360407,-40.0273659,60
-72.5359716,-40.0273884,60
-72.5359205,-40.0273771,60
-72.5358843,-40.0273382,60
-72.5358559,-40.027288,60
-72.5358171,-40.0272129,60
-72.5357719,-40.0271224,60
-72.5357206,-40.0270218,60
-72.5356719,-40.0269233,60
-72.5356158,-40.0268093,60
-72.5355592,-40.0266966,60
-72.5355089,-40.0265968,60
-72.5354526,-40.0264849,60
-72.535397,-40.0263743,60
-72.5353468,-40.0262747,60
-72.5352918,-40.0261649,60
-72.5352394,-40.0260604,60
-72.5351921,-40.0259684,60
-72.5351507,-40.0258849,60
-72.5351201,-40.0258231,60
-72.5350894,-40.0257625,60
-72.5350472,-40.0256806,60
-72.5350009,-40.0255871,60
-72.534954,-40.0254957,60
-72.5349029,-40.0253909,60
-72.5348477,-40.0252811,60
-72.5347984,-40.0251818,60
-72.534741,-40.0250677,60
-72.5346859,-40.0249551,60
-72.5346299,-40.0248431,60
-72.5345801,-40.0247444,60
-72.5345246,-40.0246336,60
-72.5344691,-40.0245244,60
-72.5344082,-40.0244268,60
-72.5343236,-40.0243314,60
-72.5342311,-40.0242534,60
-72.5341208,-40.0241676,60
-72.5340217,-40.0240904,60
-72.5339515,-40.0240415,60
-72.5339138,-40.0240302,60
-72.5339124,-40.0240532,60
-72.5339287,-40.0240833,60
-72.5339514,-40.0241293,60
-72.5339853,-40.0241958,60
-72.5340217,-40.0242687,60
-72.5340684,-40.0243597,60
-72.5341186,-40.0244591,60
-72.5341719,-40.0245654,60
-72.5342226,-40.0246664,60
-72.5342786,-40.0247808,60
-72.5343288,-40.0248822,60
-72.5343845,-40.0249938,60
-72.5344402,-40.0251048,60
-72.5344908,-40.0252053,60
-72.5345457,-40.0253154,60
-72.5346002,-40.025424,60
-72.5346555,-40.025534,60
-72.5347055,-40.0256339,60
-72.5347606,-40.0257444,60
-72.5348162,-40.0258552,60
-72.5348664,-40.0259551,60
-72.5349222,-40.0260664,60
-72.5349779,-40.0261765,60
-72.5350275,-40.0262767,60
-72.5350828,-40.0263872,60
-72.5351382,-40.0264983,60
-72.5351886,-40.0265989,60
-72.5352443,-40.0267094,60
-72.5352977,-40.0268175,60
-72.5353479,-40.0269166,60
-72.535404,-40.0270281,60
-72.535453,-40.0271273,60
-72.5355021,-40.0272249,60
-72.53555,-40.0273196,60
-72.5356014,-40.0274229,60
-72.535631,-40.0275002,60
-72.5356199,-40.0275579,60
-72.5355751,-40.0276,60
-72.5355039,-40.0276344,60
-72.5354407,-40.0276453,60
-72.5353935,-40.0276247,60
-72.535362,-40.0275806,60
-72.535332,-40.0275229,60
-72.5352979,-40.0274555,60
-72.5352527,-40.0273663,60
-72.5352019,-40.0272653,60
-72.5351467,-40.0271568,60
-72.5350968,-40.0270554,60
-72.5350411,-40.0269433,60
-72.5349907,-40.0268425,60
-72.5349339,-40.0267296,60
-72.534879,-40.0266192,60
-72.5348286,-40.0265193,60
-72.5347728,-40.0264089,60
-72.5347177,-40.0262976,60
-72.5346667,-40.0261978,60
-72.5346109,-40.0260862,60
-72.5345551,-40.0259751,60
-72.5345065,-40.0258789,60
-72.5344512,-40.0257697,60
-72.5343945,-40.0256558,60
-72.5343449,-40.0255558,60
-72.5342895,-40.0254438,60
-72.5342335,-40.0253327,60
-72.5341831,-40.0252318,60
-72.5341279,-40.0251214,60
-72.5340714,-40.02501,60
-72.5340164,-40.0248993,60
-72.5339671,-40.0248007,60
-72.5339113,-40.0246899,60
-72.5338634,-40.0245939,60
-72.533807,-40.0244837,60
-72.5337542,-40.0243766,60
-72.5337094,-40.0242855,60
-72.5336619,-40.0241955,60
-72.5336057,-40.0240849,60
-72.533555,-40.0239826,60
-72.5334993,-40.0238694,60
-72.5334433,-40.0237575,60
-72.5333972,-40.023666,60
-72.5333639,-40.0236021,60
-72.5333223,-40.0235459,60
-72.5332787,-40.023502,60
-72.5332099,-40.0234445,60
-72.5331266,-40.0233765,60
-72.5330293,-40.0232994,60
-72.532939,-40.0232304,60
-72.532874,-40.0231917,60
-72.532847,-40.0231942,60
-72.5328538,-40.0232194,60
-72.5328712,-40.0232557,60
-72.5329,-40.0233118,60
-72.5329333,-40.0233775,60
-72.5329773,-40.0234643,60
-72.5330269,-40.0235608,60
-72.5330758,-40.0236579,60
-72.5331267,-40.0237606,60
-72.5331758,-40.0238573,60
-72.5332253,-40.0239599,60
-72.5332629,-40.0240367,60
-72.5333103,-40.0241267,60
-72.5333614,-40.0242269,60
-72.5334112,-40.0243263,60
-72.5334669,-40.0244395,60
-72.5335161,-40.0245376,60
-72.5335675,-40.0246441,60
-72.5336203,-40.024748,60
-72.5336719,-40.0248475,60
-72.5337275,-40.024961,60
-72.5337803,-40.025068,60
-72.5338366,-40.0251784,60
-72.533886,-40.0252789,60
-72.5339411,-40.0253898,60
-72.5339911,-40.0254901,60
-72.5340464,-40.0256009,60
-72.5341016,-40.0257115,60
-72.5341581,-40.0258236,60
-72.5342084,-40.0259233,60
-72.5342629,-40.0260339,60
-72.5343192,-40.0261447,60
-72.5343692,-40.0262449,60
-72.5344249,-40.0263561,60
-72.5344804,-40.0264659,60
-72.53453,-40.0265659,60
-72.5345854,-40.0266769,60
-72.5346404,-40.0267872,60
-72.53469,-40.0268842,60
-72.5347444,-40.0269937,60
-72.5347993,-40.0271049,60
-72.5348544,-40.0272158,60
-72.5349051,-40.0273151,60
-72.5349549,-40.0274147,60
-72.5350098,-40.0275223,60
-72.5350585,-40.0276205,60
-72.5351049,-40.0277192,60
-72.5351203,-40.0277802,60
-72.5350935,-40.0278346,60
-72.535032,-40.0278748,60
-72.5349663,-40.0279001,60
-72.5349075,-40.0278981,60
-72.5348641,-40.0278642,60
-72.5348385,-40.0278194,60
-72.5348061,-40.0277558,60
-72.5347644,-40.0276748,60
-72.5347165,-40.0275795,60
-72.5346684,-40.0274846,60
-72.5346131,-40.0273744,60
-72.534563,-40.0272723,60
-72.5345069,-40.0271607,60
-72.5344505,-40.0270482,60
-72.5343998,-40.026948,60
-72.5343436,-40.026837,60
-72.5342882,-40.0267259,60
-72.5342389,-40.0266272,60
-72.5341837,-40.0265166,60
-72.5341283,-40.0264058,60
-72.5340776,-40.0263061,60
-72.5340222,-40.0261938,60
-72.5339667,-40.0260824,60
-72.5339168,-40.025983,60
-72.5338555,-40.0258609,60
-72.5338057,-40.0257605,60
-72.5337494,-40.0256495,60
-72.5337003,-40.0255488,60
-72.5336444,-40.0254379,60
-72.5335946,-40.0253377,60
-72.5335387,-40.0252274,60
-72.5334828,-40.0251155,60
-72.5334273,-40.0250048,60
-72.533377,-40.0249043,60
-72.5333217,-40.0247931,60
-72.5332671,-40.0246839,60
-72.5332175,-40.0245852,60
-72.5331668,-40.0244824,60
-72.5331207,-40.0243938,60
-72.5330631,-40.0242833,60
-72.5330057,-40.0241666,60
-72.5329486,-40.0240511,60
-72.5328979,-40.0239489,60
-72.5328416,-40.023838,60
-72.5327966,-40.0237461,60
-72.5327522,-40.0236608,60
-72.5327003,-40.0235575,60
-72.5326509,-40.0234594,60
-72.532594,-40.0233456,60
-72.5325426,-40.0232529,60
-72.5324994,-40.0232064,60
-72.5324495,-40.0231999,60
-72.5323905,-40.0232227,60
-72.5323287,-40.0232596,60
-72.5322913,-40.0233086,60
-72.532292,-40.0233693,60
-72.5323185,-40.0234316,60
-72.5323525,-40.0234984,60
-72.5323976,-40.0235869,60
-72.5324484,-40.0236864,60
-72.5324979,-40.0237838,60
-72.5325539,-40.0238973,60
-72.5326091,-40.0240099,60
-72.5326588,-40.0241112,60
-72.5327138,-40.0242226,60
-72.5327635,-40.0243226,60
-72.5328189,-40.0244325,60
-72.5328742,-40.0245431,60
-72.5329297,-40.0246542,60
-72.5329804,-40.0247534,60
-72.5330356,-40.0248639,60
-72.5330908,-40.0249744,60
-72.5331406,-40.0250733,60
-72.5331961,-40.0251844,60
-72.5332515,-40.0252956,60
-72.5333023,-40.0253961,60
-72.5333569,-40.0255071,60
-72.5334124,-40.025618,60
-72.5334627,-40.0257176,60
-72.5335183,-40.0258289,60
-72.5335738,-40.0259397,60
-72.533624,-40.0260394,60
-72.5336797,-40.0261504,60
-72.533735,-40.0262614,60
-72.5337907,-40.0263717,60
-72.5338408,-40.0264717,60
-72.5338969,-40.0265831,60
-72.5339468,-40.0266826,60
-72.5339969,-40.0267822,60
-72.5340445,-40.026876,60
-72.5340919,-40.026968,60
-72.5341479,-40.0270789,60
-72.5342036,-40.0271931,60
-72.5342537,-40.0272946,60
-72.5343085,-40.0274051,60
-72.5343614,-40.0275111,60
-72.5344129,-40.0276113,60
-72.5344667,-40.0277208,60
-72.5345145,-40.0278166,60
-72.5345571,-40.0278997,60
-72.5345991,-40.0279917,60
-72.5346033,-40.0280528,60
-72.5345719,-40.0280999,60
-72.5345069,-40.0281386,60
-72.5344362,-40.0281621,60
-72.5343841,-40.0281517,60
-72.5343453,-40.028113,60
-72.5343172,-40.0280608,60
-72.5342856,-40.0279987,60
-72.5342431,-40.027914,60
-72.534194,-40.027817,60
-72.5341457,-40.0277219,60
-72.5340894,-40.0276101,60
-72.5340338,-40.0274977,60
-72.5339841,-40.0273974,60
-72.5339281,-40.0272857,60
-72.533872,-40.0271743,60
-72.5338159,-40.0270626,60
-72.5337658,-40.0269626,60
-72.5337108,-40.0268514,60
-72.5336552,-40.0267404,60
-72.5336053,-40.02664,60
-72.5335495,-40.0265288,60
-72.533494,-40.0264173,60
-72.5334436,-40.0263169,60
-72.5333875,-40.0262059,60
-72.5333316,-40.0260952,60
-72.5332816,-40.025995,60
-72.5332257,-40.0258835,60
-72.5331702,-40.0257723,60
-72.5331134,-40.0256617,60
-72.5330639,-40.0255614,60
-72.5330081,-40.0254502,60
-72.5329583,-40.0253502,60
-72.5329023,-40.0252393,60
-72.5328497,-40.0251339,60
-72.5327985,-40.0250341,60
-72.5327415,-40.0249203,60
-72.5326856,-40.0248072,60
-72.532635,-40.0247061,60
-72.5325781,-40.0245948,60
-72.5325229,-40.0244827,60
-72.5324667,-40.0243707,60
-72.5324163,-40.0242703,60
-72.5323605,-40.0241587,60
-72.5323052,-40.024047,60
-72.532255,-40.0239471,60
-72.5321993,-40.0238364,60
-72.5321435,-40.0237258,60
-72.5320933,-40.0236261,60
-72.5320408,-40.0235303,60
-72.5320029,-40.023485,60
-72.5319504,-40.02347,60
-72.5318914,-40.0234877,60
-72.5318378,-40.0235163,60
-72.531787,-40.0235674,60
-72.5317815,-40.0236279,60
-72.5318058,-40.0236902,60
-72.5318379,-40.0237541,60
-72.5318816,-40.0238399,60
-72.5319314,-40.0239383,60
-72.5319798,-40.024035,60
-72.5320361,-40.024148,60
-72.5320859,-40.0242499,60
-72.5321418,-40.0243607,60
-72.5321973,-40.0244719,60
-72.5322472,-40.0245721,60
-72.5323026,-40.0246822,60
-72.5323579,-40.0247922,60
-72.5324083,-40.0248919,60
-72.5324631,-40.0250026,60
-72.5325184,-40.0251138,60
-72.532569,-40.0252141,60
-72.5326244,-40.0253252,60
-72.5326798,-40.0254352,60
-72.5327348,-40.0255453,60
-72.5327839,-40.025643,60
-72.5328397,-40.0257541,60
-72.5328948,-40.0258649,60
-72.532945,-40.025964,60
-72.5330007,-40.0260755,60
-72.5330561,-40.0261874,60
-72.533106,-40.0262873,60
-72.5331616,-40.0263977,60
-72.5332175,-40.0265089,60
-72.5332677,-40.0266084,60
-72.5333237,-40.0267188,60
-72.5333782,-40.0268296,60
-72.5334284,-40.0269296,60
-72.5334831,-40.0270394,60
-72.5335336,-40.0271393,60
-72.5335821,-40.0272335,60
-72.5336375,-40.0273437,60
-72.5336942,-40.0274579,60
-72.5337434,-40.0275593,60
-72.533799,-40.02767,60
-72.5338541,-40.0277792,60
-72.5339045,-40.02788,60
-72.5339604,-40.027992,60
-72.5340163,-40.0281027,60
-72.5340628,-40.0281981,60
-72.534094,-40.0282799,60
-72.5340762,-40.0283364,60
-72.5340299,-40.0283769,60
-72.5339584,-40.028411,60
-72.5338959,-40.0284191,60
-72.5338508,-40.0283946,60
-72.53382,-40.0283486,60
-72.5337894,-40.0282889,60
-72.5337542,-40.028219,60
-72.5337083,-40.0281286,60
-72.5336571,-40.0280282,60
-72.5336075,-40.0279296,60
-72.5335519,-40.0278164,60
-72.5334964,-40.0277037,60
-72.5334462,-40.0276029,60
-72.5333901,-40.027491,60
-72.533334,-40.0273796,60
-72.5332833,-40.0272794,60
-72.5332278,-40.0271685,60
-72.5331723,-40.0270578,60
-72.5331219,-40.0269581,60
-72.5330663,-40.0268465,60
-72.5330103,-40.0267358,60
-72.53296,-40.026635,60
-72.5329041,-40.0265232,60
-72.5328484,-40.0264116,60
-72.5327978,-40.0263115,60
-72.5327421,-40.0262001,60
-72.5326866,-40.026088,60
-72.5326304,-40.0259762,60
-72.5325826,-40.025881,60
-72.5325395,-40.0257952,60
-72.5324988,-40.0257142,60
-72.5324449,-40.02561,60
-72.5323893,-40.0254981,60
-72.5323393,-40.0253953,60
-72.5322819,-40.0252818,60
-72.5322262,-40.0251693,60
-72.532176,-40.0250685,60
-72.5321189,-40.0249565,60
-72.5320627,-40.0248446,60
-72.5320125,-40.0247444,60
-72.5319568,-40.0246334,60
-72.5319014,-40.0245224,60
-72.531851,-40.0244222,60
-72.5317955,-40.0243109,60
-72.5317403,-40.0242001,60
-72.5316908,-40.0241009,60
-72.5316351,-40.0239908,60
-72.5315794,-40.0238785,60
-72.5315273,-40.023788,60
-72.5314872,-40.0237467,60
-72.5314325,-40.0237403,60
-72.5313793,-40.0237604,60
-72.5313175,-40.0237955,60
-72.5312753,-40.0238498,60
-72.5312763,-40.0239045,60
-72.5313032,-40.0239666,60
-72.5313406,-40.0240409,60
-72.5313812,-40.0241198,60
-72.5314312,-40.0242191,60
-72.5314862,-40.0243282,60
-72.5315418,-40.0244418,60
-72.5315914,-40.0245438,60
-72.5316466,-40.0246553,60
-72.5317022,-40.0247661,60
-72.5317526,-40.024866,60
-72.5318082,-40.0249769,60
-72.531858,-40.0250767,60
-72.5319139,-40.0251879,60
-72.5319693,-40.0252984,60
-72.5320241,-40.025409,60
-72.5320734,-40.0255052,60
-72.5321296,-40.0256165,60
-72.5321856,-40.0257292,60
-72.5322361,-40.0258303,60
-72.5322911,-40.0259412,60
-72.5323465,-40.0260512,60
-72.5323963,-40.026149,60
-72.5324528,-40.0262604,60
-72.5325081,-40.0263719,60
-72.5325576,-40.0264719,60
-72.5326128,-40.0265829,60
-72.532669,-40.0266938,60
-72.5327191,-40.0267938,60
-72.532775,-40.0269054,60
-72.5328309,-40.0270158,60
-72.5328804,-40.0271156,60
-72.5329356,-40.0272269,60
-72.5329914,-40.027338,60
-72.5330413,-40.0274376,60
-72.5330973,-40.0275487,60
-72.5331529,-40.0276589,60
-72.5331987,-40.0277501,60
-72.5332449,-40.0278427,60
-72.5332912,-40.027934,60
-72.5333472,-40.0280436,60
-72.5334025,-40.0281563,60
-72.5334583,-40.0282696,60
-72.5335067,-40.0283677,60
-72.5335576,-40.0284728,60
-72.5335823,-40.0285489,60
-72.5335635,-40.0285989,60
-72.5335062,-40.0286417,60
-72.5334333,-40.0286721,60
-72.5333798,-40.0286753,60
-72.5333313,-40.0286455,60
-72.533302,-40.0285974,60
-72.5332734,-40.0285415,60
-72.5332331,-40.0284625,60
-72.5331864,-40.0283692,60
-72.5331399,-40.0282769,60
-72.5330848,-40.0281675,60
-72.5330294,-40.0280554,60
-72.5329794,-40.0279535,60
-72.5329237,-40.0278412,60
-72.5328673,-40.0277291,60
-72.5328164,-40.0276283,60
-72.5327603,-40.0275166,60
-72.5327048,-40.0274052,60
-72.532654,-40.0273046,60
-72.5325977,-40.0271926,60
-72.532542,-40.027081,60
-72.5324919,-40.026982,60
-72.5324362,-40.02687,60
-72.5323812,-40.0267596,60
-72.5323314,-40.0266605,60
-72.5322757,-40.0265495,60
-72.5322206,-40.0264393,60
-72.5321721,-40.0263422,60
-72.5321206,-40.0262408,60
-72.5320759,-40.0261515,60
-72.5320232,-40.0260503,60
-72.5319723,-40.0259497,60
-72.5319173,-40.0258355,60
-72.5318658,-40.0257333,60
-72.5318094,-40.0256205,60
-72.5317529,-40.025508,60
-72.5317029,-40.0254077,60
-72.5316474,-40.0252963,60
-72.5315913,-40.0251855,60
-72.5315416,-40.0250852,60
-72.531486,-40.0249733,60
-72.5314303,-40.0248622,60
-72.5313802,-40.0247624,60
-72.5313252,-40.0246513,60
-72.531269,-40.0245404,60
-72.5312136,-40.0244297,60
-72.5311636,-40.0243295,60
-72.5311081,-40.0242181,60
-72.5310521,-40.0241098,60
-72.5310083,-40.0240415,60
-72.530963,-40.0240091,60
-72.5309036,-40.0240157,60
-72.5308513,-40.0240408,60
-72.5307904,-40.0240836,60
-72.5307658,-40.0241349,60
-72.530778,-40.0241966,60
-72.5308081,-40.0242617,60
-72.5308449,-40.0243334,60
-72.5308918,-40.0244259,60
-72.5309446,-40.024529,60
-72.5309944,-40.0246287,60
-72.5310499,-40.0247422,60
-72.5311056,-40.0248551,60
-72.5311609,-40.0249664,60
-72.5312109,-40.0250657,60
-72.5312667,-40.0251765,60
-72.5313214,-40.0252871,60
-72.5313719,-40.0253872,60
-72.5314273,-40.0254982,60
-72.5314829,-40.0256088,60
-72.531533,-40.0257088,60
-72.5315892,-40.0258193,60
-72.5316386,-40.025918,60
-72.5316933,-40.0260294,60
-72.5317491,-40.0261407,60
-72.5318043,-40.0262506,60
-72.5318549,-40.0263516,60
-72.5319109,-40.0264633,60
-72.5319666,-40.0265735,60
-72.5320167,-40.0266733,60
-72.5320722,-40.0267848,60
-72.5321281,-40.0268968,60
-72.5321785,-40.0269963,60
-72.5322347,-40.0271071,60
-72.5322903,-40.0272177,60
-72.5323406,-40.0273175,60
-72.5323963,-40.0274278,60
-72.5324511,-40.0275389,60
-72.5325005,-40.0276372,60
-72.5325556,-40.0277466,60
-72.5326064,-40.0278481,60
-72.5326613,-40.0279594,60
-72.5327162,-40.0280701,60
-72.5327664,-40.0281698,60
-72.5328225,-40.0282806,60
-72.532877,-40.0283906,60
-72.5329332,-40.0285023,60
-72.5329825,-40.0286008,60
-72.5330326,-40.0287027,60
-72.5330649,-40.0287856,60
-72.5330652,-40.0288348,60
-72.5330278,-40.0288837,60
-72.5329516,-40.02892,60
-72.5328894,-40.0289365,60
-72.532835,-40.0289181,60
-72.5328041,-40.0288798,60
-72.5327754,-40.0288257,60
-72.532739,-40.0287532,60
-72.5326994,-40.0286762,60
-72.5326489,-40.0285764,60
-72.5325945,-40.0284691,60
-72.5325389,-40.0283565,60
-72.532489,-40.0282546,60
-72.5324328,-40.0281422,60
-72.5323767,-40.0280305,60
-72.5323263,-40.027931,60
-72.5322711,-40.0278202,60
-72.5322149,-40.0277089,60
-72.5321647,-40.0276093,60
-72.5321085,-40.0274977,60
-72.5320529,-40.0273867,60
-72.5319977,-40.0272752,60
-72.5319467,-40.0271749,60
-72.5318909,-40.0270641,60
-72.5318408,-40.0269629,60
-72.5317848,-40.0268515,60
-72.5317302,-40.026741,60
-72.5316808,-40.026644,60
-72.5316263,-40.0265352,60
-72.5315827,-40.0264468,60
-72.5315389,-40.0263608,60
-72.5314836,-40.0262538,60
-72.5314277,-40.0261403,60
-72.5313777,-40.0260379,60
-72.5313215,-40.0259254,60
-72.5312648,-40.0258126,60
-72.5312084,-40.0257005,60
-72.5311578,-40.0256,60
-72.5311023,-40.0254878,60
-72.5310515,-40.0253869,60
-72.5309957,-40.0252752,60
-72.5309397,-40.0251643,60
-72.5308889,-40.0250638,60
-72.5308332,-40.0249527,60
-72.5307777,-40.0248416,60
-72.530722,-40.0247304,60
-72.5306719,-40.0246302,60
-72.530616,-40.024519,60
-72.5305663,-40.0244216,60
-72.5305254,-40.02435,60
-72.5305051,-40.0243272,60
-72.5304988,-40.0243335,60
-72.5305041,-40.0243601,60
-72.5305121,-40.0244015,60
-72.530525,-40.0244583,60
-72.5305432,-40.0245376,60
-72.5305643,-40.0246312,60
-72.5305859,-40.0247264,60
-72.5306116,-40.0248416,60
-72.5306383,-40.0249611,60
-72.5306617,-40.0250683,60
-72.5306875,-40.0251856,60
-72.5307145,-40.0253024,60
-72.5307475,-40.0254059,60
-72.5307979,-40.0255183,60
-72.530852,-40.0256299,60
-72.5309073,-40.0257406,60
-72.5309573,-40.0258402,60
-72.531013,-40.0259515,60
-72.5310681,-40.0260625,60
-72.531118,-40.0261628,60
-72.5311743,-40.0262728,60
-72.5312236,-40.0263714,60
-72.5312789,-40.0264821,60
-72.5313342,-40.0265941,60
-72.5313879,-40.0267018,60
-72.5314361,-40.0267959,60
-72.5314928,-40.0269079,60
-72.5315426,-40.0270096,60
-72.5315978,-40.02712,60
-72.5316538,-40.027231,60
-72.5317031,-40.0273308,60
-72.5317585,-40.0274412,60
-72.5318144,-40.0275528,60
-72.5318703,-40.0276635,60
-72.5319199,-40.0277634,60
-72.5319755,-40.0278737,60
-72.5320253,-40.0279733,60
-72.5320808,-40.0280837,60
-72.5321362,-40.028194,60
-72.5321863,-40.0282944,60
-72.532242,-40.0284054,60
-72.5322978,-40.0285159,60
-72.532353,-40.0286274,60
-72.5324031,-40.0287268,60
-72.5324554,-40.0288311,60
-72.5325024,-40.0289237,60
-72.532546,-40.0290209,60
-72.5325537,-40.0290847,60
-72.5325153,-40.0291356,60
-72.5324569,-40.0291698,60
-72.532386,-40.0291941,60
-72.5323293,-40.0291812,60
-72.5322958,-40.0291451,60
-72.5322669,-40.0290931,60
-72.5322351,-40.0290306,60
-72.5321921,-40.0289456,60
-72.5321431,-40.0288484,60
-72.5320903,-40.0287426,60
-72.5320399,-40.0286421,60
-72.5319839,-40.0285293,60
-72.5319278,-40.0284175,60
-72.5318772,-40.0283165,60
-72.531821,-40.0282047,60
-72.5317654,-40.0280932,60
-72.5317151,-40.0279926,60
-72.5316591,-40.0278812,60
-72.5316035,-40.0277697,60
-72.5315481,-40.0276583,60
-72.531498,-40.0275586,60
-72.5314418,-40.0274481,60
-72.5313922,-40.0273481,60
-72.5313371,-40.0272366,60
-72.5312868,-40.0271364,60
-72.5312316,-40.0270269,60
-72.5311755,-40.0269149,60
-72.5311252,-40.0268139,60
-72.5310741,-40.0267165,60
-72.5310171,-40.0266018,60
-72.5309614,-40.0264881,60
-72.5309108,-40.0263867,60
-72.5308544,-40.0262744,60
-72.5307979,-40.0261624,60
-72.5307476,-40.0260622,60
-72.5306914,-40.0259498,60
-72.530635,-40.0258377,60
-72.5305792,-40.0257263,60
-72.5305293,-40.0256307,60
-72.5304824,-40.0255638,60
-72.5304376,-40.0255411,60
-72.5303755,-40.025548,60
-72.5303124,-40.0255738,60
-72.5302598,-40.0256122,60
-72.5302409,-40.025667,60
-72.5302585,-40.0257247,60
-72.5302877,-40.0257825,60
-72.5303282,-40.0258624,60
-72.5303759,-40.0259561,60
-72.5304233,-40.0260493,60
-72.5304791,-40.0261609,60
-72.5305342,-40.0262737,60
-72.5305893,-40.0263861,60
-72.5306387,-40.0264866,60
-72.5306941,-40.026597,60
-72.530744,-40.0266959,60
-72.5307994,-40.0268072,60
-72.5308542,-40.0269174,60
-72.5309047,-40.0270174,60
-72.530957,-40.0271212,60
-72.5310129,-40.0272292,60
-72.5310691,-40.0273426,60
-72.5311182,-40.0274425,60
-72.5311737,-40.0275538,60
-72.5312298,-40.0276659,60
-72.5312802,-40.0277649,60
-72.5313355,-40.0278754,60
-72.531391,-40.0279861,60
-72.5314407,-40.0280854,60
-72.5314964,-40.0281968,60
-72.5315519,-40.0283076,60
-72.5316014,-40.0284069,60
-72.5316568,-40.0285173,60
-72.5317126,-40.0286289,60
-72.5317621,-40.0287285,60
-72.5318178,-40.0288393,60
-72.531873,-40.0289497,60
-72.5319229,-40.0290496,60
-72.5319755,-40.0291549,60
-72.5320247,-40.0292577,60
-72.5320434,-40.0293226,60
-72.5320222,-40.0293753,60
-72.5319627,-40.0294176,60
-72.5318963,-40.0294458,60
-72.5318368,-40.0294474,60
-72.5317944,-40.0294202,60
-72.5317651,-40.0293728,60
-72.5317333,-40.02931,60
-72.5316923,-40.0292298,60
-72.5316501,-40.0291457,60
-72.5315981,-40.0290422,60
-72.5315484,-40.0289431,60
-72.5314925,-40.0288302,60
-72.5314371,-40.0287175,60
-72.5313808,-40.028605,60
-72.5313301,-40.0285042,60
-72.5312739,-40.0283934,60
-72.5312186,-40.0282818,60
-72.5311683,-40.0281812,60
-72.5311128,-40.0280699,60
-72.5310626,-40.0279692,60
-72.5310059,-40.0278576,60
-72.5309502,-40.0277463,60
-72.5308949,-40.0276374,60
-72.5308441,-40.0275372,60
-72.5307896,-40.0274281,60
-72.5307467,-40.0273424,60
-72.5307067,-40.0272628,60
-72.5306534,-40.0271604,60
-72.5305979,-40.0270485,60
-72.5305478,-40.0269459,60
-72.5304917,-40.0268329,60
-72.5304356,-40.0267202,60
-72.5303789,-40.026608,60
-72.5303291,-40.0265071,60
-72.5302724,-40.0263952,60
-72.5302218,-40.0262943,60
-72.5301665,-40.0261828,60
-72.5301103,-40.0260714,60
-72.5300606,-40.0259718,60
-72.5300051,-40.0258656,60
-72.5299587,-40.025797,60
-72.5299162,-40.0257717,60
-72.5298547,-40.0257762,60
-72.5297983,-40.0257983,60
-72.5297367,-40.0258379,60
-72.5297143,-40.0258912,60
-72.5297306,-40.0259495,60
-72.5297574,-40.0260065,60
-72.5297979,-40.0260855,60
-72.5298453,-40.0261777,60
-72.5298923,-40.0262705,60
-72.5299528,-40.026393,60
-72.5300023,-40.0264948,60
-72.5300583,-40.0266072,60
-72.5301082,-40.0267078,60
-72.5301634,-40.0268183,60
-72.530213,-40.0269184,60
-72.5302687,-40.0270294,60
-72.5303248,-40.02714,60
-72.5303749,-40.0272401,60
-72.5304301,-40.0273505,60
-72.5304852,-40.0274605,60
-72.5305409,-40.0275728,60
-72.5305876,-40.0276668,60
-72.5306388,-40.0277648,60
-72.5306894,-40.0278619,60
-72.5307454,-40.0279757,60
-72.5308006,-40.0280895,60
-72.5308505,-40.0281899,60
-72.5309058,-40.0283,60
-72.5309609,-40.0284105,60
-72.5310106,-40.0285098,60
-72.5310666,-40.028621,60
-72.5311226,-40.0287322,60
-72.5311719,-40.0288319,60
-72.5312277,-40.0289421,60
-72.5312839,-40.0290532,60
-72.5313339,-40.0291536,60
-72.5313891,-40.0292635,60
-72.5314438,-40.0293721,60
-72.531493,-40.0294714,60
-72.531528,-40.0295598,60
-72.5315202,-40.0296171,60
-72.5314736,-40.0296634,60
-72.5314147,-40.0296927,60
-72.5313482,-40.0297097,60
-72.5312984,-40.0296931,60
-72.5312637,-40.0296508,60
-72.5312341,-40.0295956,60
-72.5312006,-40.0295292,60
-72.5311565,-40.0294417,60
-72.5311069,-40.0293434,60
-72.5310527,-40.0292361,60
-72.5310022,-40.0291336,60
-72.5309465,-40.0290204,60
-72.5308962,-40.0289197,60
-72.5308402,-40.0288072,60
-72.5307843,-40.0286947,60
-72.5307272,-40.0285826,60
-72.5306773,-40.0284821,60
-72.5306214,-40.0283716,60
-72.5305657,-40.0282605,60
-72.5305171,-40.0281633,60
-72.5304614,-40.0280546,60
-72.530406,-40.0279447,60
-72.5303588,-40.0278492,60
-72.5303128,-40.027754,60
-72.5302658,-40.0276629,60
-72.5302073,-40.0275498,60
-72.5301516,-40.027435,60
-72.5301012,-40.0273325,60
-72.5300443,-40.02722,60
-72.5299879,-40.0271078,60
-72.5299314,-40.0269956,60
-72.5298809,-40.0268953,60
-72.5298245,-40.0267833,60
-72.5297691,-40.0266719,60
-72.5297187,-40.0265718,60
-72.5296634,-40.0264609,60
-72.5296074,-40.0263498,60
-72.5295572,-40.0262497,60
-72.529502,-40.0261387,60
-72.5294497,-40.0260489,60
-72.5294054,-40.0260076,60
-72.5293509,-40.0260006,60
-72.5292898,-40.0260193,60
-72.5292309,-40.0260499,60
-72.5291905,-40.0260991,60
-72.5291948,-40.0261563,60
-72.529218,-40.02621,60
-72.5292538,-40.0262827,60
-72.5292985,-40.0263701,60
-72.5293485,-40.0264693,60
-72.5293981,-40.0265665,60
-72.529454,-40.0266795,60
-72.5295098,-40.0267923,60
-72.5295597,-40.0268927,60
-72.5296149,-40.0270038,60
-72.5296644,-40.0271029,60
-72.5297202,-40.0272133,60
-72.5297753,-40.0273244,60
-72.5298252,-40.0274243,60
-72.529881,-40.0275345,60
-72.5299363,-40.027645,60
-72.5299857,-40.0277446,60
-72.5300388,-40.0278497,60
-72.5300927,-40.0279532,60
-72.5301413,-40.0280518,60
-72.5301972,-40.0281622,60
-72.5302547,-40.0282773,60
-72.5303048,-40.0283794,60
-72.5303601,-40.0284905,60
-72.530416,-40.0286011,60
-72.5304659,-40.0287013,60
-72.5305207,-40.028812,60
-72.5305767,-40.0289233,60
-72.5306262,-40.0290229,60
-72.5306817,-40.0291327,60
-72.5307372,-40.0292429,60
-72.530788,-40.0293427,60
-72.5308429,-40.029454,60
-72.5308982,-40.0295638,60
-72.5309511,-40.0296702,60
-72.5309971,-40.0297653,60
-72.5310185,-40.0298394,60
-72.5309941,-40.0298937,60
-72.5309459,-40.0299313,60
-72.5308761,-40.0299599,60
-72.5308154,-40.0299653,60
-72.5307731,-40.0299375,60
-72.5307426,-40.0298902,60
-72.5307104,-40.0298281,60
-72.5306742,-40.029757,60
-72.5306271,-40.0296644,60
-72.5305759,-40.0295632,60
-72.5305259,-40.0294646,60
-72.5304693,-40.0293512,60
-72.5304138,-40.0292391,60
-72.5303632,-40.0291384,60
-72.5303087,-40.0290289,60
-72.5302543,-40.0289202,60
-72.5302102,-40.0288313,60
-72.530157,-40.0287276,60
-72.5301006,-40.028615,60
-72.5300493,-40.0285121,60
-72.5299928,-40.0283994,60
-72.5299372,-40.0282882,60
-72.5298873,-40.0281901,60
-72.529833,-40.0280809,60
-72.5297806,-40.0279748,60
-72.5297295,-40.0278745,60
-72.5296732,-40.0277606,60
-72.5296174,-40.0276476,60
-72.529566,-40.0275461,60
-72.5295098,-40.0274341,60
-72.5294591,-40.0273327,60
-72.5294036,-40.0272211,60
-72.529347,-40.0271093,60
-72.5292907,-40.0269976,60
-72.5292405,-40.0268974,60
-72.5291858,-40.0267865,60
-72.5291296,-40.0266753,60
-72.5290796,-40.026575,60
-72.5290238,-40.0264645,60
-72.5289674,-40.0263541,60
-72.5289217,-40.0262761,60
-72.5288789,-40.0262363,60
-72.528818,-40.026231,60
-72.5287626,-40.0262494,60
-72.5286976,-40.0262846,60
-72.5286631,-40.0263293,60
-72.5286671,-40.0263868,60
-72.528695,-40.0264471,60
-72.5287323,-40.0265219,60
-72.5287732,-40.0266014,60
-72.5288237,-40.0267016,60
-72.528879,-40.0268094,60
-72.528929,-40.026911,60
-72.5289839,-40.0270236,60
-72.5290391,-40.0271359,60
-72.5290885,-40.0272363,60
-72.5291438,-40.0273473,60
-72.5291998,-40.0274587,60
-72.5292506,-40.0275591,60
-72.5293058,-40.0276688,60
-72.5293605,-40.02778,60
-72.5294095,-40.0278778,60
-72.5294652,-40.0279833,60
-72.529522,-40.0280958,60
-72.5295716,-40.0281977,60
-72.5296247,-40.0283046,60
-72.5296642,-40.0283827,60
-72.5297127,-40.0284744,60
-72.5297664,-40.0285814,60
-72.5298228,-40.0286964,60
-72.5298728,-40.0287999,60
-72.5299282,-40.028912,60
-72.529984,-40.029023,60
-72.5300338,-40.0291215,60
-72.5300893,-40.0292325,60
-72.5301443,-40.0293429,60
-72.5301943,-40.0294426,60
-72.5302502,-40.0295536,60
-72.5303062,-40.0296661,60
-72.5303558,-40.0297664,60
-72.5304113,-40.0298775,60
-72.5304648,-40.0299845,60
-72.5305001,-40.0300647,60
-72.5305068,-40.0301249,60
-72.5304568,-40.0301715,60
-72.530396,-40.0302051,60
-72.5303296,-40.0302255,60
-72.5302742,-40.0302095,60
-72.5302413,-40.0301725,60
-72.5302129,-40.0301186,60
-72.5301763,-40.0300461,60
-72.5301328,-40.0299599,60
-72.5300876,-40.029872,60
-72.5300336,-40.0297646,60
-72.5299786,-40.029651,60
-72.5299282,-40.0295484,60
-72.5298711,-40.0294361,60
-72.5298149,-40.0293236,60
-72.5297643,-40.0292226,60
-72.5297082,-40.0291109,60
-72.529658,-40.0290101,60
-72.5296032,-40.0289013,60
-72.5295481,-40.0287926,60
-72.5294976,-40.0286938,60
-72.5294428,-40.0285849,60
-72.5293874,-40.0284737,60
-72.5293327,-40.0283611,60
-72.5292814,-40.0282594,60
-72.5292244,-40.0281454,60
-72.5291678,-40.0280325,60
-72.5291165,-40.0279315,60
-72.5290604,-40.0278187,60
-72.5290095,-40.0277186,60
-72.5289542,-40.0276072,60
-72.5288978,-40.027494,60
-72.5288476,-40.0273933,60
-72.5287918,-40.027281,60
-72.5287356,-40.0271697,60
-72.5286855,-40.0270698,60
-72.5286292,-40.0269591,60
-72.5285735,-40.0268484,60
-72.5285178,-40.0267375,60
-72.528468,-40.0266382,60
-72.5284141,-40.0265362,60
-72.5283714,-40.0264772,60
-72.5283237,-40.0264598,60
-72.5282615,-40.0264694,60
-72.5282037,-40.0264938,60
-72.5281482,-40.0265371,60
-72.5281348,-40.0265927,60
-72.5281531,-40.0266445,60
-72.5281852,-40.0267102,60
-72.5282269,-40.0267922,60
-72.528275,-40.0268872,60
-72.5283223,-40.026981,60
-72.5283792,-40.0270937,60
-72.5284348,-40.027206,60
-72.5284832,-40.027305,60
-72.528539,-40.0274176,60
-72.5285932,-40.0275291,60
-72.528643,-40.0276295,60
-72.528699,-40.0277399,60
-72.5287547,-40.027851,60
-72.5288037,-40.0279474,60
-72.5288575,-40.0280525,60
-72.5289118,-40.028159,60
-72.5289616,-40.0282586,60
-72.5290166,-40.0283685,60
-72.529066,-40.0284653,60
-72.529111,-40.028558,60
-72.5291461,-40.0286286,60
-72.529183,-40.0286993,60
-72.5292296,-40.0287936,60
-72.5292816,-40.0288974,60
-72.5293364,-40.0290066,60
-72.5293869,-40.0291092,60
-72.5294419,-40.0292216,60
-72.5294988,-40.0293319,60
-72.5295483,-40.0294316,60
-72.5296033,-40.0295421,60
-72.5296582,-40.0296511,60
-72.5297083,-40.0297511,60
-72.529764,-40.0298631,60
-72.5298193,-40.0299737,60
-72.5298684,-40.0300717,60
-72.5299241,-40.0301837,60
-72.5299739,-40.0302865,60
-72.5299883,-40.0303455,60
-72.5299659,-40.0303907,60
-72.5299082,-40.0304189,60
-72.5298405,-40.0304352,60
-72.5297683,-40.0304333,60
-72.5297162,-40.0303962,60
-72.5296866,-40.0303483,60
-72.5296529,-40.0302819,60
-72.5296109,-40.0301988,60
-72.529567,-40.0301132,60
-72.5295146,-40.0300085,60
-72.5294588,-40.0298971,60
-72.5294089,-40.0297954,60
-72.5293533,-40.0296833,60
-72.5292975,-40.029571,60
-72.5292471,-40.0294711,60
-72.5291918,-40.0293603,60
-72.5291362,-40.0292492,60
-72.5290858,-40.0291482,60
-72.5290307,-40.0290391,60
-72.5289824,-40.0289444,60
-72.5289275,-40.0288358,60
-72.5288787,-40.0287375,60
-72.5288245,-40.0286319,60
-72.5287722,-40.0285282,60
-72.5287162,-40.0284135,60
-72.5286589,-40.0282993,60
-72.5286074,-40.0281971,60
-72.5285509,-40.0280842,60
-72.5284947,-40.027972,60
-72.5284434,-40.0278696,60
-72.5283873,-40.0277574,60
-72.5283313,-40.0276454,60
-72.5282757,-40.0275336,60
-72.5282254,-40.0274334,60
-72.5281691,-40.0273211,60
-72.5281145,-40.0272141,60
-72.5280645,-40.027115,60
-72.5280088,-40.0270031,60
-72.5279538,-40.0268912,60
-72.5279033,-40.0267939,60
-72.5278558,-40.0267198,60
-72.5278147,-40.0266917,60
-72.527753,-40.0266931,60
-72.5276907,-40.0267166,60
-72.5276288,-40.026758,60
-72.5276071,-40.0268049,60
-72.5276212,-40.0268627,60
-72.5276503,-40.0269259,60
-72.5276861,-40.0269967,60
-72.5277326,-40.0270883,60
-72.52778,-40.0271802,60
-72.5278352,-40.0272903,60
-72.5278899,-40.0274027,60
-72.52794,-40.0275038,60
-72.5279956,-40.0276155,60
-72.5280514,-40.0277268,60
-72.5281016,-40.0278267,60
-72.5281571,-40.0279373,60
-72.5282132,-40.0280479,60
-72.5282638,-40.0281479,60
-72.5283189,-40.0282573,60
-72.5283682,-40.0283557,60
-72.5284234,-40.0284667,60
-72.5284775,-40.0285765,60
-72.5285319,-40.0286842,60
-72.5285788,-40.0287755,60
-72.5286272,-40.0288753,60
-72.528673,-40.0289636,60
-72.5287195,-40.0290544,60
-72.5287668,-40.0291495,60
-72.5288235,-40.0292632,60
-72.5288738,-40.029366,60
-72.5289297,-40.0294793,60
-72.5289851,-40.0295903,60
-72.5290359,-40.0296899,60
-72.5290915,-40.0298013,60
-72.5291467,-40.0299117,60
-72.529202,-40.0300225,60
-72.5292519,-40.0301227,60
-72.5293065,-40.030231,60
-72.5293509,-40.0303178,60
-72.5293763,-40.0303677,60
-72.5294045,-40.0304288,60
-72.5294228,-40.0304883,60
-72.529409,-40.0305348,60
-72.5293538,-40.0305656,60
-72.5292902,-40.0305834,60
-72.5292151,-40.0305865,60
-72.529159,-40.0305558,60
-72.5291272,-40.0305094,60
-72.5290941,-40.0304469,60
-72.5290529,-40.0303662,60
-72.5290056,-40.0302723,60
-72.5289585,-40.0301796,60
-72.5289024,-40.0300685,60
-72.528853,-40.0299671,60
-72.5287974,-40.0298548,60
-72.5287426,-40.0297443,60
-72.5286877,-40.0296355,60
-72.5286373,-40.0295369,60
-72.5285813,-40.0294235,60
-72.5285275,-40.0293176,60
-72.5284816,-40.0292267,60
-72.5284254,-40.0291192,60
-72.5283683,-40.0290045,60
-72.5283188,-40.0289025,60
-72.528263,-40.028789,60
-72.5282117,-40.0286872,60
-72.5281578,-40.0285797,60
-72.5281006,-40.0284676,60
-72.5280439,-40.0283539,60
-72.5279875,-40.0282413,60
-72.5279374,-40.0281403,60
-72.5278821,-40.0280285,60
-72.5278312,-40.0279277,60
-72.5277751,-40.0278151,60
-72.527719,-40.027703,60
-72.5276684,-40.0276026,60
-72.5276129,-40.0274911,60
-72.5275565,-40.0273792,60
-72.5275057,-40.0272778,60
-72.5274498,-40.0271663,60
-72.5273933,-40.0270548,60
-72.5273427,-40.0269666,60
-72.5273049,-40.0269263,60
-72.5272454,-40.0269184,60
-72.5271898,-40.0269354,60
-72.5271238,-40.0269694,60
-72.5270834,-40.0270177,60
-72.5270862,-40.0270697,60
-72.5271107,-40.0271289,60
-72.5271471,-40.0272017,60
-72.5271862,-40.0272784,60
-72.527236,-40.0273758,60
-72.5272892,-40.0274834,60
-72.5273409,-40.0275857,60
-72.5273961,-40.0276986,60
-72.5274516,-40.0278113,60
-72.5274996,-40.0279079,60
-72.5275549,-40.028014,60
-72.5276082,-40.0281181,60
-72.5276564,-40.0282141,60
-72.527709,-40.0283189,60
-72.5277632,-40.0284265,60
-72.5278141,-40.0285281,60
-72.5278701,-40.0286415,60
-72.5279241,-40.0287516,60
-72.527975,-40.0288543,60
-72.5280311,-40.0289669,60
-72.5280858,-40.0290775,60
-72.528137,-40.0291784,60
-72.5281933,-40.0292902,60
-72.5282433,-40.0293901,60
-72.5282982,-40.029499,60
-72.5283542,-40.0296104,60
-72.5284038,-40.0297094,60
-72.5284585,-40.0298197,60
-72.5285142,-40.0299311,60
-72.5285697,-40.030043,60
-72.5286205,-40.0301425,60
-72.5286724,-40.0302467,60
-72.5287283,-40.0303563,60
-72.5287832,-40.0304691,60
-72.5288283,-40.0305593,60
-72.528854,-40.0306321,60
-72.5288453,-40.0306806,60
-72.5288009,-40.0307109,60
-72.5287392,-40.0307304,60
-72.5286726,-40.0307391,60
-72.528609,-40.0307214,60
-72.5285706,-40.030678,60
-72.5285458,-40.0306324,60
-72.5285102,-40.0305657,60
-72.528467,-40.030481,60
-72.5284231,-40.0303931,60
-72.5283706,-40.0302858,60
-72.5283165,-40.0301761,60
-72.5282627,-40.0300694,60
-72.5282114,-40.0299688,60
-72.5281555,-40.0298563,60
-72.5281037,-40.0297531,60
-72.5280475,-40.0296395,60
-72.527991,-40.029527,60
-72.5279403,-40.0294274,60
-72.527885,-40.0293153,60
-72.5278282,-40.029204,60
-72.5277778,-40.0291042,60
-72.5277223,-40.028993,60
-72.527667,-40.0288817,60
-72.5276168,-40.028782,60
-72.5275616,-40.0286718,60
-72.5275054,-40.0285595,60
-72.52745,-40.0284481,60
-72.5274002,-40.028348,60
-72.5273438,-40.0282373,60
-72.5272889,-40.0281253,60
-72.527239,-40.0280248,60
-72.5271829,-40.0279132,60
-72.5271274,-40.027802,60
-72.5270768,-40.0277028,60
-72.5270217,-40.0275922,60
-72.5269711,-40.0274914,60
-72.5269155,-40.02738,60
-72.5268607,-40.0272712,60
-72.526818,-40.0271977,60
-72.5267767,-40.0271577,60
-72.5267171,-40.0271477,60
-72.5266552,-40.0271687,60
-72.5265971,-40.0271996,60
-72.5265566,-40.0272476,60
-72.5265603,-40.0273053,60
-72.5265841,-40.0273594,60
-72.5266204,-40.0274308,60
-72.5266658,-40.0275188,60
-72.5267109,-40.0276077,60
-72.5267655,-40.0277155,60
-72.5268209,-40.0278286,60
-72.5268689,-40.0279271,60
-72.5269192,-40.0280285,60
-72.5269663,-40.0281179,60
-72.5270225,-40.0282319,60
-72.5270785,-40.0283468,60
-72.5271285,-40.0284473,60
-72.5271846,-40.0285585,60
-72.5272396,-40.0286683,60
-72.5272894,-40.0287681,60
-72.5273452,-40.02888,60
-72.5274005,-40.0289907,60
-72.5274558,-40.0291021,60
-72.5275058,-40.0292018,60
-72.5275601,-40.0293099,60
-72.5276159,-40.0294187,60
-72.5276661,-40.0295203,60
-72.5277206,-40.0296288,60
-72.5277717,-40.0297286,60
-72.5278272,-40.0298407,60
-72.5278829,-40.0299525,60
-72.5279379,-40.0300637,60
-72.5279881,-40.0301642,60
-72.5280432,-40.0302736,60
-72.5280972,-40.030381,60
-72.5281316,-40.0304523,60
-72.5281568,-40.0305011,60
-72.5281823,-40.0305513,60
-72.5282134,-40.0306132,60
-72.5282527,-40.0306923,60
-72.528269,-40.0307461,60
-72.5282747,-40.0307653,60
-72.5282714,-40.0307692,60
-72.5282522,-40.0307506,60
-72.5282242,-40.0307207,60
-72.5281796,-40.0306708,60
-72.5281289,-40.0306127,60
-72.5280611,-40.0305338,60
-72.5279861,-40.0304474,60
-72.5279106,-40.030362,60
-72.5278252,-40.0302637,60
-72.5277394,-40.0301636,60
-72.5276666,-40.0300793,60
-72.5275871,-40.0299786,60
-72.5275232,-40.0298748,60
-72.5274709,-40.029772,60
-72.5274291,-40.0296871,60
-72.5273753,-40.0295848,60
-72.5273167,-40.0294693,60
-72.5272663,-40.0293646,60
-72.5272105,-40.0292503,60
-72.5271594,-40.0291484,60
-72.5271027,-40.029036,60
-72.5270463,-40.0289238,60
-72.5269951,-40.0288215,60
-72.526939,-40.0287093,60
-72.5268829,-40.0285982,60
-72.5268331,-40.0284978,60
-72.5267769,-40.0283863,60
-72.5267208,-40.0282747,60
-72.526665,-40.0281634,60
-72.526615,-40.0280632,60
-72.5265595,-40.0279524,60
-72.5265096,-40.0278525,60
-72.5264542,-40.0277415,60
-72.5263987,-40.0276302,60
-72.5263429,-40.0275195,60
-72.5262956,-40.0274331,60
-72.5262487,-40.027379,60
-72.5261956,-40.0273729,60
-72.5261294,-40.0273967,60
-72.5260627,-40.0274342,60
-72.5260305,-40.0274794,60
-72.526035,-40.0275373,60
-72.5260622,-40.0275975,60
-72.5260956,-40.0276645,60
-72.52614,-40.0277529,60
-72.5261903,-40.0278519,60
-72.5262391,-40.0279488,60
-72.5262965,-40.0280616,60
-72.5263511,-40.0281744,60
-72.5264,-40.0282733,60
-72.5264549,-40.0283828,60
-72.5265114,-40.0284945,60
-72.5265617,-40.0285948,60
-72.5266169,-40.0287063,60
-72.5266724,-40.0288178,60
-72.5267099,-40.0289001,60
-72.5267216,-40.0289449,60
-72.5267231,-40.0289559,60
-72.5267216,-40.0289571,60
-72.5266962,-40.028932,60
-72.5266627,-40.0288927,60
-72.5266191,-40.0288413,60
-72.5265589,-40.0287703,60
-72.5264883,-40.0286871,60
-72.526418,-40.028604,60
-72.526334,-40.0285049,60
-72.5262488,-40.0284033,60
-72.5261637,-40.0283024,60
-72.5260872,-40.0282121,60
-72.5260084,-40.028109,60
-72.5259493,-40.0280122,60
-72.5258925,-40.0279015,60
-72.5258366,-40.0277901,60
-72.5257876,-40.0276914,60
-72.5257486,-40.0276132,60
-72.5257335,-40.0275852,60
-72.5257288,-40.0275759,60
-72.5257273,-40.0275732,60
</coordinates></LineString>
</Placemark>
<Placemark>
<name>DJI_202603241053_003_FRANCIA001_Timestamp.MRK</name>
<description>Equipo: M3E | Fecha: 24-03-2026 | Puntos: 1089</description>
<styleUrl>#m3e</styleUrl>
<LineString><altitudeMode>relativeToGround</altitudeMode><coordinates>
-72.5284445,-40.0101196,60
-72.5284064,-40.0101153,60
-72.528337,-40.0101071,60
-72.5282619,-40.0100977,60
-72.5281601,-40.0100866,60
-72.5280497,-40.0100868,60
-72.5279199,-40.0101099,60
-72.5277901,-40.0101612,60
-72.5276932,-40.010207,60
-72.5276612,-40.0102376,60
-72.5276833,-40.0102597,60
-72.5277347,-40.0102659,60
-72.5277937,-40.0102731,60
-72.5278839,-40.0102841,60
-72.5279981,-40.0102983,60
-72.5281138,-40.0103127,60
-72.5282585,-40.0103302,60
-72.5284149,-40.0103493,60
-72.528538,-40.0103698,60
-72.5286311,-40.0104102,60
-72.5286945,-40.0104776,60
-72.5287345,-40.0105477,60
-72.5287352,-40.0105835,60
-72.5286976,-40.0106066,60
-72.5286488,-40.0106074,60
-72.5285819,-40.0106007,60
-72.52849,-40.0105896,60
-72.5283861,-40.0105766,60
-72.5282588,-40.0105608,60
-72.5281158,-40.0105439,60
-72.5279881,-40.0105293,60
-72.527846,-40.0105121,60
-72.5276983,-40.0104937,60
-72.5275591,-40.0104771,60
-72.5274132,-40.0104599,60
-72.5272741,-40.0104441,60
-72.5271496,-40.010443,60
-72.5270143,-40.0104688,60
-72.526885,-40.0105181,60
-72.5267952,-40.0105566,60
-72.5267589,-40.0105891,60
-72.5267799,-40.010611,60
-72.5268206,-40.0106181,60
-72.5268827,-40.0106257,60
-72.5269727,-40.0106372,60
-72.5270843,-40.0106511,60
-72.5271967,-40.010666,60
-72.5273384,-40.0106835,60
-72.5274702,-40.0106992,60
-72.5276251,-40.0107182,60
-72.5277803,-40.0107361,60
-72.5279236,-40.0107537,60
-72.5280743,-40.0107716,60
-72.5282246,-40.0107899,60
-72.5283759,-40.010808,60
-72.5285176,-40.0108258,60
-72.5286714,-40.0108444,60
-72.5288194,-40.0108642,60
-72.5289184,-40.0108887,60
-72.529,-40.0109404,60
-72.5290581,-40.0110219,60
-72.5290797,-40.0110676,60
-72.5290655,-40.0111011,60
-72.5290194,-40.0111146,60
-72.5289676,-40.0111109,60
-72.5288916,-40.0111029,60
-72.5287901,-40.0110907,60
-72.5286679,-40.0110759,60
-72.5285446,-40.0110611,60
-72.5284011,-40.0110432,60
-72.5282661,-40.0110261,60
-72.5281073,-40.0110071,60
-72.5279488,-40.010988,60
-72.5277966,-40.0109703,60
-72.527659,-40.0109535,60
-72.5275074,-40.010935,60
-72.5273801,-40.0109207,60
-72.5272357,-40.0109027,60
-72.5270829,-40.0108831,60
-72.52694,-40.0108662,60
-72.5267826,-40.0108477,60
-72.526629,-40.0108293,60
-72.5265112,-40.0108197,60
-72.5264224,-40.010826,60
-72.5263609,-40.0108655,60
-72.5263273,-40.0109221,60
-72.5263091,-40.0109758,60
-72.5263366,-40.0110136,60
-72.5263876,-40.0110302,60
-72.526458,-40.0110397,60
-72.526552,-40.0110512,60
-72.5266685,-40.0110659,60
-72.5267884,-40.0110802,60
-72.5269324,-40.0110973,60
-72.5270736,-40.0111149,60
-72.5272251,-40.0111333,60
-72.527381,-40.0111519,60
-72.5275203,-40.0111688,60
-72.5276742,-40.0111867,60
-72.5278277,-40.0112058,60
-72.5279764,-40.0112246,60
-72.5281142,-40.011241,60
-72.5282664,-40.0112608,60
-72.5284162,-40.0112782,60
-72.5285517,-40.011295,60
-72.5287046,-40.0113135,60
-72.5288442,-40.0113299,60
-72.5289638,-40.0113437,60
-72.5290866,-40.0113594,60
-72.5292147,-40.0113811,60
-72.5292979,-40.0114096,60
-72.5293672,-40.0114737,60
-72.5294097,-40.0115476,60
-72.5294275,-40.0115918,60
-72.5293984,-40.0116179,60
-72.5293382,-40.0116207,60
-72.5292704,-40.0116126,60
-72.529197,-40.0116041,60
-72.5290855,-40.0115915,60
-72.5289759,-40.0115782,60
-72.5288463,-40.0115624,60
-72.5287041,-40.0115454,60
-72.5285484,-40.0115259,60
-72.5284072,-40.0115095,60
-72.5282536,-40.0114908,60
-72.5281008,-40.0114713,60
-72.5279609,-40.0114552,60
-72.527807,-40.011437,60
-72.5276542,-40.0114182,60
-72.5275167,-40.0114021,60
-72.5273658,-40.0113841,60
-72.5272119,-40.0113656,60
-72.5270766,-40.0113492,60
-72.5269248,-40.01133,60
-72.5267769,-40.0113113,60
-72.5266444,-40.0112946,60
-72.5264885,-40.011276,60
-72.5263357,-40.0112574,60
-72.5262207,-40.0112499,60
-72.5261412,-40.0112654,60
-72.5260848,-40.01131,60
-72.5260504,-40.0113599,60
-72.5260352,-40.0114088,60
-72.5260609,-40.0114447,60
-72.526113,-40.0114608,60
-72.526183,-40.0114704,60
-72.5262773,-40.0114828,60
-72.526392,-40.0114966,60
-72.5265104,-40.0115111,60
-72.526655,-40.0115288,60
-72.5268112,-40.0115475,60
-72.5269521,-40.0115645,60
-72.5271009,-40.0115825,60
-72.5272367,-40.0115983,60
-72.52739,-40.0116174,60
-72.5275453,-40.0116362,60
-72.527699,-40.0116546,60
-72.527836,-40.011672,60
-72.527989,-40.0116909,60
-72.5281265,-40.0117069,60
-72.5282797,-40.0117261,60
-72.5284304,-40.0117445,60
-72.528566,-40.0117618,60
-72.5287178,-40.0117802,60
-72.5288343,-40.011793,60
-72.5289462,-40.0118071,60
-72.5290609,-40.0118219,60
-72.5291977,-40.0118383,60
-72.5293233,-40.0118528,60
-72.5294748,-40.0118726,60
-72.5295953,-40.0118965,60
-72.5296697,-40.0119396,60
-72.5297251,-40.0120099,60
-72.529758,-40.0120725,60
-72.52976,-40.0121084,60
-72.529719,-40.0121261,60
-72.5296611,-40.0121243,60
-72.5295913,-40.0121164,60
-72.5295071,-40.0121066,60
-72.529403,-40.0120945,60
-72.5293072,-40.0120838,60
-72.5292107,-40.0120725,60
-72.5290875,-40.0120566,60
-72.5289484,-40.0120393,60
-72.5287959,-40.0120213,60
-72.5286543,-40.0120049,60
-72.5284994,-40.0119865,60
-72.5283605,-40.0119694,60
-72.5282064,-40.0119507,60
-72.5280534,-40.0119318,60
-72.5279171,-40.0119158,60
-72.527765,-40.0118963,60
-72.5276121,-40.011877,60
-72.5274743,-40.0118607,60
-72.5273221,-40.0118423,60
-72.5271843,-40.0118258,60
-72.5270297,-40.0118075,60
-72.5268964,-40.0117903,60
-72.5267766,-40.0117769,60
-72.5266536,-40.0117621,60
-72.5265128,-40.0117432,60
-72.5263817,-40.0117283,60
-72.5262576,-40.0117133,60
-72.5261074,-40.0116948,60
-72.5259642,-40.0116812,60
-72.5258798,-40.0116884,60
-72.5258182,-40.0117292,60
-72.5257793,-40.0117877,60
-72.5257623,-40.0118357,60
-72.525787,-40.0118748,60
-72.5258425,-40.011894,60
-72.5259059,-40.011902,60
-72.5259992,-40.0119131,60
-72.5261158,-40.0119272,60
-72.5262335,-40.0119416,60
-72.5263791,-40.0119591,60
-72.5265305,-40.011978,60
-72.5266711,-40.0119949,60
-72.5268128,-40.0120118,60
-72.5269212,-40.0120245,60
-72.5269941,-40.0120337,60
-72.5270541,-40.0120426,60
-72.5271379,-40.0120515,60
-72.5272317,-40.0120629,60
-72.5273544,-40.0120779,60
-72.5274938,-40.0120949,60
-72.5276289,-40.0121122,60
-72.5277854,-40.0121312,60
-72.5279406,-40.0121497,60
-72.5280941,-40.0121683,60
-72.5282318,-40.012185,60
-72.5283841,-40.0122029,60
-72.5285217,-40.0122196,60
-72.5286742,-40.0122384,60
-72.5288267,-40.0122572,60
-72.5289658,-40.0122738,60
-72.529115,-40.0122911,60
-72.5292496,-40.0123077,60
-72.5293646,-40.012321,60
-72.529468,-40.0123349,60
-72.5295309,-40.0123423,60
-72.5295836,-40.0123486,60
-72.5296534,-40.0123573,60
-72.5297497,-40.0123698,60
-72.5298574,-40.0123845,60
-72.5299474,-40.0124129,60
-72.5300102,-40.0124488,60
-72.530055,-40.0124933,60
-72.530089,-40.0125457,60
-72.5301057,-40.0125956,60
-72.5300872,-40.0126259,60
-72.5300439,-40.012636,60
-72.5299846,-40.0126283,60
-72.5299069,-40.0126191,60
-72.5297993,-40.012606,60
-72.5296718,-40.0125913,60
-72.5295449,-40.0125755,60
-72.5293966,-40.0125577,60
-72.5292387,-40.0125385,60
-72.529096,-40.0125219,60
-72.5289416,-40.0125038,60
-72.5287884,-40.0124852,60
-72.5286355,-40.0124666,60
-72.5284977,-40.0124501,60
-72.5283441,-40.0124316,60
-72.5281914,-40.012413,60
-72.5280541,-40.012396,60
-72.5279023,-40.0123772,60
-72.5277639,-40.0123598,60
-72.5276108,-40.0123412,60
-72.5274589,-40.0123224,60
-72.5273219,-40.0123058,60
-72.527153,-40.0122859,60
-72.5270232,-40.0122701,60
-72.5268883,-40.0122537,60
-72.5267399,-40.0122347,60
-72.5265977,-40.0122169,60
-72.526465,-40.0122003,60
-72.5263101,-40.0121823,60
-72.5261543,-40.0121643,60
-72.526024,-40.0121495,60
-72.5259033,-40.012135,60
-72.5257972,-40.0121232,60
-72.5256902,-40.0121137,60
-72.5256048,-40.0121193,60
-72.5255446,-40.0121574,60
-72.5255074,-40.0122146,60
-72.525488,-40.0122687,60
-72.5255137,-40.012307,60
-72.5255643,-40.0123239,60
-72.5256343,-40.0123333,60
-72.5257287,-40.0123452,60
-72.5258318,-40.0123577,60
-72.5259647,-40.0123747,60
-72.5260864,-40.0123885,60
-72.5261807,-40.012399,60
-72.5262863,-40.0124104,60
-72.5263906,-40.0124247,60
-72.5264921,-40.0124369,60
-72.526617,-40.0124528,60
-72.5267536,-40.0124694,60
-72.5268866,-40.0124859,60
-72.5270423,-40.0125051,60
-72.5271982,-40.0125244,60
-72.5273523,-40.0125427,60
-72.5274904,-40.0125594,60
-72.5276442,-40.0125784,60
-72.5277805,-40.012595,60
-72.5279788,-40.0126188,60
-72.5280861,-40.0126322,60
-72.5282392,-40.0126501,60
-72.5283748,-40.0126662,60
-72.5285274,-40.0126853,60
-72.5286823,-40.0127044,60
-72.5288207,-40.0127211,60
-72.5289739,-40.0127401,60
-72.5291273,-40.0127583,60
-72.5292648,-40.0127744,60
-72.5294162,-40.0127927,60
-72.5295359,-40.0128074,60
-72.5296785,-40.0128246,60
-72.5298285,-40.0128433,60
-72.5299683,-40.0128602,60
-72.5301232,-40.0128794,60
-72.5302577,-40.0129029,60
-72.5303435,-40.0129361,60
-72.5304106,-40.0130025,60
-72.5304516,-40.0130767,60
-72.5304568,-40.0131135,60
-72.5304222,-40.0131385,60
-72.530368,-40.0131397,60
-72.5303079,-40.0131325,60
-72.530217,-40.0131217,60
-72.5301047,-40.0131078,60
-72.5299726,-40.0130916,60
-72.5298452,-40.0130765,60
-72.5297315,-40.0130635,60
-72.5296608,-40.0130553,60
-72.5296144,-40.0130496,60
-72.5295449,-40.0130418,60
-72.5294838,-40.0130352,60
-72.5294274,-40.0130282,60
-72.5293576,-40.013019,60
-72.5292749,-40.0130098,60
-72.5291834,-40.012998,60
-72.5290768,-40.0129858,60
-72.5289711,-40.0129732,60
-72.5288622,-40.0129594,60
-72.528725,-40.0129422,60
-72.5285783,-40.0129239,60
-72.5284428,-40.0129067,60
-72.5282884,-40.0128887,60
-72.5281337,-40.0128693,60
-72.5279958,-40.0128526,60
-72.527842,-40.0128344,60
-72.5276895,-40.0128155,60
-72.5275528,-40.0127989,60
-72.5274007,-40.0127806,60
-72.5272635,-40.0127636,60
-72.5271101,-40.0127448,60
-72.5269574,-40.012726,60
-72.5268051,-40.0127076,60
-72.5266711,-40.0126927,60
-72.5265212,-40.0126738,60
-72.5263708,-40.0126561,60
-72.5262325,-40.0126386,60
-72.5260751,-40.0126197,60
-72.5259204,-40.012601,60
-72.5257826,-40.0125844,60
-72.5256296,-40.0125664,60
-72.5254819,-40.0125509,60
-72.525383,-40.0125496,60
-72.5253266,-40.0125723,60
-72.5252903,-40.0126221,60
-72.5252722,-40.0126766,60
-72.5252796,-40.0127257,60
-72.5253274,-40.0127559,60
-72.525388,-40.0127672,60
-72.5254811,-40.0127796,60
-72.5255788,-40.0127914,60
-72.5257046,-40.0128068,60
-72.5258292,-40.0128227,60
-72.5259755,-40.0128399,60
-72.5261196,-40.0128581,60
-72.5262543,-40.0128747,60
-72.5264095,-40.0128938,60
-72.5265568,-40.012911,60
-72.5266957,-40.0129282,60
-72.5268383,-40.0129442,60
-72.5269616,-40.0129589,60
-72.5270728,-40.0129733,60
-72.5272084,-40.0129903,60
-72.5273557,-40.0130081,60
-72.5274959,-40.0130251,60
-72.5276471,-40.0130431,60
-72.5277965,-40.0130616,60
-72.5279352,-40.0130797,60
-72.5280879,-40.0130983,60
-72.5282252,-40.0131135,60
-72.5283574,-40.0131287,60
-72.5284919,-40.0131455,60
-72.5286379,-40.0131637,60
-72.5287716,-40.0131794,60
-72.5288918,-40.013194,60
-72.5290024,-40.0132071,60
-72.5291105,-40.0132207,60
-72.5292245,-40.0132346,60
-72.5293185,-40.0132451,60
-72.5294026,-40.0132555,60
-72.5295017,-40.0132677,60
-72.5296107,-40.0132808,60
-72.529723,-40.0132945,60
-72.5298127,-40.0133054,60
-72.5298971,-40.0133156,60
-72.5299584,-40.0133234,60
-72.53002,-40.0133309,60
-72.5301094,-40.0133415,60
-72.5302026,-40.0133527,60
-72.530329,-40.0133691,60
-72.530466,-40.0133866,60
-72.5306035,-40.013409,60
-72.5306896,-40.0134427,60
-72.5307583,-40.0135072,60
-72.5308026,-40.0135809,60
-72.5308106,-40.0136191,60
-72.5307774,-40.0136459,60
-72.5307236,-40.0136477,60
-72.5306642,-40.0136415,60
-72.5305739,-40.0136307,60
-72.5304615,-40.0136168,60
-72.5303315,-40.0136007,60
-72.5302006,-40.013585,60
-72.5300607,-40.0135688,60
-72.5299754,-40.0135584,60
-72.5299154,-40.0135519,60
-72.5298731,-40.0135474,60
-72.5298081,-40.013539,60
-72.5297413,-40.01353,60
-72.5296496,-40.0135188,60
-72.5295514,-40.0135067,60
-72.5294258,-40.0134913,60
-72.5292854,-40.0134736,60
-72.5291497,-40.0134569,60
-72.5289964,-40.0134387,60
-72.5288415,-40.0134199,60
-72.5286872,-40.0134016,60
-72.5285466,-40.013385,60
-72.5283932,-40.0133666,60
-72.5282565,-40.0133497,60
-72.5281139,-40.0133324,60
-72.5280121,-40.0133189,60
-72.5279233,-40.0133096,60
-72.5278066,-40.0132949,60
-72.5276821,-40.0132799,60
-72.5275848,-40.0132677,60
-72.5274656,-40.0132531,60
-72.5273437,-40.0132383,60
-72.5272251,-40.013224,60
-72.5270845,-40.0132061,60
-72.5269321,-40.0131876,60
-72.526779,-40.0131695,60
-72.5266403,-40.0131531,60
-72.5264858,-40.0131345,60
-72.5263703,-40.0131205,60
-72.5262617,-40.0131076,60
-72.5261353,-40.0130923,60
-72.5259961,-40.0130749,60
-72.5258594,-40.0130574,60
-72.5257021,-40.0130387,60
-72.5255447,-40.01302,60
-72.5254059,-40.0130032,60
-72.5252701,-40.0129914,60
-72.5251947,-40.0129961,60
-72.5251399,-40.0130312,60
-72.5251107,-40.0130858,60
-72.525099,-40.0131397,60
-72.5251208,-40.0131827,60
-72.5251783,-40.0132055,60
-72.5252506,-40.0132157,60
-72.5253351,-40.0132262,60
-72.5254491,-40.0132407,60
-72.5255818,-40.0132571,60
-72.5257126,-40.013273,60
-72.5258674,-40.013292,60
-72.5260246,-40.0133108,60
-72.5261744,-40.0133282,60
-72.526309,-40.0133456,60
-72.5264637,-40.0133644,60
-72.5266172,-40.0133824,60
-72.5267532,-40.0133994,60
-72.5268873,-40.0134148,60
-72.5269869,-40.0134268,60
-72.5270599,-40.0134363,60
-72.5271098,-40.0134424,60
-72.5271589,-40.0134483,60
-72.5272335,-40.0134575,60
-72.5273267,-40.0134695,60
-72.5274246,-40.0134807,60
-72.5275284,-40.0134934,60
-72.5276423,-40.0135074,60
-72.5277619,-40.0135218,60
-72.5279058,-40.0135393,60
-72.5280607,-40.0135579,60
-72.5282155,-40.0135761,60
-72.528344,-40.0135911,60
-72.5284875,-40.0136092,60
-72.5286365,-40.013627,60
-72.5287694,-40.0136426,60
-72.5289218,-40.0136624,60
-72.5290804,-40.0136813,60
-72.5292221,-40.0136988,60
-72.5293746,-40.0137164,60
-72.5295053,-40.0137329,60
-72.5296584,-40.0137514,60
-72.5298037,-40.0137683,60
-72.5299378,-40.0137858,60
-72.5300975,-40.0138057,60
-72.5302491,-40.0138234,60
-72.5303867,-40.0138404,60
-72.5305215,-40.0138566,60
-72.5306745,-40.0138753,60
-72.5308063,-40.0138918,60
-72.5309287,-40.0139101,60
-72.5310305,-40.0139435,60
-72.5311028,-40.0140057,60
-72.5311483,-40.0140728,60
-72.531167,-40.0141215,60
-72.5311395,-40.0141506,60
-72.5310926,-40.0141553,60
-72.5310297,-40.0141487,60
-72.5309441,-40.014139,60
-72.5308479,-40.0141279,60
-72.5307229,-40.0141125,60
-72.5305832,-40.0140955,60
-72.5304493,-40.0140788,60
-72.530292,-40.0140598,60
-72.5301633,-40.0140449,60
-72.5300216,-40.0140265,60
-72.529881,-40.0140103,60
-72.5297711,-40.0139965,60
-72.5296546,-40.0139834,60
-72.5295164,-40.0139678,60
-72.5294067,-40.0139547,60
-72.5292605,-40.013936,60
-72.5291131,-40.0139188,60
-72.5289666,-40.0139007,60
-72.5288264,-40.0138836,60
-72.52868,-40.0138656,60
-72.5285463,-40.013849,60
-72.5284107,-40.0138317,60
-72.5282528,-40.0138139,60
-72.5281091,-40.0137974,60
-72.5279578,-40.0137794,60
-72.5278064,-40.0137609,60
-72.5276555,-40.0137422,60
-72.5275209,-40.0137256,60
-72.5273687,-40.0137068,60
-72.5272006,-40.0136855,60
-72.5270783,-40.0136702,60
-72.5269366,-40.0136533,60
-72.5268358,-40.0136413,60
-72.5267705,-40.0136339,60
-72.5267064,-40.0136269,60
-72.5266448,-40.0136194,60
-72.5265673,-40.0136093,60
-72.5264604,-40.0135963,60
-72.5263345,-40.01358,60
-72.5262069,-40.0135644,60
-72.5260543,-40.0135459,60
-72.5258971,-40.0135266,60
-72.5257574,-40.0135099,60
-72.5256045,-40.0134913,60
-72.5254507,-40.0134736,60
-72.5253134,-40.0134573,60
-72.5251485,-40.0134385,60
-72.5250531,-40.0134349,60
-72.5249929,-40.0134522,60
-72.5249518,-40.0134998,60
-72.524932,-40.0135531,60
-72.5249327,-40.0136062,60
-72.5249758,-40.0136409,60
-72.5250414,-40.0136549,60
-72.5251143,-40.0136642,60
-72.5252181,-40.0136772,60
-72.5253287,-40.0136905,60
-72.5254671,-40.0137078,60
-72.5256175,-40.0137258,60
-72.5257743,-40.0137449,60
-72.5259137,-40.0137615,60
-72.5260654,-40.0137804,60
-72.5262043,-40.0137969,60
-72.526355,-40.0138157,60
-72.5264931,-40.0138319,60
-72.5265991,-40.0138447,60
-72.5266645,-40.0138526,60
-72.5267014,-40.0138566,60
-72.5267049,-40.0138575,60
-72.5267156,-40.0138577,60
-72.5267689,-40.0138656,60
-72.5268244,-40.0138729,60
-72.5268879,-40.0138808,60
-72.5269789,-40.0138921,60
-72.5270965,-40.0139057,60
-72.5271574,-40.0139129,60
-72.5272585,-40.0139248,60
-72.527384,-40.0139411,60
-72.5275067,-40.0139559,60
-72.527655,-40.0139743,60
-72.5278137,-40.0139927,60
-72.5279557,-40.0140099,60
-72.5281109,-40.0140277,60
-72.5282628,-40.014046,60
-72.5283781,-40.01406,60
-72.5284994,-40.0140758,60
-72.5286244,-40.014091,60
-72.5287239,-40.0141019,60
-72.5288445,-40.0141175,60
-72.5289852,-40.0141354,60
-72.529114,-40.0141506,60
-72.5292533,-40.0141664,60
-72.5293952,-40.0141851,60
-72.5295423,-40.0142026,60
-72.5296575,-40.0142145,60
-72.5297741,-40.0142302,60
-72.5298926,-40.0142453,60
-72.5300356,-40.0142615,60
-72.5301831,-40.0142801,60
-72.5303237,-40.0142981,60
-72.530478,-40.0143159,60
-72.5306264,-40.0143345,60
-72.5307824,-40.0143531,60
-72.5309213,-40.0143699,60
-72.531074,-40.0143879,60
-72.5312117,-40.0144056,60
-72.5313366,-40.0144295,60
-72.5314233,-40.0144771,60
-72.5314828,-40.0145489,60
-72.5315157,-40.0146074,60
-72.5315088,-40.0146469,60
-72.5314697,-40.0146623,60
-72.5314182,-40.0146599,60
-72.5313471,-40.014652,60
-72.5312598,-40.0146418,60
-72.5311462,-40.0146283,60
-72.5310176,-40.0146121,60
-72.5308775,-40.0145958,60
-72.5307416,-40.0145779,60
-72.5305872,-40.0145607,60
-72.5304588,-40.0145456,60
-72.5303404,-40.0145311,60
-72.530294,-40.0145252,60
-72.5302742,-40.0145241,60
-72.5302379,-40.0145197,60
-72.5301736,-40.0145119,60
-72.5300817,-40.0145003,60
-72.5299817,-40.0144878,60
-72.5298617,-40.0144722,60
-72.5297361,-40.0144588,60
-72.5296696,-40.0144506,60
-72.5296218,-40.014445,60
-72.5295746,-40.0144394,60
-72.5295175,-40.014432,60
-72.5294413,-40.014423,60
-72.529346,-40.0144113,60
-72.5292441,-40.0143987,60
-72.5291079,-40.0143812,60
-72.5289824,-40.0143671,60
-72.5288561,-40.014351,60
-72.5287048,-40.0143331,60
-72.5285488,-40.0143149,60
-72.5284093,-40.0142983,60
-72.5282556,-40.0142796,60
-72.5281024,-40.014261,60
-72.5279641,-40.0142443,60
-72.5278105,-40.0142258,60
-72.5276581,-40.0142066,60
-72.5275052,-40.0141877,60
-72.5273679,-40.0141715,60
-72.5272157,-40.0141527,60
-72.5270635,-40.0141339,60
-72.5269241,-40.0141171,60
-72.5267736,-40.0140994,60
-72.5266637,-40.0140855,60
-72.5265792,-40.0140753,60
-72.5265116,-40.0140679,60
-72.5264792,-40.0140645,60
-72.5264507,-40.0140609,60
-72.5264462,-40.0140599,60
-72.526413,-40.0140549,60
-72.52636,-40.0140481,60
-72.5262741,-40.0140366,60
-72.5261746,-40.0140247,60
-72.5260464,-40.014009,60
-72.5259091,-40.0139921,60
-72.5257605,-40.0139745,60
-72.52562,-40.0139577,60
-72.5254638,-40.0139395,60
-72.5253245,-40.0139228,60
-72.5251558,-40.0139025,60
-72.5250187,-40.0138862,60
-72.5248991,-40.0138783,60
-72.5248347,-40.013891,60
-72.5247877,-40.0139343,60
-72.5247625,-40.0139911,60
-72.5247579,-40.0140413,60
-72.524793,-40.0140791,60
-72.5248491,-40.014095,60
-72.5249245,-40.0141056,60
-72.5250228,-40.0141179,60
-72.5251308,-40.0141314,60
-72.5252805,-40.0141499,60
-72.525429,-40.0141681,60
-72.5255543,-40.0141835,60
-72.5257107,-40.0142025,60
-72.5258661,-40.0142211,60
-72.5260025,-40.0142371,60
-72.526153,-40.0142561,60
-72.5262773,-40.014271,60
-72.5263583,-40.0142809,60
-72.5264165,-40.0142873,60
-72.5264613,-40.0142929,60
-72.5264929,-40.0142964,60
-72.5265379,-40.0143017,60
-72.5265861,-40.014308,60
-72.5266163,-40.0143113,60
-72.5266726,-40.0143184,60
-72.5267619,-40.0143299,60
-72.5268509,-40.0143403,60
-72.5269634,-40.0143538,60
-72.5270936,-40.0143703,60
-72.5272366,-40.014387,60
-72.5273745,-40.0144039,60
-72.5275307,-40.0144229,60
-72.5276861,-40.0144414,60
-72.5278251,-40.0144578,60
-72.5279939,-40.014478,60
-72.5281266,-40.0144947,60
-72.5282728,-40.0145128,60
-72.5284106,-40.0145297,60
-72.5285672,-40.0145484,60
-72.5287213,-40.0145671,60
-72.5288599,-40.0145838,60
-72.5290133,-40.0146025,60
-72.529166,-40.0146209,60
-72.5293036,-40.0146378,60
-72.529456,-40.0146568,60
-72.5296082,-40.0146753,60
-72.5297379,-40.0146912,60
-72.5298827,-40.0147094,60
-72.5300315,-40.0147268,60
-72.5301707,-40.0147444,60
-72.5303276,-40.0147629,60
-72.5304693,-40.01478,60
-72.5305967,-40.0147958,60
-72.530745,-40.0148141,60
-72.5308928,-40.0148307,60
-72.5310277,-40.0148481,60
-72.5311733,-40.0148639,60
-72.5312796,-40.0148767,60
-72.5313968,-40.0148915,60
-72.531514,-40.0149067,60
-72.5316326,-40.0149251,60
-72.5316855,-40.0149479,60
-72.5317056,-40.0149931,60
-72.5316934,-40.0150438,60
-72.5316661,-40.015095,60
-72.5316125,-40.0151322,60
-72.531538,-40.015138,60
-72.5314655,-40.0151306,60
-72.531365,-40.0151184,60
-72.5312436,-40.0151033,60
-72.5311201,-40.0150888,60
-72.5309716,-40.0150706,60
-72.5308155,-40.0150518,60
-72.530658,-40.015034,60
-72.5305179,-40.0150179,60
-72.5303643,-40.0149991,60
-72.530211,-40.0149804,60
-72.5300753,-40.0149638,60
-72.5299242,-40.014945,60
-72.5297723,-40.0149267,60
-72.5296343,-40.01491,60
-72.5294799,-40.0148915,60
-72.5293262,-40.0148733,60
-72.5291883,-40.0148567,60
-72.5290354,-40.014838,60
-72.5288818,-40.0148191,60
-72.5287441,-40.0148027,60
-72.528591,-40.0147839,60
-72.5284529,-40.0147675,60
-72.5282997,-40.014749,60
-72.5281468,-40.0147306,60
-72.528017,-40.014715,60
-72.5279085,-40.0146999,60
-72.5277699,-40.0146832,60
-72.5276173,-40.0146652,60
-72.5274727,-40.0146476,60
-72.5273136,-40.014629,60
-72.5271736,-40.0146124,60
-72.5270189,-40.0145939,60
-72.5268648,-40.0145747,60
-72.5267272,-40.0145572,60
-72.5265647,-40.0145383,60
-72.5264661,-40.0145258,60
-72.5264078,-40.0145206,60
-72.5263982,-40.0145196,60
-72.526396,-40.0145188,60
-72.5263695,-40.0145147,60
-72.5263228,-40.0145085,60
-72.5262363,-40.0144975,60
-72.5261283,-40.0144843,60
-72.5260211,-40.0144712,60
-72.5258839,-40.0144542,60
-72.5257294,-40.0144358,60
-72.5255858,-40.0144189,60
-72.52543,-40.0144003,60
-72.5252754,-40.0143818,60
-72.5251369,-40.0143648,60
-72.5249838,-40.0143468,60
-72.5248307,-40.0143285,60
-72.5247157,-40.0143214,60
-72.5246293,-40.0143377,60
-72.524565,-40.0143859,60
-72.5245241,-40.0144407,60
-72.5245122,-40.0144853,60
-72.5245463,-40.0145175,60
-72.5246044,-40.0145308,60
-72.5246704,-40.0145391,60
-72.5247683,-40.0145517,60
-72.5248868,-40.0145668,60
-72.5250082,-40.0145816,60
-72.5251541,-40.0145989,60
-72.5252884,-40.0146157,60
-72.525446,-40.0146344,60
-72.5256003,-40.0146528,60
-72.5257362,-40.0146688,60
-72.5258779,-40.0146867,60
-72.5260194,-40.014704,60
-72.5261451,-40.0147192,60
-72.5262712,-40.0147339,60
-72.5263583,-40.0147438,60
-72.5264172,-40.0147505,60
-72.5264677,-40.0147575,60
-72.5265001,-40.0147621,60
-72.5265199,-40.0147647,60
-72.5265646,-40.01477,60
-72.5266088,-40.0147754,60
-72.5266519,-40.0147799,60
-72.5267073,-40.0147864,60
-72.5267725,-40.0147944,60
-72.5268427,-40.014803,60
-72.526943,-40.0148151,60
-72.527061,-40.0148299,60
-72.527195,-40.0148467,60
-72.5273221,-40.0148622,60
-72.527464,-40.01488,60
-72.5276146,-40.0148983,60
-72.5277686,-40.014917,60
-72.5279123,-40.0149341,60
-72.5280702,-40.0149527,60
-72.5282089,-40.0149696,60
-72.528361,-40.0149877,60
-72.5284989,-40.0150049,60
-72.5286521,-40.0150239,60
-72.5288202,-40.0150448,60
-72.528957,-40.0150611,60
-72.5290942,-40.0150778,60
-72.5292468,-40.0150966,60
-72.5293989,-40.0151146,60
-72.5295487,-40.015133,60
-72.5296862,-40.0151495,60
-72.5298397,-40.0151681,60
-72.5299693,-40.015184,60
-72.5301209,-40.0152026,60
-72.5302695,-40.0152208,60
-72.530387,-40.015234,60
-72.5304842,-40.0152452,60
-72.5305642,-40.0152558,60
-72.5306273,-40.0152632,60
-72.5307007,-40.0152718,60
-72.5307758,-40.0152813,60
-72.5308335,-40.0152874,60
-72.5308961,-40.0152945,60
-72.5309683,-40.015304,60
-72.5310495,-40.0153139,60
-72.5311628,-40.0153279,60
-72.5312918,-40.0153439,60
-72.5314265,-40.0153625,60
-72.5314972,-40.01538,60
-72.5315341,-40.0154162,60
-72.5315368,-40.0154591,60
-72.5315154,-40.0155141,60
-72.5314789,-40.0155602,60
-72.5314116,-40.0155834,60
-72.5313333,-40.0155786,60
-72.5312415,-40.0155677,60
-72.5311395,-40.0155557,60
-72.5310154,-40.0155407,60
-72.5308842,-40.0155231,60
-72.5307387,-40.0155072,60
-72.5305968,-40.0154909,60
-72.5304394,-40.0154723,60
-72.5303008,-40.0154554,60
-72.5301487,-40.0154369,60
-72.5299983,-40.0154187,60
-72.5298598,-40.0154019,60
-72.5297079,-40.015384,60
-72.5295594,-40.0153657,60
-72.5294255,-40.015349,60
-72.5292746,-40.015331,60
-72.5291228,-40.0153121,60
-72.52898,-40.0152954,60
-72.528823,-40.0152765,60
-72.5286845,-40.01526,60
-72.5285312,-40.0152415,60
-72.5283785,-40.0152232,60
-72.5282259,-40.0152049,60
-72.5280878,-40.0151882,60
-72.5279349,-40.0151691,60
-72.5277829,-40.0151503,60
-72.5276453,-40.0151339,60
-72.5274916,-40.0151159,60
-72.5273386,-40.0150966,60
-72.5272012,-40.0150802,60
-72.5270486,-40.0150616,60
-72.5268971,-40.0150431,60
-72.5267591,-40.0150268,60
-72.5266074,-40.0150082,60
-72.5264607,-40.0149898,60
-72.5263278,-40.0149733,60
-72.5262008,-40.0149585,60
-72.5261283,-40.0149511,60
-72.5260694,-40.0149444,60
-72.5259786,-40.0149329,60
-72.5258683,-40.0149191,60
-72.5257534,-40.014904,60
-72.5256274,-40.0148879,60
-72.5255407,-40.0148771,60
-72.5254579,-40.0148688,60
-72.5253481,-40.0148546,60
-72.5252194,-40.0148393,60
-72.5250876,-40.0148233,60
-72.5249365,-40.0148045,60
-72.5247791,-40.0147862,60
-72.5246398,-40.014769,60
-72.5244863,-40.0147509,60
-72.5243604,-40.014744,60
-72.524285,-40.0147621,60
-72.5242202,-40.0148098,60
-72.5241774,-40.0148692,60
-72.5241709,-40.0149132,60
-72.524203,-40.014941,60
-72.5242624,-40.0149539,60
-72.5243379,-40.0149637,60
-72.5244278,-40.0149748,60
-72.5245475,-40.0149896,60
-72.5246838,-40.0150068,60
-72.5248158,-40.0150226,60
-72.5249656,-40.0150414,60
-72.5251198,-40.0150599,60
-72.5252617,-40.0150764,60
-72.5254097,-40.0150942,60
-72.5255585,-40.015113,60
-72.5257105,-40.0151316,60
-72.5258413,-40.0151471,60
-72.5259925,-40.0151655,60
-72.5261224,-40.0151802,60
-72.5262539,-40.0151972,60
-72.5263859,-40.0152122,60
-72.5264926,-40.0152252,60
-72.5265954,-40.0152363,60
-72.5266929,-40.0152496,60
-72.5267683,-40.0152586,60
-72.5268486,-40.0152681,60
-72.5269227,-40.0152772,60
-72.5270142,-40.0152888,60
-72.5271189,-40.0153021,60
-72.5272401,-40.0153172,60
-72.5273761,-40.015334,60
-72.5275089,-40.0153506,60
-72.527664,-40.0153692,60
-72.527818,-40.0153873,60
-72.5279515,-40.0154032,60
-72.528091,-40.0154209,60
-72.5282477,-40.0154397,60
-72.5284022,-40.015458,60
-72.5285398,-40.0154747,60
-72.5286932,-40.0154934,60
-72.5288375,-40.01551,60
-72.5289885,-40.0155294,60
-72.529129,-40.0155469,60
-72.5292844,-40.0155651,60
-72.5294378,-40.0155839,60
-72.5295751,-40.0156005,60
-72.5297278,-40.0156193,60
-72.5298651,-40.0156364,60
-72.5300181,-40.0156549,60
-72.5301701,-40.0156724,60
-72.5303239,-40.0156914,60
-72.5304602,-40.0157075,60
-72.5305927,-40.0157235,60
-72.5307054,-40.0157379,60
-72.5308443,-40.0157551,60
-72.5309927,-40.0157734,60
-72.5311489,-40.0157921,60
-72.5312716,-40.0158079,60
-72.5313416,-40.0158318,60
-72.5313703,-40.0158726,60
-72.5313633,-40.0159178,60
-72.5313377,-40.0159739,60
-72.5312954,-40.0160141,60
-72.5312238,-40.0160271,60
-72.5311438,-40.0160206,60
-72.5310461,-40.0160093,60
-72.53094,-40.0159964,60
-72.5308064,-40.0159802,60
-72.53066,-40.0159622,60
-72.5305209,-40.0159456,60
-72.530365,-40.0159271,60
-72.5302099,-40.0159089,60
-72.5300557,-40.0158904,60
-72.5299189,-40.0158734,60
-72.5297663,-40.0158554,60
-72.5296142,-40.015837,60
-72.529477,-40.0158207,60
-72.5293247,-40.0158026,60
-72.5291896,-40.0157867,60
-72.5290596,-40.01577,60
-72.5289161,-40.0157521,60
-72.528777,-40.0157353,60
-72.5286182,-40.0157162,60
-72.5284616,-40.0156977,60
-72.528323,-40.0156812,60
-72.5281696,-40.0156625,60
-72.5280176,-40.0156441,60
-72.52788,-40.0156275,60
-72.5277266,-40.0156087,60
-72.5275742,-40.0155899,60
-72.5274363,-40.0155736,60
-72.5272822,-40.0155555,60
-72.527129,-40.0155366,60
-72.5269918,-40.0155193,60
-72.5268384,-40.0155007,60
-72.5266898,-40.0154823,60
-72.5265603,-40.0154667,60
-72.5264579,-40.0154537,60
-72.5263757,-40.0154449,60
-72.5262939,-40.0154353,60
-72.5261811,-40.0154215,60
-72.5260524,-40.0154049,60
-72.5259233,-40.0153889,60
-72.525778,-40.0153702,60
-72.5256435,-40.0153546,60
-72.525515,-40.0153393,60
-72.5253654,-40.0153207,60
-72.5252172,-40.0153029,60
-72.5250603,-40.0152845,60
-72.5249194,-40.0152677,60
-72.5247953,-40.0152527,60
-72.5247152,-40.0152428,60
-72.5246331,-40.015234,60
-72.524569,-40.0152264,60
-72.5245472,-40.0152231,60
-72.5245403,-40.0152221,60
-72.5245151,-40.0152175,60
-72.524465,-40.0152121,60
-72.5243791,-40.0152022,60
-72.5242719,-40.0151886,60
-72.524189,-40.0151795,60
-72.5241067,-40.0151702,60
-72.5240099,-40.0151683,60
-72.5239385,-40.0151785,60
-72.523865,-40.0152227,60
-72.5238342,-40.0152795,60
-72.523823,-40.0153253,60
-72.5238516,-40.0153602,60
-72.5239083,-40.0153751,60
-72.5239716,-40.0153831,60
-72.5240662,-40.0153948,60
-72.5241775,-40.0154086,60
-72.5243068,-40.0154248,60
-72.5244372,-40.0154411,60
-72.524589,-40.0154594,60
-72.5247462,-40.015478,60
-72.5248799,-40.0154931,60
-72.5250103,-40.0155097,60
-72.5251543,-40.0155278,60
-72.5252854,-40.0155438,60
-72.5254322,-40.0155622,60
</coordinates></LineString>
</Placemark>
<Placemark>
<name>DJI_202603241117_001_FRANCIA001_Timestamp.MRK</name>
<description>Equipo: M3E | Fecha: 24-03-2026 | Puntos: 1188</description>
<styleUrl>#m3e</styleUrl>
<LineString><altitudeMode>relativeToGround</altitudeMode><coordinates>
-72.52545,-40.0155634,60
-72.52548,-40.015567,60
-72.5255443,-40.0155752,60
-72.5256357,-40.0155869,60
-72.5257479,-40.0156012,60
-72.5258618,-40.015615,60
-72.5259996,-40.0156321,60
-72.526128,-40.0156479,60
-72.5262762,-40.0156663,60
-72.5264327,-40.0156843,60
-72.5265763,-40.0157006,60
-72.526731,-40.015719,60
-72.5268684,-40.0157352,60
-72.5270131,-40.0157539,60
-72.5271495,-40.0157707,60
-72.5273072,-40.0157891,60
-72.5274639,-40.0158092,60
-72.5276037,-40.015826,60
-72.5277569,-40.0158442,60
-72.5278939,-40.0158609,60
-72.5280462,-40.0158796,60
-72.5281994,-40.0158981,60
-72.5283512,-40.0159161,60
-72.528488,-40.0159333,60
-72.5286412,-40.0159515,60
-72.5287788,-40.0159684,60
-72.5289312,-40.0159867,60
-72.5290831,-40.0160055,60
-72.529221,-40.0160223,60
-72.5293889,-40.0160422,60
-72.5295255,-40.0160591,60
-72.5296642,-40.0160757,60
-72.5298164,-40.0160938,60
-72.5299686,-40.0161127,60
-72.5301217,-40.0161303,60
-72.5302584,-40.0161476,60
-72.5304085,-40.0161656,60
-72.5305305,-40.0161803,60
-72.5306733,-40.0161984,60
-72.5308287,-40.0162188,60
-72.5309675,-40.0162347,60
-72.5310622,-40.0162442,60
-72.5311514,-40.0162641,60
-72.5311963,-40.0162961,60
-72.5312021,-40.0163399,60
-72.5311857,-40.0163924,60
-72.5311475,-40.0164458,60
-72.5310922,-40.0164703,60
-72.5310171,-40.0164707,60
-72.53093,-40.0164611,60
-72.5308327,-40.0164489,60
-72.5306916,-40.0164319,60
-72.5305628,-40.0164155,60
-72.5304254,-40.0163982,60
-72.5302684,-40.0163797,60
-72.5301133,-40.0163614,60
-72.5299753,-40.0163453,60
-72.5298215,-40.0163268,60
-72.5296838,-40.0163105,60
-72.5295318,-40.0162915,60
-72.5293795,-40.0162734,60
-72.5292267,-40.0162553,60
-72.529089,-40.0162386,60
-72.5289361,-40.0162203,60
-72.5287833,-40.0162019,60
-72.5286457,-40.0161851,60
-72.5284928,-40.0161663,60
-72.5283555,-40.0161497,60
-72.528202,-40.0161309,60
-72.5280486,-40.0161124,60
-72.5279111,-40.0160952,60
-72.5277592,-40.0160771,60
-72.5276072,-40.0160582,60
-72.5274691,-40.0160419,60
-72.5273208,-40.0160233,60
-72.5271637,-40.0160047,60
-72.5270285,-40.0159891,60
-72.5268834,-40.0159707,60
-72.52673,-40.0159518,60
-72.5265906,-40.0159347,60
-72.5264354,-40.0159164,60
-72.5262817,-40.0158971,60
-72.5261443,-40.0158806,60
-72.5259916,-40.0158632,60
-72.5258382,-40.0158439,60
-72.5257001,-40.0158274,60
-72.5255472,-40.015809,60
-72.5253947,-40.0157898,60
-72.5252787,-40.0157761,60
-72.5251527,-40.0157612,60
-72.5250111,-40.0157427,60
-72.5248745,-40.0157255,60
-72.5247419,-40.0157101,60
-72.5246025,-40.0156936,60
-72.524471,-40.0156773,60
-72.5243148,-40.0156578,60
-72.5241584,-40.0156398,60
-72.5240204,-40.0156229,60
-72.5238913,-40.0156072,60
-72.523758,-40.0155931,60
-72.5236525,-40.0155916,60
-72.5235786,-40.0156091,60
-72.5235177,-40.0156604,60
-72.5234865,-40.0157211,60
-72.5234868,-40.015763,60
-72.5235273,-40.0157915,60
-72.5235827,-40.0158017,60
-72.5236598,-40.0158113,60
-72.5237617,-40.0158238,60
-72.5238695,-40.0158372,60
-72.5240038,-40.0158531,60
-72.5241519,-40.0158718,60
-72.5243058,-40.0158902,60
-72.5244467,-40.015907,60
-72.5245996,-40.0159255,60
-72.5247539,-40.0159441,60
-72.524886,-40.01596,60
-72.525039,-40.0159786,60
-72.5251928,-40.0159972,60
-72.5253302,-40.0160135,60
-72.525483,-40.0160321,60
-72.5256352,-40.016051,60
-72.5257732,-40.0160672,60
-72.5259232,-40.0160862,60
-72.5260772,-40.0161053,60
-72.5262153,-40.0161209,60
-72.5263683,-40.0161401,60
-72.5265069,-40.0161572,60
-72.5266573,-40.016175,60
-72.5267998,-40.0161926,60
-72.5269344,-40.016209,60
-72.5270628,-40.0162233,60
-72.5271984,-40.0162414,60
-72.5273489,-40.01626,60
-72.5274897,-40.0162769,60
-72.5276448,-40.0162954,60
-72.5277984,-40.0163137,60
-72.5279346,-40.0163306,60
-72.528086,-40.0163492,60
-72.5282235,-40.0163658,60
-72.5283771,-40.016385,60
-72.5285296,-40.0164036,60
-72.5286825,-40.016422,60
-72.5288196,-40.0164383,60
-72.5289711,-40.016457,60
-72.5291249,-40.0164757,60
-72.5292618,-40.0164921,60
-72.5294151,-40.0165107,60
-72.5295541,-40.0165275,60
-72.5297049,-40.0165458,60
-72.529859,-40.0165639,60
-72.5299924,-40.0165799,60
-72.530141,-40.0165985,60
-72.5302916,-40.0166167,60
-72.5304353,-40.0166342,60
-72.530553,-40.0166481,60
-72.5306948,-40.0166663,60
-72.5308461,-40.016685,60
-72.530958,-40.016701,60
-72.5310319,-40.0167235,60
-72.5310432,-40.0167701,60
-72.5310246,-40.016821,60
-72.5309921,-40.0168783,60
-72.5309413,-40.0169099,60
-72.5308672,-40.0169152,60
-72.5307841,-40.0169071,60
-72.53068,-40.0168944,60
-72.5305688,-40.0168806,60
-72.5304293,-40.016864,60
-72.5302941,-40.0168475,60
-72.5301379,-40.0168293,60
-72.5299818,-40.0168113,60
-72.5298278,-40.016793,60
-72.5296899,-40.0167763,60
-72.5295465,-40.016759,60
-72.5294074,-40.0167415,60
-72.5292644,-40.0167238,60
-72.5291065,-40.0167048,60
-72.5289509,-40.0166865,60
-72.528813,-40.0166694,60
-72.528658,-40.016651,60
-72.5285208,-40.016634,60
-72.5283675,-40.0166158,60
-72.5282142,-40.0165973,60
-72.5280769,-40.0165807,60
-72.5279238,-40.0165617,60
-72.527771,-40.0165435,60
-72.5276187,-40.0165243,60
-72.5274799,-40.0165078,60
-72.5273273,-40.0164895,60
-72.5271735,-40.0164709,60
-72.5270351,-40.0164541,60
-72.526884,-40.0164353,60
-72.5267293,-40.0164166,60
-72.5265938,-40.0163996,60
-72.5264411,-40.0163812,60
-72.5263042,-40.0163644,60
-72.5261522,-40.0163467,60
-72.5259995,-40.0163279,60
-72.5258614,-40.0163112,60
-72.5257072,-40.0162923,60
-72.525555,-40.0162738,60
-72.5254173,-40.0162579,60
-72.5252643,-40.0162393,60
-72.5251114,-40.0162208,60
-72.5249591,-40.0162022,60
-72.5248246,-40.0161858,60
-72.52468,-40.0161683,60
-72.5245268,-40.0161493,60
-72.5243892,-40.0161327,60
-72.5242345,-40.0161139,60
-72.5240808,-40.0160957,60
-72.5239568,-40.0160804,60
-72.5238433,-40.0160662,60
-72.5237408,-40.0160544,60
-72.5236293,-40.0160399,60
-72.523493,-40.0160214,60
-72.5233588,-40.0160124,60
-72.5232844,-40.0160199,60
-72.5232299,-40.0160588,60
-72.5232049,-40.0161129,60
-72.5231943,-40.0161668,60
-72.5232199,-40.0162081,60
-72.5232787,-40.0162286,60
-72.523343,-40.0162371,60
-72.5234386,-40.0162489,60
-72.5235539,-40.0162635,60
-72.5236676,-40.0162774,60
-72.5237882,-40.0162902,60
-72.5238892,-40.0163036,60
-72.5240066,-40.0163178,60
-72.5241391,-40.0163339,60
-72.5242831,-40.0163517,60
-72.5244208,-40.0163683,60
-72.5245755,-40.0163871,60
-72.5247301,-40.0164051,60
-72.5248687,-40.0164225,60
-72.5250234,-40.0164409,60
-72.52516,-40.0164575,60
-72.525312,-40.016476,60
-72.5254539,-40.0164942,60
-72.5256044,-40.0165127,60
-72.5257466,-40.0165295,60
-72.525904,-40.0165482,60
-72.5260437,-40.0165655,60
-72.526191,-40.0165828,60
-72.5263351,-40.0166012,60
-72.5264677,-40.0166179,60
-72.5266226,-40.0166362,60
-72.5267456,-40.0166502,60
-72.5268573,-40.0166625,60
-72.526975,-40.0166786,60
-72.5271232,-40.0166966,60
-72.5272623,-40.0167138,60
-72.5274188,-40.016732,60
-72.5275725,-40.0167508,60
-72.5277254,-40.0167696,60
-72.5278634,-40.0167866,60
-72.5280164,-40.0168052,60
-72.5281687,-40.0168235,60
-72.5283059,-40.0168402,60
-72.528458,-40.0168588,60
-72.5285958,-40.0168753,60
-72.5287478,-40.0168939,60
-72.5289005,-40.0169119,60
-72.5290377,-40.0169291,60
-72.5291902,-40.0169477,60
-72.5293446,-40.0169665,60
-72.5294972,-40.0169847,60
-72.5296334,-40.0170013,60
-72.5297853,-40.0170192,60
-72.5299387,-40.0170384,60
-72.530073,-40.0170549,60
-72.5302232,-40.0170721,60
-72.5303709,-40.0170911,60
-72.5305242,-40.01711,60
-72.5306669,-40.0171275,60
-72.5307853,-40.017144,60
-72.5308642,-40.0171673,60
-72.5308775,-40.0172131,60
-72.5308571,-40.0172693,60
-72.5308258,-40.017322,60
-72.5307687,-40.0173561,60
-72.5306924,-40.0173593,60
-72.530618,-40.0173519,60
-72.5305144,-40.0173394,60
-72.5303911,-40.0173243,60
-72.5302664,-40.0173088,60
-72.530116,-40.0172905,60
-72.529975,-40.0172736,60
-72.5298188,-40.0172551,60
-72.5296644,-40.0172364,60
-72.5295118,-40.017218,60
-72.5293746,-40.0172019,60
-72.5292216,-40.0171834,60
-72.5290833,-40.0171666,60
-72.5289304,-40.0171485,60
-72.5287777,-40.0171295,60
-72.528625,-40.0171113,60
-72.5284862,-40.0170945,60
-72.528334,-40.0170758,60
-72.5281975,-40.0170596,60
-72.5280444,-40.0170418,60
-72.5278909,-40.0170228,60
-72.5277383,-40.0170043,60
-72.5276009,-40.0169876,60
-72.5274484,-40.0169691,60
-72.5273095,-40.0169521,60
-72.5271566,-40.0169336,60
-72.5270037,-40.0169155,60
-72.5268662,-40.0168987,60
-72.5267151,-40.0168796,60
-72.5265627,-40.0168612,60
-72.5264243,-40.0168448,60
-72.5262702,-40.0168264,60
-72.5261163,-40.0168065,60
-72.5259626,-40.0167884,60
-72.5258243,-40.0167719,60
-72.5256712,-40.0167528,60
-72.5255332,-40.0167363,60
-72.5253803,-40.0167177,60
-72.5252276,-40.0166986,60
-72.5250746,-40.0166802,60
-72.5249376,-40.0166641,60
-72.5247854,-40.0166451,60
-72.5246327,-40.016627,60
-72.5244952,-40.0166105,60
-72.5243423,-40.0165916,60
-72.5242059,-40.0165747,60
-72.5240534,-40.0165563,60
-72.5238998,-40.0165382,60
-72.5237639,-40.0165219,60
-72.5236286,-40.0165052,60
-72.5234955,-40.0164886,60
-72.523366,-40.0164729,60
-72.5232178,-40.0164575,60
-72.5231135,-40.0164558,60
-72.5230542,-40.0164857,60
-72.5230252,-40.0165361,60
-72.5230078,-40.0165999,60
-72.5230274,-40.0166433,60
-72.5230756,-40.0166666,60
-72.5231446,-40.0166776,60
-72.5232339,-40.016689,60
-72.5233348,-40.0167014,60
-72.5234567,-40.0167148,60
-72.5235957,-40.0167329,60
-72.5237351,-40.0167505,60
-72.5238923,-40.0167691,60
-72.5240445,-40.0167874,60
-72.5241709,-40.0168022,60
-72.5243158,-40.0168196,60
-72.5244689,-40.0168382,60
-72.5246083,-40.0168553,60
-72.524762,-40.0168743,60
-72.524899,-40.016891,60
-72.5250535,-40.0169102,60
-72.5252052,-40.0169285,60
-72.5253586,-40.0169462,60
-72.5254961,-40.0169636,60
-72.5256489,-40.0169823,60
-72.5257965,-40.0170005,60
-72.5259263,-40.0170166,60
-72.5260765,-40.017035,60
-72.5262224,-40.0170527,60
-72.5263577,-40.0170692,60
-72.5265028,-40.0170867,60
-72.5266376,-40.0171033,60
-72.5267888,-40.0171199,60
-72.526917,-40.0171357,60
-72.5270746,-40.0171568,60
-72.5272326,-40.0171752,60
-72.5273878,-40.0171936,60
-72.5275265,-40.0172104,60
-72.5276799,-40.017229,60
-72.527816,-40.0172455,60
-72.5279681,-40.0172636,60
-72.5281052,-40.0172808,60
-72.5282587,-40.0172989,60
-72.52841,-40.0173171,60
-72.5285471,-40.0173343,60
-72.5287004,-40.0173529,60
-72.5288542,-40.017371,60
-72.5289932,-40.0173884,60
-72.5291454,-40.0174064,60
-72.5292825,-40.0174233,60
-72.5294341,-40.017441,60
-72.5295798,-40.0174586,60
-72.5297333,-40.0174779,60
-72.5298902,-40.017497,60
-72.5300282,-40.0175135,60
-72.5301813,-40.0175317,60
-72.530319,-40.0175484,60
-72.530472,-40.0175674,60
-72.5306046,-40.0175863,60
-72.530672,-40.0176071,60
-72.5307007,-40.0176474,60
-72.5306929,-40.0176982,60
-72.5306712,-40.0177487,60
-72.5306228,-40.0177931,60
-72.5305505,-40.0178053,60
-72.5304787,-40.0177994,60
-72.5303819,-40.0177882,60
-72.5302636,-40.0177736,60
-72.5301428,-40.0177588,60
-72.5299959,-40.0177414,60
-72.5298399,-40.017722,60
-72.5296995,-40.0177059,60
-72.5295442,-40.0176878,60
-72.5293903,-40.0176691,60
-72.5292524,-40.0176523,60
-72.5290994,-40.0176337,60
-72.5289471,-40.0176152,60
-72.5288098,-40.0175989,60
-72.5286559,-40.0175797,60
-72.5285033,-40.0175607,60
-72.5283666,-40.017544,60
-72.5282146,-40.0175257,60
-72.5280617,-40.0175078,60
-72.5279234,-40.0174914,60
-72.5277698,-40.0174724,60
-72.5276165,-40.017455,60
-72.5274639,-40.0174352,60
-72.5273265,-40.0174186,60
-72.5271738,-40.0173999,60
-72.5270362,-40.0173833,60
-72.5268836,-40.0173649,60
-72.5267325,-40.0173463,60
-72.5265929,-40.0173295,60
-72.5264377,-40.0173106,60
-72.5262848,-40.0172918,60
-72.5261461,-40.0172755,60
-72.5259924,-40.0172567,60
-72.5258385,-40.0172383,60
-72.5257013,-40.0172214,60
-72.52555,-40.0172034,60
-72.5253966,-40.0171845,60
-72.5252587,-40.0171679,60
-72.5251061,-40.0171491,60
-72.5249541,-40.0171301,60
-72.5248165,-40.0171142,60
-72.524665,-40.0170957,60
-72.5245108,-40.0170769,60
-72.524373,-40.0170602,60
-72.5242238,-40.017042,60
-72.5240714,-40.0170236,60
-72.5239342,-40.0170064,60
-72.5237808,-40.0169882,60
-72.5236295,-40.0169696,60
-72.5234768,-40.0169516,60
-72.523342,-40.0169352,60
-72.5231894,-40.0169157,60
-72.5230405,-40.0168997,60
-72.5229473,-40.0168977,60
-72.5228804,-40.016921,60
-72.5228471,-40.0169619,60
-72.5228248,-40.0170251,60
-72.5228257,-40.0170701,60
-72.5228689,-40.0171032,60
-72.5229328,-40.0171155,60
-72.5230173,-40.0171267,60
-72.5231039,-40.0171368,60
-72.5232216,-40.0171514,60
-72.5233565,-40.0171681,60
-72.5234859,-40.0171845,60
-72.5236384,-40.0172034,60
-72.523793,-40.0172217,60
-72.5239404,-40.0172396,60
-72.5240795,-40.0172565,60
-72.5242352,-40.0172753,60
-72.5243697,-40.0172913,60
-72.5245199,-40.0173099,60
-72.5246691,-40.0173282,60
-72.5248204,-40.0173467,60
-72.5249549,-40.017363,60
-72.5251068,-40.0173814,60
-72.5252488,-40.017399,60
-72.5254062,-40.0174171,60
-72.5255581,-40.0174359,60
-72.5256966,-40.0174523,60
-72.5258474,-40.0174706,60
-72.5259962,-40.0174891,60
-72.5261359,-40.0175063,60
-72.526292,-40.0175256,60
-72.5264438,-40.0175437,60
-72.5265805,-40.0175599,60
-72.5267302,-40.0175784,60
-72.526884,-40.0175969,60
-72.5270235,-40.0176136,60
-72.5271784,-40.0176326,60
-72.5273325,-40.0176511,60
-72.5274703,-40.0176678,60
-72.5276233,-40.0176863,60
-72.5277765,-40.0177052,60
-72.5279133,-40.0177214,60
-72.5280656,-40.0177399,60
-72.528219,-40.0177588,60
-72.5283572,-40.0177753,60
-72.5285098,-40.0177937,60
-72.528662,-40.0178126,60
-72.5287995,-40.0178291,60
-72.5289522,-40.0178478,60
-72.5291038,-40.017866,60
-72.5292308,-40.0178808,60
-72.52943,-40.0179066,60
-72.5295213,-40.0179175,60
-72.529659,-40.0179342,60
-72.5298147,-40.0179532,60
-72.5299677,-40.0179715,60
-72.5300991,-40.017987,60
-72.5302548,-40.0180063,60
-72.5304024,-40.0180254,60
-72.5304873,-40.0180442,60
-72.5305288,-40.0180783,60
-72.5305305,-40.0181272,60
-72.5305137,-40.0181753,60
-72.5304742,-40.0182271,60
-72.5304079,-40.0182492,60
-72.5303378,-40.0182462,60
-72.5302489,-40.0182358,60
-72.5301373,-40.0182228,60
-72.5300206,-40.0182081,60
-72.529878,-40.0181912,60
-72.5297237,-40.018172,60
-72.5295678,-40.0181531,60
-72.5294282,-40.018137,60
-72.5292747,-40.0181191,60
-72.5291374,-40.0181025,60
-72.5289846,-40.0180839,60
-72.5288319,-40.0180656,60
-72.5286939,-40.0180487,60
-72.5285406,-40.0180302,60
-72.5283877,-40.0180117,60
-72.5282497,-40.0179951,60
-72.5280969,-40.0179763,60
-72.5279622,-40.0179595,60
-72.5278111,-40.0179418,60
-72.527655,-40.0179228,60
-72.5275,-40.0179043,60
-72.5273609,-40.0178872,60
-72.5272069,-40.0178688,60
-72.5270528,-40.0178507,60
-72.5269145,-40.0178336,60
-72.5267616,-40.017815,60
-72.5266071,-40.0177967,60
-72.5264681,-40.0177797,60
-72.5263144,-40.0177605,60
-72.5261611,-40.0177424,60
-72.5260229,-40.0177249,60
-72.5258695,-40.0177065,60
-72.5257162,-40.017688,60
-72.5255791,-40.0176712,60
-72.525427,-40.0176523,60
-72.5252747,-40.0176334,60
-72.5251374,-40.0176177,60
-72.5249842,-40.0175985,60
-72.524832,-40.0175803,60
-72.5246951,-40.0175639,60
-72.5245438,-40.0175457,60
-72.5243903,-40.0175263,60
-72.5242529,-40.0175098,60
-72.5241001,-40.0174917,60
-72.5239469,-40.0174732,60
-72.5238104,-40.0174564,60
-72.5236583,-40.0174379,60
-72.5235199,-40.0174211,60
-72.5233736,-40.0174029,60
-72.523232,-40.0173855,60
-72.5230779,-40.0173661,60
-72.5229349,-40.0173492,60
-72.5227994,-40.0173383,60
-72.5227153,-40.0173461,60
-72.5226701,-40.0173809,60
-72.5226438,-40.0174421,60
-72.522636,-40.0174985,60
-72.5226676,-40.0175368,60
-72.5227208,-40.017553,60
-72.5227931,-40.0175632,60
-72.5228888,-40.017576,60
-72.5229951,-40.0175892,60
-72.5231299,-40.0176057,60
-72.5232755,-40.0176238,60
-72.523417,-40.0176406,60
-72.5235732,-40.0176596,60
-72.5237278,-40.0176782,60
-72.5238658,-40.0176952,60
-72.5240178,-40.0177123,60
-72.5241551,-40.0177292,60
-72.5243083,-40.0177479,60
-72.5244615,-40.0177665,60
-72.5246137,-40.0177849,60
-72.5247484,-40.0178016,60
-72.5249025,-40.0178204,60
-72.5250558,-40.0178389,60
-72.5251937,-40.0178562,60
-72.5253465,-40.0178748,60
-72.5254989,-40.0178925,60
-72.5256358,-40.0179094,60
-72.5257883,-40.0179277,60
-72.5259274,-40.0179456,60
-72.5260771,-40.0179636,60
-72.5262253,-40.0179813,60
-72.5263807,-40.0180008,60
-72.5265214,-40.0180181,60
-72.5266753,-40.0180363,60
-72.5268289,-40.0180551,60
-72.5269665,-40.0180713,60
-72.5271127,-40.018089,60
-72.5272503,-40.0181062,60
-72.5274065,-40.0181251,60
-72.5275614,-40.0181438,60
-72.5277137,-40.0181623,60
-72.527851,-40.0181791,60
-72.5280033,-40.018198,60
-72.5281415,-40.0182148,60
-72.5282938,-40.0182331,60
-72.5284471,-40.0182515,60
-72.5285846,-40.0182688,60
-72.5287375,-40.0182866,60
-72.5288891,-40.0183046,60
-72.5290268,-40.0183211,60
-72.529181,-40.0183397,60
-72.5293293,-40.0183575,60
-72.5294586,-40.018374,60
-72.5296091,-40.0183921,60
-72.5297582,-40.0184099,60
-72.5298706,-40.0184221,60
-72.5300026,-40.0184402,60
-72.5301518,-40.0184589,60
-72.5302797,-40.0184772,60
-72.530341,-40.0184987,60
-72.5303661,-40.0185406,60
-72.5303594,-40.0185857,60
-72.5303342,-40.0186415,60
-72.530284,-40.0186837,60
-72.5302197,-40.0186942,60
-72.5301398,-40.0186867,60
-72.5300422,-40.0186754,60
-72.5299239,-40.0186614,60
-72.5298022,-40.0186463,60
-72.5296546,-40.0186284,60
-72.5295143,-40.0186114,60
-72.5293576,-40.0185928,60
-72.5292034,-40.0185749,60
-72.5290659,-40.0185586,60
-72.5289133,-40.01854,60
-72.5287606,-40.0185213,60
-72.5286229,-40.0185051,60
-72.5284705,-40.0184869,60
-72.5283177,-40.0184682,60
-72.5281802,-40.0184513,60
-72.5280271,-40.0184332,60
-72.5278742,-40.0184141,60
-72.5277365,-40.0183977,60
-72.5275837,-40.0183791,60
-72.52743,-40.0183602,60
-72.5272922,-40.0183437,60
-72.5271393,-40.0183249,60
-72.5269869,-40.0183065,60
-72.5268338,-40.0182877,60
-72.5266958,-40.0182712,60
-72.5265425,-40.0182525,60
-72.5264046,-40.0182355,60
-72.5262514,-40.0182173,60
-72.5260975,-40.0181988,60
-72.525959,-40.0181816,60
-72.5258057,-40.0181631,60
-72.5256519,-40.0181446,60
-72.5255142,-40.0181278,60
-72.5253616,-40.0181089,60
-72.5252083,-40.0180906,60
-72.525055,-40.0180718,60
-72.5249167,-40.0180552,60
-72.5247641,-40.018037,60
-72.5246116,-40.0180177,60
-72.5244741,-40.0180013,60
-72.524321,-40.0179828,60
-72.5241687,-40.0179643,60
-72.5240305,-40.0179476,60
-72.5238778,-40.0179288,60
-72.5237403,-40.0179117,60
-72.5235889,-40.0178935,60
-72.5234358,-40.0178753,60
-72.5232923,-40.0178577,60
-72.5231837,-40.0178455,60
-72.5230515,-40.0178288,60
-72.522923,-40.0178119,60
-72.5227969,-40.0177977,60
-72.5226792,-40.0177844,60
-72.5225865,-40.0177812,60
-72.5225162,-40.0177952,60
-72.5224711,-40.0178398,60
-72.5224523,-40.0178982,60
-72.5224528,-40.0179514,60
-72.5224944,-40.0179851,60
-72.5225506,-40.0179982,60
-72.5226291,-40.0180083,60
-72.5227287,-40.0180208,60
-72.5228359,-40.0180346,60
-72.5229691,-40.0180505,60
-72.5231099,-40.0180677,60
-72.5232534,-40.0180855,60
-72.523393,-40.0181025,60
-72.5235495,-40.0181207,60
-72.5237049,-40.0181395,60
-72.5238445,-40.0181564,60
-72.5239972,-40.0181749,60
-72.5241487,-40.0181932,60
-72.5242856,-40.0182099,60
-72.5244385,-40.0182286,60
-72.5245922,-40.0182468,60
-72.5247302,-40.018264,60
-72.5248823,-40.0182828,60
-72.5250349,-40.0183007,60
-72.5251734,-40.0183187,60
-72.5253267,-40.0183373,60
-72.5254734,-40.0183549,60
-72.5256078,-40.0183715,60
-72.5257648,-40.0183911,60
-72.5259052,-40.018408,60
-72.5260596,-40.0184269,60
-72.5262125,-40.0184447,60
-72.5263489,-40.018461,60
-72.5264991,-40.0184798,60
-72.5266515,-40.0184982,60
-72.5268074,-40.0185174,60
-72.5269464,-40.0185337,60
-72.5270986,-40.0185519,60
-72.5272508,-40.0185705,60
-72.5273878,-40.0185874,60
-72.5275396,-40.018606,60
-72.5276924,-40.0186246,60
-72.5278299,-40.0186411,60
-72.5279831,-40.0186595,60
-72.5281209,-40.0186759,60
-72.5282732,-40.0186945,60
-72.5284259,-40.0187134,60
-72.528578,-40.0187317,60
-72.5287159,-40.018749,60
-72.5288683,-40.0187672,60
-72.5290208,-40.0187853,60
-72.5291588,-40.0188027,60
-72.5293274,-40.018823,60
-72.5294492,-40.0188376,60
-72.5296012,-40.018856,60
-72.5297535,-40.0188747,60
-72.5299071,-40.018893,60
-72.5300444,-40.0189091,60
-72.5301624,-40.0189278,60
-72.5302119,-40.0189439,60
-72.5302267,-40.0189597,60
-72.5302145,-40.0189937,60
-72.5302026,-40.0190383,60
-72.5301819,-40.0190936,60
-72.5301437,-40.0191337,60
-72.5300857,-40.0191436,60
-72.5300132,-40.0191379,60
-72.5299206,-40.0191269,60
-72.5298186,-40.0191142,60
-72.5296888,-40.0190982,60
-72.5295444,-40.0190805,60
-72.5294056,-40.0190635,60
-72.5292489,-40.019045,60
-72.5290941,-40.0190258,60
-72.5289564,-40.0190095,60
-72.5288035,-40.0189907,60
-72.5286509,-40.0189726,60
-72.5285135,-40.0189562,60
-72.5283613,-40.018938,60
-72.5282087,-40.0189192,60
-72.5280559,-40.0189005,60
-72.5279184,-40.0188837,60
-72.527766,-40.0188656,60
-72.5276283,-40.0188492,60
-72.5274752,-40.0188307,60
-72.5273226,-40.0188121,60
-72.5271852,-40.0187956,60
-72.5270322,-40.0187768,60
-72.5268792,-40.0187581,60
-72.526742,-40.0187416,60
-72.5265897,-40.0187229,60
-72.5264363,-40.0187044,60
-72.5262829,-40.0186855,60
-72.5261453,-40.0186689,60
-72.5259922,-40.0186502,60
-72.5258538,-40.0186337,60
-72.5256998,-40.0186147,60
-72.525547,-40.0185964,60
-72.5253942,-40.018578,60
-72.5252564,-40.0185609,60
-72.5251047,-40.0185422,60
-72.5249672,-40.0185255,60
-72.5248137,-40.0185073,60
-72.5246607,-40.0184885,60
-72.5245229,-40.0184719,60
-72.5243705,-40.0184531,60
-72.5242179,-40.0184346,60
-72.5240794,-40.0184184,60
-72.523927,-40.0183999,60
-72.5237743,-40.0183816,60
-72.5236379,-40.018365,60
-72.5234927,-40.0183476,60
-72.5233412,-40.0183285,60
-72.5231913,-40.0183096,60
-72.5230541,-40.0182934,60
-72.5228985,-40.0182741,60
-72.5227432,-40.0182559,60
-72.5226036,-40.0182394,60
-72.522458,-40.0182243,60
-72.5223708,-40.018226,60
-72.5223115,-40.0182573,60
-72.5222785,-40.0183103,60
-72.5222624,-40.0183708,60
-72.5222793,-40.0184102,60
-72.5223326,-40.0184355,60
-72.5223948,-40.0184454,60
-72.522483,-40.018456,60
-72.5225942,-40.0184699,60
-72.5227241,-40.018485,60
-72.5228491,-40.0184997,60
-72.5229914,-40.0185169,60
-72.5231433,-40.0185361,60
-72.5232814,-40.0185528,60
-72.5234395,-40.0185721,60
-72.5235881,-40.0185904,60
-72.5237252,-40.0186068,60
-72.5238823,-40.018626,60
-72.5240372,-40.0186444,60
-72.5241753,-40.0186609,60
-72.5243278,-40.0186799,60
-72.5244809,-40.0186989,60
-72.5246192,-40.0187151,60
-72.5247721,-40.0187338,60
-72.5249246,-40.0187519,60
-72.5250621,-40.018769,60
-72.5252143,-40.0187875,60
-72.5253671,-40.0188062,60
-72.5255019,-40.0188233,60
-72.5256482,-40.018841,60
-72.5258034,-40.0188599,60
-72.5259451,-40.0188771,60
-72.5260997,-40.0188952,60
-72.5262535,-40.0189134,60
-72.5263917,-40.01893,60
-72.5265444,-40.018949,60
-72.5266966,-40.0189673,60
-72.5268348,-40.0189844,60
-72.5269883,-40.0190032,60
-72.5271397,-40.0190215,60
-72.5272771,-40.0190382,60
-72.5274298,-40.0190573,60
-72.5275826,-40.0190758,60
-72.5277199,-40.0190926,60
-72.527873,-40.0191112,60
-72.5280256,-40.0191297,60
-72.5281632,-40.0191462,60
-72.5283158,-40.0191647,60
-72.528469,-40.0191836,60
-72.5286069,-40.0192003,60
-72.5287593,-40.0192187,60
-72.5289114,-40.0192369,60
-72.5290492,-40.0192542,60
-72.5292015,-40.0192725,60
-72.5293547,-40.0192911,60
-72.5294924,-40.0193077,60
-72.5296455,-40.0193264,60
-72.5297832,-40.0193428,60
-72.5299333,-40.0193616,60
-72.530037,-40.0193827,60
-72.5300821,-40.0194111,60
-72.5300934,-40.0194612,60
-72.5300824,-40.0195176,60
-72.530054,-40.0195657,60
-72.5299955,-40.0195908,60
-72.5299226,-40.0195895,60
-72.5298377,-40.0195798,60
-72.529742,-40.019568,60
-72.5296168,-40.0195527,60
-72.5294761,-40.0195357,60
-72.5293393,-40.0195195,60
-72.5291816,-40.0195006,60
-72.5290258,-40.0194821,60
-72.5288872,-40.019466,60
-72.5287347,-40.0194472,60
-72.5285821,-40.0194288,60
-72.5284445,-40.0194124,60
-72.5282914,-40.0193938,60
-72.5281535,-40.0193766,60
-72.5280004,-40.0193584,60
-72.5278476,-40.0193407,60
-72.5276949,-40.0193217,60
-72.5275575,-40.0193053,60
-72.5274049,-40.0192867,60
-72.5272514,-40.0192678,60
-72.5271141,-40.0192513,60
-72.5269609,-40.0192328,60
-72.5268082,-40.0192141,60
-72.5266709,-40.0191975,60
-72.5265187,-40.0191791,60
-72.5263663,-40.0191607,60
-72.5262278,-40.0191436,60
-72.5260751,-40.0191254,60
-72.5259223,-40.0191069,60
-72.5257855,-40.0190899,60
-72.5256321,-40.0190718,60
-72.5254791,-40.0190531,60
-72.5253408,-40.0190368,60
-72.5251879,-40.0190174,60
-72.5250346,-40.0189986,60
-72.5248976,-40.0189818,60
-72.5247447,-40.0189634,60
-72.5245922,-40.018945,60
-72.5244546,-40.0189284,60
-72.5243017,-40.0189096,60
-72.524149,-40.0188913,60
-72.5240107,-40.0188746,60
-72.5238578,-40.018856,60
-72.5237064,-40.0188383,60
-72.5235698,-40.0188212,60
-72.5234176,-40.0188025,60
-72.5232656,-40.018784,60
-72.5231301,-40.0187677,60
-72.5229783,-40.0187494,60
-72.5228252,-40.01873,60
-72.5226875,-40.0187122,60
-72.5225393,-40.0186952,60
-72.5223864,-40.0186773,60
-72.5222614,-40.0186653,60
-72.5221741,-40.0186701,60
-72.5221187,-40.0187064,60
-72.5220908,-40.0187547,60
-72.5220764,-40.0188141,60
-72.5220992,-40.018856,60
-72.522149,-40.0188766,60
-72.5222192,-40.0188867,60
-72.5223109,-40.018899,60
-72.5224117,-40.0189114,60
-72.5225386,-40.0189269,60
-72.5226744,-40.0189446,60
-72.5228105,-40.0189608,60
-72.5229592,-40.0189781,60
-72.5231131,-40.0189969,60
-72.523256,-40.0190149,60
-72.5234116,-40.019033,60
-72.5235504,-40.01905,60
-72.5237026,-40.0190686,60
-72.5238566,-40.0190874,60
-72.5239937,-40.0191038,60
-72.5241439,-40.0191228,60
-72.5242927,-40.0191415,60
-72.5244394,-40.0191592,60
-72.5245762,-40.0191763,60
-72.5247295,-40.0191947,60
-72.5248781,-40.019213,60
-72.5250156,-40.0192294,60
-72.5251736,-40.0192478,60
-72.5253254,-40.0192658,60
-72.5254618,-40.0192833,60
-72.5256189,-40.0193016,60
-72.5257701,-40.0193198,60
-72.5259031,-40.0193361,60
-72.5260585,-40.0193556,60
-72.5262162,-40.0193743,60
-72.5263559,-40.019391,60
-72.5265087,-40.0194097,60
-72.5266611,-40.0194282,60
-72.5267993,-40.0194453,60
-72.5269524,-40.0194635,60
-72.5271056,-40.0194822,60
-72.5272432,-40.0194988,60
-72.527396,-40.019518,60
-72.5275495,-40.0195363,60
-72.5276872,-40.0195532,60
-72.5278402,-40.0195714,60
-72.5279776,-40.0195882,60
-72.52813,-40.0196067,60
-72.5282823,-40.0196252,60
-72.5284352,-40.0196441,60
-72.5285689,-40.0196603,60
-72.5287178,-40.0196783,60
-72.528858,-40.0196958,60
-72.5290126,-40.0197139,60
-72.5291662,-40.0197324,60
-72.5293199,-40.0197513,60
-72.5294571,-40.0197681,60
-72.5296098,-40.0197866,60
-72.5297622,-40.0198056,60
-72.5298809,-40.0198222,60
-72.5299548,-40.0198452,60
-72.5299829,-40.0198891,60
-72.52998,-40.0199373,60
-72.5299595,-40.0199962,60
-72.529914,-40.0200356,60
-72.5298524,-40.0200438,60
-72.5297755,-40.0200369,60
-72.5296796,-40.0200259,60
-72.5295744,-40.0200134,60
-72.5294406,-40.0199965,60
-72.5292941,-40.0199783,60
-72.5291542,-40.0199613,60
-72.5289978,-40.0199433,60
-72.5288431,-40.0199253,60
-72.5287051,-40.0199084,60
-72.5285525,-40.0198901,60
-72.5284152,-40.0198737,60
-72.5282625,-40.0198555,60
-72.5281106,-40.0198371,60
-72.5279574,-40.0198184,60
-72.52782,-40.019801,60
-72.5276674,-40.0197827,60
-72.5275147,-40.0197641,60
-72.5273774,-40.0197479,60
-72.5272255,-40.0197292,60
-72.5270722,-40.0197107,60
-72.526934,-40.0196938,60
-72.5267809,-40.0196752,60
-72.5266276,-40.0196561,60
-72.5264897,-40.0196396,60
-72.5263371,-40.0196211,60
-72.5261835,-40.0196023,60
-72.5260459,-40.0195858,60
-72.5258929,-40.0195677,60
-72.5257554,-40.0195511,60
-72.5256022,-40.0195328,60
-72.5254489,-40.019514,60
-72.5252957,-40.0194956,60
-72.525158,-40.0194787,60
-72.5250052,-40.0194599,60
-72.5248528,-40.0194417,60
-72.5247157,-40.0194249,60
-72.524563,-40.0194065,60
-72.5244104,-40.0193881,60
-72.5242727,-40.0193712,60
-72.5241192,-40.0193528,60
-72.523966,-40.0193341,60
-72.5238282,-40.0193179,60
-72.5236757,-40.0192989,60
-72.5235232,-40.0192801,60
-72.5233854,-40.0192633,60
-72.5232356,-40.0192447,60
-72.523093,-40.0192276,60
-72.5229553,-40.0192103,60
-72.5228008,-40.0191924,60
-72.5226474,-40.0191736,60
-72.5224937,-40.0191555,60
-72.5223554,-40.0191383,60
-72.5222021,-40.0191201,60
-72.5220795,-40.0191082,60
-72.5219977,-40.0191127,60
-72.5219514,-40.019145,60
-72.5219345,-40.0191965,60
-72.5219336,-40.0192514,60
-72.5219617,-40.0193005,60
-72.5220242,-40.0193268,60
-72.5220943,-40.019337,60
-72.5221881,-40.0193482,60
-72.5223038,-40.0193629,60
-72.5224233,-40.0193782,60
-72.5225709,-40.0193971,60
-72.522727,-40.0194152,60
-72.5228675,-40.0194314,60
-72.5230227,-40.0194505,60
-72.5231751,-40.019469,60
-72.523312,-40.019486,60
-72.5234645,-40.0195043,60
-72.5236177,-40.0195222,60
-72.523755,-40.0195396,60
-72.5239079,-40.019558,60
-72.5240605,-40.0195774,60
-72.524198,-40.0195934,60
-72.5243512,-40.0196122,60
-72.524504,-40.0196309,60
-72.5246418,-40.0196478,60
-72.5247942,-40.0196658,60
-72.5249471,-40.0196848,60
-72.5250847,-40.019701,60
-72.5252384,-40.0197201,60
-72.525391,-40.0197384,60
-72.5255287,-40.019755,60
-72.5256803,-40.0197739,60
-72.5258175,-40.0197907,60
-72.5259692,-40.0198088,60
-72.5261136,-40.0198259,60
-72.5262589,-40.0198441,60
-72.526399,-40.0198613,60
-72.5265598,-40.0198807,60
-72.526717,-40.0198996,60
-72.5268548,-40.019916,60
-72.5270074,-40.0199344,60
-72.5271597,-40.0199529,60
-72.5272978,-40.01997,60
-72.5274508,-40.0199885,60
-72.5276035,-40.0200074,60
-72.5277406,-40.0200246,60
-72.5278932,-40.0200427,60
-72.5280465,-40.0200612,60
-72.5281837,-40.0200777,60
-72.5283351,-40.0200959,60
-72.5284878,-40.0201142,60
-72.5286252,-40.0201309,60
-72.528778,-40.0201494,60
-72.5289297,-40.0201678,60
-72.529069,-40.0201856,60
-72.5292226,-40.0202038,60
-72.5293747,-40.0202222,60
-72.5295123,-40.020239,60
-72.5296648,-40.0202575,60
-72.5297888,-40.0202775,60
-72.5298479,-40.0203001,60
-72.5298737,-40.0203455,60
-72.5298676,-40.0203997,60
-72.5298463,-40.0204519,60
-72.529798,-40.0204881,60
-72.529728,-40.020494,60
-72.5296573,-40.0204868,60
-72.5295589,-40.0204752,60
-72.5294403,-40.0204605,60
-72.5293183,-40.0204459,60
-72.52917,-40.020428,60
-72.5290134,-40.0204097,60
-72.5288728,-40.0203933,60
-72.5287182,-40.020375,60
-72.5285651,-40.0203566,60
-72.528428,-40.0203399,60
-72.5282756,-40.020321,60
-72.5281222,-40.0203029,60
-72.5279848,-40.0202862,60
-72.5278321,-40.0202675,60
-72.5276791,-40.0202487,60
-72.5275416,-40.0202324,60
-72.527389,-40.0202137,60
-72.5272371,-40.0201948,60
-72.5270995,-40.0201784,60
-72.5269469,-40.0201598,60
-72.5268095,-40.0201437,60
-72.5266559,-40.0201244,60
-72.5265035,-40.0201063,60
-72.5263508,-40.0200877,60
-72.5262129,-40.0200709,60
-72.5260602,-40.0200526,60
-72.5259225,-40.0200361,60
-72.5257694,-40.0200174,60
-72.5256162,-40.0199988,60
-72.5254789,-40.0199826,60
-72.5253268,-40.0199637,60
-72.5251743,-40.019945,60
-72.5250219,-40.0199265,60
-72.524884,-40.0199101,60
-72.5247308,-40.0198911,60
-72.5245777,-40.0198729,60
-72.5244404,-40.0198562,60
-72.5242878,-40.0198376,60
-72.5241354,-40.0198188,60
-72.5239973,-40.0198024,60
-72.523844,-40.0197835,60
-72.5236929,-40.0197652,60
-72.5235549,-40.019748,60
-72.5234144,-40.0197312,60
-72.5232707,-40.0197136,60
-72.5231328,-40.0196963,60
-72.5229783,-40.0196779,60
-72.5228245,-40.0196592,60
-72.522694,-40.0196436,60
-72.5225602,-40.0196282,60
-72.5224124,-40.019609,60
-72.5222804,-40.0195956,60
-72.5221877,-40.0195929,60
-72.5221497,-40.0196129,60
-72.522148,-40.0196469,60
-72.5221689,-40.0196875,60
-72.522201,-40.019734,60
-72.5222666,-40.0197931,60
-72.5223638,-40.0198333,60
-72.5224761,-40.0198479,60
-72.5225875,-40.0198615,60
-72.5227256,-40.0198787,60
-72.522873,-40.0198974,60
-72.523005,-40.0199137,60
-72.5231598,-40.0199322,60
-72.5233162,-40.0199506,60
-72.5234562,-40.0199687,60
-72.5236123,-40.019987,60
-72.5237505,-40.0200038,60
-72.5239023,-40.0200223,60
-72.5240551,-40.0200404,60
-72.5241933,-40.0200577,60
-72.5243464,-40.0200765,60
-72.5244985,-40.0200952,60
</coordinates></LineString>
</Placemark>
<Placemark>
<name>DJI_202603241141_002_FRANCIA001_Timestamp.MRK</name>
<description>Equipo: M3E | Fecha: 24-03-2026 | Puntos: 563</description>
<styleUrl>#m3e</styleUrl>
<LineString><altitudeMode>relativeToGround</altitudeMode><coordinates>
-72.5245122,-40.0200946,60
-72.5245526,-40.0200997,60
-72.5246248,-40.0201088,60
-72.5247117,-40.0201196,60
-72.5248275,-40.0201346,60
-72.5249583,-40.0201508,60
-72.5251046,-40.0201693,60
-72.5252444,-40.0201861,60
-72.5254012,-40.0202047,60
-72.5255405,-40.0202215,60
-72.5256889,-40.0202397,60
-72.5258053,-40.0202532,60
-72.5259162,-40.020267,60
-72.5260626,-40.0202859,60
-72.5262197,-40.020305,60
-72.5263615,-40.0203218,60
-72.5265164,-40.0203401,60
-72.5266698,-40.0203589,60
-72.5268074,-40.020376,60
-72.5269604,-40.0203945,60
-72.5270978,-40.020411,60
-72.527251,-40.0204296,60
-72.5274039,-40.0204482,60
-72.5275405,-40.0204651,60
-72.5276935,-40.0204835,60
-72.5278464,-40.020502,60
-72.5279987,-40.0205201,60
-72.5281359,-40.0205366,60
-72.5282878,-40.0205553,60
-72.528415,-40.0205703,60
-72.5285614,-40.0205891,60
-72.5287159,-40.020608,60
-72.5288695,-40.0206262,60
-72.529009,-40.0206433,60
-72.529162,-40.0206617,60
-72.5293143,-40.0206798,60
-72.5294525,-40.020697,60
-72.5296016,-40.020716,60
-72.5297057,-40.0207353,60
-72.5297555,-40.0207606,60
-72.5297676,-40.0208108,60
-72.5297535,-40.02087,60
-72.5297254,-40.0209186,60
-72.5296679,-40.0209445,60
-72.5295958,-40.0209435,60
-72.5295212,-40.0209353,60
-72.529417,-40.0209225,60
-72.5292922,-40.020907,60
-72.5291661,-40.0208918,60
-72.5290138,-40.0208736,60
-72.528856,-40.0208547,60
-72.5287155,-40.0208389,60
-72.5285614,-40.0208205,60
-72.5284239,-40.0208034,60
-72.5282714,-40.0207849,60
-72.5281188,-40.0207663,60
-72.5279664,-40.0207479,60
-72.5278289,-40.0207314,60
-72.5276759,-40.0207129,60
-72.5275229,-40.0206943,60
-72.5273854,-40.0206777,60
-72.5272327,-40.020659,60
-72.5270955,-40.0206424,60
-72.5269427,-40.0206246,60
-72.5267901,-40.0206057,60
-72.5266374,-40.0205876,60
-72.5265002,-40.0205707,60
-72.5263477,-40.0205522,60
-72.5261938,-40.0205331,60
-72.526056,-40.0205165,60
-72.5259031,-40.0204983,60
-72.5257506,-40.0204798,60
-72.5256128,-40.0204629,60
-72.5254599,-40.0204445,60
-72.5253069,-40.0204261,60
-72.5251698,-40.0204093,60
-72.5250164,-40.0203906,60
-72.5248628,-40.0203725,60
-72.5247248,-40.0203558,60
-72.5245714,-40.0203368,60
-72.5244189,-40.0203184,60
-72.5242823,-40.0203014,60
-72.5241296,-40.0202825,60
-72.5239776,-40.020264,60
-72.5238399,-40.0202471,60
-72.5236855,-40.0202288,60
-72.5235483,-40.0202123,60
-72.5234009,-40.0201948,60
-72.523247,-40.0201746,60
-72.5230936,-40.0201569,60
-72.5229578,-40.0201402,60
-72.5228079,-40.0201204,60
-72.5226662,-40.0201053,60
-72.5225446,-40.0200987,60
-72.5224623,-40.0201045,60
-72.5224534,-40.020133,60
-72.5224844,-40.0201648,60
-72.522516,-40.0202031,60
-72.5225598,-40.0202578,60
-72.5226262,-40.0203093,60
-72.5227296,-40.0203445,60
-72.5228447,-40.0203572,60
-72.5229595,-40.020372,60
-72.5230995,-40.0203898,60
-72.5232475,-40.0204086,60
-72.5233885,-40.0204254,60
-72.5235439,-40.0204436,60
-72.5236834,-40.0204601,60
-72.5238393,-40.0204791,60
-72.5239926,-40.0204974,60
-72.5241449,-40.0205164,60
-72.5242825,-40.0205329,60
-72.5244352,-40.020552,60
-72.5245881,-40.0205713,60
-72.5247255,-40.0205876,60
-72.5248789,-40.0206058,60
-72.5250318,-40.0206247,60
-72.5251695,-40.0206404,60
-72.5253217,-40.0206596,60
-72.5254736,-40.0206777,60
-72.5256115,-40.0206946,60
-72.525764,-40.0207127,60
-72.5259178,-40.0207318,60
-72.526055,-40.0207482,60
-72.5262078,-40.0207664,60
-72.5263458,-40.0207834,60
-72.5264991,-40.0208022,60
-72.5266522,-40.0208209,60
-72.5268048,-40.0208395,60
-72.5269423,-40.0208559,60
-72.5270955,-40.0208747,60
-72.527248,-40.0208933,60
-72.527385,-40.02091,60
-72.5275379,-40.0209284,60
-72.5276914,-40.0209473,60
-72.5278282,-40.0209635,60
-72.5279807,-40.0209816,60
-72.5281178,-40.0209985,60
-72.5282645,-40.0210166,60
-72.5284151,-40.0210353,60
-72.5285709,-40.0210541,60
-72.5287094,-40.0210706,60
-72.528863,-40.0210896,60
-72.5290168,-40.0211083,60
-72.5291539,-40.0211244,60
-72.5293063,-40.021143,60
-72.5294598,-40.0211621,60
-72.5295696,-40.0211796,60
-72.5296337,-40.0212041,60
-72.5296543,-40.0212511,60
-72.5296481,-40.0213009,60
-72.5296233,-40.0213589,60
-72.5295793,-40.0213901,60
-72.5295095,-40.0213961,60
-72.5294308,-40.0213884,60
-72.5293308,-40.0213762,60
-72.5292222,-40.0213629,60
-72.5290861,-40.0213467,60
-72.5289368,-40.0213287,60
-72.528796,-40.0213116,60
-72.5286397,-40.0212938,60
-72.5285009,-40.0212778,60
-72.5283475,-40.0212593,60
-72.5281945,-40.0212404,60
-72.5280419,-40.0212218,60
-72.5279038,-40.0212054,60
-72.5277512,-40.0211869,60
-72.5276141,-40.0211703,60
-72.527461,-40.021152,60
-72.5273083,-40.0211333,60
-72.5271716,-40.0211165,60
-72.5270042,-40.0210955,60
-72.5268665,-40.0210793,60
-72.5267296,-40.0210627,60
-72.5265767,-40.0210438,60
-72.5264234,-40.0210255,60
-72.5262865,-40.0210089,60
-72.5261332,-40.0209906,60
-72.5259793,-40.0209722,60
-72.525826,-40.0209534,60
-72.5256891,-40.0209366,60
-72.5255348,-40.0209179,60
-72.525383,-40.020899,60
-72.525246,-40.0208823,60
-72.5250924,-40.0208637,60
-72.5249396,-40.0208455,60
-72.5248034,-40.020829,60
-72.5246505,-40.0208107,60
-72.5244981,-40.0207923,60
-72.5243612,-40.0207757,60
-72.5242072,-40.020757,60
-72.5240705,-40.0207408,60
-72.5239164,-40.0207222,60
-72.5237638,-40.0207032,60
-72.5236487,-40.0206889,60
-72.5235258,-40.020673,60
-72.5233925,-40.0206562,60
-72.5232539,-40.0206395,60
-72.5230971,-40.0206206,60
-72.522956,-40.0206066,60
-72.5228673,-40.020608,60
-72.522832,-40.0206271,60
-72.5228345,-40.0206652,60
-72.5228586,-40.0207048,60
-72.522893,-40.0207529,60
-72.5229618,-40.020811,60
-72.5230632,-40.0208482,60
-72.5231661,-40.0208612,60
-72.5232912,-40.0208767,60
-72.5234206,-40.0208939,60
-72.5235583,-40.0209112,60
-72.5237116,-40.02093,60
-72.5238479,-40.0209463,60
-72.5240055,-40.0209646,60
-72.5241604,-40.020983,60
-72.5243149,-40.0210007,60
-72.5244524,-40.0210177,60
-72.5246057,-40.0210363,60
-72.5247584,-40.021055,60
-72.524896,-40.0210714,60
-72.5250486,-40.0210896,60
-72.5252023,-40.0211088,60
-72.52534,-40.0211261,60
-72.5254949,-40.0211449,60
-72.5256472,-40.0211636,60
-72.525785,-40.0211793,60
-72.5259372,-40.0211975,60
-72.5261511,-40.0212239,60
-72.5262261,-40.0212335,60
-72.5263795,-40.0212522,60
-72.5265335,-40.021271,60
-72.5266708,-40.0212879,60
-72.5268238,-40.0213065,60
-72.5269761,-40.0213252,60
-72.5271133,-40.0213417,60
-72.5272661,-40.0213603,60
-72.5274188,-40.0213789,60
-72.527558,-40.0213956,60
-72.5277107,-40.021414,60
-72.5278618,-40.0214324,60
-72.5280006,-40.0214496,60
-72.5281541,-40.0214686,60
-72.5283067,-40.021487,60
-72.5284444,-40.0215036,60
-72.528597,-40.0215223,60
-72.5287328,-40.0215384,60
-72.5288848,-40.0215568,60
-72.5290386,-40.0215754,60
-72.5291764,-40.021592,60
-72.5293273,-40.02161,60
-72.5294515,-40.0216302,60
-72.5295196,-40.0216541,60
-72.5295452,-40.0216938,60
-72.5295398,-40.0217486,60
-72.5295165,-40.0218072,60
-72.5294747,-40.0218403,60
-72.5294057,-40.0218487,60
-72.5293273,-40.0218413,60
-72.529241,-40.0218307,60
-72.5291237,-40.0218165,60
-72.5290037,-40.0218017,60
-72.5288575,-40.0217835,60
-72.5287015,-40.0217652,60
-72.5285444,-40.0217463,60
-72.5284048,-40.0217296,60
-72.5282519,-40.0217115,60
-72.528099,-40.0216925,60
-72.527962,-40.0216766,60
-72.5278094,-40.0216578,60
-72.5276551,-40.021639,60
-72.5275179,-40.0216227,60
-72.5273646,-40.0216045,60
-72.5272121,-40.0215858,60
-72.5270753,-40.0215696,60
-72.5269217,-40.021551,60
-72.5267862,-40.0215347,60
-72.5266336,-40.0215161,60
-72.5264799,-40.0214974,60
-72.5263268,-40.0214784,60
-72.5261892,-40.0214623,60
-72.5260366,-40.021444,60
-72.5258844,-40.0214254,60
-72.5257464,-40.0214089,60
-72.525594,-40.0213897,60
-72.5254413,-40.0213718,60
-72.5253032,-40.0213547,60
-72.5251509,-40.0213359,60
-72.5250233,-40.0213203,60
-72.5248727,-40.0213014,60
-72.524718,-40.021283,60
-72.5245654,-40.0212648,60
-72.5244279,-40.0212481,60
-72.524276,-40.0212292,60
-72.5241299,-40.0212117,60
-72.5239912,-40.0211944,60
-72.5238446,-40.0211768,60
-72.5236926,-40.021158,60
-72.5235605,-40.0211421,60
-72.5234266,-40.0211273,60
-72.5233008,-40.0211127,60
-72.5232005,-40.0211087,60
-72.5231475,-40.0211208,60
-72.5231636,-40.0211556,60
-72.5231853,-40.021189,60
-72.5232231,-40.0212423,60
-72.5232864,-40.0213052,60
-72.5233692,-40.0213452,60
-72.5234806,-40.0213631,60
-72.5235934,-40.0213782,60
-72.5237001,-40.0213907,60
-72.523835,-40.0214076,60
-72.523983,-40.0214261,60
-72.5241226,-40.0214428,60
-72.5242789,-40.0214614,60
-72.524417,-40.0214788,60
-72.5245617,-40.0214958,60
-72.524713,-40.0215142,60
-72.5248459,-40.0215295,60
-72.5249648,-40.0215439,60
-72.5251079,-40.021563,60
-72.5252564,-40.0215802,60
-72.5253692,-40.0215946,60
-72.5255078,-40.0216118,60
-72.5256563,-40.0216301,60
-72.5257965,-40.0216471,60
-72.525952,-40.0216651,60
-72.5261047,-40.0216834,60
-72.5262437,-40.0217,60
-72.5263971,-40.0217185,60
-72.5265361,-40.0217351,60
-72.526688,-40.0217537,60
-72.5268408,-40.0217724,60
-72.526994,-40.021791,60
-72.5271315,-40.021808,60
-72.5272839,-40.0218266,60
-72.5274363,-40.0218456,60
-72.5275728,-40.0218621,60
-72.5277251,-40.0218807,60
-72.5278624,-40.0218974,60
-72.5280147,-40.0219161,60
-72.5281684,-40.0219348,60
-72.5283054,-40.0219513,60
-72.52846,-40.0219694,60
-72.5286114,-40.0219871,60
-72.5287613,-40.022006,60
-72.5288996,-40.0220232,60
-72.5290532,-40.0220415,60
-72.5291914,-40.0220586,60
-72.5293268,-40.0220774,60
-72.5294025,-40.0221013,60
-72.5294325,-40.0221449,60
-72.5294304,-40.0221923,60
-72.5294106,-40.022251,60
-72.5293656,-40.0222905,60
-72.5293041,-40.0223007,60
-72.5292269,-40.0222936,60
-72.5291322,-40.0222825,60
-72.5290286,-40.0222696,60
-72.5288961,-40.0222532,60
-72.5287493,-40.0222357,60
-72.5286083,-40.0222187,60
-72.5284517,-40.0221995,60
-72.5283128,-40.0221831,60
-72.52816,-40.0221648,60
-72.5280074,-40.0221466,60
-72.5278545,-40.022129,60
-72.5277177,-40.0221124,60
-72.527565,-40.0220932,60
-72.5274125,-40.022075,60
-72.527275,-40.022058,60
-72.5271221,-40.0220396,60
-72.5269831,-40.0220233,60
-72.5268322,-40.0220043,60
-72.5266789,-40.0219859,60
-72.5265254,-40.0219671,60
-72.5263879,-40.0219503,60
-72.5262361,-40.0219323,60
-72.5260831,-40.0219138,60
-72.5259519,-40.0218978,60
-72.5258269,-40.0218828,60
-72.5256914,-40.0218664,60
-72.5255621,-40.0218493,60
-72.525449,-40.0218362,60
-72.5253701,-40.0218283,60
-72.5252928,-40.0218181,60
-72.5252365,-40.0218106,60
-72.5251666,-40.0218018,60
-72.5250776,-40.0217919,60
-72.5249671,-40.0217786,60
-72.52484,-40.0217634,60
-72.5247133,-40.021747,60
-72.5245629,-40.0217296,60
-72.5244058,-40.0217103,60
-72.5242693,-40.0216941,60
-72.5241223,-40.0216758,60
-72.5239759,-40.0216575,60
-72.5238397,-40.021641,60
-72.5236859,-40.0216236,60
-72.523569,-40.0216155,60
-72.5235106,-40.0216275,60
-72.5235044,-40.0216559,60
-72.5235347,-40.0217,60
-72.5235664,-40.0217487,60
-72.5236157,-40.0218021,60
-72.5237077,-40.0218495,60
-72.5238083,-40.0218675,60
-72.5239261,-40.0218822,60
-72.5240616,-40.0219001,60
-72.5242038,-40.0219167,60
-72.5243376,-40.0219341,60
-72.5244961,-40.0219522,60
-72.5246525,-40.0219713,60
-72.5247915,-40.0219881,60
-72.5249442,-40.0220067,60
-72.5250866,-40.0220233,60
-72.5252082,-40.0220366,60
-72.5253578,-40.0220578,60
-72.5255158,-40.0220778,60
-72.5256497,-40.0220933,60
-72.525796,-40.0221108,60
-72.5259482,-40.0221283,60
-72.5260844,-40.0221452,60
-72.5262389,-40.0221644,60
-72.526379,-40.0221808,60
-72.5265331,-40.0221998,60
-72.5266864,-40.0222184,60
-72.5268229,-40.0222349,60
-72.5269758,-40.0222537,60
-72.5271286,-40.0222723,60
-72.5272656,-40.0222891,60
-72.5274185,-40.0223076,60
-72.5275709,-40.0223262,60
-72.5277076,-40.0223427,60
-72.5278597,-40.0223617,60
-72.5280124,-40.0223809,60
-72.52815,-40.0223974,60
-72.5283032,-40.0224158,60
-72.5284552,-40.0224346,60
-72.5285923,-40.0224514,60
-72.5287452,-40.0224701,60
-72.528899,-40.022488,60
-72.5290328,-40.0225052,60
-72.5291798,-40.0225245,60
-72.5292804,-40.0225439,60
-72.5293188,-40.0225769,60
-72.5293222,-40.0226299,60
-72.5293066,-40.0226881,60
-72.5292689,-40.0227352,60
-72.5292115,-40.0227515,60
-72.5291373,-40.0227471,60
-72.5290481,-40.022737,60
-72.5289482,-40.0227243,60
-72.5288199,-40.0227084,60
-72.5286763,-40.0226917,60
-72.5285373,-40.0226742,60
-72.5283804,-40.0226562,60
-72.5282412,-40.0226398,60
-72.5280896,-40.0226219,60
-72.5279381,-40.0226034,60
-72.5277846,-40.0225844,60
-72.5276467,-40.0225679,60
-72.5274947,-40.0225495,60
-72.5273574,-40.0225329,60
-72.5272046,-40.0225145,60
-72.527052,-40.0224963,60
-72.5268994,-40.0224778,60
-72.5267767,-40.0224621,60
-72.5266565,-40.0224485,60
-72.5265241,-40.0224315,60
-72.5264119,-40.022417,60
-72.5262776,-40.0224011,60
-72.5261304,-40.0223835,60
-72.5259879,-40.022366,60
-72.5258337,-40.0223467,60
-72.5256764,-40.0223287,60
-72.5255354,-40.0223118,60
-72.5253833,-40.022293,60
-72.5252351,-40.0222746,60
-72.5251024,-40.0222603,60
-72.5249508,-40.0222409,60
-72.5248351,-40.0222267,60
-72.5247165,-40.0222128,60
-72.5246101,-40.0221999,60
-72.5245095,-40.0221869,60
-72.5244024,-40.0221737,60
-72.5242685,-40.0221576,60
-72.5241253,-40.0221398,60
-72.5239918,-40.0221271,60
-72.52392,-40.0221253,60
-72.5239019,-40.0221358,60
-72.5239268,-40.0221478,60
-72.5239695,-40.0221628,60
-72.5240295,-40.0221855,60
-72.5241206,-40.0222197,60
-72.5242279,-40.0222594,60
-72.5243485,-40.0223058,60
-72.5244621,-40.0223488,60
-72.5245905,-40.0223964,60
-72.5247086,-40.0224312,60
-72.5248177,-40.0224539,60
-72.524918,-40.0224682,60
-72.5250223,-40.0224817,60
-72.5251619,-40.0224983,60
-72.5252505,-40.0225075,60
-72.5253461,-40.0225207,60
-72.5254554,-40.022535,60
-72.5255854,-40.0225507,60
-72.5257345,-40.022569,60
-72.5258751,-40.0225856,60
-72.5260293,-40.0226039,60
-72.5261483,-40.0226171,60
-72.526291,-40.0226349,60
-72.5264489,-40.0226553,60
-72.5265895,-40.0226714,60
-72.5267274,-40.0226873,60
-72.5268721,-40.022706,60
-72.5270099,-40.0227228,60
-72.5271572,-40.0227405,60
-72.5273124,-40.0227605,60
-72.5274525,-40.0227766,60
-72.5276041,-40.022795,60
-72.5277545,-40.0228132,60
-72.527908,-40.022832,60
-72.5280403,-40.0228477,60
-72.5281795,-40.0228645,60
-72.5283017,-40.0228796,60
-72.5284482,-40.022897,60
-72.5286019,-40.0229159,60
-72.5287419,-40.0229332,60
-72.5288964,-40.022952,60
-72.5290413,-40.0229712,60
-72.5291364,-40.0229906,60
-72.5291587,-40.0230127,60
-72.5291332,-40.0230335,60
-72.5290875,-40.0230526,60
-72.5290216,-40.0230787,60
-72.5289321,-40.0231146,60
-72.5288329,-40.023145,60
-72.5287023,-40.0231573,60
-72.5285608,-40.0231432,60
-72.5284129,-40.0231235,60
-72.5282737,-40.0231072,60
-72.528118,-40.0230889,60
-72.5279793,-40.0230727,60
-72.5278271,-40.0230545,60
-72.5276741,-40.0230355,60
-72.5275387,-40.0230195,60
-72.5273857,-40.0229998,60
-72.5272335,-40.0229815,60
-72.52708,-40.022963,60
-72.5269419,-40.0229467,60
-72.5267905,-40.0229282,60
-72.5266538,-40.022911,60
-72.5265086,-40.0228932,60
-72.5263543,-40.0228751,60
-72.5262113,-40.0228573,60
-72.5260543,-40.0228393,60
-72.5259023,-40.0228209,60
-72.5257987,-40.0228084,60
-72.5257395,-40.022803,60
-72.5257086,-40.0227976,60
-72.5257021,-40.0227964,60
-72.525699,-40.0227971,60
</coordinates></LineString>
</Placemark>
<Placemark>
<name>DJI_202603241219_003_Crear-ruta-de-zona1_Timestamp.MRK</name>
<description>Equipo: M3E | Fecha: 24-03-2026 | Puntos: 139</description>
<styleUrl>#m3e</styleUrl>
<LineString><altitudeMode>relativeToGround</altitudeMode><coordinates>
-72.5790257,-40.0671487,60
-72.5790184,-40.0671723,60
-72.5790059,-40.0672152,60
-72.5789844,-40.0672835,60
-72.5789598,-40.0673674,60
-72.5789309,-40.0674651,60
-72.578897,-40.0675726,60
-72.5788622,-40.0676878,60
-72.5788309,-40.0677928,60
-72.5787976,-40.0679084,60
-72.5787631,-40.0680233,60
-72.5787277,-40.0681365,60
-72.5786973,-40.0682378,60
-72.5786631,-40.0683521,60
-72.5786291,-40.0684661,60
-72.5785933,-40.0685794,60
-72.5785593,-40.0686933,60
-72.5785248,-40.0688074,60
-72.5784916,-40.068922,60
-72.5784607,-40.0690243,60
-72.5784393,-40.0691185,60
-72.5784514,-40.069176,60
-72.578505,-40.0692114,60
-72.5785778,-40.0692294,60
-72.5786432,-40.0692328,60
-72.5786965,-40.0692066,60
-72.5787244,-40.0691581,60
-72.5787443,-40.069098,60
-72.5787689,-40.0690196,60
-72.5787979,-40.0689259,60
-72.5788266,-40.068831,60
-72.5788609,-40.0687172,60
-72.5788964,-40.0685989,60
-72.5789309,-40.0684829,60
-72.5789651,-40.0683677,60
-72.5789961,-40.0682647,60
-72.5790302,-40.0681503,60
-72.5790641,-40.0680361,60
-72.5790991,-40.0679225,60
-72.5791297,-40.0678198,60
-72.5791674,-40.0676939,60
-72.5791989,-40.0675904,60
-72.5792332,-40.0674753,60
-72.5792685,-40.0673637,60
-72.5793026,-40.0672888,60
-72.5793419,-40.0672596,60
-72.5794047,-40.0672589,60
-72.5794739,-40.0672786,60
-72.5795386,-40.0673141,60
-72.579564,-40.0673673,60
-72.5795549,-40.0674272,60
-72.5795357,-40.0674887,60
-72.57951,-40.0675735,60
-72.579481,-40.0676715,60
-72.5794481,-40.0677811,60
-72.5794137,-40.0678972,60
-72.5793836,-40.0680016,60
-72.5793488,-40.0681178,60
-72.5793149,-40.0682325,60
-72.5792805,-40.0683471,60
-72.5792461,-40.0684612,60
-72.5792151,-40.0685627,60
-72.5791809,-40.0686763,60
-72.5791462,-40.0687909,60
-72.5791157,-40.0688931,60
-72.5790814,-40.069007,60
-72.5790472,-40.0691211,60
-72.5790195,-40.0692272,60
-72.5790177,-40.0692943,60
-72.5790585,-40.0693373,60
-72.5791266,-40.0693597,60
-72.5791972,-40.0693694,60
-72.5792568,-40.0693539,60
-72.579292,-40.0693106,60
-72.579312,-40.0692551,60
-72.5793324,-40.0691907,60
-72.5793595,-40.0691027,60
-72.5793906,-40.0690017,60
-72.579424,-40.0688903,60
-72.5794591,-40.0687734,60
-72.5794929,-40.0686574,60
-72.5795241,-40.0685542,60
-72.5795588,-40.0684398,60
-72.5795933,-40.0683252,60
-72.5796278,-40.06821,60
-72.5796635,-40.0680946,60
-72.5796936,-40.0679912,60
-72.5797282,-40.0678763,60
-72.5797625,-40.0677617,60
-72.5797969,-40.0676467,60
-72.5798327,-40.0675344,60
-72.579864,-40.0674619,60
-72.5799063,-40.0674251,60
-72.5799677,-40.0674237,60
-72.5800381,-40.0674444,60
-72.5801029,-40.067481,60
-72.5801271,-40.0675282,60
-72.5801211,-40.0675866,60
-72.5801021,-40.067655,60
-72.5800768,-40.067739,60
-72.5800462,-40.0678368,60
-72.580013,-40.0679461,60
-72.5799822,-40.0680511,60
-72.5799476,-40.0681679,60
-72.5799137,-40.0682828,60
-72.5798794,-40.0683975,60
-72.5798457,-40.0685116,60
-72.579815,-40.0686136,60
-72.5797803,-40.0687275,60
-72.5797462,-40.0688413,60
-72.5797116,-40.0689553,60
-72.5796778,-40.0690688,60
-72.5796469,-40.0691717,60
-72.5796134,-40.0692845,60
-72.5795995,-40.0693617,60
-72.5796094,-40.0693915,60
-72.5796366,-40.0693808,60
-72.5796602,-40.0693566,60
-72.5797009,-40.0693151,60
-72.5797588,-40.0692559,60
-72.5798298,-40.0691833,60
-72.5799104,-40.069099,60
-72.5799861,-40.0690013,60
-72.5800321,-40.0689014,60
-72.5800691,-40.0687872,60
-72.5801039,-40.0686721,60
-72.5801385,-40.068557,60
-72.5801701,-40.0684532,60
-72.5802044,-40.0683382,60
-72.5802394,-40.068224,60
-72.5802735,-40.0681093,60
-72.580308,-40.0679953,60
-72.5803388,-40.0678924,60
-72.5803727,-40.0677779,60
-72.5804057,-40.0676696,60
-72.5804265,-40.0675998,60
-72.5804352,-40.0675737,60
-72.580438,-40.0675648,60
-72.5804399,-40.0675621,60
</coordinates></LineString>
</Placemark>
<Placemark>
<name>DJI_202603241237_004_NASA_Timestamp.MRK</name>
<description>Equipo: M3E | Fecha: 24-03-2026 | Puntos: 782</description>
<styleUrl>#m3e</styleUrl>
<LineString><altitudeMode>relativeToGround</altitudeMode><coordinates>
-72.6977916,-40.0913917,60
-72.6977922,-40.0914211,60
-72.6977917,-40.0914774,60
-72.697793,-40.0915536,60
-72.6977928,-40.0916351,60
-72.6977931,-40.0917383,60
-72.697793,-40.0918513,60
-72.6977924,-40.0919594,60
-72.6977923,-40.0920809,60
-72.6977922,-40.0921881,60
-72.6977919,-40.0923063,60
-72.6977915,-40.0924251,60
-72.6977915,-40.0925432,60
-72.6977913,-40.0926491,60
-72.6977918,-40.0927675,60
-72.6977927,-40.0928858,60
-72.6977928,-40.0929929,60
-72.6977928,-40.0931114,60
-72.6977922,-40.0932304,60
-72.6977926,-40.0933379,60
-72.6977923,-40.0934564,60
-72.6977923,-40.0935758,60
-72.6977926,-40.0936823,60
-72.6977926,-40.0937995,60
-72.6977965,-40.0939057,60
-72.6978203,-40.094003,60
-72.6978835,-40.0940829,60
-72.6979695,-40.0941526,60
-72.6980257,-40.094188,60
-72.6980648,-40.0941909,60
-72.6980875,-40.0941617,60
-72.6980908,-40.0941258,60
-72.6980916,-40.0940708,60
-72.6980922,-40.0939945,60
-72.6980927,-40.0939119,60
-72.6980924,-40.0938088,60
-72.6980916,-40.0936954,60
-72.6980918,-40.0935861,60
-72.6980918,-40.0934632,60
-72.6980916,-40.0933435,60
-72.6980911,-40.0932376,60
-72.6980913,-40.0931195,60
-72.6980911,-40.0930006,60
-72.6980912,-40.0928939,60
-72.698091,-40.0927755,60
-72.6980911,-40.092657,60
-72.6980913,-40.0925498,60
-72.6980916,-40.0924307,60
-72.6980919,-40.0923239,60
-72.698092,-40.0922049,60
-72.6980921,-40.0920887,60
-72.6980922,-40.0919846,60
-72.6980921,-40.0918645,60
-72.698092,-40.0917458,60
-72.6980918,-40.091627,60
-72.6980924,-40.091471,60
-72.6980925,-40.0913995,60
-72.6980922,-40.0912925,60
-72.698093,-40.0911736,60
-72.6981063,-40.0910593,60
-72.6981537,-40.090958,60
-72.6982246,-40.0908713,60
-72.6983012,-40.0907877,60
-72.6983468,-40.0907537,60
-72.6983772,-40.0907536,60
-72.6983889,-40.0907822,60
-72.6983908,-40.090822,60
-72.6983918,-40.0908758,60
-72.6983926,-40.0909543,60
-72.6983925,-40.091049,60
-72.698393,-40.091144,60
-72.6983928,-40.0912588,60
-72.6983935,-40.0913808,60
-72.6983927,-40.0914908,60
-72.6983933,-40.091611,60
-72.6983945,-40.0917307,60
-72.6983939,-40.0918375,60
-72.6983936,-40.0919551,60
-72.6983935,-40.0920624,60
-72.6983933,-40.092182,60
-72.6983931,-40.0923005,60
-72.6983928,-40.0924188,60
-72.6983922,-40.0925256,60
-72.6983924,-40.0926439,60
-72.6983922,-40.092762,60
-72.6983921,-40.0928685,60
-72.6983926,-40.0929871,60
-72.6983929,-40.0931056,60
-72.6983927,-40.0932123,60
-72.6983934,-40.0933313,60
-72.6983934,-40.0934386,60
-72.698393,-40.0935565,60
-72.6983937,-40.0936757,60
-72.6983929,-40.0937949,60
-72.6983927,-40.0939014,60
-72.698393,-40.0940195,60
-72.6983932,-40.0941368,60
-72.6983932,-40.0942431,60
-72.6983945,-40.0943635,60
-72.6984112,-40.0944688,60
-72.6984592,-40.0945456,60
-72.6985404,-40.0946193,60
-72.6986085,-40.0946677,60
-72.6986532,-40.0946836,60
-72.6986845,-40.0946629,60
-72.6986905,-40.0946294,60
-72.6986911,-40.0945808,60
-72.6986914,-40.0945121,60
-72.6986916,-40.0944344,60
-72.6986921,-40.0943339,60
-72.6986923,-40.0942228,60
-72.6986921,-40.094104,60
-72.6986919,-40.0939932,60
-72.6986914,-40.0938716,60
-72.6986909,-40.0937627,60
-72.6986909,-40.0936428,60
-72.6986908,-40.0935244,60
-72.6986907,-40.0934171,60
-72.6986909,-40.0932985,60
-72.6986914,-40.0931801,60
-72.6986914,-40.0930616,60
-72.6986919,-40.092955,60
-72.6986924,-40.0928361,60
-72.6986928,-40.0927291,60
-72.6986923,-40.0926102,60
-72.6986926,-40.0924914,60
-72.6986927,-40.0923733,60
-72.6986926,-40.0922661,60
-72.6986923,-40.0921469,60
-72.6986922,-40.0920422,60
-72.6986912,-40.0919242,60
-72.6986913,-40.0918051,60
-72.6986917,-40.0916982,60
-72.6986914,-40.0915789,60
-72.6986919,-40.0914602,60
-72.698692,-40.0913538,60
-72.698692,-40.0912358,60
-72.6986923,-40.0911166,60
-72.6986922,-40.0910094,60
-72.698692,-40.0908913,60
-72.698692,-40.0907725,60
-72.6986925,-40.0906542,60
-72.698692,-40.0905476,60
-72.6986944,-40.0904291,60
-72.6987149,-40.0903292,60
-72.6987766,-40.0902295,60
-72.6988541,-40.0901336,60
-72.6989158,-40.0900698,60
-72.6989594,-40.0900444,60
-72.698985,-40.0900563,60
-72.6989913,-40.0900886,60
-72.6989919,-40.0901347,60
-72.6989925,-40.0902037,60
-72.6989919,-40.0902801,60
-72.6989917,-40.0903788,60
-72.698992,-40.0904875,60
-72.6989919,-40.0905932,60
-72.6989925,-40.0907149,60
-72.6989928,-40.0908368,60
-72.6989932,-40.0909444,60
-72.6989928,-40.0910631,60
-72.6989921,-40.0911822,60
-72.6989926,-40.091289,60
-72.698993,-40.0914075,60
-72.6989926,-40.0915146,60
-72.6989926,-40.0916341,60
-72.6989928,-40.0917532,60
-72.6989933,-40.0918597,60
-72.6989936,-40.0919785,60
-72.6989937,-40.0920964,60
-72.6989935,-40.0922147,60
-72.6989937,-40.0923207,60
-72.6989933,-40.092439,60
-72.6989929,-40.0925573,60
-72.6989925,-40.0926654,60
-72.6989931,-40.0927844,60
-72.6989929,-40.092903,60
-72.6989924,-40.0930095,60
-72.6989928,-40.0931285,60
-72.6989932,-40.0932474,60
-72.6989936,-40.0933544,60
-72.6989936,-40.0934726,60
-72.698993,-40.0935908,60
-72.6989927,-40.0936985,60
-72.6989933,-40.0938168,60
-72.6989931,-40.0939353,60
-72.698993,-40.094043,60
-72.6989928,-40.0941607,60
-72.6989917,-40.0942777,60
-72.6989919,-40.0943836,60
-72.6989915,-40.0945015,60
-72.6989927,-40.0946091,60
-72.6989927,-40.0947276,60
-72.6989941,-40.0948458,60
-72.6990071,-40.0949398,60
-72.6990503,-40.0950002,60
-72.6991304,-40.0950507,60
-72.6992095,-40.0950799,60
-72.699256,-40.0950774,60
-72.6992863,-40.095043,60
-72.6992918,-40.0950007,60
-72.6992925,-40.0949415,60
-72.6992924,-40.0948628,60
-72.6992923,-40.0947784,60
-72.699292,-40.0946724,60
-72.6992923,-40.0945567,60
-72.6992922,-40.0944349,60
-72.6992925,-40.0943263,60
-72.6992924,-40.0942067,60
-72.6992925,-40.0940882,60
-72.6992919,-40.0939814,60
-72.6992924,-40.0938629,60
-72.6992925,-40.0937445,60
-72.6992921,-40.0936376,60
-72.6992916,-40.0935184,60
-72.6992917,-40.0933995,60
-72.6992917,-40.0932931,60
-72.6992914,-40.0931747,60
-72.6992914,-40.0930566,60
-72.6992913,-40.0929505,60
-72.6992913,-40.0928315,60
-72.6992919,-40.0927134,60
-72.6992919,-40.0926066,60
-72.6992917,-40.0924877,60
-72.6992914,-40.0923692,60
-72.6992921,-40.0922627,60
-72.6992923,-40.0921436,60
-72.6992926,-40.0920367,60
-72.6992917,-40.0919186,60
-72.6992915,-40.0918002,60
-72.6992913,-40.0916816,60
-72.6992911,-40.0915753,60
-72.6992911,-40.0914565,60
-72.6992907,-40.0913494,60
-72.6992912,-40.0912309,60
-72.6992915,-40.0911128,60
-72.6992917,-40.0909935,60
-72.6992916,-40.0908869,60
-72.6992918,-40.0907683,60
-72.6992921,-40.0906496,60
-72.6992918,-40.0905421,60
-72.699292,-40.0904237,60
-72.6992924,-40.0903055,60
-72.6992921,-40.0901985,60
-72.6992926,-40.0900809,60
-72.6992979,-40.0899807,60
-72.6993178,-40.0899334,60
-72.6993634,-40.0899162,60
-72.69942,-40.0899282,60
-72.6994769,-40.0899495,60
-72.6995482,-40.0899957,60
-72.6995852,-40.0900562,60
-72.6995913,-40.0901321,60
-72.6995916,-40.0902174,60
-72.6995918,-40.0903159,60
-72.6995917,-40.0904156,60
-72.6995913,-40.0905348,60
-72.6995914,-40.0906567,60
-72.6995917,-40.0907649,60
-72.6995917,-40.0908841,60
-72.6995919,-40.0910028,60
-72.6995927,-40.0911094,60
-72.6995926,-40.0912282,60
-72.6995927,-40.091347,60
-72.6995931,-40.0914538,60
-72.6995931,-40.0915727,60
-72.6995932,-40.0916796,60
-72.6995933,-40.0917981,60
-72.6995937,-40.0919174,60
-72.6995929,-40.0920354,60
-72.6995933,-40.0921423,60
-72.699593,-40.0922609,60
-72.6995929,-40.0923677,60
-72.6995932,-40.0924858,60
-72.6995934,-40.0926036,60
-72.6995933,-40.0927097,60
-72.6995927,-40.092829,60
-72.6995923,-40.0929484,60
-72.6995925,-40.0930556,60
-72.6995921,-40.0931733,60
-72.6995916,-40.0932914,60
-72.6995923,-40.093399,60
-72.6995926,-40.0935176,60
-72.6995927,-40.0936362,60
-72.699593,-40.0937423,60
-72.699593,-40.0938601,60
-72.6995925,-40.0939788,60
-72.6995928,-40.0940811,60
-72.6995927,-40.0941944,60
-72.699593,-40.0943108,60
-72.6995931,-40.0944317,60
-72.6995933,-40.0945403,60
-72.6995933,-40.0946591,60
-72.6995934,-40.0947593,60
-72.6995931,-40.0948675,60
-72.699594,-40.0949809,60
-72.6996021,-40.0950646,60
-72.6996252,-40.0951052,60
-72.6996824,-40.095127,60
-72.6997588,-40.0951288,60
-72.699834,-40.0951164,60
-72.6998793,-40.0950774,60
-72.6998921,-40.0950284,60
-72.6998924,-40.0949637,60
-72.699892,-40.0948818,60
-72.6998917,-40.0947964,60
-72.6998919,-40.0946888,60
-72.6998919,-40.0945715,60
-72.6998919,-40.0944624,60
-72.6998917,-40.0943415,60
-72.6998915,-40.0942217,60
-72.6998918,-40.0941147,60
-72.6998914,-40.0939964,60
-72.6998915,-40.0938775,60
-72.6998921,-40.0937707,60
-72.6998922,-40.0936531,60
-72.6998918,-40.0935337,60
-72.6998919,-40.0934267,60
-72.6998914,-40.0933083,60
-72.6998918,-40.0931904,60
-72.6998914,-40.0930842,60
-72.6998918,-40.0929662,60
-72.6998918,-40.0928479,60
-72.6998923,-40.0927402,60
-72.6998916,-40.092621,60
-72.6998907,-40.0925021,60
-72.699891,-40.0923958,60
-72.6998914,-40.0922767,60
-72.6998912,-40.0921584,60
-72.6998909,-40.0920522,60
-72.6998906,-40.0919334,60
-72.6998904,-40.0918152,60
-72.6998911,-40.091709,60
-72.6998914,-40.0915902,60
-72.699892,-40.0914715,60
-72.699892,-40.0913647,60
-72.699892,-40.0912457,60
-72.699892,-40.0911275,60
-72.6998926,-40.0910202,60
-72.6998928,-40.0909006,60
-72.6998928,-40.0907815,60
-72.6998921,-40.0906748,60
-72.6998926,-40.090556,60
-72.6998915,-40.0904376,60
-72.6998913,-40.0903313,60
-72.6998952,-40.0902254,60
-72.6999125,-40.0901662,60
-72.6999492,-40.0901459,60
-72.7000055,-40.0901523,60
-72.7000658,-40.0901733,60
-72.7001311,-40.0902094,60
-72.700181,-40.0902736,60
-72.7001904,-40.0903483,60
-72.7001915,-40.0904227,60
-72.7001919,-40.0905194,60
-72.7001921,-40.0906273,60
-72.7001922,-40.0907336,60
-72.7001927,-40.0908557,60
-72.7001922,-40.090977,60
-72.7001928,-40.0910843,60
-72.7001931,-40.0912036,60
-72.7001931,-40.091323,60
-72.7001925,-40.0914299,60
-72.7001924,-40.0915485,60
-72.7001923,-40.0916667,60
-72.7001927,-40.0917736,60
-72.7001924,-40.091892,60
-72.7001918,-40.0920098,60
-72.7001924,-40.0921158,60
-72.7001919,-40.0922351,60
-72.7001923,-40.0923428,60
-72.7001932,-40.0924622,60
-72.7001935,-40.0925813,60
-72.7001931,-40.0926999,60
-72.7001923,-40.0928068,60
-72.7001931,-40.092925,60
-72.7001931,-40.093043,60
-72.7001933,-40.0931493,60
-72.7001926,-40.0932683,60
-72.7001931,-40.0933863,60
-72.7001933,-40.0934934,60
-72.7001929,-40.0936121,60
-72.7001929,-40.0937306,60
-72.7001926,-40.0938372,60
-72.7001925,-40.0939556,60
-72.7001925,-40.0940752,60
-72.7001922,-40.0941807,60
-72.7001926,-40.0942918,60
-72.7001922,-40.0944122,60
-72.7001921,-40.094516,60
-72.7001923,-40.0946186,60
-72.7001924,-40.0947322,60
-72.700192,-40.0948411,60
-72.7001928,-40.0949619,60
-72.7002021,-40.0950496,60
-72.7002285,-40.095091,60
-72.7002888,-40.0951108,60
-72.7003615,-40.095109,60
-72.7004298,-40.0950943,60
-72.7004772,-40.0950545,60
-72.7004906,-40.0949978,60
-72.7004917,-40.0949389,60
-72.7004915,-40.0948568,60
-72.7004916,-40.0947599,60
-72.7004912,-40.0946627,60
-72.7004916,-40.0945459,60
-72.7004919,-40.0944241,60
-72.7004919,-40.0943151,60
-72.7004913,-40.0941954,60
-72.7004914,-40.094089,60
-72.7004915,-40.0939708,60
-72.7004912,-40.0938523,60
-72.700492,-40.0937335,60
-72.7004919,-40.0936271,60
-72.7004918,-40.0935084,60
-72.7004917,-40.0933896,60
-72.700492,-40.0932828,60
-72.7004921,-40.093164,60
-72.7004921,-40.0930457,60
-72.7004922,-40.0929393,60
-72.7004921,-40.0928209,60
-72.7004921,-40.0927018,60
-72.7004917,-40.0925954,60
-72.700491,-40.0924768,60
-72.700491,-40.0923702,60
-72.700491,-40.0922516,60
-72.7004911,-40.0921331,60
-72.7004909,-40.0920146,60
-72.700491,-40.0919072,60
-72.700491,-40.091788,60
-72.7004917,-40.0916817,60
-72.7004917,-40.0915626,60
-72.7004915,-40.0914432,60
-72.7004917,-40.0913245,60
-72.7004917,-40.0912176,60
-72.7004922,-40.0910995,60
-72.7004918,-40.0909812,60
-72.7004918,-40.090874,60
-72.7004922,-40.0907552,60
-72.7004922,-40.090648,60
-72.7004917,-40.0905297,60
-72.7004968,-40.0904345,60
-72.7005145,-40.0903906,60
-72.7005603,-40.0903735,60
-72.7006166,-40.0903843,60
-72.7006738,-40.0904047,60
-72.7007449,-40.0904496,60
-72.7007852,-40.0905173,60
-72.7007911,-40.0905936,60
-72.7007916,-40.0906709,60
-72.7007913,-40.0907696,60
-72.7007915,-40.0908686,60
-72.7007917,-40.0909875,60
-72.7007925,-40.0911091,60
-72.7007929,-40.0912306,60
-72.700792,-40.0913371,60
-72.7007916,-40.0914545,60
-72.7007924,-40.0915736,60
-72.7007932,-40.0916806,60
-72.7007932,-40.0917994,60
-72.7007928,-40.0919184,60
-72.7007928,-40.0920253,60
-72.7007925,-40.0921441,60
-72.7007932,-40.0922615,60
-72.7007936,-40.092367,60
-72.7007933,-40.0924859,60
-72.7007931,-40.0926048,60
-72.7007933,-40.0927122,60
-72.7007934,-40.0928309,60
-72.7007931,-40.0929496,60
-72.7007924,-40.0930564,60
-72.700792,-40.0931757,60
-72.7007918,-40.093294,60
-72.7007917,-40.0934002,60
-72.7007921,-40.0935187,60
-72.7007922,-40.093638,60
-72.7007916,-40.0937393,60
-72.7007929,-40.0938508,60
-72.7007934,-40.0939709,60
-72.7007929,-40.094078,60
-72.7007926,-40.0941937,60
-72.7007922,-40.0943128,60
-72.700793,-40.0944192,60
-72.7007926,-40.0945369,60
-72.7007923,-40.0946559,60
-72.7007919,-40.0947763,60
-72.7007911,-40.0948805,60
-72.7007995,-40.0949712,60
-72.7008124,-40.0950109,60
-72.7008453,-40.0950199,60
-72.7008775,-40.0949952,60
-72.7009079,-40.0949641,60
-72.7009579,-40.0949122,60
-72.7010207,-40.0948435,60
-72.7010686,-40.0947656,60
-72.701092,-40.0946622,60
-72.701092,-40.0945514,60
-72.701092,-40.0944456,60
-72.7010923,-40.0943255,60
-72.7010927,-40.0942052,60
-72.7010923,-40.0940969,60
-72.7010919,-40.0939769,60
-72.7010919,-40.0938576,60
-72.701092,-40.0937507,60
-72.7010921,-40.0936324,60
-72.7010922,-40.0935137,60
-72.7010924,-40.0934067,60
-72.7010922,-40.0932886,60
-72.7010921,-40.0931706,60
-72.7010917,-40.0930641,60
-72.7010911,-40.0929452,60
-72.701091,-40.0928259,60
-72.7010911,-40.092719,60
-72.7010914,-40.0926005,60
-72.7010916,-40.0924819,60
-72.7010915,-40.0923752,60
-72.7010914,-40.0922571,60
-72.7010916,-40.0921385,60
-72.701092,-40.0920318,60
-72.7010919,-40.0919136,60
-72.7010919,-40.0917948,60
-72.7010912,-40.0916872,60
-72.7010912,-40.091568,60
-72.7010915,-40.0914494,60
-72.7010918,-40.0913422,60
-72.701092,-40.0912232,60
-72.7010915,-40.0911042,60
-72.7010915,-40.0909971,60
-72.7010906,-40.0908789,60
-72.7010908,-40.0907607,60
-72.7010947,-40.0906703,60
-72.7011126,-40.0906162,60
-72.7011572,-40.0905962,60
-72.7012084,-40.0906025,60
-72.7012707,-40.0906232,60
-72.7013426,-40.0906648,60
-72.7013827,-40.0907226,60
-72.7013914,-40.0907966,60
-72.7013915,-40.0908789,60
-72.7013912,-40.0909756,60
-72.7013918,-40.0910735,60
-72.7013911,-40.0911914,60
-72.7013918,-40.0913014,60
-72.7013926,-40.0914229,60
-72.7013933,-40.091543,60
-72.7013932,-40.0916609,60
-72.7013928,-40.091767,60
-72.7013917,-40.0918851,60
-72.701392,-40.0920039,60
-72.7013918,-40.0921118,60
-72.7013924,-40.092231,60
-72.7013924,-40.0923376,60
-72.701392,-40.0924556,60
-72.7013917,-40.0925737,60
-72.7013919,-40.0926805,60
-72.7013921,-40.0927992,60
-72.7013925,-40.0929179,60
-72.7013928,-40.0930362,60
-72.701393,-40.0931415,60
-72.7013929,-40.0932603,60
-72.7013925,-40.0933766,60
-72.701392,-40.0934829,60
-72.7013926,-40.0936023,60
-72.7013925,-40.0937101,60
-72.7013924,-40.0938287,60
-72.701392,-40.0939444,60
-72.7013918,-40.0940485,60
-72.7013978,-40.0941359,60
-72.7014111,-40.0941729,60
-72.7014338,-40.0941709,60
-72.7014522,-40.0941446,60
-72.701475,-40.0941049,60
-72.7015102,-40.0940437,60
-72.7015499,-40.0939747,60
-72.7016014,-40.0938856,60
-72.7016501,-40.0937949,60
-72.7016831,-40.0936821,60
-72.7016914,-40.0935621,60
-72.7016919,-40.093454,60
-72.7016917,-40.0933341,60
-72.7016914,-40.0932145,60
-72.7016912,-40.0931084,60
-72.7016921,-40.0929177,60
-72.701692,-40.0928579,60
-72.7016915,-40.0927631,60
-72.7016914,-40.0926446,60
-72.7016915,-40.0925264,60
-72.7016917,-40.09242,60
-72.7016913,-40.0923013,60
-72.7016914,-40.0921827,60
-72.701692,-40.092064,60
-72.7016914,-40.0919577,60
-72.7016913,-40.0918397,60
-72.701692,-40.0917208,60
-72.7016917,-40.0916143,60
-72.7016913,-40.0914949,60
-72.7016909,-40.0913757,60
-72.7016907,-40.0912686,60
-72.7016909,-40.0911497,60
-72.7016906,-40.0910309,60
-72.7016924,-40.0909271,60
-72.7017035,-40.0908495,60
-72.701734,-40.0908146,60
-72.7017821,-40.0908104,60
-72.7018403,-40.0908264,60
-72.7019113,-40.0908569,60
-72.7019674,-40.0909065,60
-72.701989,-40.0909772,60
-72.7019912,-40.0910541,60
-72.7019911,-40.0911349,60
-72.7019914,-40.0912385,60
-72.7019915,-40.0913523,60
-72.7019919,-40.0914611,60
-72.7019918,-40.0915829,60
-72.7019921,-40.0917035,60
-72.7019925,-40.0918113,60
-72.7019921,-40.0919302,60
-72.7019925,-40.0920494,60
-72.7019924,-40.0921569,60
-72.7019922,-40.0922763,60
-72.7019927,-40.0923956,60
-72.7019934,-40.0925149,60
-72.7019929,-40.092622,60
-72.7019928,-40.092741,60
-72.7019927,-40.0928484,60
-72.7019916,-40.0929662,60
-72.7019957,-40.0930676,60
-72.7020071,-40.0931156,60
-72.702025,-40.0931286,60
-72.7020464,-40.0931093,60
-72.702064,-40.0930798,60
-72.702094,-40.0930276,60
-72.7021353,-40.092956,60
-72.7021792,-40.09288,60
-72.7022341,-40.0927845,60
-72.7022772,-40.0926756,60
-72.7022901,-40.0925566,60
-72.7022906,-40.0924475,60
-72.7022907,-40.0923271,60
-72.702291,-40.0922084,60
-72.702291,-40.0921025,60
-72.7022914,-40.0919882,60
-72.7022912,-40.0918711,60
-72.7022913,-40.0917638,60
-72.7022913,-40.0916448,60
-72.7022916,-40.0915257,60
-72.7022913,-40.0914194,60
-72.7022916,-40.0913009,60
-72.7022915,-40.0911939,60
-72.7022965,-40.0910933,60
-72.7023161,-40.0910411,60
-72.7023622,-40.0910238,60
-72.7024135,-40.0910326,60
-72.7024778,-40.0910547,60
-72.7025429,-40.091094,60
-72.7025838,-40.0911593,60
-72.7025902,-40.091233,60
-72.7025909,-40.0913081,60
-72.7025915,-40.0914057,60
-72.7025912,-40.091516,60
-72.7025914,-40.0916347,60
-72.7025917,-40.0917442,60
-72.7025919,-40.091865,60
-72.7025927,-40.0919816,60
-72.7026006,-40.0920548,60
-72.7026183,-40.0920859,60
-72.7026392,-40.0920755,60
-72.7026569,-40.0920458,60
-72.7026837,-40.0919985,60
-72.7027216,-40.0919317,60
-72.7027632,-40.091859,60
-72.7028166,-40.0917664,60
-72.7028653,-40.0916613,60
-72.7028854,-40.0915562,60
-72.7028897,-40.0914359,60
-72.7028876,-40.091333,60
-72.7028733,-40.0912606,60
-72.7028274,-40.0912222,60
-72.7027569,-40.0912144,60
-72.7026863,-40.0912206,60
-72.7025874,-40.0912313,60
-72.7024678,-40.0912436,60
-72.7023452,-40.0912561,60
-72.7021961,-40.0912708,60
-72.7020386,-40.0912861,60
-72.7018973,-40.0912998,60
-72.7017426,-40.0913154,60
-72.7015889,-40.0913304,60
-72.701451,-40.0913436,60
-72.7012976,-40.0913585,60
-72.7011604,-40.0913724,60
-72.7010069,-40.0913872,60
-72.7008537,-40.0914022,60
-72.7006987,-40.0914174,60
-72.7005595,-40.0914316,60
-72.7004047,-40.0914469,60
-72.7002524,-40.0914618,60
-72.7001148,-40.0914751,60
-72.6999609,-40.0914901,60
-72.6998066,-40.0915057,60
-72.6996675,-40.0915192,60
-72.6995132,-40.0915346,60
-72.6993745,-40.0915481,60
-72.6992211,-40.0915633,60
-72.6990674,-40.0915786,60
-72.6989289,-40.0915925,60
-72.6987284,-40.0916126,60
-72.6986198,-40.0916233,60
-72.6984655,-40.091638,60
-72.698327,-40.0916522,60
-72.6981739,-40.0916678,60
-72.6980355,-40.0916805,60
-72.6978819,-40.0916959,60
-72.6977279,-40.0917114,60
-72.6976123,-40.0917278,60
-72.6975379,-40.0917564,60
-72.6975018,-40.0918099,60
-72.6974952,-40.0918675,60
-72.6974938,-40.0919429,60
-72.6974935,-40.0920334,60
-72.6974927,-40.0921265,60
-72.6974924,-40.0922401,60
-72.6974928,-40.0923609,60
-72.6974927,-40.0924695,60
-72.6974927,-40.0926018,60
-72.697493,-40.0927093,60
-72.6974924,-40.0928166,60
-72.6974919,-40.0929134,60
-72.6974929,-40.0930102,60
-72.6974927,-40.0931113,60
-72.6974932,-40.0932278,60
-72.6974935,-40.0933478,60
-72.6974935,-40.0934679,60
-72.6974935,-40.0935768,60
-72.6974873,-40.0936704,60
-72.6974732,-40.0937153,60
-72.6974373,-40.0937281,60
-72.6973897,-40.0937111,60
-72.6973461,-40.0936837,60
-72.6972827,-40.0936398,60
-72.6972211,-40.0935723,60
-72.6971922,-40.0934944,60
-72.6971911,-40.0934002,60
-72.6971921,-40.0932966,60
-72.6971927,-40.0931956,60
-72.697193,-40.0930754,60
-72.6971929,-40.0929531,60
-72.697193,-40.0928328,60
-72.6971928,-40.092725,60
-72.6971928,-40.0926064,60
-72.6971924,-40.092488,60
-72.6971919,-40.0923814,60
-72.6971906,-40.0922649,60
-72.6971797,-40.092187,60
-72.6971637,-40.0921594,60
-72.6971321,-40.0921628,60
-72.6971073,-40.0921865,60
-72.6970715,-40.0922279,60
-72.6970206,-40.0922876,60
-72.6969596,-40.0923625,60
-72.6969144,-40.092444,60
-72.6968941,-40.0925497,60
-72.696894,-40.092651,60
-72.6968937,-40.0927694,60
-72.6968934,-40.0928782,60
-72.6968926,-40.0929724,60
-72.6968934,-40.0930864,60
-72.6968925,-40.093201,60
-72.696885,-40.0932842,60
-72.6968658,-40.0933182,60
-72.6968198,-40.0933208,60
-72.696774,-40.0932969,60
-72.6967267,-40.0932661,60
-72.6966599,-40.0932151,60
-72.6966071,-40.0931378,60
-72.6965862,-40.0930607,60
-72.6965905,-40.0929819,60
-72.6965924,-40.0928921,60
-72.6965924,-40.0928391,60
-72.6965926,-40.0928058,60
-72.6965926,-40.0927935,60
-72.696593,-40.0927919,60
</coordinates></LineString>
</Placemark>
<Placemark>
<name>DJI_202603241324_001_ELTREBOL_Timestamp.MRK</name>
<description>Equipo: M3E | Fecha: 24-03-2026 | Puntos: 1192</description>
<styleUrl>#m3e</styleUrl>
<LineString><altitudeMode>relativeToGround</altitudeMode><coordinates>
-72.7622687,-39.9861657,60
-72.7622689,-39.9861906,60
-72.7622696,-39.9862426,60
-72.76227,-39.9863067,60
-72.7622706,-39.9863937,60
-72.7622712,-39.9864947,60
-72.7622711,-39.9865947,60
-72.7622705,-39.9867127,60
-72.7622703,-39.9868351,60
-72.7622699,-39.986944,60
-72.7622696,-39.9870627,60
-72.7622701,-39.9871806,60
-72.7622693,-39.9872852,60
-72.7622702,-39.9873998,60
-72.7622699,-39.9875197,60
-72.7622698,-39.9876269,60
-72.7622712,-39.9877475,60
-72.7622711,-39.9878669,60
-72.7622703,-39.9879736,60
-72.7622705,-39.9880916,60
-72.7622711,-39.9882112,60
-72.7622709,-39.9883299,60
-72.7622712,-39.9884279,60
-72.7622718,-39.9885046,60
-72.7622726,-39.9885715,60
-72.7622709,-39.988659,60
-72.7622717,-39.9887566,60
-72.7622835,-39.9888448,60
-72.7623161,-39.9889286,60
-72.7623754,-39.9889891,60
-72.7624512,-39.9890176,60
-72.7625105,-39.9890396,60
-72.7625525,-39.9890272,60
-72.7625673,-39.9889942,60
-72.7625682,-39.9889486,60
-72.7625686,-39.9888847,60
-72.7625682,-39.9888119,60
-72.7625688,-39.9887146,60
-72.7625688,-39.9886069,60
-72.7625683,-39.9885054,60
-72.7625679,-39.9883826,60
-72.7625683,-39.9882599,60
-72.7625684,-39.9881515,60
-72.762568,-39.9880333,60
-72.7625686,-39.9879138,60
-72.7625684,-39.9878105,60
-72.7625688,-39.9876974,60
-72.7625685,-39.9875792,60
-72.7625687,-39.9874713,60
-72.7625684,-39.9873511,60
-72.7625688,-39.9872362,60
-72.7625689,-39.9871286,60
-72.7625687,-39.9870095,60
-72.7625686,-39.9868896,60
-72.7625689,-39.9867825,60
-72.7625692,-39.9866635,60
-72.762569,-39.9865444,60
-72.7625694,-39.9864251,60
-72.7625695,-39.986318,60
-72.7625694,-39.9861991,60
-72.7625694,-39.9860922,60
-72.7625697,-39.9859731,60
-72.7625699,-39.985855,60
-72.7625696,-39.9857482,60
-72.7625701,-39.9856292,60
-72.7625698,-39.9855107,60
-72.7625699,-39.9854041,60
-72.7625698,-39.9852856,60
-72.7625703,-39.9851667,60
-72.7625699,-39.9850596,60
-72.7625705,-39.9849415,60
-72.7625705,-39.9848232,60
-72.76257,-39.9847167,60
-72.7625694,-39.984598,60
-72.7625691,-39.984479,60
-72.7625694,-39.9843723,60
-72.7625691,-39.9842535,60
-72.7625697,-39.9841351,60
-72.7625698,-39.984028,60
-72.7625697,-39.9839087,60
-72.7625694,-39.9837909,60
-72.7625708,-39.9836844,60
-72.7625842,-39.983586,60
-72.7626289,-39.9835126,60
-72.7627028,-39.9834612,60
-72.7627859,-39.9834239,60
-72.7628305,-39.9834217,60
-72.7628612,-39.9834504,60
-72.7628678,-39.9834922,60
-72.7628683,-39.9835472,60
-72.7628686,-39.9836141,60
-72.7628687,-39.9837042,60
-72.7628687,-39.9838078,60
-72.7628685,-39.9839103,60
-72.7628687,-39.9840312,60
-72.7628686,-39.984153,60
-72.7628689,-39.9842616,60
-72.7628691,-39.9843811,60
-72.76287,-39.9845007,60
-72.7628701,-39.9846068,60
-72.76287,-39.9847246,60
-72.7628708,-39.9848433,60
-72.76287,-39.9849513,60
-72.7628688,-39.9850692,60
-72.7628689,-39.9851869,60
-72.7628692,-39.9852944,60
-72.7628692,-39.9854139,60
-72.7628689,-39.9855322,60
-72.7628694,-39.9856381,60
-72.7628693,-39.9857565,60
-72.7628702,-39.9858761,60
-72.76287,-39.9859834,60
-72.7628694,-39.9861019,60
-72.7628692,-39.9862208,60
-72.7628695,-39.9863279,60
-72.7628701,-39.9864468,60
-72.7628704,-39.9865651,60
-72.7628703,-39.9866719,60
-72.7628701,-39.9867915,60
-72.76287,-39.9869109,60
-72.7628698,-39.9870166,60
-72.7628694,-39.9871347,60
-72.7628686,-39.9872536,60
-72.7628685,-39.9873608,60
-72.7628693,-39.9874785,60
-72.7628697,-39.9875994,60
-72.7628696,-39.9877054,60
-72.7628688,-39.9878207,60
-72.7628696,-39.987918,60
-72.7628689,-39.9880313,60
-72.7628681,-39.988146,60
-72.762868,-39.9882624,60
-72.7628682,-39.9883741,60
-72.7628674,-39.9884971,60
-72.7628685,-39.9886173,60
-72.7628689,-39.9887365,60
-72.7628685,-39.9888429,60
-72.7628684,-39.9889584,60
-72.7628695,-39.9890569,60
-72.7628719,-39.9891755,60
-72.7628918,-39.9892705,60
-72.7629439,-39.9893377,60
-72.7630331,-39.9893967,60
-72.7631009,-39.9894306,60
-72.7631411,-39.9894287,60
-72.7631653,-39.9893965,60
-72.7631678,-39.9893527,60
-72.7631681,-39.9892996,60
-72.7631678,-39.989222,60
-72.7631672,-39.9891279,60
-72.7631671,-39.9890323,60
-72.7631671,-39.9889192,60
-72.7631671,-39.9888115,60
-72.7631673,-39.9886885,60
-72.763167,-39.9885666,60
-72.7631668,-39.9884467,60
-72.763167,-39.9883396,60
-72.7631672,-39.988221,60
-72.7631678,-39.9881027,60
-72.763168,-39.9879965,60
-72.7631675,-39.9878784,60
-72.7631676,-39.9877593,60
-72.7631675,-39.987652,60
-72.7631679,-39.9875333,60
-72.7631681,-39.987414,60
-72.7631676,-39.9873068,60
-72.7631681,-39.9871882,60
-72.763168,-39.9870698,60
-72.7631683,-39.9869627,60
-72.7631686,-39.9868439,60
-72.7631685,-39.9867253,60
-72.7631682,-39.9866185,60
-72.7631685,-39.986499,60
-72.7631677,-39.9863919,60
-72.7631676,-39.9862723,60
-72.7631677,-39.9861533,60
-72.763168,-39.9860458,60
-72.7631669,-39.985927,60
-72.7631672,-39.9858086,60
-72.7631681,-39.9856902,60
-72.7631679,-39.9855833,60
-72.763168,-39.9854646,60
-72.7631681,-39.985346,60
-72.7631684,-39.9852393,60
-72.7631681,-39.9851202,60
-72.7631682,-39.985002,60
-72.7631686,-39.984895,60
-72.7631685,-39.9847758,60
-72.7631684,-39.9846573,60
-72.7631687,-39.9845508,60
-72.7631687,-39.9844323,60
-72.7631686,-39.9843142,60
-72.7631688,-39.9842074,60
-72.7631688,-39.9840875,60
-72.7631683,-39.9839689,60
-72.7631681,-39.9838648,60
-72.7631681,-39.9837477,60
-72.7631681,-39.9836263,60
-72.7631685,-39.983518,60
-72.7631687,-39.9833981,60
-72.7631745,-39.9832843,60
-72.7631982,-39.9832103,60
-72.7632591,-39.9831434,60
-72.7633509,-39.9830972,60
-72.7634049,-39.9830801,60
-72.763448,-39.9830941,60
-72.7634655,-39.9831311,60
-72.7634674,-39.9831733,60
-72.7634674,-39.9832378,60
-72.7634675,-39.9833205,60
-72.7634673,-39.9834074,60
-72.7634678,-39.9835151,60
-72.7634679,-39.983635,60
-72.7634687,-39.9837449,60
-72.7634686,-39.9838664,60
-72.7634685,-39.9839852,60
-72.7634684,-39.9840916,60
-72.7634686,-39.9842098,60
-72.7634684,-39.9843276,60
-72.7634688,-39.9844341,60
-72.7634695,-39.9845522,60
-72.7634693,-39.9846713,60
-72.7634696,-39.9847781,60
-72.7634695,-39.9848971,60
-72.7634696,-39.9850154,60
-72.7634697,-39.9851219,60
-72.7634692,-39.9852409,60
-72.7634688,-39.9853599,60
-72.7634687,-39.9854668,60
-72.7634688,-39.9855851,60
-72.7634683,-39.9857032,60
-72.7634685,-39.9858101,60
-72.7634685,-39.9859288,60
-72.7634689,-39.9860356,60
-72.763469,-39.9861534,60
-72.7634698,-39.9862721,60
-72.7634693,-39.9863919,60
-72.7634684,-39.986499,60
-72.7634676,-39.986618,60
-72.7634681,-39.9867368,60
-72.7634683,-39.9868439,60
-72.7634684,-39.9869633,60
-72.7634686,-39.9870701,60
-72.7634683,-39.9871894,60
-72.7634682,-39.9873082,60
-72.7634681,-39.9874262,60
-72.7634679,-39.9875319,60
-72.7634678,-39.9876511,60
-72.763468,-39.9877577,60
-72.763468,-39.9878762,60
-72.7634684,-39.9879952,60
-72.7634688,-39.9881021,60
-72.7634684,-39.9882206,60
-72.7634678,-39.988339,60
-72.7634681,-39.9884576,60
-72.7634678,-39.9885635,60
-72.7634681,-39.9886734,60
-72.7634686,-39.988778,60
-72.7634684,-39.988898,60
-72.7634689,-39.9890155,60
-72.7634685,-39.9891198,60
-72.763468,-39.9892417,60
-72.7634678,-39.9893629,60
-72.7634681,-39.9894701,60
-72.7634728,-39.9895862,60
-72.7634979,-39.9896752,60
-72.763563,-39.9897463,60
-72.7636417,-39.9897982,60
-72.7637042,-39.9898271,60
-72.7637463,-39.9898176,60
-72.7637636,-39.9897868,60
-72.7637656,-39.9897418,60
-72.7637657,-39.9896874,60
-72.7637659,-39.9896074,60
-72.7637661,-39.9895129,60
-72.7637665,-39.9894167,60
-72.763767,-39.9893011,60
-72.7637668,-39.989178,60
-72.7637669,-39.989069,60
-72.7637673,-39.9889498,60
-72.7637672,-39.9888313,60
-72.7637673,-39.9887125,60
-72.7637675,-39.9886057,60
-72.7637672,-39.9884877,60
-72.7637674,-39.9883691,60
-72.7637675,-39.9882624,60
-72.7637673,-39.9881435,60
-72.7637672,-39.9880254,60
-72.7637672,-39.987918,60
-72.7637677,-39.9877997,60
-72.7637673,-39.9876929,60
-72.7637672,-39.9875747,60
-72.7637673,-39.987457,60
-72.7637673,-39.9873371,60
-72.7637677,-39.9872296,60
-72.7637676,-39.9871107,60
-72.7637672,-39.9869919,60
-72.7637675,-39.9868855,60
-72.7637678,-39.9867669,60
-72.7637676,-39.9866601,60
-72.7637672,-39.9865414,60
-72.7637672,-39.9864225,60
-72.7637675,-39.9863159,60
-72.7637673,-39.9861969,60
-72.7637671,-39.9860777,60
-72.7637675,-39.9859585,60
-72.7637676,-39.9858513,60
-72.7637674,-39.9857325,60
-72.7637675,-39.985626,60
-72.763767,-39.9855072,60
-72.7637672,-39.9853888,60
-72.7637673,-39.9852823,60
-72.7637676,-39.9851635,60
-72.7637673,-39.9850445,60
-72.7637674,-39.9849376,60
-72.7637678,-39.9848194,60
-72.7637676,-39.984701,60
-72.7637677,-39.9845823,60
-72.7637671,-39.9844753,60
-72.7637671,-39.9843572,60
-72.7637669,-39.9842503,60
-72.763767,-39.9841314,60
-72.7637679,-39.9840124,60
-72.7637679,-39.9839064,60
-72.763767,-39.9837983,60
-72.7637671,-39.9837133,60
-72.7637677,-39.9836204,60
-72.763768,-39.9835307,60
-72.7637678,-39.9834296,60
-72.7637675,-39.9833241,60
-72.7637678,-39.9832269,60
-72.7637698,-39.9831222,60
-72.7637821,-39.983058,60
-72.7638268,-39.9830175,60
-72.7638976,-39.9830019,60
-72.7639723,-39.9830022,60
-72.764033,-39.9830211,60
-72.7640621,-39.9830649,60
-72.7640661,-39.9831142,60
-72.7640665,-39.9831813,60
-72.7640669,-39.9832656,60
-72.764067,-39.9833532,60
-72.7640671,-39.9834622,60
-72.7640674,-39.9835774,60
-72.7640674,-39.9836855,60
-72.7640671,-39.9837843,60
-72.7640671,-39.983883,60
-72.7640671,-39.9839826,60
-72.7640668,-39.9841008,60
-72.764067,-39.9842218,60
-72.7640671,-39.98433,60
-72.7640675,-39.9844492,60
-72.7640676,-39.9845675,60
-72.7640674,-39.9846746,60
-72.7640673,-39.9847933,60
-72.7640673,-39.9849107,60
-72.7640672,-39.9850166,60
-72.7640674,-39.9851355,60
-72.7640674,-39.9852537,60
-72.7640676,-39.9853616,60
-72.7640678,-39.9854815,60
-72.7640679,-39.9856009,60
-72.7640677,-39.9857061,60
-72.7640677,-39.9858243,60
-72.7640671,-39.9859428,60
-72.7640665,-39.9860497,60
-72.7640665,-39.9861685,60
-72.7640667,-39.9862873,60
-72.7640669,-39.9863954,60
-72.7640675,-39.9865145,60
-72.7640672,-39.9866337,60
-72.7640677,-39.9867402,60
-72.7640673,-39.9868594,60
-72.7640676,-39.9869774,60
-72.7640678,-39.9870839,60
-72.7640675,-39.9872023,60
-72.7640667,-39.9873214,60
-72.7640666,-39.9874279,60
-72.7640664,-39.9875468,60
-72.7640667,-39.9876536,60
-72.7640674,-39.9877718,60
-72.7640672,-39.9878907,60
-72.7640672,-39.9880094,60
-72.7640672,-39.9881156,60
-72.7640673,-39.9882341,60
-72.7640675,-39.9883533,60
-72.7640677,-39.9884605,60
-72.7640671,-39.9885786,60
-72.7640672,-39.9886968,60
-72.7640673,-39.9887996,60
-72.7640667,-39.9889175,60
-72.7640666,-39.989037,60
-72.7640662,-39.989143,60
-72.7640672,-39.9892636,60
-72.7640676,-39.9893836,60
-72.7640673,-39.989488,60
-72.764068,-39.9895979,60
-72.764067,-39.989717,60
-72.7640672,-39.9898247,60
-72.7640691,-39.9899438,60
-72.7640843,-39.9900427,60
-72.7641308,-39.9901109,60
-72.7642132,-39.9901747,60
-72.7642877,-39.9902158,60
-72.7643292,-39.9902209,60
-72.76436,-39.9901941,60
-72.7643648,-39.9901513,60
-72.7643651,-39.9901028,60
-72.7643652,-39.9900293,60
-72.7643652,-39.9899383,60
-72.7643653,-39.9898449,60
-72.7643656,-39.9897312,60
-72.7643659,-39.9896099,60
-72.7643664,-39.9894994,60
-72.7643659,-39.9893788,60
-72.7643662,-39.9892584,60
-72.7643662,-39.9891509,60
-72.7643661,-39.9890319,60
-72.7643659,-39.9889127,60
-72.7643664,-39.9888054,60
-72.7643662,-39.9886867,60
-72.764366,-39.9885678,60
-72.7643664,-39.9884612,60
-72.7643661,-39.9883425,60
-72.7643665,-39.9882244,60
-72.764366,-39.9881173,60
-72.7643663,-39.9879987,60
-72.7643663,-39.9878804,60
-72.7643662,-39.9877752,60
-72.764366,-39.9876578,60
-72.7643662,-39.9875372,60
-72.7643664,-39.9874298,60
-72.7643664,-39.9873109,60
-72.7643662,-39.9872041,60
-72.7643661,-39.9870853,60
-72.7643661,-39.9869661,60
-72.7643662,-39.986859,60
-72.7643662,-39.9867404,60
-72.764366,-39.9866223,60
-72.7643665,-39.9865157,60
-72.7643659,-39.9863967,60
-72.7643664,-39.9862775,60
-72.7643667,-39.9861588,60
-72.7643671,-39.986052,60
-72.7643672,-39.9859329,60
-72.7643675,-39.9858264,60
-72.7643672,-39.9857075,60
-72.7643672,-39.985589,60
-72.7643659,-39.9854828,60
-72.7643654,-39.985365,60
-72.764366,-39.9852451,60
-72.7643663,-39.9851379,60
-72.7643656,-39.9850195,60
-72.7643661,-39.9849016,60
-72.764367,-39.9847862,60
-72.7643674,-39.9846817,60
-72.7643677,-39.9845664,60
-72.7643675,-39.9844696,60
-72.7643674,-39.9843538,60
-72.7643671,-39.98424,60
-72.7643664,-39.984132,60
-72.7643664,-39.984012,60
-72.7643665,-39.9838916,60
-72.764366,-39.9837864,60
-72.7643665,-39.9836667,60
-72.7643662,-39.9835476,60
-72.764366,-39.9834402,60
-72.7643662,-39.983322,60
-72.7643663,-39.9832023,60
-72.7643686,-39.983104,60
-72.764384,-39.983029,60
-72.7644209,-39.9830055,60
-72.7644693,-39.9830185,60
-72.7645299,-39.9830476,60
-72.7645992,-39.9830882,60
-72.7646533,-39.9831559,60
-72.7646664,-39.9832276,60
-72.7646661,-39.983314,60
-72.7646657,-39.983402,60
-72.7646659,-39.9835118,60
-72.764666,-39.98363,60
-72.7646661,-39.9837526,60
-72.7646663,-39.9838618,60
-72.7646654,-39.9839807,60
-72.7646656,-39.9840871,60
-72.7646661,-39.9842087,60
-72.7646653,-39.9843266,60
-72.7646661,-39.9844297,60
-72.7646658,-39.9845475,60
-72.7646659,-39.9846657,60
-72.7646655,-39.9847845,60
-72.764666,-39.9848916,60
-72.7646664,-39.9850104,60
-72.7646665,-39.9851168,60
-72.7646665,-39.9852348,60
-72.764667,-39.9853549,60
-72.7646658,-39.9854741,60
-72.7646652,-39.9855801,60
-72.764665,-39.9856983,60
-72.7646652,-39.9858055,60
-72.764665,-39.9859241,60
-72.7646652,-39.9860436,60
-72.7646656,-39.9861508,60
-72.7646655,-39.986269,60
-72.7646658,-39.9863876,60
-72.7646663,-39.9864942,60
-72.7646665,-39.9866134,60
-72.7646673,-39.9867315,60
-72.7646669,-39.9868393,60
-72.7646668,-39.986958,60
-72.7646663,-39.9870767,60
-72.7646659,-39.9871954,60
-72.7646662,-39.9873016,60
-72.7646659,-39.9874203,60
-72.7646668,-39.9875341,60
-72.7646664,-39.9876355,60
-72.7646656,-39.9877537,60
-72.7646653,-39.9878737,60
-72.7646656,-39.9879808,60
-72.764666,-39.9881001,60
-72.7646661,-39.9882182,60
-72.7646664,-39.9883239,60
-72.7646667,-39.9884424,60
-72.7646671,-39.9885499,60
-72.7646666,-39.9886696,60
-72.764666,-39.9887763,60
-72.7646663,-39.9888945,60
-72.7646675,-39.989009,60
-72.764666,-39.9891269,60
-72.7646661,-39.9892359,60
-72.764667,-39.9893562,60
-72.7646669,-39.9894752,60
-72.7646666,-39.9895824,60
-72.7646668,-39.9897021,60
-72.7646659,-39.9898196,60
-72.7646666,-39.9899263,60
-72.7646666,-39.9900459,60
-72.7646661,-39.9901645,60
-72.7646658,-39.9902708,60
-72.7646704,-39.9903855,60
-72.7646935,-39.9904629,60
-72.7647597,-39.9905338,60
-72.764847,-39.9905907,60
-72.7649051,-39.9906166,60
-72.7649434,-39.9906069,60
-72.764962,-39.9905712,60
-72.7649629,-39.9905248,60
-72.7649632,-39.9904681,60
-72.7649642,-39.990387,60
-72.7649643,-39.9902906,60
-72.7649649,-39.9901935,60
-72.7649652,-39.9900773,60
-72.7649657,-39.9899536,60
-72.7649648,-39.9898438,60
-72.7649642,-39.9897233,60
-72.7649646,-39.9896042,60
-72.7649648,-39.989497,60
-72.7649645,-39.9893776,60
-72.7649641,-39.9892587,60
-72.7649643,-39.9891523,60
-72.7649649,-39.9890344,60
-72.7649652,-39.9889161,60
-72.7649652,-39.9888093,60
-72.7649659,-39.9886909,60
-72.7649661,-39.988574,60
-72.7649653,-39.9884863,60
-72.7649655,-39.98838,60
-72.7649655,-39.9882662,60
-72.7649651,-39.9881573,60
-72.7649644,-39.9880366,60
-72.7649646,-39.9879167,60
-72.7649644,-39.9878087,60
-72.7649645,-39.98769,60
-72.7649647,-39.9875707,60
-72.7649646,-39.987464,60
-72.7649647,-39.9873453,60
-72.7649647,-39.9872267,60
-72.7649652,-39.9871202,60
-72.7649653,-39.9870018,60
-72.7649652,-39.9868827,60
-72.7649654,-39.9867757,60
-72.7649652,-39.9866565,60
-72.7649656,-39.9865378,60
-72.7649657,-39.9864303,60
-72.7649651,-39.9863114,60
-72.7649651,-39.9861935,60
-72.7649652,-39.9860868,60
-72.7649652,-39.9859676,60
-72.7649652,-39.9858497,60
-72.7649654,-39.9857431,60
-72.7649649,-39.9856247,60
-72.7649658,-39.9855061,60
-72.7649658,-39.985399,60
-72.764966,-39.9852799,60
-72.7649654,-39.9851616,60
-72.7649653,-39.9850545,60
-72.764966,-39.9849355,60
-72.7649659,-39.9848163,60
-72.7649655,-39.9847101,60
-72.7649655,-39.9845918,60
-72.7649658,-39.9844733,60
-72.7649658,-39.9843663,60
-72.7649655,-39.9842491,60
-72.7649656,-39.9841296,60
-72.7649662,-39.9840257,60
-72.7649718,-39.9839453,60
-72.7649854,-39.9839167,60
-72.7649977,-39.9839295,60
-72.7650135,-39.9839628,60
-72.765035,-39.9840121,60
-72.7650609,-39.9840727,60
-72.765095,-39.9841551,60
-72.7651353,-39.9842518,60
-72.765173,-39.984345,60
-72.7652205,-39.9844621,60
-72.7652532,-39.9845791,60
-72.7652629,-39.9846969,60
-72.7652642,-39.9848037,60
-72.765265,-39.9849222,60
-72.7652648,-39.9850291,60
-72.7652646,-39.9851473,60
-72.7652655,-39.9852654,60
-72.7652654,-39.9853837,60
-72.7652655,-39.9854912,60
-72.7652655,-39.9856106,60
-72.7652656,-39.9857173,60
-72.7652652,-39.9858357,60
-72.7652656,-39.9859544,60
-72.7652652,-39.9860726,60
-72.7652657,-39.9861789,60
-72.7652656,-39.9862983,60
-72.7652648,-39.9864039,60
-72.7652645,-39.9865218,60
-72.7652655,-39.9866377,60
-72.765265,-39.9867422,60
-72.7652648,-39.9868564,60
-72.7652631,-39.9869558,60
-72.7652651,-39.9870516,60
-72.7652645,-39.9871722,60
-72.7652623,-39.9872909,60
-72.7652637,-39.9874112,60
-72.7652642,-39.9875195,60
-72.7652644,-39.9876396,60
-72.7652645,-39.9877464,60
-72.7652651,-39.9878649,60
-72.7652655,-39.9879834,60
-72.7652653,-39.9881034,60
-72.7652645,-39.9882103,60
-72.7652653,-39.9883292,60
-72.7652656,-39.9884232,60
-72.7652667,-39.9885064,60
-72.7652665,-39.9886021,60
-72.7652654,-39.9886966,60
-72.7652653,-39.9888122,60
-72.7652647,-39.9889327,60
-72.7652643,-39.9890413,60
-72.7652639,-39.9891618,60
-72.7652642,-39.9892809,60
-72.7652643,-39.9893878,60
-72.7652651,-39.9895064,60
-72.7652652,-39.9896251,60
-72.7652655,-39.9897321,60
-72.7652651,-39.9898504,60
-72.7652654,-39.9899689,60
-72.7652649,-39.9900762,60
-72.765265,-39.9901946,60
-72.7652657,-39.9903133,60
-72.7652657,-39.9904201,60
-72.765266,-39.990539,60
-72.7652661,-39.9906573,60
-72.7652691,-39.990763,60
-72.7652925,-39.9908539,60
-72.7653576,-39.9909258,60
-72.7654431,-39.990983,60
-72.7654988,-39.9910096,60
-72.7655412,-39.9910031,60
-72.76556,-39.9909726,60
-72.765562,-39.9909286,60
-72.7655628,-39.9908681,60
-72.7655633,-39.9907967,60
-72.7655633,-39.9907026,60
-72.7655633,-39.9905956,60
-72.7655632,-39.9904784,60
-72.7655631,-39.9903689,60
-72.7655632,-39.9902477,60
-72.7655639,-39.9901281,60
-72.7655637,-39.9900214,60
-72.7655633,-39.9899023,60
-72.7655633,-39.9897835,60
-72.7655632,-39.9896768,60
-72.7655632,-39.9895589,60
-72.7655634,-39.9894403,60
-72.7655636,-39.9893332,60
-72.7655638,-39.9892147,60
-72.7655639,-39.9891082,60
-72.765564,-39.9889895,60
-72.7655642,-39.9888713,60
-72.7655645,-39.9887632,60
-72.7655637,-39.9886423,60
-72.7655635,-39.9885344,60
-72.7655633,-39.9884252,60
-72.7655635,-39.9883195,60
-72.7655637,-39.9882002,60
-72.7655638,-39.9880794,60
-72.7655638,-39.9879717,60
-72.7655636,-39.9878526,60
-72.7655641,-39.9877455,60
-72.7655645,-39.987626,60
-72.7655636,-39.9875064,60
-72.7655635,-39.9873991,60
-72.7655641,-39.9872799,60
-72.7655641,-39.9871612,60
-72.7655641,-39.9870425,60
-72.7655641,-39.9869359,60
-72.7655644,-39.9868173,60
-72.7655636,-39.9866991,60
-72.7655628,-39.9865928,60
-72.7655628,-39.9864743,60
-72.7655631,-39.9863671,60
-72.7655631,-39.9862482,60
-72.7655639,-39.9861289,60
-72.7655641,-39.9860098,60
-72.7655636,-39.9859031,60
-72.7655636,-39.9857844,60
-72.7655638,-39.9856769,60
-72.7655641,-39.9855581,60
-72.7655657,-39.985457,60
-72.7655686,-39.985411,60
-72.7655732,-39.9854021,60
-72.765576,-39.9854266,60
-72.7655789,-39.9854605,60
-72.7655859,-39.9855149,60
-72.7655953,-39.9855899,60
-72.7656043,-39.9856706,60
-72.7656164,-39.9857735,60
-72.7656292,-39.9858867,60
-72.7656415,-39.9859958,60
-72.7656551,-39.9861154,60
-72.7656687,-39.9862359,60
-72.7656805,-39.9863427,60
-72.7656947,-39.9864605,60
-72.7657083,-39.9865781,60
-72.7657205,-39.9866844,60
-72.7657331,-39.9868021,60
-72.7657468,-39.9869202,60
-72.765759,-39.9870387,60
-72.7657717,-39.9871459,60
-72.765785,-39.9872649,60
-72.7657986,-39.9873837,60
-72.7658109,-39.9874897,60
-72.7658237,-39.9876078,60
-72.765837,-39.9877258,60
-72.7658489,-39.9878317,60
-72.7658591,-39.9879488,60
-72.7658629,-39.9880452,60
-72.7658638,-39.9881356,60
-72.7658638,-39.9882447,60
-72.7658633,-39.9883614,60
-72.7658642,-39.9884653,60
-72.7658643,-39.9885542,60
-72.7658635,-39.9886153,60
-72.7658644,-39.9886883,60
-72.7658641,-39.9887658,60
-72.7658648,-39.9888295,60
-72.7658641,-39.988876,60
-72.7658643,-39.9889382,60
-72.7658642,-39.9890195,60
-72.765863,-39.9890773,60
-72.7658645,-39.9891345,60
-72.7658641,-39.9892107,60
-72.7658643,-39.9892917,60
-72.7658638,-39.9893949,60
-72.7658641,-39.9894968,60
-72.7658635,-39.9896289,60
-72.7658636,-39.9897374,60
-72.7658633,-39.9898577,60
-72.7658637,-39.9899656,60
-72.7658634,-39.9900834,60
-72.7658635,-39.9902017,60
-72.7658636,-39.9903077,60
-72.7658641,-39.9904258,60
-72.7658644,-39.9905326,60
-72.7658643,-39.9906513,60
-72.7658644,-39.9907702,60
-72.7658642,-39.9908887,60
-72.7658641,-39.9909955,60
-72.7658649,-39.9911137,60
-72.7658774,-39.9912162,60
-72.765918,-39.9912867,60
-72.7659977,-39.9913504,60
-72.7660777,-39.9913962,60
-72.766121,-39.9914039,60
-72.7661547,-39.9913794,60
-72.7661611,-39.9913374,60
-72.7661621,-39.9912895,60
-72.7661621,-39.9912168,60
-72.7661625,-39.9911273,60
-72.7661624,-39.9910349,60
-72.7661623,-39.9909222,60
-72.7661624,-39.9908018,60
-72.7661625,-39.9906926,60
-72.7661624,-39.9905724,60
-72.7661625,-39.9904528,60
-72.7661626,-39.9903456,60
-72.7661629,-39.9902267,60
-72.7661629,-39.9901081,60
-72.7661628,-39.9900018,60
-72.7661632,-39.9898836,60
-72.7661632,-39.9897651,60
-72.7661633,-39.9896581,60
-72.7661631,-39.9895399,60
-72.766163,-39.9894207,60
-72.7661629,-39.9893146,60
-72.7661633,-39.9891956,60
-72.7661642,-39.9890833,60
-72.7661636,-39.9890033,60
-72.7661635,-39.988946,60
-72.7661634,-39.9889104,60
-72.7661631,-39.9888741,60
-72.7661626,-39.9888121,60
-72.7661633,-39.9887367,60
-72.7661633,-39.9886585,60
-72.7661636,-39.9885633,60
-72.7661734,-39.9884942,60
-72.7661858,-39.9884677,60
-72.7662102,-39.9884745,60
-72.7662343,-39.9885027,60
-72.7662615,-39.9885387,60
-72.7663028,-39.9885955,60
-72.7663468,-39.9886592,60
-72.7663926,-39.9887237,60
-72.7664336,-39.9887731,60
-72.7664558,-39.9887899,60
-72.7664621,-39.988811,60
-72.766462,-39.9888464,60
-72.7664623,-39.9889033,60
-72.7664622,-39.9889708,60
-72.7664621,-39.9890592,60
-72.7664621,-39.9891501,60
-72.7664626,-39.9892308,60
-72.7664631,-39.9893286,60
-72.7664632,-39.9894322,60
-72.766463,-39.989537,60
-72.7664627,-39.9896573,60
-72.7664621,-39.9897771,60
-72.7664618,-39.9898841,60
-72.766462,-39.9900023,60
-72.7664623,-39.990109,60
-72.766463,-39.990227,60
-72.7664626,-39.9903457,60
-72.7664629,-39.9904642,60
-72.7664628,-39.9905704,60
-72.766463,-39.9906894,60
-72.7664628,-39.9908083,60
-72.7664631,-39.9909167,60
-72.7664628,-39.9910354,60
-72.7664629,-39.9911537,60
-72.7664627,-39.9912602,60
-72.7664628,-39.9913783,60
-72.7664639,-39.991497,60
-72.7664716,-39.9915953,60
-72.7665117,-39.9916757,60
-72.7665885,-39.9917402,60
-72.7666624,-39.991783,60
-72.7667116,-39.9918004,60
-72.7667492,-39.9917813,60
-72.7667589,-39.9917449,60
-72.7667604,-39.9916959,60
-72.7667606,-39.9916272,60
-72.7667607,-39.9915505,60
-72.7667614,-39.9914512,60
-72.7667615,-39.9913406,60
-72.7667616,-39.9912348,60
-72.7667612,-39.9911122,60
-72.7667613,-39.990991,60
-72.7667617,-39.9908831,60
-72.7667616,-39.9907646,60
-72.7667619,-39.9906576,60
-72.7667621,-39.9905389,60
-72.7667618,-39.99042,60
-72.7667617,-39.990301,60
-72.7667623,-39.9901941,60
-72.7667616,-39.9900751,60
-72.7667621,-39.9899672,60
-72.7667622,-39.9898482,60
-72.7667628,-39.9897302,60
-72.7667625,-39.9896187,60
-72.7667633,-39.9895165,60
-72.7667627,-39.989419,60
-72.7667622,-39.9893516,60
-72.766762,-39.9892993,60
-72.7667616,-39.9892366,60
-72.7667617,-39.9891857,60
-72.7667617,-39.9891345,60
-72.7667614,-39.9890566,60
-72.7667673,-39.9889684,60
-72.766784,-39.9889206,60
-72.7668328,-39.9889029,60
-72.766895,-39.988915,60
-72.7669579,-39.9889341,60
-72.7670269,-39.9889795,60
-72.7670567,-39.9890426,60
-72.76706,-39.9891056,60
-72.7670599,-39.9891873,60
-72.7670601,-39.9892782,60
-72.7670594,-39.9893623,60
-72.7670616,-39.9894442,60
-72.7670608,-39.9895103,60
-72.7670614,-39.9895688,60
-72.7670622,-39.9896485,60
-72.767061,-39.9897396,60
-72.7670609,-39.9898326,60
-72.7670611,-39.9899471,60
-72.7670609,-39.9900568,60
-72.7670614,-39.990178,60
-72.7670618,-39.9902927,60
-72.7670622,-39.9903994,60
-72.7670619,-39.990521,60
-72.7670616,-39.990641,60
-72.7670621,-39.9907595,60
-72.7670626,-39.9908658,60
-72.7670627,-39.990985,60
-72.7670624,-39.9911029,60
-72.7670629,-39.9912091,60
-72.7670626,-39.9913289,60
-72.7670626,-39.9914471,60
-72.7670611,-39.9915495,60
-72.767061,-39.9916633,60
-72.7670612,-39.9917837,60
-72.7670612,-39.9918819,60
-72.7670729,-39.9919602,60
-72.7671093,-39.9920004,60
-72.7671658,-39.9920128,60
-72.7672389,-39.9920127,60
-72.7672994,-39.9920003,60
-72.7673446,-39.9919574,60
-72.7673571,-39.9919089,60
-72.7673602,-39.9918507,60
-72.7673609,-39.9917918,60
-72.7673609,-39.991729,60
-72.7673608,-39.9916608,60
-72.7673614,-39.9915864,60
-72.767362,-39.9914905,60
-72.7673617,-39.9913945,60
-72.7673614,-39.9912797,60
-72.7673609,-39.9911582,60
-72.7673604,-39.991039,60
-72.7673603,-39.9909323,60
-72.7673602,-39.9908138,60
-72.76736,-39.9906623,60
-72.7673603,-39.9905904,60
-72.7673603,-39.9904705,60
-72.7673602,-39.9903639,60
-72.7673605,-39.9902456,60
-72.767361,-39.990127,60
-72.7673611,-39.9900082,60
-72.7673605,-39.9899017,60
-72.7673607,-39.9897828,60
-72.7673611,-39.989664,60
-72.7673615,-39.9895704,60
-72.7673616,-39.9895086,60
-72.7673609,-39.989469,60
-72.7673602,-39.9894341,60
-72.7673605,-39.9893844,60
-72.7673617,-39.9893196,60
-72.7673615,-39.9892448,60
-72.7673655,-39.9891549,60
-72.7673827,-39.9891003,60
-72.7674232,-39.9890786,60
-72.7674782,-39.9890812,60
-72.7675337,-39.9890982,60
-72.7676078,-39.9891355,60
-72.7676513,-39.9891928,60
-72.7676596,-39.9892628,60
-72.7676602,-39.9893343,60
-72.7676603,-39.9894279,60
-72.7676605,-39.9895291,60
-72.7676599,-39.9896016,60
-72.7676593,-39.9896516,60
-72.7676611,-39.9896743,60
-72.7676615,-39.9897086,60
-72.7676608,-39.989768,60
-72.7676605,-39.9898463,60
-72.7676601,-39.9899296,60
-72.76766,-39.9900344,60
-72.7676609,-39.9901377,60
-72.7676608,-39.9902583,60
-72.7676604,-39.9903791,60
-72.7676601,-39.990486,60
-72.7676601,-39.9906039,60
-72.7676606,-39.9907226,60
-72.7676599,-39.9908301,60
-72.7676603,-39.9909475,60
-72.7676607,-39.9910661,60
-72.7676606,-39.9911736,60
-72.767661,-39.9912922,60
-72.7676599,-39.991396,60
-72.7676608,-39.9915152,60
-72.7676615,-39.9916362,60
-72.7676605,-39.9917481,60
-72.7676601,-39.9918375,60
-72.7676689,-39.9919181,60
-72.7676913,-39.991966,60
-72.767744,-39.9919879,60
-72.7678153,-39.991989,60
-72.7678916,-39.9919778,60
-72.7679388,-39.991946,60
-72.7679567,-39.991891,60
-72.7679586,-39.9918276,60
-72.7679591,-39.9917558,60
-72.7679598,-39.991662,60
-72.7679598,-39.9915566,60
-72.7679598,-39.9914528,60
-72.7679594,-39.9913314,60
-72.7679596,-39.9912112,60
-72.7679592,-39.991111,60
-72.7679595,-39.991005,60
-72.7679602,-39.9908854,60
-72.7679604,-39.9907733,60
-72.7679597,-39.9906515,60
-72.7679599,-39.9905313,60
-72.7679595,-39.9904226,60
-72.7679604,-39.9903039,60
-72.7679607,-39.9901851,60
-72.7679609,-39.9900786,60
-72.767961,-39.9899603,60
-72.7679606,-39.9898432,60
-72.7679593,-39.989754,60
-72.7679599,-39.98966,60
-72.7679599,-39.9896034,60
-72.7679606,-39.9895608,60
-72.767959,-39.9895051,60
-72.7679584,-39.9894508,60
-72.7679586,-39.9893929,60
-72.7679637,-39.9893158,60
-72.7679845,-39.9892634,60
-72.7680313,-39.9892481,60
-72.7680926,-39.9892591,60
-72.7681608,-39.989281,60
-72.7682223,-39.9893221,60
-72.7682546,-39.9893841,60
-72.7682583,-39.9894556,60
-72.7682579,-39.9895304,60
-72.7682571,-39.9896147,60
-72.7682568,-39.9896802,60
-72.7682569,-39.9897372,60
-72.7682595,-39.9898183,60
-72.7682603,-39.9899145,60
-72.7682596,-39.9900099,60
-72.7682595,-39.9901262,60
-72.7682592,-39.9902484,60
-72.76826,-39.990359,60
-72.7682596,-39.9904774,60
-72.76826,-39.9905937,60
-72.76826,-39.9906998,60
-72.7682602,-39.9908192,60
-72.7682603,-39.9909384,60
-72.7682598,-39.991045,60
-72.7682599,-39.9911631,60
-72.7682593,-39.9912809,60
-72.7682586,-39.9913856,60
-72.7682595,-39.9915041,60
-72.7682599,-39.991624,60
-72.7682598,-39.9917321,60
-72.7682612,-39.9918452,60
-72.7682735,-39.9919205,60
-72.7683016,-39.9919515,60
-72.7683622,-39.9919637,60
-72.7684344,-39.9919637,60
-72.7685004,-39.9919487,60
-72.7685448,-39.9919083,60
-72.7685556,-39.9918517,60
-72.7685565,-39.9917922,60
-72.7685571,-39.9917094,60
-72.7685579,-39.9916123,60
-72.7685582,-39.9915143,60
-72.7685581,-39.9913964,60
-72.7685587,-39.9912746,60
-72.768559,-39.9911666,60
-72.7685593,-39.9910482,60
-72.7685587,-39.9909299,60
-72.7685587,-39.9908221,60
-72.7685587,-39.9907041,60
-72.7685587,-39.9905854,60
-72.7685589,-39.9904782,60
-72.7685591,-39.99036,60
-72.7685587,-39.9902411,60
-72.7685586,-39.9901363,60
-72.7685594,-39.9900169,60
-72.7685589,-39.9899132,60
-72.7685582,-39.989847,60
-72.7685577,-39.9897818,60
-72.7685579,-39.9897111,60
-72.7685584,-39.9896445,60
-72.7685604,-39.9895695,60
-72.7685699,-39.9895191,60
-72.7685905,-39.9894976,60
-72.7686251,-39.9895081,60
-72.7686551,-39.9895355,60
-72.7686919,-39.9895727,60
-72.7687486,-39.9896318,60
-72.768811,-39.9897078,60
-72.768849,-39.9897927,60
-72.7688582,-39.9898989,60
-72.7688564,-39.990005,60
-72.7688572,-39.9900905,60
-72.7688571,-39.990179,60
-72.7688577,-39.9902615,60
-72.7688594,-39.9903423,60
-72.7688593,-39.9904429,60
-72.7688589,-39.9905417,60
-72.7688588,-39.9906599,60
-72.7688586,-39.9907816,60
-72.7688578,-39.99089,60
-72.7688585,-39.9910077,60
-72.7688583,-39.9911248,60
-72.7688585,-39.9912425,60
-72.7688575,-39.9913473,60
-72.7688588,-39.9914669,60
-72.7688591,-39.9915862,60
-72.7688586,-39.9916935,60
-72.7688589,-39.9918005,60
-72.7688689,-39.9918794,60
-72.7688918,-39.9919205,60
-72.7689525,-39.9919401,60
-72.769024,-39.9919398,60
-72.7690876,-39.9919272,60
-72.7691361,-39.9918933,60
-72.7691547,-39.9918398,60
-72.7691574,-39.991783,60
-72.7691576,-39.9917028,60
-72.7691571,-39.9916087,60
-72.7691574,-39.9915125,60
-72.7691577,-39.9913944,60
-72.7691572,-39.9912734,60
-72.7691572,-39.991166,60
-72.7691574,-39.9910463,60
-72.7691562,-39.9909306,60
-72.7691574,-39.9908274,60
-72.7691575,-39.9907124,60
-72.7691569,-39.990629,60
-72.7691568,-39.9905656,60
-72.7691574,-39.990476,60
-72.7691576,-39.9903778,60
-72.7691577,-39.9902979,60
-72.7691575,-39.9902188,60
-72.7691675,-39.9901501,60
-72.7691855,-39.990126,60
-72.7692211,-39.9901323,60
-72.7692509,-39.9901584,60
-72.7692858,-39.9901943,60
-72.769341,-39.9902515,60
-72.7694043,-39.9903253,60
-72.769445,-39.9904092,60
-72.7694578,-39.9905164,60
-72.7694563,-39.9906293,60
-72.769456,-39.990736,60
-72.7694558,-39.9908564,60
-72.7694566,-39.9909758,60
-72.7694569,-39.9910825,60
-72.769457,-39.9912014,60
-72.7694572,-39.9913185,60
-72.7694575,-39.9914199,60
-72.7694567,-39.9915367,60
-72.7694582,-39.9916501,60
-72.7694683,-39.9917159,60
-72.7694875,-39.9917476,60
-72.7695282,-39.9917461,60
-72.7695624,-39.9917238,60
-72.7696079,-39.9916885,60
-72.7696708,-39.9916356,60
-72.7697255,-39.9915687,60
-72.7697565,-39.9914762,60
-72.7697562,-39.9913855,60
-72.7697556,-39.9912784,60
-72.7697556,-39.9911623,60
-72.7697556,-39.9910539,60
-72.7697558,-39.9909338,60
-72.7697576,-39.9908348,60
-72.7697656,-39.9907611,60
-72.7697893,-39.9907317,60
-72.7698191,-39.9907464,60
-72.769843,-39.9907796,60
-72.769874,-39.9908117,60
-72.7699258,-39.9908651,60
-72.7699889,-39.9909354,60
-72.770035,-39.9910148,60
-72.7700564,-39.9911187,60
-72.7700545,-39.9912246,60
-72.7700552,-39.991282,60
-72.7700559,-39.991315,60
-72.770056,-39.9913283,60
</coordinates></LineString>
</Placemark>
<Placemark>
<name>DJI_202603241506_002_santavirginia011_Timestamp.MRK</name>
<description>Equipo: M3E | Fecha: 24-03-2026 | Puntos: 537</description>
<styleUrl>#m3e</styleUrl>
<LineString><altitudeMode>relativeToGround</altitudeMode><coordinates>
-72.9355438,-39.8506249,60
-72.9355442,-39.8506506,60
-72.9355444,-39.8507038,60
-72.9355451,-39.8507784,60
-72.9355453,-39.8508588,60
-72.9355453,-39.8509693,60
-72.9355449,-39.8510709,60
-72.9355458,-39.8511881,60
-72.9355568,-39.8512692,60
-72.9355933,-39.8513341,60
-72.9356693,-39.8513885,60
-72.9357484,-39.851418,60
-72.9358023,-39.8514197,60
-72.9358357,-39.8513893,60
-72.9358423,-39.8513505,60
-72.9358432,-39.8512954,60
-72.9358424,-39.8512214,60
-72.9358424,-39.8511486,60
-72.9358425,-39.8510655,60
-72.9358426,-39.8509688,60
-72.9358438,-39.850871,60
-72.9358437,-39.8507543,60
-72.9358432,-39.850641,60
-72.9358435,-39.8505364,60
-72.9358506,-39.8504224,60
-72.9358823,-39.850339,60
-72.9359407,-39.8502767,60
-72.936029,-39.8502187,60
-72.9360786,-39.8501941,60
-72.9361202,-39.8502009,60
-72.9361384,-39.8502345,60
-72.9361413,-39.8502738,60
-72.9361419,-39.850334,60
-72.9361424,-39.8504143,60
-72.9361427,-39.8505007,60
-72.9361426,-39.850608,60
-72.9361432,-39.8507243,60
-72.9361434,-39.850846,60
-72.9361441,-39.8509547,60
-72.9361432,-39.8510757,60
-72.936144,-39.8511957,60
-72.9361432,-39.8513034,60
-72.9361434,-39.8514229,60
-72.9361463,-39.8515282,60
-72.9361599,-39.85158,60
-72.9361791,-39.8516074,60
-72.9361916,-39.8516411,60
-72.9362074,-39.8516873,60
-72.9362331,-39.8517596,60
-72.9362624,-39.8518464,60
-72.9362887,-39.8519387,60
-72.936318,-39.8520488,60
-72.936347,-39.8521679,60
-72.9363739,-39.8522764,60
-72.9364027,-39.8523874,60
-72.9364253,-39.852447,60
-72.9364401,-39.8524714,60
-72.9364429,-39.8524555,60
-72.9364398,-39.8524289,60
-72.9364411,-39.8523816,60
-72.9364416,-39.8523135,60
-72.9364417,-39.8522402,60
-72.936442,-39.8521498,60
-72.9364408,-39.8520498,60
-72.9364402,-39.851955,60
-72.9364408,-39.8518403,60
-72.9364403,-39.8517206,60
-72.9364395,-39.851616,60
-72.9364394,-39.8514954,60
-72.9364395,-39.8513857,60
-72.9364392,-39.8512737,60
-72.9364389,-39.8511692,60
-72.93644,-39.8510465,60
-72.9364396,-39.8509376,60
-72.9364391,-39.8508189,60
-72.9364386,-39.8506997,60
-72.9364397,-39.8505803,60
-72.9364392,-39.8504742,60
-72.9364396,-39.8503707,60
-72.9364407,-39.8502803,60
-72.9364424,-39.8501695,60
-72.9364498,-39.8500796,60
-72.9364853,-39.8500246,60
-72.9365623,-39.8499788,60
-72.9366465,-39.8499507,60
-72.9366948,-39.8499506,60
-72.93673,-39.8499824,60
-72.9367372,-39.8500286,60
-72.9367391,-39.850087,60
-72.9367401,-39.8501579,60
-72.9367407,-39.8502523,60
-72.9367408,-39.8503474,60
-72.9367406,-39.8504615,60
-72.9367404,-39.8505827,60
-72.9367409,-39.8506918,60
-72.936741,-39.8508117,60
-72.9367413,-39.8509307,60
-72.9367417,-39.8510495,60
-72.9367419,-39.8511561,60
-72.9367416,-39.851275,60
-72.9367418,-39.8513812,60
-72.9367417,-39.8515001,60
-72.9367414,-39.8516184,60
-72.9367421,-39.8517248,60
-72.9367424,-39.8518437,60
-72.9367423,-39.8519626,60
-72.9367423,-39.8520696,60
-72.9367414,-39.8521878,60
-72.9367419,-39.8523068,60
-72.9367418,-39.8524134,60
-72.9367415,-39.8525311,60
-72.9367466,-39.8526366,60
-72.9367697,-39.8527006,60
-72.9368093,-39.8527292,60
-72.936875,-39.8527539,60
-72.9369572,-39.8527715,60
-72.9370044,-39.8527697,60
-72.9370344,-39.8527307,60
-72.937039,-39.8526829,60
-72.9370399,-39.8526215,60
-72.9370397,-39.8525412,60
-72.9370402,-39.8524554,60
-72.9370396,-39.8523481,60
-72.9370383,-39.852234,60
-72.9370377,-39.85213,60
-72.9370378,-39.8520157,60
-72.9370383,-39.8519147,60
-72.9370373,-39.8518291,60
-72.9370372,-39.8517193,60
-72.937037,-39.851599,60
-72.9370368,-39.8514894,60
-72.9370367,-39.8513689,60
-72.9370383,-39.8512495,60
-72.9370388,-39.8511425,60
-72.9370379,-39.8510244,60
-72.9370373,-39.8509061,60
-72.9370369,-39.8507879,60
-72.9370364,-39.8506811,60
-72.9370366,-39.850562,60
-72.9370374,-39.8504562,60
-72.9370371,-39.8503379,60
-72.9370413,-39.8502373,60
-72.9370477,-39.8501883,60
-72.9370589,-39.8501764,60
-72.9370919,-39.8501988,60
-72.93714,-39.850217,60
-72.9372181,-39.8502433,60
-72.9372922,-39.8502807,60
-72.9373266,-39.8503219,60
-72.9373359,-39.8503886,60
-72.9373379,-39.8504677,60
-72.937338,-39.8505513,60
-72.9373384,-39.8506555,60
-72.9373392,-39.8507695,60
-72.9373394,-39.8508782,60
-72.9373393,-39.850999,60
-72.9373394,-39.8511188,60
-72.9373395,-39.8512262,60
-72.937339,-39.8513458,60
-72.9373402,-39.8514646,60
-72.9373395,-39.851572,60
-72.9373392,-39.8516839,60
-72.9373394,-39.8518005,60
-72.9373386,-39.8519217,60
-72.9373391,-39.8520303,60
-72.9373391,-39.85215,60
-72.9373387,-39.8522693,60
-72.9373385,-39.852376,60
-72.9373377,-39.8524935,60
-72.9373379,-39.852612,60
-72.9373406,-39.852709,60
-72.9373554,-39.8527733,60
-72.9373903,-39.8528081,60
-72.9374419,-39.8528106,60
-72.9375112,-39.8528008,60
-72.9375847,-39.852773,60
-72.9376247,-39.8527292,60
-72.9376356,-39.8526676,60
-72.937637,-39.8526041,60
-72.9376369,-39.8525184,60
-72.9376363,-39.8524184,60
-72.9376371,-39.8523069,60
-72.937637,-39.8522045,60
-72.9376364,-39.8520904,60
-72.9376356,-39.8519773,60
-72.9376364,-39.8518753,60
-72.9376351,-39.8517811,60
-72.9376353,-39.8516988,60
-72.937636,-39.8515931,60
-72.9376355,-39.8514771,60
-72.9376354,-39.8513677,60
-72.9376358,-39.8512455,60
-72.9376349,-39.8511256,60
-72.9376355,-39.8510181,60
-72.9376367,-39.8508993,60
-72.9376371,-39.8507814,60
-72.9376373,-39.8506746,60
-72.9376363,-39.8505564,60
-72.9376419,-39.8504643,60
-72.9376621,-39.8504207,60
-72.9377124,-39.8504079,60
-72.9377707,-39.8504188,60
-72.9378394,-39.8504431,60
-72.9379006,-39.8504863,60
-72.9379289,-39.8505524,60
-72.9379335,-39.850618,60
-72.9379351,-39.8507028,60
-72.937935,-39.8508019,60
-72.937936,-39.8509126,60
-72.9379366,-39.8510209,60
-72.9379365,-39.8511442,60
-72.9379358,-39.8512661,60
-72.937936,-39.8513741,60
-72.937936,-39.8514931,60
-72.9379362,-39.8515995,60
-72.9379355,-39.8517184,60
-72.937936,-39.8518377,60
-72.9379362,-39.8519568,60
-72.9379365,-39.8520625,60
-72.9379363,-39.8521808,60
-72.9379368,-39.8522879,60
-72.9379364,-39.8524044,60
-72.9379361,-39.8525214,60
-72.9379387,-39.852622,60
-72.9379534,-39.8526915,60
-72.9379946,-39.8527305,60
-72.9380601,-39.8527404,60
-72.9381315,-39.8527405,60
-72.9381969,-39.852723,60
-72.9382263,-39.8526811,60
-72.9382338,-39.852625,60
-72.9382344,-39.8525569,60
-72.9382342,-39.8524802,60
-72.9382341,-39.8523816,60
-72.9382342,-39.852272,60
-72.9382341,-39.8521645,60
-72.9382338,-39.8520428,60
-72.9382333,-39.8519246,60
-72.9382335,-39.8518125,60
-72.9382331,-39.851727,60
-72.9382344,-39.8516188,60
-72.9382349,-39.8515095,60
-72.9382341,-39.8513871,60
-72.9382337,-39.8512659,60
-72.9382339,-39.8511589,60
-72.9382342,-39.8510402,60
-72.9382344,-39.8509219,60
-72.9382342,-39.8508039,60
-72.938234,-39.8506975,60
-72.9382365,-39.8505808,60
-72.9382498,-39.8505003,60
-72.9382992,-39.850434,60
-72.9383831,-39.8503846,60
-72.9384569,-39.8503567,60
-72.9385006,-39.8503637,60
-72.9385272,-39.850399,60
-72.9385317,-39.8504413,60
-72.9385329,-39.8505019,60
-72.9385335,-39.8505823,60
-72.9385337,-39.8506676,60
-72.9385338,-39.8507742,60
-72.9385345,-39.8508909,60
-72.9385343,-39.8510008,60
-72.9385348,-39.8511225,60
-72.9385349,-39.8512432,60
-72.9385348,-39.851351,60
-72.9385349,-39.8514703,60
-72.9385343,-39.8515879,60
-72.9385342,-39.8516945,60
-72.9385345,-39.8518132,60
-72.9385345,-39.8519317,60
-72.9385336,-39.8520494,60
-72.9385335,-39.8521567,60
-72.9385337,-39.8522763,60
-72.9385339,-39.8523814,60
-72.9385343,-39.852497,60
-72.9385342,-39.8526153,60
-72.9385388,-39.8527104,60
-72.9385626,-39.8527744,60
-72.9386188,-39.8528104,60
-72.938691,-39.8528302,60
-72.9387663,-39.852836,60
-72.9388131,-39.8528103,60
-72.9388288,-39.8527698,60
-72.9388314,-39.8527157,60
-72.9388316,-39.8526435,60
-72.9388319,-39.8525552,60
-72.9388319,-39.8524677,60
-72.9388317,-39.8523584,60
-72.9388316,-39.8522498,60
-72.9388319,-39.8521276,60
-72.9388311,-39.852006,60
-72.9388308,-39.851899,60
-72.9388317,-39.851781,60
-72.9388319,-39.8516625,60
-72.9388327,-39.8515596,60
-72.9388322,-39.8514478,60
-72.9388315,-39.8513268,60
-72.9388318,-39.8512172,60
-72.9388327,-39.8510954,60
-72.9388323,-39.8509785,60
-72.9388316,-39.8508767,60
-72.9388328,-39.850767,60
-72.9388324,-39.8506683,60
-72.938832,-39.8505794,60
-72.9388319,-39.8504683,60
-72.9388348,-39.8503588,60
-72.9388474,-39.8502988,60
-72.9388903,-39.8502648,60
-72.9389561,-39.8502565,60
-72.9390236,-39.8502617,60
-72.9390921,-39.8502856,60
-72.9391243,-39.8503342,60
-72.9391303,-39.8503872,60
-72.9391307,-39.8504595,60
-72.9391314,-39.8505464,60
-72.9391315,-39.8506483,60
-72.9391318,-39.85075,60
-72.9391321,-39.8508714,60
-72.9391321,-39.8509936,60
-72.939132,-39.8511013,60
-72.9391324,-39.8512216,60
-72.9391324,-39.8513299,60
-72.9391319,-39.8514491,60
-72.9391318,-39.8515681,60
-72.9391321,-39.8516752,60
-72.939132,-39.8517935,60
-72.9391321,-39.8519117,60
-72.9391318,-39.8520182,60
-72.9391323,-39.8521364,60
-72.9391316,-39.8522545,60
-72.9391316,-39.8523612,60
-72.9391313,-39.8524803,60
-72.9391327,-39.8525965,60
-72.9391411,-39.8526646,60
-72.9391537,-39.852704,60
-72.9391864,-39.8527083,60
-72.9392215,-39.852685,60
-72.9392616,-39.8526509,60
-72.9393187,-39.8525991,60
-72.9393764,-39.8525371,60
-72.9394199,-39.8524487,60
-72.9394303,-39.8523466,60
-72.9394295,-39.8522404,60
-72.9394286,-39.8521416,60
-72.9394281,-39.8520299,60
-72.9394286,-39.851923,60
-72.9394288,-39.8518071,60
-72.9394286,-39.8516916,60
-72.9394282,-39.8515689,60
-72.9394281,-39.8514584,60
-72.9394287,-39.8513452,60
-72.9394289,-39.8512355,60
-72.9394293,-39.851132,60
-72.939429,-39.8510169,60
-72.9394298,-39.8508968,60
-72.9394296,-39.8507971,60
-72.9394291,-39.8507122,60
-72.9394294,-39.8506211,60
-72.9394299,-39.8505301,60
-72.9394323,-39.8504268,60
-72.9394441,-39.8503658,60
-72.9394647,-39.8503434,60
-72.9395068,-39.8503531,60
-72.9395407,-39.8503787,60
-72.9395898,-39.8504181,60
-72.9396548,-39.8504757,60
-72.939706,-39.8505468,60
-72.9397307,-39.8506421,60
-72.9397294,-39.8507453,60
-72.939729,-39.8508558,60
-72.9397292,-39.8509625,60
-72.9397292,-39.8510844,60
-72.9397294,-39.8511938,60
-72.9397294,-39.8513128,60
-72.9397292,-39.8514312,60
-72.9397297,-39.8515498,60
-72.9397288,-39.8516549,60
-72.9397281,-39.8517525,60
-72.9397285,-39.8518555,60
-72.9397285,-39.8519558,60
-72.9397314,-39.8520649,60
-72.9397431,-39.8521266,60
-72.9397669,-39.8521536,60
-72.9398008,-39.8521364,60
-72.9398323,-39.852105,60
-72.9398766,-39.852062,60
-72.9399338,-39.8520056,60
-72.9399909,-39.8519332,60
-72.9400183,-39.8518548,60
-72.940028,-39.8517539,60
-72.9400312,-39.8516588,60
-72.940034,-39.8515417,60
-72.9400366,-39.851419,60
-72.9400381,-39.8513038,60
-72.9400379,-39.8512299,60
-72.9400385,-39.8511539,60
-72.9400411,-39.8510731,60
-72.9400437,-39.8509686,60
-72.940048,-39.8508583,60
-72.940058,-39.8508008,60
-72.9400693,-39.8507668,60
-72.9401082,-39.8507665,60
-72.9401522,-39.8507709,60
-72.9401747,-39.8507531,60
-72.940172,-39.8507214,60
-72.9401613,-39.8506771,60
-72.9401454,-39.8506187,60
-72.9401242,-39.8505366,60
-72.940102,-39.8504504,60
-72.9400732,-39.8503446,60
-72.9400444,-39.8502287,60
-72.9400308,-39.8501203,60
-72.9400426,-39.8500115,60
-72.9400858,-39.8499257,60
-72.9401431,-39.8498377,60
-72.9402017,-39.8497499,60
-72.940259,-39.8496657,60
-72.9402918,-39.8496334,60
-72.9403166,-39.8496355,60
-72.9403237,-39.8496644,60
-72.9403248,-39.8497057,60
-72.9403257,-39.8497615,60
-72.940326,-39.8498426,60
-72.9403268,-39.8499281,60
-72.9403269,-39.8500346,60
-72.9403267,-39.8501512,60
-72.9403266,-39.8502607,60
-72.9403265,-39.8503825,60
-72.9403262,-39.8505025,60
-72.9403265,-39.8506102,60
-72.9403268,-39.8507298,60
-72.9403272,-39.8508488,60
-72.9403272,-39.8509684,60
-72.9403271,-39.8510757,60
-72.9403276,-39.8511946,60
-72.940328,-39.8513015,60
-72.9403273,-39.8514202,60
-72.940327,-39.8515394,60
-72.9403271,-39.851658,60
-72.9403284,-39.8517644,60
-72.940328,-39.8518736,60
-72.9403273,-39.851979,60
-72.9403286,-39.8520801,60
-72.9403382,-39.8521652,60
-72.9403739,-39.8522067,60
-72.940432,-39.8522206,60
-72.940505,-39.8522211,60
-72.9405744,-39.8522027,60
-72.9406142,-39.8521648,60
-72.9406248,-39.85211,60
-72.9406259,-39.8520434,60
-72.940625,-39.8519688,60
-72.9406246,-39.8518726,60
-72.9406241,-39.8517637,60
-72.940624,-39.8516465,60
-72.9406242,-39.8515388,60
-72.9406238,-39.8514226,60
-72.9406242,-39.851309,60
-72.9406235,-39.8512068,60
-72.9406246,-39.8510994,60
-72.9406234,-39.8510263,60
-72.9406235,-39.8509436,60
-72.9406249,-39.850844,60
-72.9406254,-39.8507343,60
-72.9406249,-39.8506289,60
-72.940625,-39.8505078,60
-72.940624,-39.8504003,60
-72.9406239,-39.8502802,60
-72.9406245,-39.8501616,60
-72.9406247,-39.8500543,60
-72.940625,-39.8499473,60
-72.9406259,-39.8498414,60
-72.9406257,-39.8497376,60
-72.9406289,-39.8496321,60
-72.9406382,-39.8495719,60
-72.940671,-39.8495388,60
-72.940732,-39.8495266,60
-72.9408047,-39.8495323,60
-72.9408722,-39.8495513,60
-72.9409135,-39.8495961,60
-72.9409225,-39.8496555,60
-72.9409232,-39.8497175,60
-72.9409236,-39.8498031,60
-72.9409241,-39.8499035,60
-72.940924,-39.8500019,60
-72.9409251,-39.850124,60
-72.9409256,-39.8502421,60
-72.9409253,-39.8503494,60
-72.9409251,-39.850469,60
-72.9409254,-39.8505856,60
-72.9409247,-39.8507041,60
-72.9409253,-39.8508118,60
-72.9409247,-39.8509302,60
-72.9409245,-39.8510473,60
-72.9409238,-39.8511507,60
-72.9409249,-39.8512742,60
-72.9409248,-39.8513822,60
-72.9409251,-39.8515021,60
-72.9409254,-39.8516226,60
-72.9409316,-39.8517061,60
-72.9409392,-39.8517466,60
-72.9409504,-39.8517632,60
-72.9409603,-39.8517352,60
-72.9409713,-39.8517078,60
-72.9409912,-39.8516567,60
-72.9410168,-39.8515893,60
-72.9410423,-39.8515219,60
-72.9410747,-39.8514377,60
-72.9411117,-39.8513421,60
-72.9411496,-39.8512462,60
-72.9411887,-39.8511367,60
-72.9412148,-39.8510277,60
-72.9412206,-39.8509203,60
-72.9412219,-39.8507999,60
-72.9412223,-39.8506762,60
-72.9412222,-39.8505707,60
-72.941222,-39.8504526,60
-72.9412222,-39.8503339,60
-72.9412226,-39.850228,60
-72.941223,-39.8501094,60
-72.9412227,-39.8499916,60
-72.9412226,-39.8498842,60
-72.9412257,-39.8497746,60
-72.941239,-39.8497104,60
-72.9412728,-39.8496869,60
-72.941328,-39.849689,60
-72.9413878,-39.8497086,60
-72.941453,-39.8497408,60
-72.9415067,-39.8498008,60
-72.9415204,-39.8498736,60
-72.9415219,-39.8499466,60
-72.9415222,-39.8500414,60
-72.9415228,-39.8501447,60
-72.941523,-39.8502219,60
-72.9415227,-39.8502559,60
-72.9415238,-39.850264,60
</coordinates></LineString>
</Placemark>
<Placemark>
<name>DJI_202603241506_003_santavirginia008_Timestamp.MRK</name>
<description>Equipo: M3E | Fecha: 24-03-2026 | Puntos: 143</description>
<styleUrl>#m3e</styleUrl>
<LineString><altitudeMode>relativeToGround</altitudeMode><coordinates>
-72.9434472,-39.8435576,60
-72.9434474,-39.843587,60
-72.9434481,-39.8436358,60
-72.9434481,-39.8437091,60
-72.9434486,-39.8437978,60
-72.9434487,-39.8438888,60
-72.9434482,-39.8440012,60
-72.9434482,-39.8441207,60
-72.9434491,-39.8442307,60
-72.9434488,-39.8443506,60
-72.9434487,-39.8444699,60
-72.9434482,-39.8445745,60
-72.9434463,-39.8446814,60
-72.9434318,-39.8447605,60
-72.943388,-39.8448099,60
-72.9433081,-39.844844,60
-72.9432291,-39.8448615,60
-72.9431811,-39.8448517,60
-72.9431541,-39.8448137,60
-72.9431487,-39.8447647,60
-72.9431481,-39.8447063,60
-72.9431485,-39.844624,60
-72.9431489,-39.8445267,60
-72.9431492,-39.844429,60
-72.9431493,-39.8443122,60
-72.9431493,-39.8442026,60
-72.943149,-39.844082,60
-72.9431491,-39.843963,60
-72.9431486,-39.8438436,60
-72.9431485,-39.8437502,60
-72.9431422,-39.8436746,60
-72.9431185,-39.8436241,60
-72.9430683,-39.8436129,60
-72.9429982,-39.8436296,60
-72.9429219,-39.8436524,60
-72.9428727,-39.8436912,60
-72.9428528,-39.8437502,60
-72.9428507,-39.8438178,60
-72.9428504,-39.8438924,60
-72.9428507,-39.8439896,60
-72.9428508,-39.8440989,60
-72.9428513,-39.8442071,60
-72.9428516,-39.8443291,60
-72.9428515,-39.8444497,60
-72.9428516,-39.8445483,60
-72.9428515,-39.8446617,60
-72.9428504,-39.8447665,60
-72.9428415,-39.8448483,60
-72.9428125,-39.8448869,60
-72.9427618,-39.8448971,60
-72.9426972,-39.844887,60
-72.9426222,-39.8448607,60
-72.9425692,-39.8448121,60
-72.9425535,-39.8447552,60
-72.9425512,-39.844684,60
-72.9425508,-39.8446079,60
-72.9425512,-39.8445079,60
-72.9425514,-39.8443963,60
-72.9425511,-39.8442892,60
-72.9425505,-39.8441678,60
-72.9425511,-39.8440482,60
-72.9425513,-39.8439462,60
-72.9425503,-39.8438542,60
-72.9425418,-39.8437753,60
-72.9425077,-39.8437371,60
-72.9424529,-39.8437279,60
-72.9423865,-39.8437371,60
-72.9423106,-39.843763,60
-72.9422685,-39.8438061,60
-72.9422542,-39.8438665,60
-72.9422527,-39.843937,60
-72.9422524,-39.844015,60
-72.9422522,-39.8441143,60
-72.9422528,-39.844225,60
-72.9422526,-39.8443305,60
-72.9422534,-39.8444331,60
-72.9422534,-39.8445319,60
-72.942252,-39.8446411,60
-72.9422425,-39.844712,60
-72.9422241,-39.8447321,60
-72.9421926,-39.844717,60
-72.9421504,-39.8446971,60
-72.9420913,-39.8446756,60
-72.9420102,-39.8446506,60
-72.9419701,-39.8446449,60
-72.9419559,-39.8446397,60
-72.9419539,-39.8446146,60
-72.9419536,-39.844568,60
-72.9419535,-39.8444987,60
-72.9419532,-39.8444229,60
-72.9419531,-39.8443252,60
-72.9419532,-39.8442159,60
-72.9419532,-39.8441095,60
-72.9419531,-39.843989,60
-72.9419452,-39.843899,60
-72.9419207,-39.8438606,60
-72.94187,-39.8438523,60
-72.941812,-39.8438698,60
-72.9417517,-39.8438963,60
-72.9416854,-39.8439509,60
-72.9416589,-39.8440228,60
-72.9416554,-39.8440937,60
-72.941655,-39.8441835,60
-72.9416549,-39.8442855,60
-72.9416553,-39.8443877,60
-72.9416552,-39.8445092,60
-72.9416556,-39.8446316,60
-72.9416506,-39.8447238,60
-72.9416254,-39.8447843,60
-72.9415714,-39.844819,60
-72.9414906,-39.8448378,60
-72.9414181,-39.8448402,60
-72.9413724,-39.8448117,60
-72.9413579,-39.8447702,60
-72.9413558,-39.8447147,60
-72.9413559,-39.8446476,60
-72.9413561,-39.8445597,60
-72.9413561,-39.8444566,60
-72.9413556,-39.8443426,60
-72.941355,-39.8442352,60
-72.9413458,-39.8441496,60
-72.9413229,-39.8441148,60
-72.9412724,-39.8441073,60
-72.9412197,-39.8441268,60
-72.9411573,-39.8441587,60
-72.9410969,-39.8442091,60
-72.9410592,-39.8442838,60
-72.9410571,-39.8443685,60
-72.9410569,-39.8444533,60
-72.941057,-39.8445588,60
-72.9410564,-39.8446717,60
-72.9410469,-39.8447403,60
-72.9410201,-39.8447741,60
-72.9409721,-39.8447712,60
-72.9409295,-39.84475,60
-72.9408712,-39.8447146,60
-72.9408039,-39.8446579,60
-72.9407651,-39.8445879,60
-72.9407581,-39.8444982,60
-72.9407577,-39.8444286,60
-72.9407574,-39.8443954,60
-72.9407574,-39.8443768,60
-72.940758,-39.8443737,60
</coordinates></LineString>
</Placemark>
<Placemark>
<name>DJI_202603241506_004_santavirginia007_Timestamp.MRK</name>
<description>Equipo: M3E | Fecha: 24-03-2026 | Puntos: 208</description>
<styleUrl>#m3e</styleUrl>
<LineString><altitudeMode>relativeToGround</altitudeMode><coordinates>
-72.943458,-39.8441545,60
-72.9434584,-39.8441252,60
-72.9434588,-39.8440773,60
-72.9434586,-39.8440059,60
-72.9434588,-39.8439171,60
-72.9434586,-39.8438267,60
-72.9434599,-39.8437159,60
-72.9434699,-39.8436298,60
-72.9435075,-39.8435874,60
-72.943583,-39.8435627,60
-72.9436603,-39.8435531,60
-72.9437188,-39.843563,60
-72.9437508,-39.8436022,60
-72.9437558,-39.8436531,60
-72.9437565,-39.8437103,60
-72.943757,-39.8437919,60
-72.9437572,-39.8438894,60
-72.9437575,-39.8439879,60
-72.9437614,-39.8440997,60
-72.9437758,-39.8441639,60
-72.943824,-39.8442083,60
-72.9438963,-39.8442305,60
-72.9439658,-39.8442345,60
-72.944024,-39.8442202,60
-72.944052,-39.8441781,60
-72.9440554,-39.8441306,60
-72.9440561,-39.8440648,60
-72.944056,-39.8439806,60
-72.944056,-39.8438816,60
-72.9440561,-39.8437819,60
-72.9440566,-39.8436639,60
-72.9440649,-39.8435695,60
-72.9440924,-39.843524,60
-72.944155,-39.8434964,60
-72.9442243,-39.8434886,60
-72.9442982,-39.8434946,60
-72.9443409,-39.8435286,60
-72.9443531,-39.8435738,60
-72.9443544,-39.8436337,60
-72.9443544,-39.8437113,60
-72.9443546,-39.8437941,60
-72.9443553,-39.8438975,60
-72.9443557,-39.8440154,60
-72.9443559,-39.8441249,60
-72.9443623,-39.8442262,60
-72.9443911,-39.8442849,60
-72.9444493,-39.8443132,60
-72.9445297,-39.844327,60
-72.9446013,-39.8443243,60
-72.94464,-39.8442961,60
-72.944653,-39.8442466,60
-72.9446544,-39.8441877,60
-72.9446546,-39.844118,60
-72.9446545,-39.844025,60
-72.9446529,-39.8439226,60
-72.9446534,-39.8438195,60
-72.9446541,-39.843698,60
-72.9446623,-39.8436081,60
-72.9446821,-39.8435682,60
-72.9447316,-39.8435521,60
-72.944792,-39.8435639,60
-72.9448623,-39.8435876,60
-72.9449212,-39.8436312,60
-72.944948,-39.8436953,60
-72.9449509,-39.8437602,60
-72.9449512,-39.8438436,60
-72.944952,-39.843942,60
-72.9449521,-39.8440413,60
-72.9449516,-39.8441594,60
-72.9449525,-39.8442811,60
-72.9449595,-39.8443742,60
-72.9449882,-39.8444408,60
-72.9450515,-39.8444876,60
-72.9451334,-39.8445112,60
-72.945196,-39.8445176,60
-72.9452388,-39.8444918,60
-72.9452501,-39.8444508,60
-72.9452508,-39.8443962,60
-72.9452507,-39.8443223,60
-72.9452511,-39.8442423,60
-72.9452512,-39.8441396,60
-72.9452509,-39.8440263,60
-72.9452514,-39.8439174,60
-72.9452549,-39.8438099,60
-72.9452721,-39.8437507,60
-72.9453169,-39.843729,60
-72.9453695,-39.8437349,60
-72.945435,-39.8437533,60
-72.9455008,-39.8437893,60
-72.9455416,-39.8438486,60
-72.9455492,-39.8439176,60
-72.9455498,-39.8439894,60
-72.94555,-39.8440826,60
-72.9455496,-39.8441888,60
-72.9455492,-39.8442925,60
-72.9455497,-39.8444116,60
-72.9455519,-39.8445325,60
-72.9455617,-39.8446089,60
-72.9455972,-39.8446654,60
-72.9456708,-39.8447006,60
-72.9457537,-39.8447156,60
-72.9458117,-39.8447123,60
-72.9458446,-39.8446751,60
-72.945849,-39.8446293,60
-72.9458486,-39.8445664,60
-72.9458491,-39.8444844,60
-72.9458488,-39.8443887,60
-72.9458491,-39.8442922,60
-72.9458497,-39.8441747,60
-72.94585,-39.8440649,60
-72.9458563,-39.8439656,60
-72.9458776,-39.8439131,60
-72.9459172,-39.8438952,60
-72.9459779,-39.8439045,60
-72.9460503,-39.8439275,60
-72.9461114,-39.843966,60
-72.9461421,-39.8440275,60
-72.9461458,-39.8440958,60
-72.9461466,-39.8441684,60
-72.9461464,-39.8442638,60
-72.9461463,-39.8443687,60
-72.9461469,-39.8444809,60
-72.9461477,-39.8445837,60
-72.9461515,-39.8446971,60
-72.9461593,-39.8447692,60
-72.946191,-39.8448213,60
-72.9462659,-39.8448497,60
-72.9463503,-39.8448626,60
-72.9464111,-39.8448553,60
-72.9464429,-39.844816,60
-72.9464463,-39.8447688,60
-72.9464469,-39.8447046,60
-72.9464472,-39.844621,60
-72.9464471,-39.8445335,60
-72.9464473,-39.8444242,60
-72.9464472,-39.8443066,60
-72.9464481,-39.8441976,60
-72.946456,-39.8441052,60
-72.946479,-39.8440523,60
-72.946515,-39.8440384,60
-72.946567,-39.8440544,60
-72.9466324,-39.8440763,60
-72.9466977,-39.8441092,60
-72.9467378,-39.8441665,60
-72.9467435,-39.8442355,60
-72.9467453,-39.8443037,60
-72.9467456,-39.8443911,60
-72.9467447,-39.844487,60
-72.9467446,-39.8445784,60
-72.9467451,-39.8446809,60
-72.9467452,-39.8447874,60
-72.9467528,-39.8448793,60
-72.9467677,-39.8449279,60
-72.9468188,-39.8449627,60
-72.9468957,-39.8449691,60
-72.9469749,-39.8449657,60
-72.9470284,-39.8449383,60
-72.9470455,-39.8448927,60
-72.9470473,-39.8448317,60
-72.9470474,-39.844755,60
-72.947047,-39.8446724,60
-72.9470472,-39.8445685,60
-72.9470483,-39.8444543,60
-72.9470487,-39.8443455,60
-72.947059,-39.8442444,60
-72.9470974,-39.8441751,60
-72.9471607,-39.8441293,60
-72.9472455,-39.844098,60
-72.9472982,-39.8440975,60
-72.9473314,-39.8441224,60
-72.9473423,-39.8441669,60
-72.9473421,-39.8442198,60
-72.9473438,-39.844285,60
-72.9473441,-39.8443677,60
-72.9473441,-39.8444602,60
-72.9473422,-39.8445451,60
-72.9473434,-39.8446461,60
-72.9473435,-39.8447462,60
-72.9473481,-39.8448312,60
-72.9473574,-39.8448897,60
-72.9473928,-39.8449238,60
-72.947458,-39.8449284,60
-72.9475312,-39.8449169,60
-72.9476005,-39.844889,60
-72.9476346,-39.8448416,60
-72.947643,-39.8447771,60
-72.9476434,-39.8447014,60
-72.9476441,-39.8446201,60
-72.9476434,-39.8445151,60
-72.9476427,-39.8444006,60
-72.9476426,-39.8442928,60
-72.9476429,-39.8441714,60
-72.9476447,-39.8440519,60
-72.9476578,-39.8439705,60
-72.9477064,-39.8439054,60
-72.9477866,-39.84386,60
-72.9478555,-39.8438359,60
-72.9479044,-39.8438411,60
-72.9479333,-39.8438759,60
-72.947939,-39.8439166,60
-72.9479397,-39.8439732,60
-72.9479408,-39.8440458,60
-72.9479403,-39.8441202,60
-72.9479399,-39.8442098,60
-72.9479419,-39.8442775,60
-72.9479419,-39.8443075,60
-72.9479423,-39.8443246,60
-72.9479423,-39.8443298,60
</coordinates></LineString>
</Placemark>
<Placemark>
<name>DJI_202603241506_005_santavirginia005_Timestamp.MRK</name>
<description>Equipo: M3E | Fecha: 24-03-2026 | Puntos: 117</description>
<styleUrl>#m3e</styleUrl>
<LineString><altitudeMode>relativeToGround</altitudeMode><coordinates>
-72.9511102,-39.841825,60
-72.9511427,-39.8418153,60
-72.9511891,-39.8417885,60
-72.9512257,-39.8417314,60
-72.9512304,-39.8416611,60
-72.9512298,-39.8415813,60
-72.9512287,-39.8414973,60
-72.9512281,-39.841389,60
-72.9512278,-39.8412727,60
-72.9512282,-39.841168,60
-72.9512281,-39.8410595,60
-72.9512281,-39.8409486,60
-72.9512276,-39.8408405,60
-72.9512272,-39.8407193,60
-72.9512274,-39.8405993,60
-72.9512276,-39.8404921,60
-72.9512276,-39.8403733,60
-72.9512279,-39.8402586,60
-72.9512277,-39.8401769,60
-72.9512282,-39.8400891,60
-72.9512282,-39.8399989,60
-72.951229,-39.839919,60
-72.951229,-39.8398161,60
-72.9512283,-39.8397028,60
-72.9512284,-39.8395935,60
-72.9512312,-39.8394719,60
-72.95125,-39.8393839,60
-72.9513098,-39.8393036,60
-72.9514015,-39.8392292,60
-72.9514606,-39.8391941,60
-72.9514985,-39.8391936,60
-72.9515227,-39.8392196,60
-72.951527,-39.8392604,60
-72.9515278,-39.8393111,60
-72.9515275,-39.8393855,60
-72.9515275,-39.8394739,60
-72.9515274,-39.8395621,60
-72.9515282,-39.8396599,60
-72.9515276,-39.8397582,60
-72.9515276,-39.8398441,60
-72.9515292,-39.8399369,60
-72.9515297,-39.8400169,60
-72.9515277,-39.8401027,60
-72.9515274,-39.8401857,60
-72.9515275,-39.8402675,60
-72.951527,-39.8403405,60
-72.9515275,-39.8404166,60
-72.9515263,-39.8404984,60
-72.9515264,-39.8405674,60
-72.9515279,-39.8406392,60
-72.9515265,-39.8407088,60
-72.9515262,-39.8407831,60
-72.951527,-39.8408561,60
-72.9515271,-39.8409173,60
-72.9515279,-39.8409529,60
-72.9515282,-39.8409859,60
-72.9515278,-39.841033,60
-72.9515273,-39.8410894,60
-72.9515269,-39.8411671,60
-72.9515279,-39.8412592,60
-72.9515353,-39.8413193,60
-72.9515419,-39.8413462,60
-72.9515642,-39.8413401,60
-72.9515762,-39.841313,60
-72.9515934,-39.8412698,60
-72.9516185,-39.8412063,60
-72.9516472,-39.8411343,60
-72.9516853,-39.8410421,60
-72.9517269,-39.8409387,60
-72.951769,-39.8408331,60
-72.9518048,-39.8407311,60
-72.9518237,-39.8406125,60
-72.9518261,-39.8405048,60
-72.951826,-39.8403847,60
-72.951826,-39.8402654,60
-72.9518257,-39.8401526,60
-72.9518246,-39.84006,60
-72.9518246,-39.8399919,60
-72.9518253,-39.8399641,60
-72.951825,-39.8399636,60
-72.9518253,-39.8399569,60
-72.9518246,-39.8399263,60
-72.951825,-39.8398775,60
-72.9518257,-39.8398058,60
-72.9518269,-39.8397408,60
-72.9518249,-39.8396872,60
-72.9518241,-39.8396505,60
-72.9518257,-39.8396202,60
-72.9518249,-39.8395647,60
-72.951825,-39.8394877,60
-72.9518247,-39.8393998,60
-72.9518254,-39.8393097,60
-72.9518258,-39.8392006,60
-72.9518258,-39.8390839,60
-72.9518338,-39.83898,60
-72.9518668,-39.8388909,60
-72.9519299,-39.8388231,60
-72.9520134,-39.8387603,60
-72.9520677,-39.8387329,60
-72.9521018,-39.8387404,60
-72.9521193,-39.8387718,60
-72.9521227,-39.8388136,60
-72.9521241,-39.8388742,60
-72.9521239,-39.8389462,60
-72.9521243,-39.839041,60
-72.9521245,-39.8391478,60
-72.952125,-39.8392526,60
-72.9521244,-39.8393689,60
-72.9521257,-39.8394903,60
-72.9521264,-39.8395983,60
-72.9521269,-39.8397125,60
-72.9521259,-39.8398222,60
-72.9521256,-39.8398834,60
-72.9521233,-39.8399228,60
-72.9521246,-39.8399482,60
-72.9521255,-39.8399556,60
-72.952125,-39.8399584,60
</coordinates></LineString>
</Placemark>
<Placemark>
<name>DJI_202603241540_006_santavirginia006_Timestamp.MRK</name>
<description>Equipo: M3E | Fecha: 24-03-2026 | Puntos: 574</description>
<styleUrl>#m3e</styleUrl>
<LineString><altitudeMode>relativeToGround</altitudeMode><coordinates>
-72.9490981,-39.8465641,60
-72.9491367,-39.846565,60
-72.9492102,-39.8465647,60
-72.9493096,-39.8465646,60
-72.9494127,-39.8465639,60
-72.9495316,-39.8465572,60
-72.9496053,-39.8465318,60
-72.9496496,-39.8464862,60
-72.9496756,-39.8464234,60
-72.9496773,-39.8463735,60
-72.9496344,-39.8463434,60
-72.9495805,-39.8463361,60
-72.9495063,-39.8463348,60
-72.9494188,-39.846335,60
-72.9493083,-39.8463347,60
-72.9491882,-39.8463354,60
-72.9490835,-39.846337,60
-72.9490242,-39.8463371,60
-72.9489508,-39.8463376,60
-72.9488773,-39.846337,60
-72.9487895,-39.8463363,60
-72.9487063,-39.8463279,60
-72.9486273,-39.8462965,60
-72.9485634,-39.8462426,60
-72.9485167,-39.8461789,60
-72.9485106,-39.8461383,60
-72.9485395,-39.8461137,60
-72.9485954,-39.8461057,60
-72.9486573,-39.8461052,60
-72.9487485,-39.846106,60
-72.9488651,-39.8461056,60
-72.9489592,-39.8461055,60
-72.9490439,-39.8461053,60
-72.9491285,-39.8461051,60
-72.9492029,-39.8461054,60
-72.9493001,-39.8461058,60
-72.9493957,-39.8461058,60
-72.949483,-39.846105,60
-72.949595,-39.8461056,60
-72.9497151,-39.8460995,60
-72.9497847,-39.846079,60
-72.9498356,-39.8460276,60
-72.949864,-39.845964,60
-72.9498654,-39.8459192,60
-72.9498287,-39.845886,60
-72.9497691,-39.8458762,60
-72.949705,-39.845875,60
-72.9496088,-39.8458752,60
-72.9494952,-39.8458757,60
-72.949385,-39.8458763,60
-72.9492475,-39.8458767,60
-72.9490971,-39.8458773,60
-72.9489612,-39.8458772,60
-72.9488147,-39.8458783,60
-72.9486833,-39.8458777,60
-72.9485649,-39.8458776,60
-72.9484262,-39.8458742,60
-72.9483324,-39.8458607,60
-72.9482701,-39.8458225,60
-72.9482299,-39.8457575,60
-72.9482132,-39.8456987,60
-72.9482339,-39.845664,60
-72.9482871,-39.8456482,60
-72.948354,-39.8456457,60
-72.9484346,-39.845646,60
-72.9485435,-39.8456457,60
-72.9486716,-39.8456463,60
-72.9487981,-39.8456463,60
-72.948948,-39.8456459,60
-72.9491057,-39.845646,60
-72.9492483,-39.8456464,60
-72.9494048,-39.845647,60
-72.9495433,-39.845647,60
-72.9496896,-39.8456473,60
-72.9498383,-39.8456459,60
-72.9499313,-39.8456353,60
-72.95,-39.8456016,60
-72.9500378,-39.8455421,60
-72.9500561,-39.8454795,60
-72.9500422,-39.8454412,60
-72.9499918,-39.8454194,60
-72.9499297,-39.8454165,60
-72.9498526,-39.8454167,60
-72.9497535,-39.8454161,60
-72.9496367,-39.8454164,60
-72.949527,-39.8454167,60
-72.9493912,-39.8454176,60
-72.9492429,-39.8454174,60
-72.9491072,-39.8454175,60
-72.9489611,-39.845418,60
-72.9488272,-39.845418,60
-72.9486785,-39.8454184,60
-72.9485371,-39.8454188,60
-72.948435,-39.8454193,60
-72.9483585,-39.845419,60
-72.9482664,-39.8454193,60
-72.9481589,-39.8454185,60
-72.9480788,-39.8454124,60
-72.9480362,-39.8453935,60
-72.9480107,-39.845356,60
-72.9479642,-39.8453191,60
-72.9478905,-39.8452653,60
-72.9478478,-39.8452262,60
-72.9478529,-39.8452004,60
-72.9478894,-39.8451881,60
-72.9479418,-39.8451863,60
-72.9480131,-39.8451866,60
-72.948113,-39.8451865,60
-72.9482269,-39.8451867,60
-72.9483371,-39.8451869,60
-72.9484348,-39.8451866,60
-72.9485021,-39.845187,60
-72.9485837,-39.8451876,60
-72.9486878,-39.8451869,60
-72.9488111,-39.8451869,60
-72.9489383,-39.845187,60
-72.9490906,-39.845187,60
-72.9492499,-39.8451875,60
-72.949392,-39.8451876,60
-72.9495445,-39.8451873,60
-72.9496977,-39.8451881,60
-72.9498365,-39.8451877,60
-72.9499822,-39.8451874,60
-72.9500999,-39.8451813,60
-72.9501672,-39.8451578,60
-72.9502153,-39.8451047,60
-72.9502415,-39.8450396,60
-72.9502409,-39.8449956,60
-72.9501995,-39.8449664,60
-72.9501379,-39.8449573,60
-72.9500701,-39.8449569,60
-72.9499737,-39.8449575,60
-72.9498647,-39.8449584,60
-72.9497552,-39.8449587,60
-72.9496209,-39.8449592,60
-72.9494745,-39.8449591,60
-72.9493341,-39.8449594,60
-72.9491756,-39.8449597,60
-72.9490343,-39.8449599,60
-72.9488784,-39.8449605,60
-72.9487264,-39.8449602,60
-72.9485753,-39.8449606,60
-72.948438,-39.8449616,60
-72.9482834,-39.8449603,60
-72.9481516,-39.8449605,60
-72.9479985,-39.8449607,60
-72.9478424,-39.8449602,60
-72.9477036,-39.8449597,60
-72.9475603,-39.8449575,60
-72.9474695,-39.8449468,60
-72.9474122,-39.8449096,60
-72.9473755,-39.8448512,60
-72.9473569,-39.8447915,60
-72.9473771,-39.8447501,60
-72.9474219,-39.8447309,60
-72.947487,-39.8447276,60
-72.9475632,-39.8447273,60
-72.9476692,-39.8447283,60
-72.947793,-39.8447276,60
-72.9479152,-39.8447283,60
-72.9480626,-39.8447286,60
-72.9482183,-39.8447287,60
-72.948376,-39.8447289,60
-72.9485173,-39.8447287,60
-72.9486726,-39.8447287,60
-72.9488125,-39.8447283,60
-72.9489679,-39.8447283,60
-72.9491233,-39.8447292,60
-72.9492618,-39.8447284,60
-72.949413,-39.8447287,60
-72.9495564,-39.8447296,60
-72.9496902,-39.8447292,60
-72.9498412,-39.8447292,60
-72.9499735,-39.8447291,60
-72.9501038,-39.8447291,60
-72.9502428,-39.8447257,60
-72.9503306,-39.8447108,60
-72.9503851,-39.8446721,60
-72.9504203,-39.8446111,60
-72.950433,-39.8445528,60
-72.9504099,-39.8445175,60
-72.9503554,-39.8445002,60
-72.9502869,-39.8444987,60
-72.9502078,-39.8444988,60
-72.9500996,-39.8444997,60
-72.9499743,-39.8445003,60
-72.9498704,-39.8445004,60
-72.9497507,-39.8445007,60
-72.9496164,-39.8445,60
-72.9494837,-39.8445003,60
-72.9493359,-39.8445011,60
-72.9491942,-39.844501,60
-72.9490613,-39.8445012,60
-72.9489372,-39.8445017,60
-72.9488343,-39.8445018,60
-72.9487564,-39.8445017,60
-72.9486545,-39.8445013,60
-72.9485351,-39.8445012,60
-72.9484233,-39.844501,60
-72.9483071,-39.8444998,60
-72.9481756,-39.8445007,60
-72.9480303,-39.8445008,60
-72.9478939,-39.8445009,60
-72.9477378,-39.8445006,60
-72.9475969,-39.8445011,60
-72.9474539,-39.8444995,60
-72.9473679,-39.8444892,60
-72.9473331,-39.8444575,60
-72.947337,-39.844416,60
-72.94736,-39.8443673,60
-72.9474023,-39.8443155,60
-72.9474776,-39.8442783,60
-72.9475684,-39.8442691,60
-72.9476709,-39.8442688,60
-72.94778,-39.8442692,60
-72.947919,-39.8442693,60
-72.9480563,-39.844269,60
-72.9482109,-39.8442693,60
-72.9483569,-39.8442693,60
-72.9485091,-39.8442694,60
-72.9486508,-39.8442691,60
-72.9488064,-39.8442692,60
-72.9489424,-39.8442693,60
-72.9490871,-39.844269,60
-72.9492241,-39.8442697,60
-72.9493529,-39.8442701,60
-72.9495053,-39.8442708,60
-72.9496617,-39.8442706,60
-72.9498021,-39.8442707,60
-72.9499529,-39.8442706,60
-72.9500804,-39.8442702,60
-72.9501765,-39.8442704,60
-72.9503002,-39.8442707,60
-72.9504144,-39.8442682,60
-72.950509,-39.8442564,60
-72.9505713,-39.8442144,60
-72.9506074,-39.8441556,60
-72.95062,-39.8441027,60
-72.9506011,-39.8440617,60
-72.9505547,-39.8440433,60
-72.9504895,-39.8440403,60
-72.9504057,-39.8440398,60
-72.9502967,-39.8440407,60
-72.9501845,-39.8440408,60
-72.9500595,-39.8440401,60
-72.9499298,-39.8440415,60
-72.9498035,-39.8440419,60
-72.9496559,-39.8440414,60
-72.9495,-39.8440418,60
-72.9493709,-39.8440417,60
-72.9492299,-39.8440418,60
-72.9490961,-39.844042,60
-72.9489675,-39.8440423,60
-72.9488266,-39.8440424,60
-72.9487116,-39.8440423,60
-72.9486426,-39.8440433,60
-72.9485675,-39.844043,60
-72.9484654,-39.8440429,60
-72.948364,-39.8440425,60
-72.9482372,-39.8440424,60
-72.9481031,-39.8440425,60
-72.9479781,-39.8440419,60
-72.9478285,-39.8440415,60
-72.9476888,-39.8440393,60
-72.9476133,-39.8440307,60
-72.9475789,-39.8439984,60
-72.9475841,-39.8439523,60
-72.9476061,-39.8439075,60
-72.9476526,-39.8438519,60
-72.9477306,-39.843817,60
-72.9478132,-39.8438108,60
-72.9479177,-39.8438099,60
-72.9480417,-39.8438101,60
-72.9481666,-39.8438104,60
-72.9482984,-39.8438108,60
-72.9484238,-39.84381,60
-72.9485501,-39.8438102,60
-72.9487041,-39.843811,60
-72.9488595,-39.8438116,60
-72.9490102,-39.8438121,60
-72.949141,-39.8438116,60
-72.9492753,-39.8438115,60
-72.9493937,-39.8438115,60
-72.9495382,-39.8438113,60
-72.9496944,-39.8438112,60
-72.9498995,-39.8438112,60
-72.9499845,-39.8438108,60
-72.9500819,-39.8438102,60
-72.9501433,-39.8438108,60
-72.950232,-39.8438108,60
-72.9503356,-39.8438114,60
-72.9504446,-39.8438119,60
-72.9505779,-39.8438106,60
-72.9506851,-39.8438009,60
-72.9507447,-39.8437708,60
-72.9507872,-39.8437128,60
-72.9508073,-39.8436496,60
-72.9507978,-39.8436128,60
-72.9507608,-39.843583,60
-72.9506983,-39.8435745,60
-72.9506292,-39.8435783,60
-72.9505324,-39.8435792,60
-72.9504141,-39.8435785,60
-72.9503039,-39.8435782,60
-72.9502062,-39.8435783,60
-72.9500807,-39.8435769,60
-72.9499634,-39.8435763,60
-72.949823,-39.843575,60
-72.949688,-39.8435746,60
-72.9495706,-39.8435737,60
-72.9494339,-39.843573,60
-72.9492995,-39.8435717,60
-72.9491574,-39.8435698,60
-72.9490444,-39.8435695,60
-72.9489332,-39.8435686,60
-72.9488379,-39.8435679,60
-72.9487471,-39.8435674,60
-72.9486255,-39.8435658,60
-72.9485104,-39.8435651,60
-72.9483766,-39.843564,60
-72.948245,-39.8435629,60
-72.9481071,-39.843562,60
-72.9479699,-39.8435601,60
-72.9478119,-39.8435607,60
-72.9476573,-39.8435703,60
-72.9475173,-39.8435802,60
-72.9473628,-39.8435823,60
-72.9472093,-39.8435826,60
-72.9470705,-39.8435824,60
-72.9469448,-39.8435783,60
-72.9468778,-39.8435623,60
-72.9468542,-39.8435254,60
-72.946862,-39.8434743,60
-72.946886,-39.8434168,60
-72.9469338,-39.8433732,60
-72.9470092,-39.8433535,60
-72.9470957,-39.8433515,60
-72.9471907,-39.8433516,60
-72.9473149,-39.8433518,60
-72.9474415,-39.8433517,60
-72.9475953,-39.8433513,60
-72.9477529,-39.8433516,60
-72.9478969,-39.8433513,60
-72.9480512,-39.8433512,60
-72.9482058,-39.8433515,60
-72.948345,-39.8433517,60
-72.9484972,-39.8433514,60
-72.948653,-39.8433518,60
-72.94881,-39.8433528,60
-72.9489481,-39.8433527,60
-72.9491033,-39.8433518,60
-72.9492424,-39.8433516,60
-72.949395,-39.8433522,60
-72.9495488,-39.8433528,60
-72.9496872,-39.8433528,60
-72.94984,-39.843353,60
-72.9499841,-39.8433528,60
-72.9501142,-39.843353,60
-72.9502644,-39.8433521,60
-72.9504198,-39.8433522,60
-72.9505604,-39.8433525,60
-72.9506809,-39.8433526,60
-72.9507903,-39.8433515,60
-72.9508709,-39.8433421,60
-72.9509376,-39.8433067,60
-72.9509779,-39.8432465,60
-72.9509965,-39.8431885,60
-72.9509816,-39.8431456,60
-72.9509293,-39.8431253,60
-72.9508711,-39.8431227,60
-72.9507883,-39.8431227,60
-72.9506851,-39.8431232,60
-72.9505768,-39.8431234,60
-72.9504535,-39.8431236,60
-72.9503211,-39.8431241,60
-72.9501883,-39.843124,60
-72.9500368,-39.8431241,60
-72.9498876,-39.8431243,60
-72.9497499,-39.8431244,60
-72.9496003,-39.8431242,60
-72.9494518,-39.8431247,60
-72.9493128,-39.8431244,60
-72.9491679,-39.8431246,60
-72.9490299,-39.8431246,60
-72.9489163,-39.8431242,60
-72.9487835,-39.8431248,60
-72.9486543,-39.8431243,60
-72.9485246,-39.8431247,60
-72.9483687,-39.8431238,60
-72.9482102,-39.843124,60
-72.9480677,-39.8431242,60
-72.9479128,-39.8431247,60
-72.9477593,-39.8431249,60
-72.9476334,-39.8431244,60
-72.9475262,-39.8431249,60
-72.9474081,-39.8431254,60
-72.9472919,-39.8431246,60
-72.9471578,-39.8431225,60
-72.9470735,-39.8431141,60
-72.9470446,-39.8430899,60
-72.9470521,-39.8430506,60
-72.9470834,-39.8430118,60
-72.9471276,-39.8429678,60
-72.947207,-39.8429188,60
-72.9473141,-39.8428947,60
-72.9474169,-39.8428929,60
-72.9475435,-39.8428926,60
-72.9476872,-39.8428931,60
-72.9478248,-39.8428928,60
-72.9479828,-39.8428926,60
-72.948138,-39.8428927,60
-72.9482771,-39.8428931,60
-72.9484324,-39.8428932,60
-72.9485816,-39.8428927,60
-72.9487155,-39.8428932,60
-72.9488712,-39.8428937,60
-72.9490272,-39.8428942,60
-72.9491678,-39.8428937,60
-72.949324,-39.8428936,60
-72.9494789,-39.8428936,60
-72.9496193,-39.8428936,60
-72.9497734,-39.8428936,60
-72.9499276,-39.8428936,60
-72.9500662,-39.8428937,60
-72.9502203,-39.8428939,60
-72.9503747,-39.8428937,60
-72.9505135,-39.8428939,60
-72.9506669,-39.8428939,60
-72.9508145,-39.8428941,60
-72.9509142,-39.8428936,60
-72.951018,-39.8428896,60
-72.9511003,-39.8428668,60
-72.9511488,-39.8428219,60
-72.9511791,-39.8427581,60
-72.9511822,-39.8427054,60
-72.9511491,-39.8426745,60
-72.9510888,-39.842664,60
-72.9510171,-39.8426636,60
-72.950932,-39.8426639,60
-72.9508165,-39.8426641,60
-72.9506919,-39.8426634,60
-72.9505575,-39.8426643,60
-72.9504236,-39.8426645,60
-72.9502715,-39.8426642,60
-72.9501271,-39.8426644,60
-72.9499748,-39.8426642,60
-72.9498268,-39.8426644,60
-72.9496964,-39.8426642,60
-72.9495798,-39.842664,60
-72.949461,-39.8426644,60
-72.9493425,-39.8426647,60
-72.9491994,-39.8426645,60
-72.9490514,-39.8426647,60
-72.9489177,-39.8426644,60
-72.9487623,-39.8426649,60
-72.948603,-39.842665,60
-72.9484655,-39.8426645,60
-72.9483162,-39.8426636,60
-72.9481876,-39.8426652,60
-72.948065,-39.8426653,60
-72.9479517,-39.8426644,60
-72.9478469,-39.8426641,60
-72.9477423,-39.842665,60
-72.9476169,-39.8426623,60
-72.9475412,-39.8426516,60
-72.9475217,-39.8426283,60
-72.9475417,-39.8425965,60
-72.947584,-39.8425664,60
-72.9476389,-39.842528,60
-72.9477217,-39.8424771,60
-72.9478273,-39.8424381,60
-72.9479416,-39.8424327,60
-72.9480771,-39.8424343,60
-72.9482266,-39.8424344,60
-72.9483698,-39.8424344,60
-72.9485284,-39.8424348,60
-72.9486836,-39.8424344,60
-72.9488223,-39.8424346,60
-72.9489767,-39.842435,60
-72.9491297,-39.8424343,60
-72.9492695,-39.8424345,60
-72.949424,-39.8424341,60
-72.9495778,-39.8424343,60
-72.9497161,-39.8424348,60
-72.9498712,-39.8424351,60
-72.9500249,-39.8424348,60
-72.950164,-39.8424347,60
-72.9503171,-39.8424348,60
-72.9504696,-39.8424344,60
-72.950608,-39.8424341,60
-72.9507643,-39.8424339,60
-72.9508941,-39.8424336,60
-72.9509728,-39.8424344,60
-72.9510751,-39.8424341,60
-72.9511577,-39.8424345,60
-72.951239,-39.842428,60
-72.951311,-39.8423927,60
-72.9513534,-39.8423338,60
-72.9513712,-39.8422748,60
-72.9513605,-39.8422291,60
-72.9513082,-39.8422074,60
-72.9512499,-39.8422045,60
-72.9511675,-39.842204,60
-72.9510632,-39.8422043,60
-72.9509527,-39.8422049,60
-72.950815,-39.842205,60
-72.9506714,-39.8422053,60
-72.9505284,-39.8422051,60
-72.9503696,-39.8422055,60
-72.9502119,-39.8422062,60
-72.9500747,-39.8422069,60
-72.9499248,-39.8422065,60
-72.9497765,-39.8422063,60
-72.9496345,-39.8422066,60
-72.9494751,-39.8422062,60
-72.9493261,-39.8422066,60
-72.9491975,-39.8422059,60
-72.9490466,-39.8422062,60
-72.9488872,-39.8422062,60
-72.9487446,-39.8422062,60
-72.9485928,-39.8422053,60
-72.9484886,-39.842201,60
-72.948436,-39.8421862,60
-72.9484446,-39.8421699,60
-72.9484813,-39.8421554,60
-72.948537,-39.8421371,60
-72.9486172,-39.8421079,60
-72.9487067,-39.8420757,60
-72.9488202,-39.8420348,60
-72.948945,-39.8419945,60
-72.9490285,-39.8419749,60
-72.9491001,-39.8419761,60
-72.9491924,-39.8419753,60
-72.9492932,-39.8419757,60
-72.949422,-39.8419756,60
-72.949557,-39.8419762,60
-72.9496861,-39.8419765,60
-72.94984,-39.8419758,60
-72.949998,-39.8419759,60
-72.9501404,-39.8419762,60
-72.9502962,-39.8419763,60
-72.9504513,-39.8419765,60
-72.9506062,-39.8419766,60
-72.9507447,-39.8419764,60
-72.9508796,-39.8419758,60
-72.9510043,-39.8419758,60
-72.9511523,-39.8419756,60
-72.9513055,-39.8419747,60
-72.9514323,-39.8419687,60
-72.9514973,-39.8419416,60
-72.951539,-39.8418846,60
-72.9515566,-39.841823,60
-72.9515496,-39.8417775,60
-72.9515034,-39.8417513,60
-72.9514393,-39.8417465,60
-72.9513663,-39.8417461,60
-72.9512636,-39.841746,60
-72.9511396,-39.8417462,60
-72.951019,-39.8417467,60
-72.950881,-39.8417465,60
-72.9507424,-39.8417464,60
-72.9506073,-39.8417471,60
-72.9504544,-39.8417475,60
-72.9503015,-39.8417469,60
-72.9501658,-39.8417473,60
-72.950055,-39.8417474,60
-72.9499862,-39.8417476,60
-72.9499027,-39.8417468,60
-72.9497969,-39.8417471,60
-72.9496888,-39.8417476,60
-72.9495987,-39.8417482,60
-72.9495545,-39.8417477,60
-72.9495351,-39.8417475,60
-72.9495309,-39.8417474,60
</coordinates></LineString>
</Placemark>
<Placemark>
<name>DJI_202603241540_007_santavirginia003_Timestamp.MRK</name>
<description>Equipo: M3E | Fecha: 24-03-2026 | Puntos: 534</description>
<styleUrl>#m3e</styleUrl>
<LineString><altitudeMode>relativeToGround</altitudeMode><coordinates>
-72.9528319,-39.8382194,60
-72.9528319,-39.8381913,60
-72.9528321,-39.8381447,60
-72.9528322,-39.8380726,60
-72.9528321,-39.8379858,60
-72.9528322,-39.8378951,60
-72.9528321,-39.8378027,60
-72.9528306,-39.8377035,60
-72.9528233,-39.8376273,60
-72.9527924,-39.8375816,60
-72.9527373,-39.8375635,60
-72.9526648,-39.8375628,60
-72.952591,-39.837579,60
-72.952549,-39.8376132,60
-72.9525351,-39.8376672,60
-72.9525334,-39.83773,60
-72.9525332,-39.8378109,60
-72.9525328,-39.8378958,60
-72.9525323,-39.8380001,60
-72.9525333,-39.8381161,60
-72.9525338,-39.8382387,60
-72.9525328,-39.8383469,60
-72.9525187,-39.8384566,60
-72.9524728,-39.8385372,60
-72.9523959,-39.8386172,60
-72.9523134,-39.838701,60
-72.9522609,-39.8387524,60
-72.9522386,-39.8387695,60
-72.952236,-39.8387708,60
-72.952235,-39.8387708,60
-72.9522346,-39.8387712,60
-72.9522342,-39.8387716,60
-72.9522335,-39.8387718,60
-72.9522336,-39.8387719,60
-72.9522329,-39.8387658,60
-72.9522331,-39.8387368,60
-72.9522333,-39.8386978,60
-72.9522333,-39.8386371,60
-72.9522334,-39.8385667,60
-72.9522331,-39.8384732,60
-72.9522335,-39.8383671,60
-72.9522331,-39.8382659,60
-72.9522333,-39.8381501,60
-72.952233,-39.8380424,60
-72.9522327,-39.8379509,60
-72.9522327,-39.8378526,60
-72.9522326,-39.8377806,60
-72.9522252,-39.8377086,60
-72.9522176,-39.8376738,60
-72.9521905,-39.8376671,60
-72.9521584,-39.8376803,60
-72.9521024,-39.8376875,60
-72.9520387,-39.8376705,60
-72.9519827,-39.8376578,60
-72.9519465,-39.8376672,60
-72.9519357,-39.8376955,60
-72.9519339,-39.8377377,60
-72.9519342,-39.8378003,60
-72.9519345,-39.8378683,60
-72.9519349,-39.8379502,60
-72.9519352,-39.8380157,60
-72.9519354,-39.838097,60
-72.9519356,-39.838184,60
-72.9519362,-39.8382868,60
-72.9519362,-39.8383933,60
-72.951936,-39.8384947,60
-72.9519361,-39.8386125,60
-72.9519366,-39.8387318,60
-72.9519367,-39.8388399,60
-72.9519365,-39.8389607,60
-72.9519365,-39.8390659,60
-72.9519334,-39.8391838,60
-72.9519168,-39.8392842,60
-72.9518654,-39.8393596,60
-72.9517959,-39.8394157,60
-72.9517188,-39.839469,60
-72.9516798,-39.8394827,60
-72.951646,-39.8394631,60
-72.9516386,-39.839423,60
-72.9516366,-39.8393716,60
-72.9516357,-39.8393093,60
-72.9516357,-39.8392238,60
-72.951636,-39.8391249,60
-72.9516357,-39.8390254,60
-72.9516363,-39.8389073,60
-72.9516363,-39.8387894,60
-72.9516358,-39.8386802,60
-72.9516354,-39.8385592,60
-72.9516358,-39.8384398,60
-72.9516352,-39.8383333,60
-72.9516354,-39.838219,60
-72.9516351,-39.8381031,60
-72.9516345,-39.8380016,60
-72.9516347,-39.8378821,60
-72.9516348,-39.8377708,60
-72.9516337,-39.8376546,60
-72.9516239,-39.8375659,60
-72.9515927,-39.8375192,60
-72.9515229,-39.8374926,60
-72.9514394,-39.8374845,60
-72.9513781,-39.8374941,60
-72.9513464,-39.8375287,60
-72.9513379,-39.8375785,60
-72.9513366,-39.8376408,60
-72.9513372,-39.837714,60
-72.9513372,-39.837802,60
-72.9513366,-39.8378848,60
-72.9513379,-39.8379604,60
-72.9513385,-39.8380584,60
-72.9513381,-39.8381671,60
-72.9513378,-39.8382724,60
-72.9513384,-39.8383928,60
-72.9513384,-39.8385102,60
-72.9513383,-39.8386121,60
-72.9513381,-39.8387312,60
-72.9513379,-39.8388402,60
-72.951338,-39.8389566,60
-72.9513381,-39.8390754,60
-72.951338,-39.8391687,60
-72.9513378,-39.8392685,60
-72.9513376,-39.8393767,60
-72.9513378,-39.8394764,60
-72.9513347,-39.8395966,60
-72.9513204,-39.8396693,60
-72.9512723,-39.8397282,60
-72.9511932,-39.8397748,60
-72.9511237,-39.8398006,60
-72.9510805,-39.8397986,60
-72.9510491,-39.8397657,60
-72.9510411,-39.8397196,60
-72.9510389,-39.8396671,60
-72.9510375,-39.8396055,60
-72.9510384,-39.8395509,60
-72.9510382,-39.8394874,60
-72.9510383,-39.8394264,60
-72.9510384,-39.8393649,60
-72.9510376,-39.8393429,60
-72.951038,-39.8393411,60
-72.9510378,-39.8393313,60
-72.9510373,-39.8392958,60
-72.9510374,-39.8392412,60
-72.9510376,-39.8391651,60
-72.9510381,-39.839083,60
-72.9510382,-39.8389804,60
-72.9510378,-39.8388671,60
-72.9510373,-39.838762,60
-72.9510373,-39.8386432,60
-72.9510367,-39.8385288,60
-72.9510376,-39.8384142,60
-72.9510375,-39.8383043,60
-72.9510378,-39.8381827,60
-72.9510379,-39.8380629,60
-72.9510381,-39.8379559,60
-72.9510379,-39.8378381,60
-72.9510377,-39.837721,60
-72.9510374,-39.8376165,60
-72.9510325,-39.8375174,60
-72.9510119,-39.8374578,60
-72.9509642,-39.8374232,60
-72.9508843,-39.8374094,60
-72.9508075,-39.8374093,60
-72.9507629,-39.8374324,60
-72.9507434,-39.8374746,60
-72.9507398,-39.8375221,60
-72.950739,-39.8375878,60
-72.9507395,-39.8376618,60
-72.9507394,-39.8377364,60
-72.9507396,-39.8378328,60
-72.9507395,-39.8379295,60
-72.9507396,-39.838022,60
-72.9507404,-39.8381343,60
-72.9507406,-39.8382457,60
-72.9507405,-39.8383481,60
-72.9507413,-39.8384502,60
-72.9507415,-39.8385526,60
-72.9507404,-39.8386498,60
-72.9507402,-39.8387664,60
-72.9507396,-39.8388895,60
-72.9507395,-39.8389977,60
-72.9507403,-39.8391176,60
-72.9507403,-39.8392357,60
-72.9507408,-39.8393337,60
-72.9507404,-39.8394364,60
-72.9507397,-39.8395472,60
-72.9507396,-39.839644,60
-72.9507379,-39.8397495,60
-72.950728,-39.8398232,60
-72.9506976,-39.8398605,60
-72.9506456,-39.8398816,60
-72.9505819,-39.8398862,60
-72.9505112,-39.8398809,60
-72.9504629,-39.83985,60
-72.950443,-39.8398031,60
-72.9504407,-39.8397431,60
-72.9504404,-39.8396736,60
-72.9504407,-39.839582,60
-72.9504398,-39.839488,60
-72.9504404,-39.8393742,60
-72.9504402,-39.8392532,60
-72.95044,-39.8391433,60
-72.9504404,-39.8390236,60
-72.9504402,-39.838904,60
-72.9504401,-39.8388015,60
-72.9504402,-39.8386892,60
-72.9504406,-39.8385733,60
-72.9504404,-39.8384663,60
-72.9504403,-39.8383682,60
-72.9504405,-39.8382621,60
-72.9504402,-39.8381529,60
-72.9504403,-39.8380277,60
-72.9504401,-39.837905,60
-72.9504404,-39.8377977,60
-72.9504408,-39.8376961,60
-72.9504401,-39.8376046,60
-72.9504395,-39.8375131,60
-72.9504312,-39.8374258,60
-72.9504045,-39.8373789,60
-72.9503372,-39.8373607,60
-72.9502666,-39.8373606,60
-72.9501962,-39.8373749,60
-72.9501554,-39.8374101,60
-72.9501443,-39.8374637,60
-72.9501421,-39.8375277,60
-72.9501421,-39.8376001,60
-72.950142,-39.8376927,60
-72.9501417,-39.8377965,60
-72.9501424,-39.8378927,60
-72.9501415,-39.8380019,60
-72.950142,-39.838114,60
-72.9501409,-39.8382181,60
-72.9501417,-39.8383285,60
-72.9501416,-39.8384434,60
-72.9501413,-39.8385524,60
-72.9501413,-39.8386753,60
-72.950142,-39.8387959,60
-72.9501426,-39.8389034,60
-72.9501424,-39.839021,60
-72.9501427,-39.8391369,60
-72.950143,-39.8392393,60
-72.9501429,-39.8393609,60
-72.9501423,-39.839481,60
-72.9501422,-39.8395811,60
-72.9501422,-39.8396649,60
-72.9501408,-39.8397451,60
-72.9501328,-39.8398081,60
-72.9501063,-39.8398423,60
-72.950052,-39.8398476,60
-72.9499951,-39.8398398,60
-72.9499171,-39.8398246,60
-72.949857,-39.8398029,60
-72.949842,-39.8397738,60
-72.949841,-39.8397242,60
-72.9498418,-39.8396506,60
-72.9498423,-39.8395707,60
-72.9498423,-39.8394702,60
-72.9498421,-39.8393594,60
-72.9498423,-39.8392543,60
-72.9498422,-39.8391304,60
-72.9498418,-39.8390081,60
-72.9498421,-39.8388996,60
-72.949842,-39.8387805,60
-72.9498428,-39.8386636,60
-72.9498426,-39.8385575,60
-72.9498424,-39.8384371,60
-72.9498425,-39.8383174,60
-72.9498427,-39.8382103,60
-72.9498426,-39.8380907,60
-72.9498424,-39.8379716,60
-72.9498426,-39.837866,60
-72.949843,-39.8377565,60
-72.9498429,-39.8376441,60
-72.9498429,-39.837542,60
-72.949838,-39.8374434,60
-72.9498156,-39.8373889,60
-72.949765,-39.8373632,60
-72.9496937,-39.8373552,60
-72.9496164,-39.8373637,60
-72.9495693,-39.8373896,60
-72.9495469,-39.8374396,60
-72.9495448,-39.8374987,60
-72.949544,-39.8375656,60
-72.9495433,-39.8376569,60
-72.949544,-39.8377615,60
-72.9495451,-39.8378632,60
-72.9495451,-39.83798,60
-72.9495456,-39.8380947,60
-72.9495458,-39.8382013,60
-72.9495449,-39.8383246,60
-72.9495445,-39.8384454,60
-72.9495448,-39.8385532,60
-72.949545,-39.8386685,60
-72.9495449,-39.8387796,60
-72.9495445,-39.8388842,60
-72.9495445,-39.8390058,60
-72.9495442,-39.8391156,60
-72.9495446,-39.8392354,60
-72.9495446,-39.8393506,60
-72.9495448,-39.8394676,60
-72.9495443,-39.839587,60
-72.9495451,-39.8396898,60
-72.9495448,-39.8398051,60
-72.9495404,-39.8398891,60
-72.9495245,-39.8399415,60
-72.9494844,-39.8399735,60
-72.9494468,-39.8400161,60
-72.9493909,-39.8400842,60
-72.9493312,-39.8401573,60
-72.9492948,-39.8401917,60
-72.949267,-39.8401999,60
-72.949247,-39.8401795,60
-72.9492465,-39.8401547,60
-72.9492467,-39.8401065,60
-72.9492453,-39.840044,60
-72.9492455,-39.8400041,60
-72.949246,-39.8399605,60
-72.9492453,-39.8398928,60
-72.949245,-39.839817,60
-72.9492443,-39.8397202,60
-72.9492442,-39.8396132,60
-72.9492434,-39.8395078,60
-72.9492443,-39.8393846,60
-72.9492443,-39.8392751,60
-72.9492444,-39.8391563,60
-72.9492444,-39.8390415,60
-72.9492444,-39.8389342,60
-72.949244,-39.8388379,60
-72.949244,-39.8387231,60
-72.949244,-39.8386139,60
-72.9492442,-39.8384924,60
-72.9492444,-39.8383729,60
-72.9492449,-39.8382667,60
-72.9492453,-39.8381471,60
-72.9492452,-39.8380279,60
-72.9492448,-39.8379126,60
-72.9492456,-39.837815,60
-72.9492455,-39.8377016,60
-72.9492452,-39.8375822,60
-72.9492432,-39.8374815,60
-72.9492325,-39.8374066,60
-72.9491947,-39.8373631,60
-72.9491375,-39.8373529,60
-72.9490584,-39.8373521,60
-72.9489904,-39.83737,60
-72.9489581,-39.8374078,60
-72.9489478,-39.8374625,60
-72.948946,-39.8375289,60
-72.9489459,-39.8376033,60
-72.9489463,-39.8377002,60
-72.948946,-39.8378077,60
-72.948946,-39.8379117,60
-72.9489454,-39.8380317,60
-72.9489461,-39.8381399,60
-72.9489467,-39.8382601,60
-72.9489475,-39.8383914,60
-72.9489473,-39.8384961,60
-72.9489466,-39.8385914,60
-72.9489462,-39.8387028,60
-72.9489463,-39.838805,60
-72.9489468,-39.8388986,60
-72.9489468,-39.8389878,60
-72.9489473,-39.8390885,60
-72.9489472,-39.8391879,60
-72.9489472,-39.8393079,60
-72.9489474,-39.8394284,60
-72.9489476,-39.8395348,60
-72.9489476,-39.8396514,60
-72.9489471,-39.8397667,60
-72.9489473,-39.8398746,60
-72.9489469,-39.8399958,60
-72.9489469,-39.8401172,60
-72.9489471,-39.8402242,60
-72.9489427,-39.8403255,60
-72.9489267,-39.8403816,60
-72.9488997,-39.840413,60
-72.9488433,-39.8404448,60
-72.9487664,-39.8404714,60
-72.9487017,-39.8404833,60
-72.948662,-39.8404559,60
-72.9486507,-39.8404106,60
-72.9486479,-39.8403622,60
-72.9486475,-39.8402931,60
-72.948647,-39.8402141,60
-72.9486476,-39.840119,60
-72.9486472,-39.8400172,60
-72.9486463,-39.8399086,60
-72.9486461,-39.8398072,60
-72.9486467,-39.8397032,60
-72.9486468,-39.8395978,60
-72.948647,-39.8394895,60
-72.9486468,-39.8393665,60
-72.9486467,-39.8392452,60
-72.9486468,-39.8391264,60
-72.9486473,-39.8390185,60
-72.9486472,-39.8389002,60
-72.9486472,-39.8387923,60
-72.9486471,-39.8386725,60
-72.9486471,-39.8385655,60
-72.9486469,-39.8384469,60
-72.9486474,-39.8383283,60
-72.9486479,-39.8382096,60
-72.9486475,-39.8381034,60
-72.9486472,-39.837985,60
-72.9486473,-39.8378773,60
-72.9486471,-39.8377585,60
-72.9486476,-39.83764,60
-72.9486469,-39.8375333,60
-72.9486388,-39.8374429,60
-72.948619,-39.8374007,60
-72.9485825,-39.8373854,60
-72.9485233,-39.837401,60
-72.9484608,-39.8374266,60
-72.9483979,-39.8374696,60
-72.9483563,-39.8375394,60
-72.9483503,-39.8376173,60
-72.9483495,-39.8376962,60
-72.9483486,-39.8377975,60
-72.9483487,-39.8379071,60
-72.9483488,-39.8380093,60
-72.9483485,-39.838126,60
-72.948349,-39.8382271,60
-72.9483491,-39.838307,60
-72.9483496,-39.8384028,60
-72.9483497,-39.8385056,60
-72.9483498,-39.8386177,60
-72.9483494,-39.8387243,60
-72.9483495,-39.8388383,60
-72.9483489,-39.8389447,60
-72.9483485,-39.8390643,60
-72.9483484,-39.8391808,60
-72.9483486,-39.8392823,60
-72.9483487,-39.8393997,60
-72.9483485,-39.8395217,60
-72.9483489,-39.8396429,60
-72.9483491,-39.8397523,60
-72.9483496,-39.8398708,60
-72.9483491,-39.8399759,60
-72.9483494,-39.8400932,60
-72.9483487,-39.8402078,60
-72.9483492,-39.8403167,60
-72.9483487,-39.8404308,60
-72.9483395,-39.8405123,60
-72.9483132,-39.8405471,60
-72.9482622,-39.8405631,60
-72.9481924,-39.840558,60
-72.9481232,-39.8405417,60
-72.9480687,-39.840504,60
-72.9480525,-39.8404462,60
-72.9480489,-39.8403871,60
-72.9480485,-39.8403064,60
-72.9480477,-39.8402167,60
-72.9480478,-39.8401265,60
-72.9480482,-39.8400399,60
-72.948049,-39.8399389,60
-72.948049,-39.8398453,60
-72.948048,-39.8397574,60
-72.9480485,-39.8396892,60
-72.9480488,-39.8396302,60
-72.9480488,-39.8395537,60
-72.9480491,-39.839478,60
-72.9480493,-39.8393983,60
-72.9480495,-39.839315,60
-72.9480503,-39.8392541,60
-72.9480497,-39.8391961,60
-72.9480495,-39.8391146,60
-72.9480498,-39.8390166,60
-72.9480495,-39.8389174,60
-72.9480494,-39.8388005,60
-72.9480493,-39.8386791,60
-72.9480496,-39.83857,60
-72.9480496,-39.8384502,60
-72.9480498,-39.8383308,60
-72.9480495,-39.8382239,60
-72.9480498,-39.8381051,60
-72.9480499,-39.8379868,60
-72.9480499,-39.8378806,60
-72.9480407,-39.837796,60
-72.9480278,-39.8377553,60
-72.9480069,-39.8377384,60
-72.9479716,-39.8377653,60
-72.9479373,-39.8377997,60
-72.9478932,-39.8378441,60
-72.9478327,-39.8379096,60
-72.9477781,-39.8379923,60
-72.9477534,-39.8380807,60
-72.9477515,-39.8381833,60
-72.947751,-39.8382944,60
-72.9477508,-39.8383994,60
-72.9477547,-39.8385159,60
-72.9477838,-39.838628,60
-72.947832,-39.8387127,60
-72.9478982,-39.8388083,60
-72.9479404,-39.8389006,60
-72.9479464,-39.8389819,60
-72.9479327,-39.8390707,60
-72.9479166,-39.8391581,60
-72.9479049,-39.8392231,60
-72.9478943,-39.8392745,60
-72.9478793,-39.8393289,60
-72.9478596,-39.8393807,60
-72.9478336,-39.8394328,60
-72.9478041,-39.8394816,60
-72.9477797,-39.8395307,60
-72.9477601,-39.839598,60
-72.9477531,-39.8396771,60
-72.9477521,-39.8397582,60
-72.9477518,-39.8398503,60
-72.9477521,-39.8399097,60
-72.9477521,-39.8399478,60
-72.9477521,-39.839981,60
-72.9477522,-39.8400104,60
-72.9477523,-39.840048,60
-72.9477523,-39.8401107,60
-72.9477517,-39.8401514,60
-72.9477513,-39.8401823,60
-72.947751,-39.8402235,60
-72.9477506,-39.84027,60
-72.9477517,-39.8403159,60
-72.9477419,-39.8403549,60
-72.9477385,-39.8403724,60
-72.947721,-39.8403676,60
-72.9476882,-39.8403442,60
-72.9476279,-39.8403201,60
-72.9475603,-39.840297,60
-72.9474934,-39.8402618,60
-72.9474611,-39.8402094,60
-72.9474536,-39.8401572,60
-72.9474516,-39.8400972,60
-72.9474508,-39.8400493,60
-72.9474496,-39.840006,60
-72.9474498,-39.8399504,60
-72.9474498,-39.8398931,60
-72.9474507,-39.83986,60
-72.9474504,-39.8398399,60
-72.947451,-39.8398355,60
</coordinates></LineString>
</Placemark>
<Placemark>
<name>DJI_202603241609_004_santavirginia004_Timestamp.MRK</name>
<description>Equipo: M3E | Fecha: 24-03-2026 | Puntos: 231</description>
<styleUrl>#m3e</styleUrl>
<LineString><altitudeMode>relativeToGround</altitudeMode><coordinates>
-72.9483692,-39.8384194,60
-72.9483686,-39.838443,60
-72.9483695,-39.8384936,60
-72.94837,-39.8385656,60
-72.9483702,-39.8386441,60
-72.9483705,-39.8387444,60
-72.9483709,-39.8388547,60
-72.9483711,-39.8389615,60
-72.9483706,-39.8390839,60
-72.9483702,-39.8392056,60
-72.9483703,-39.8393246,60
-72.9483706,-39.8394316,60
-72.9483698,-39.8395742,60
-72.94837,-39.8396691,60
-72.9483641,-39.8397665,60
-72.9483356,-39.8398372,60
-72.9482752,-39.8398844,60
-72.9481922,-39.839917,60
-72.9481292,-39.8399291,60
-72.9480858,-39.8399057,60
-72.9480732,-39.8398675,60
-72.9480708,-39.8398155,60
-72.9480705,-39.8397439,60
-72.9480708,-39.8396654,60
-72.9480702,-39.8395763,60
-72.9480698,-39.8394855,60
-72.9480698,-39.8393969,60
-72.9480698,-39.839305,60
-72.9480701,-39.8392018,60
-72.94807,-39.8390995,60
-72.9480699,-39.8389873,60
-72.9480698,-39.8388863,60
-72.9480696,-39.8387676,60
-72.9480698,-39.8386469,60
-72.9480704,-39.8385267,60
-72.9480705,-39.8384183,60
-72.9480697,-39.8382995,60
-72.9480582,-39.8382143,60
-72.9480332,-39.8381718,60
-72.947975,-39.8381513,60
-72.9478941,-39.8381483,60
-72.9478287,-39.8381592,60
-72.9477858,-39.8381957,60
-72.9477737,-39.8382485,60
-72.9477729,-39.8383044,60
-72.9477724,-39.8383833,60
-72.9477725,-39.8384747,60
-72.9477724,-39.8385641,60
-72.9477727,-39.8386705,60
-72.9477731,-39.8387855,60
-72.9477737,-39.8388911,60
-72.9477743,-39.839006,60
-72.9477739,-39.8391195,60
-72.9477736,-39.839219,60
-72.9477736,-39.8393017,60
-72.9477739,-39.839391,60
-72.9477749,-39.8394754,60
-72.9477707,-39.8395674,60
-72.947762,-39.8396211,60
-72.9477406,-39.83964,60
-72.947703,-39.8396247,60
-72.9476741,-39.8395967,60
-72.9476296,-39.8395528,60
-72.9475705,-39.8394915,60
-72.9475109,-39.8394126,60
-72.9474793,-39.8393256,60
-72.9474737,-39.8392174,60
-72.9474737,-39.8391138,60
-72.9474735,-39.8389924,60
-72.9474728,-39.8388711,60
-72.9474729,-39.8387652,60
-72.9474721,-39.8386984,60
-72.9474729,-39.8386569,60
-72.9474732,-39.8386128,60
-72.9474728,-39.8385786,60
-72.9474726,-39.8385361,60
-72.947473,-39.8384805,60
-72.9474726,-39.8384015,60
-72.9474719,-39.8383083,60
-72.9474686,-39.8382076,60
-72.947455,-39.8381563,60
-72.947418,-39.8381325,60
-72.9473677,-39.838128,60
-72.9472926,-39.8381179,60
-72.9472144,-39.8381136,60
-72.9471829,-39.8381219,60
-72.9471759,-39.8381535,60
-72.947175,-39.8381982,60
-72.9471754,-39.8382664,60
-72.9471752,-39.8383359,60
-72.947175,-39.8384163,60
-72.9471756,-39.8384798,60
-72.9471767,-39.8385208,60
-72.947177,-39.8385569,60
-72.9471769,-39.8385859,60
-72.9471766,-39.8386041,60
-72.9471774,-39.8386264,60
-72.9471773,-39.8386572,60
-72.9471772,-39.8386972,60
-72.9471766,-39.8387458,60
-72.9471773,-39.8388086,60
-72.9471777,-39.8388782,60
-72.947171,-39.8389405,60
-72.9471652,-39.8389734,60
-72.9471549,-39.8389712,60
-72.9471303,-39.8389529,60
-72.9470796,-39.8389367,60
-72.9470082,-39.8389194,60
-72.9469273,-39.8388882,60
-72.9468882,-39.8388438,60
-72.9468779,-39.8387817,60
-72.9468758,-39.8387106,60
-72.9468752,-39.838627,60
-72.9468751,-39.8385628,60
-72.9468751,-39.8385173,60
-72.9468754,-39.8384879,60
-72.9468761,-39.8384554,60
-72.9468753,-39.838417,60
-72.9468747,-39.8383625,60
-72.9468743,-39.8382972,60
-72.9468738,-39.8382087,60
-72.9468733,-39.838121,60
-72.9468648,-39.8380421,60
-72.9468448,-39.8380079,60
-72.9468015,-39.8379885,60
-72.9467401,-39.8379619,60
-72.9466586,-39.8379287,60
-72.9466074,-39.8379192,60
-72.9465831,-39.8379386,60
-72.9465774,-39.8379742,60
-72.9465758,-39.8380199,60
-72.946576,-39.8380904,60
-72.9465762,-39.8381762,60
-72.9465762,-39.8382704,60
-72.9465782,-39.8383621,60
-72.946579,-39.8384591,60
-72.9465787,-39.8385313,60
-72.9465781,-39.838559,60
-72.9465777,-39.8385642,60
-72.9465783,-39.8385677,60
-72.9465787,-39.8385926,60
-72.9465798,-39.8386434,60
-72.9465795,-39.8387039,60
-72.9465795,-39.8387703,60
-72.9465721,-39.8388492,60
-72.9465468,-39.8389007,60
-72.9464883,-39.8389268,60
-72.9464088,-39.8389382,60
-72.946336,-39.8389345,60
-72.9462941,-39.8389057,60
-72.9462772,-39.8388583,60
-72.946278,-39.8388079,60
-72.9462778,-39.8387511,60
-72.9462778,-39.8386934,60
-72.9462778,-39.8386437,60
-72.9462775,-39.8385866,60
-72.9462773,-39.8385243,60
-72.946278,-39.8384551,60
-72.9462772,-39.8383801,60
-72.9462764,-39.8382852,60
-72.9462775,-39.8381785,60
-72.9462761,-39.8380746,60
-72.9462764,-39.8379534,60
-72.9462768,-39.837831,60
-72.9462683,-39.8377265,60
-72.9462247,-39.8376304,60
-72.9461486,-39.8375438,60
-72.9460771,-39.8374767,60
-72.9460203,-39.8374399,60
-72.9459861,-39.8374496,60
-72.9459795,-39.8374819,60
-72.945979,-39.8375293,60
-72.9459783,-39.8375954,60
-72.945979,-39.8376702,60
-72.945979,-39.8377657,60
-72.9459791,-39.837875,60
-72.9459789,-39.837973,60
-72.9459799,-39.8380878,60
-72.9459791,-39.8381953,60
-72.9459803,-39.8383131,60
-72.9459806,-39.8384065,60
-72.9459809,-39.8384615,60
-72.9459813,-39.8384971,60
-72.9459815,-39.8385428,60
-72.9459815,-39.8385956,60
-72.9459815,-39.8386182,60
-72.9459809,-39.8386407,60
-72.9459818,-39.8386805,60
-72.9459817,-39.8387339,60
-72.9459797,-39.8388011,60
-72.9459649,-39.8388562,60
-72.9459234,-39.8388793,60
-72.9458642,-39.8388761,60
-72.9457972,-39.8388578,60
-72.9457316,-39.8388246,60
-72.9456906,-39.8387674,60
-72.9456822,-39.8386992,60
-72.9456804,-39.8386318,60
-72.9456802,-39.8385656,60
-72.9456813,-39.8385154,60
-72.9456812,-39.838468,60
-72.9456811,-39.8384248,60
-72.9456811,-39.8383612,60
-72.9456808,-39.8382867,60
-72.9456799,-39.8381917,60
-72.9456799,-39.8380949,60
-72.9456799,-39.8379707,60
-72.9456798,-39.837859,60
-72.9456798,-39.837738,60
-72.9456799,-39.837633,60
-72.9456802,-39.8375229,60
-72.9456744,-39.8374454,60
-72.9456624,-39.8374024,60
-72.9456423,-39.8373965,60
-72.9456195,-39.8374228,60
-72.9455977,-39.8374575,60
-72.9455626,-39.8375145,60
-72.9455229,-39.8375807,60
-72.9454731,-39.8376655,60
-72.9454225,-39.8377576,60
-72.9453915,-39.8378601,60
-72.9453835,-39.8379576,60
-72.9453808,-39.8380634,60
-72.9453811,-39.83817,60
-72.9453824,-39.8382571,60
-72.9453828,-39.8383554,60
-72.9453824,-39.8384594,60
-72.9453826,-39.8385577,60
-72.9453823,-39.8386568,60
-72.945383,-39.838705,60
-72.9453838,-39.8387312,60
</coordinates></LineString>
</Placemark>
<Placemark>
<name>DJI_202603241609_005_santavirginia002_Timestamp.MRK</name>
<description>Equipo: M3E | Fecha: 24-03-2026 | Puntos: 309</description>
<styleUrl>#m3e</styleUrl>
<LineString><altitudeMode>relativeToGround</altitudeMode><coordinates>
-72.9479456,-39.8374658,60
-72.9479459,-39.8374373,60
-72.947946,-39.8373834,60
-72.9479459,-39.8373173,60
-72.9479499,-39.8372294,60
-72.9479751,-39.8371423,60
-72.9480413,-39.8370532,60
-72.9481255,-39.8369746,60
-72.9481863,-39.8369322,60
-72.9482232,-39.836929,60
-72.9482396,-39.8369548,60
-72.9482428,-39.8369936,60
-72.9482439,-39.8370424,60
-72.9482445,-39.8371174,60
-72.9482441,-39.8372084,60
-72.9482449,-39.837301,60
-72.9482446,-39.8374153,60
-72.9482464,-39.8375298,60
-72.9482583,-39.837615,60
-72.9483048,-39.8376867,60
-72.9483875,-39.8377419,60
-72.948465,-39.8377756,60
-72.9485078,-39.8377729,60
-72.9485361,-39.8377419,60
-72.9485424,-39.837703,60
-72.9485427,-39.8376456,60
-72.948542,-39.8375691,60
-72.9485424,-39.8374873,60
-72.9485427,-39.8373833,60
-72.9485424,-39.8372718,60
-72.9485425,-39.837166,60
-72.9485426,-39.8370463,60
-72.9485428,-39.8369258,60
-72.9485433,-39.8368065,60
-72.9485468,-39.8367071,60
-72.9485673,-39.8366373,60
-72.9486143,-39.8366003,60
-72.9486941,-39.836584,60
-72.9487723,-39.8365787,60
-72.9488176,-39.8365991,60
-72.9488369,-39.8366453,60
-72.9488415,-39.8367,60
-72.9488425,-39.8367732,60
-72.9488418,-39.8368536,60
-72.9488413,-39.8369551,60
-72.9488413,-39.8370552,60
-72.948842,-39.8371864,60
-72.9488421,-39.8372948,60
-72.9488431,-39.8374027,60
-72.9488427,-39.8374742,60
-72.9488427,-39.8375551,60
-72.948843,-39.8376517,60
-72.9488432,-39.8377448,60
-72.9488442,-39.8378554,60
-72.948853,-39.8379264,60
-72.9488894,-39.8379664,60
-72.9489534,-39.8379772,60
-72.9490266,-39.8379735,60
-72.9490916,-39.8379548,60
-72.9491302,-39.8379078,60
-72.9491396,-39.8378553,60
-72.9491413,-39.8377861,60
-72.9491412,-39.8376994,60
-72.9491413,-39.8375987,60
-72.949141,-39.8374984,60
-72.9491412,-39.8373795,60
-72.9491406,-39.837258,60
-72.9491411,-39.8371505,60
-72.9491407,-39.8370322,60
-72.9491411,-39.8369134,60
-72.9491408,-39.8368073,60
-72.9491417,-39.8366887,60
-72.9491482,-39.8365881,60
-72.94917,-39.8365323,60
-72.9492279,-39.8364971,60
-72.9493047,-39.8364836,60
-72.9493738,-39.8364821,60
-72.9494201,-39.8365098,60
-72.9494356,-39.8365576,60
-72.9494394,-39.8366085,60
-72.9494401,-39.8366833,60
-72.9494402,-39.836765,60
-72.9494405,-39.8368673,60
-72.9494406,-39.8369804,60
-72.9494402,-39.8370995,60
-72.9494406,-39.8372074,60
-72.9494411,-39.837328,60
-72.9494403,-39.8374353,60
-72.9494404,-39.8375549,60
-72.9494401,-39.837674,60
-72.9494427,-39.8377855,60
-72.9494539,-39.8378503,60
-72.9494892,-39.837885,60
-72.9495501,-39.8378901,60
-72.9496107,-39.8378796,60
-72.9496847,-39.8378523,60
-72.9497258,-39.837807,60
-72.9497365,-39.837743,60
-72.9497382,-39.8376697,60
-72.9497386,-39.8375807,60
-72.9497385,-39.8374894,60
-72.9497388,-39.8373779,60
-72.949739,-39.8372695,60
-72.9497388,-39.83715,60
-72.9497387,-39.8370363,60
-72.9497379,-39.8369176,60
-72.9497378,-39.836799,60
-72.9497379,-39.8366913,60
-72.9497381,-39.8365724,60
-72.9497449,-39.8364864,60
-72.9497731,-39.8364299,60
-72.9498344,-39.8363996,60
-72.9499064,-39.8363922,60
-72.9499807,-39.8363982,60
-72.9500219,-39.8364322,60
-72.950037,-39.8364661,60
-72.9500366,-39.8365186,60
-72.9500366,-39.8365894,60
-72.9500375,-39.8366679,60
-72.9500376,-39.8367692,60
-72.9500384,-39.8368806,60
-72.950039,-39.83699,60
-72.9500385,-39.8371024,60
-72.9500367,-39.8371847,60
-72.9500371,-39.837263,60
-72.9500381,-39.8373665,60
-72.9500387,-39.8374776,60
-72.950039,-39.8375823,60
-72.9500422,-39.8376908,60
-72.950057,-39.8377507,60
-72.9500981,-39.8377754,60
-72.9501597,-39.8377772,60
-72.9502311,-39.8377627,60
-72.9502948,-39.8377328,60
-72.9503302,-39.8376784,60
-72.950337,-39.8376138,60
-72.9503375,-39.8375434,60
-72.9503371,-39.8374517,60
-72.9503364,-39.8373474,60
-72.9503361,-39.8372433,60
-72.950336,-39.8371229,60
-72.950336,-39.8370029,60
-72.9503355,-39.8368958,60
-72.9503348,-39.8367763,60
-72.9503351,-39.8366573,60
-72.9503372,-39.8365547,60
-72.9503468,-39.8364742,60
-72.9503825,-39.8364361,60
-72.9504466,-39.8364287,60
-72.9505104,-39.8364359,60
-72.950578,-39.8364574,60
-72.9506209,-39.8365035,60
-72.9506337,-39.8365628,60
-72.9506356,-39.8366327,60
-72.9506358,-39.8367102,60
-72.9506352,-39.8368076,60
-72.9506353,-39.8369106,60
-72.9506353,-39.8370115,60
-72.9506358,-39.8371268,60
-72.950636,-39.8372444,60
-72.9506361,-39.8373281,60
-72.9506355,-39.8374012,60
-72.9506362,-39.837484,60
-72.9506384,-39.8375693,60
-72.9506518,-39.8376368,60
-72.9506907,-39.8376664,60
-72.9507341,-39.8376711,60
-72.950805,-39.837656,60
-72.9508767,-39.8376294,60
-72.9509247,-39.8375743,60
-72.9509339,-39.8375177,60
-72.9509344,-39.8374441,60
-72.9509335,-39.8373678,60
-72.9509334,-39.8372678,60
-72.9509326,-39.8371623,60
-72.9509335,-39.8370701,60
-72.9509331,-39.8369603,60
-72.9509333,-39.8368441,60
-72.9509329,-39.8367393,60
-72.9509346,-39.8366248,60
-72.9509473,-39.8365487,60
-72.9509789,-39.8365174,60
-72.9510373,-39.8365119,60
-72.9511022,-39.8365247,60
-72.9511693,-39.8365507,60
-72.9512176,-39.8366015,60
-72.9512304,-39.8366659,60
-72.951232,-39.8367398,60
-72.9512328,-39.836819,60
-72.9512329,-39.8369185,60
-72.9512326,-39.8370174,60
-72.951233,-39.8371277,60
-72.951233,-39.8372385,60
-72.9512329,-39.8373321,60
-72.9512335,-39.8374363,60
-72.9512422,-39.8375163,60
-72.951255,-39.8375561,60
-72.9512981,-39.8375894,60
-72.9513707,-39.8375967,60
-72.9514458,-39.837586,60
-72.9515042,-39.8375572,60
-72.9515273,-39.8375135,60
-72.9515305,-39.8374486,60
-72.9515309,-39.837382,60
-72.9515307,-39.8372937,60
-72.9515306,-39.8372107,60
-72.9515308,-39.837136,60
-72.9515305,-39.8370637,60
-72.9515299,-39.8369846,60
-72.9515302,-39.8368863,60
-72.9515305,-39.8367727,60
-72.9515349,-39.8366847,60
-72.9515493,-39.8366347,60
-72.951579,-39.8366279,60
-72.951605,-39.8366261,60
-72.9516113,-39.8366049,60
-72.9516037,-39.836572,60
-72.9515873,-39.8365182,60
-72.9515673,-39.8364533,60
-72.9515454,-39.8363654,60
-72.9515344,-39.8362742,60
-72.9515335,-39.8361666,60
-72.9515427,-39.8360938,60
-72.9515713,-39.8360623,60
-72.9516285,-39.836059,60
-72.9516899,-39.8360742,60
-72.9517569,-39.8361009,60
-72.9518095,-39.8361564,60
-72.9518269,-39.8362225,60
-72.9518297,-39.8362881,60
-72.9518307,-39.8363777,60
-72.9518312,-39.8364808,60
-72.9518313,-39.8365814,60
-72.9518312,-39.8366995,60
-72.9518319,-39.8368201,60
-72.9518317,-39.836928,60
-72.9518313,-39.8370472,60
-72.9518311,-39.8371666,60
-72.9518308,-39.8372565,60
-72.9518305,-39.8373358,60
-72.9518312,-39.8374272,60
-72.9518379,-39.8375119,60
-72.951862,-39.8375652,60
-72.9519229,-39.8375887,60
-72.9519886,-39.8375931,60
-72.9520654,-39.8375828,60
-72.9521132,-39.8375474,60
-72.9521283,-39.8375005,60
-72.95213,-39.8374392,60
-72.9521299,-39.8373594,60
-72.9521292,-39.8372765,60
-72.9521288,-39.8371698,60
-72.9521286,-39.8370556,60
-72.9521285,-39.8369445,60
-72.9521286,-39.8368216,60
-72.9521285,-39.836714,60
-72.9521283,-39.8365955,60
-72.9521288,-39.8364761,60
-72.9521292,-39.8363595,60
-72.9521381,-39.8362835,60
-72.9521642,-39.8362417,60
-72.9522178,-39.8362322,60
-72.9522793,-39.8362462,60
-72.9523441,-39.8362711,60
-72.9524053,-39.8363205,60
-72.9524232,-39.8363799,60
-72.9524279,-39.836452,60
-72.9524278,-39.8365381,60
-72.9524284,-39.8366292,60
-72.952428,-39.83674,60
-72.9524286,-39.8368602,60
-72.9524288,-39.8369666,60
-72.9524285,-39.8370794,60
-72.9524282,-39.8371783,60
-72.952429,-39.8372936,60
-72.9524297,-39.8374083,60
-72.9524351,-39.837506,60
-72.9524501,-39.8375547,60
-72.9525025,-39.8375875,60
-72.9525732,-39.8375966,60
-72.952645,-39.8375906,60
-72.9527014,-39.8375633,60
-72.9527235,-39.8375134,60
-72.9527269,-39.8374616,60
-72.9527274,-39.8373876,60
-72.9527274,-39.8372963,60
-72.9527275,-39.8372072,60
-72.952727,-39.8371289,60
-72.9527269,-39.8370793,60
-72.9527265,-39.8370113,60
-72.9527264,-39.836926,60
-72.9527259,-39.8368288,60
-72.9527262,-39.8367248,60
-72.9527286,-39.8366326,60
-72.9527401,-39.8365732,60
-72.9527587,-39.8365568,60
-72.9527906,-39.8365722,60
-72.9528165,-39.8366019,60
-72.952851,-39.8366424,60
-72.9529033,-39.8367055,60
-72.9529622,-39.8367809,60
-72.9530038,-39.8368646,60
-72.9530218,-39.8369687,60
-72.9530254,-39.8370838,60
-72.9530264,-39.8371908,60
-72.9530266,-39.8372794,60
-72.9530259,-39.8373183,60
-72.9530267,-39.8373372,60
-72.9530266,-39.8373427,60
</coordinates></LineString>
</Placemark>
<Placemark>
<name>DJI_202603241623_005_santavirginia001_Timestamp.MRK</name>
<description>Equipo: M3E | Fecha: 24-03-2026 | Puntos: 384</description>
<styleUrl>#m3e</styleUrl>
<LineString><altitudeMode>relativeToGround</altitudeMode><coordinates>
-72.9534463,-39.8365368,60
-72.9534458,-39.8365158,60
-72.9534462,-39.8364674,60
-72.9534459,-39.8363966,60
-72.9534455,-39.8363187,60
-72.9534454,-39.8362201,60
-72.9534454,-39.8361087,60
-72.9534451,-39.8360026,60
-72.9534447,-39.8358808,60
-72.9534449,-39.8357641,60
-72.9534433,-39.8356562,60
-72.9534301,-39.8355517,60
-72.9533879,-39.8354798,60
-72.9533084,-39.8354134,60
-72.953225,-39.8353669,60
-72.9531788,-39.8353633,60
-72.9531515,-39.8353867,60
-72.9531468,-39.8354272,60
-72.9531467,-39.8354749,60
-72.9531468,-39.8355475,60
-72.953147,-39.8356366,60
-72.9531471,-39.8357397,60
-72.9531474,-39.835842,60
-72.9531474,-39.8359589,60
-72.9531476,-39.8360481,60
-72.9531477,-39.8361349,60
-72.9531473,-39.8362417,60
-72.953147,-39.8363568,60
-72.9531471,-39.8364657,60
-72.9531478,-39.8365821,60
-72.9531479,-39.836698,60
-72.9531477,-39.8368016,60
-72.953147,-39.8369157,60
-72.953145,-39.8370205,60
-72.9531315,-39.8370718,60
-72.9530972,-39.8370896,60
-72.953054,-39.8370774,60
-72.9530085,-39.8370495,60
-72.9529189,-39.836985,60
-72.9528821,-39.8369431,60
-72.9528503,-39.8368666,60
-72.9528474,-39.8367739,60
-72.9528474,-39.8366723,60
-72.9528476,-39.8365733,60
-72.9528473,-39.836453,60
-72.9528469,-39.8363308,60
-72.9528465,-39.8362223,60
-72.9528467,-39.8361036,60
-72.9528469,-39.8359855,60
-72.9528474,-39.8358787,60
-72.9528474,-39.8357634,60
-72.9528483,-39.8356593,60
-72.9528481,-39.835557,60
-72.9528483,-39.8354379,60
-72.9528476,-39.8353172,60
-72.9528476,-39.8352126,60
-72.9528449,-39.8351009,60
-72.952822,-39.8350094,60
-72.9527652,-39.8349412,60
-72.9526792,-39.8348808,60
-72.9526056,-39.8348436,60
-72.9525632,-39.8348477,60
-72.9525461,-39.8348854,60
-72.9525483,-39.8349368,60
-72.9525488,-39.8349936,60
-72.9525494,-39.8350732,60
-72.9525495,-39.8351688,60
-72.9525497,-39.8352652,60
-72.9525495,-39.8353628,60
-72.9525502,-39.8354383,60
-72.9525505,-39.8354799,60
-72.9525506,-39.8355302,60
-72.9525505,-39.8356015,60
-72.9525496,-39.8356908,60
-72.9525496,-39.8357798,60
-72.9525491,-39.8358884,60
-72.9525495,-39.836006,60
-72.9525485,-39.8361114,60
-72.9525487,-39.8362328,60
-72.9525492,-39.8363354,60
-72.9525496,-39.8364491,60
-72.9525498,-39.8365686,60
-72.9525453,-39.8366521,60
-72.9525215,-39.8367017,60
-72.9524809,-39.8367017,60
-72.95244,-39.836674,60
-72.9523884,-39.8366387,60
-72.9523213,-39.8365885,60
-72.9522714,-39.8365246,60
-72.9522483,-39.8364349,60
-72.9522497,-39.8363382,60
-72.9522498,-39.8362439,60
-72.9522499,-39.8361299,60
-72.9522502,-39.8360087,60
-72.9522508,-39.8359001,60
-72.9522513,-39.8357806,60
-72.952251,-39.8356617,60
-72.9522511,-39.8355553,60
-72.9522508,-39.8354457,60
-72.9522503,-39.8353321,60
-72.9522509,-39.8352323,60
-72.9522504,-39.8351165,60
-72.9522442,-39.8350268,60
-72.9522345,-39.8349817,60
-72.9521958,-39.8349592,60
-72.9521341,-39.8349716,60
-72.9520807,-39.834995,60
-72.9520117,-39.8350356,60
-72.9519606,-39.8351031,60
-72.9519516,-39.8351741,60
-72.9519516,-39.8352603,60
-72.9519511,-39.8353581,60
-72.9519513,-39.8354575,60
-72.9519519,-39.8355751,60
-72.9519524,-39.8356974,60
-72.9519528,-39.8358057,60
-72.9519526,-39.8359207,60
-72.9519521,-39.8360346,60
-72.9519528,-39.8361258,60
-72.9519527,-39.8362133,60
-72.9519528,-39.8362854,60
-72.9519527,-39.8363686,60
-72.9519444,-39.8364551,60
-72.9519158,-39.8365004,60
-72.9518608,-39.8365158,60
-72.9517559,-39.8365084,60
-72.9517125,-39.8364957,60
-72.9516695,-39.83646,60
-72.951655,-39.8364039,60
-72.9516536,-39.8363386,60
-72.9516533,-39.8362649,60
-72.9516532,-39.8361687,60
-72.9516531,-39.8360604,60
-72.9516526,-39.8359543,60
-72.9516526,-39.835833,60
-72.9516525,-39.835711,60
-72.9516523,-39.8356122,60
-72.9516525,-39.8355379,60
-72.9516522,-39.8354413,60
-72.9516525,-39.835344,60
-72.9516458,-39.8352481,60
-72.9516271,-39.8352008,60
-72.9515882,-39.8351832,60
-72.9515236,-39.8351956,60
-72.9514555,-39.8352175,60
-72.9513902,-39.8352628,60
-72.951359,-39.8353141,60
-72.9513531,-39.8353869,60
-72.9513541,-39.8354637,60
-72.9513546,-39.8355612,60
-72.9513552,-39.835668,60
-72.9513547,-39.8357722,60
-72.9513549,-39.8358742,60
-72.9513552,-39.8359673,60
-72.951355,-39.836061,60
-72.9513546,-39.8361706,60
-72.9513549,-39.8362719,60
-72.951356,-39.8363566,60
-72.9513533,-39.8364345,60
-72.951338,-39.8364908,60
-72.9512893,-39.8365339,60
-72.9512177,-39.8365526,60
-72.9511382,-39.8365624,60
-72.9510892,-39.8365484,60
-72.9510606,-39.8365075,60
-72.9510558,-39.8364556,60
-72.9510548,-39.8363953,60
-72.9510547,-39.836313,60
-72.9510545,-39.8362298,60
-72.9510542,-39.8361378,60
-72.9510547,-39.8360591,60
-72.9510539,-39.8359673,60
-72.9510538,-39.83588,60
-72.9510547,-39.8357816,60
-72.9510544,-39.8356736,60
-72.9510549,-39.8355538,60
-72.9510538,-39.8354467,60
-72.9510462,-39.8353636,60
-72.9510215,-39.8353242,60
-72.9509616,-39.8353068,60
-72.9508898,-39.835312,60
-72.9508199,-39.8353293,60
-72.9507713,-39.8353703,60
-72.9507574,-39.8354275,60
-72.9507563,-39.8354941,60
-72.950756,-39.8355676,60
-72.9507565,-39.8356642,60
-72.9507567,-39.835763,60
-72.9507568,-39.8358801,60
-72.9507571,-39.8360029,60
-72.9507576,-39.8361127,60
-72.9507567,-39.8362324,60
-72.9507572,-39.8363345,60
-72.9507569,-39.8364525,60
-72.9507522,-39.8365517,60
-72.9507309,-39.8366116,60
-72.9506785,-39.8366481,60
-72.9505994,-39.8366677,60
-72.9505223,-39.8366715,60
-72.9504755,-39.8366447,60
-72.9504601,-39.8366028,60
-72.9504577,-39.8365465,60
-72.9504574,-39.8364819,60
-72.9504574,-39.8363933,60
-72.9504572,-39.8362907,60
-72.9504575,-39.8361878,60
-72.9504573,-39.8360678,60
-72.9504572,-39.8359583,60
-72.9504568,-39.8358384,60
-72.9504566,-39.8357201,60
-72.9504567,-39.8356022,60
-72.9504566,-39.8354944,60
-72.9504494,-39.8353988,60
-72.9504263,-39.8353487,60
-72.9503875,-39.8353446,60
-72.9503334,-39.8353556,60
-72.9502637,-39.8353577,60
-72.9502021,-39.835369,60
-72.9501666,-39.8354037,60
-72.9501592,-39.8354521,60
-72.9501586,-39.8355072,60
-72.9501588,-39.8355861,60
-72.9501592,-39.8356803,60
-72.9501594,-39.8357696,60
-72.9501595,-39.8358777,60
-72.9501597,-39.835997,60
-72.9501591,-39.8361065,60
-72.9501594,-39.8362273,60
-72.9501596,-39.8363359,60
-72.9501593,-39.8364555,60
-72.9501595,-39.836568,60
-72.9501541,-39.8366658,60
-72.9501386,-39.8367162,60
-72.9500955,-39.8367608,60
-72.950024,-39.8367772,60
-72.9499375,-39.8367834,60
-72.949885,-39.8367648,60
-72.9498631,-39.8367206,60
-72.9498606,-39.8366722,60
-72.9498602,-39.8366036,60
-72.9498597,-39.8365168,60
-72.9498596,-39.8364263,60
-72.9498594,-39.8363152,60
-72.9498592,-39.8362072,60
-72.9498599,-39.8360846,60
-72.9498599,-39.8359641,60
-72.9498597,-39.8358454,60
-72.9498593,-39.8357384,60
-72.9498592,-39.8356229,60
-72.9498584,-39.8355044,60
-72.9498518,-39.8354198,60
-72.9498218,-39.8353703,60
-72.9497582,-39.8353484,60
-72.9496902,-39.8353446,60
-72.9496173,-39.8353553,60
-72.9495741,-39.8353926,60
-72.9495621,-39.8354392,60
-72.949561,-39.8355015,60
-72.949561,-39.8355734,60
-72.9495608,-39.8356676,60
-72.9495611,-39.835771,60
-72.9495614,-39.8358898,60
-72.9495613,-39.8359997,60
-72.9495621,-39.8361203,60
-72.9495622,-39.8362402,60
-72.9495614,-39.8363477,60
-72.9495614,-39.8364635,60
-72.9495608,-39.8365818,60
-72.9495595,-39.8366843,60
-72.9495546,-39.83678,60
-72.9495338,-39.8368407,60
-72.949478,-39.8368737,60
-72.9493949,-39.836891,60
-72.9493198,-39.8368924,60
-72.9492793,-39.8368665,60
-72.949264,-39.8368204,60
-72.9492623,-39.8367698,60
-72.9492619,-39.836697,60
-72.9492616,-39.8366068,60
-72.9492612,-39.8365027,60
-72.9492617,-39.8363996,60
-72.9492615,-39.8362779,60
-72.949262,-39.836168,60
-72.9492627,-39.8360477,60
-72.9492626,-39.8359312,60
-72.9492621,-39.8358202,60
-72.949262,-39.8357165,60
-72.9492614,-39.8355989,60
-72.9492609,-39.8354968,60
-72.9492523,-39.8354193,60
-72.9492284,-39.8353801,60
-72.9491762,-39.8353779,60
-72.9491268,-39.8353998,60
-72.9490635,-39.8354326,60
-72.9489983,-39.8354866,60
-72.9489635,-39.835555,60
-72.9489624,-39.8356421,60
-72.9489633,-39.8357388,60
-72.9489637,-39.8358338,60
-72.9489638,-39.8359445,60
-72.9489637,-39.8360659,60
-72.9489635,-39.8361767,60
-72.9489633,-39.8362976,60
-72.9489635,-39.8364168,60
-72.9489634,-39.836523,60
-72.9489635,-39.836641,60
-72.9489634,-39.8367583,60
-72.9489614,-39.8368593,60
-72.9489455,-39.8369314,60
-72.9488944,-39.8369756,60
-72.9488252,-39.8369962,60
-72.9487451,-39.837005,60
-72.9486955,-39.8369893,60
-72.9486681,-39.8369487,60
-72.9486634,-39.8368965,60
-72.9486632,-39.8368357,60
-72.9486632,-39.8367512,60
-72.9486633,-39.8366527,60
-72.9486639,-39.836554,60
-72.9486636,-39.836435,60
-72.9486638,-39.8363136,60
-72.9486633,-39.8362047,60
-72.9486638,-39.8360859,60
-72.9486642,-39.8359667,60
-72.9486647,-39.8358595,60
-72.9486565,-39.8357636,60
-72.9486212,-39.8356978,60
-72.9485468,-39.8356512,60
-72.9484846,-39.8356259,60
-72.948424,-39.8356176,60
-72.9483787,-39.8356384,60
-72.9483664,-39.8356795,60
-72.9483653,-39.8357324,60
-72.9483656,-39.8358027,60
-72.9483663,-39.8358803,60
-72.9483662,-39.835978,60
-72.948366,-39.8360865,60
-72.9483659,-39.8361932,60
-72.948366,-39.8363126,60
-72.9483662,-39.8364211,60
-72.9483658,-39.8365425,60
-72.9483658,-39.8366605,60
-72.9483653,-39.8367439,60
-72.9483641,-39.8368198,60
-72.9483652,-39.8369075,60
-72.9483602,-39.8369875,60
-72.9483376,-39.8370323,60
-72.948289,-39.8370419,60
-72.9482316,-39.8370228,60
-72.9481734,-39.836996,60
-72.9481047,-39.8369439,60
-72.9480705,-39.8368786,60
-72.9480665,-39.8367974,60
-72.9480661,-39.836706,60
-72.9480659,-39.8366142,60
-72.9480665,-39.8365002,60
-72.9480668,-39.8363792,60
-72.9480663,-39.8362685,60
-72.9480661,-39.8361558,60
-72.9480669,-39.8360432,60
-72.9480667,-39.8359264,60
-72.9480662,-39.8358217,60
-72.9480664,-39.8357025,60
-72.9480636,-39.835595,60
-72.9480492,-39.8355372,60
-72.9480154,-39.8355165,60
-72.9479697,-39.8355314,60
-72.9479287,-39.8355596,60
-72.9478668,-39.8356041,60
-72.9478083,-39.8356613,60
-72.9477708,-39.8357462,60
-72.9477679,-39.8358407,60
-72.9477676,-39.8359417,60
-72.9477672,-39.8360367,60
-72.947767,-39.8361413,60
-72.9477676,-39.8362402,60
-72.9477672,-39.8363508,60
-72.9477692,-39.8364559,60
-72.9477685,-39.8365517,60
-72.9477695,-39.836637,60
-72.9477703,-39.8367135,60
-72.9477709,-39.8367583,60
-72.9477709,-39.8367778,60
-72.94777,-39.8367847,60
</coordinates></LineString>
</Placemark>
<Placemark>
<name>DJI_202603241715_001_guisela002_Timestamp.MRK</name>
<description>Equipo: M3E | Fecha: 24-03-2026 | Puntos: 558</description>
<styleUrl>#m3e</styleUrl>
<LineString><altitudeMode>relativeToGround</altitudeMode><coordinates>
-72.8164227,-39.8878077,60
-72.8164222,-39.8878312,60
-72.8164222,-39.8878813,60
-72.8164226,-39.8879525,60
-72.8164228,-39.8880408,60
-72.8164227,-39.8881317,60
-72.8164227,-39.8882424,60
-72.8164229,-39.8883493,60
-72.8164226,-39.8884715,60
-72.8164225,-39.888592,60
-72.8164227,-39.888699,60
-72.8164227,-39.888818,60
-72.816423,-39.8889367,60
-72.8164235,-39.8890269,60
-72.8164238,-39.889102,60
-72.816422,-39.8891849,60
-72.816421,-39.8892731,60
-72.8164211,-39.8893785,60
-72.8164212,-39.8894929,60
-72.8164223,-39.8896024,60
-72.8164227,-39.8897057,60
-72.8164232,-39.8898251,60
-72.8164231,-39.8899329,60
-72.816423,-39.890017,60
-72.8164226,-39.8901228,60
-72.8164214,-39.8902388,60
-72.8164218,-39.8903479,60
-72.8164224,-39.8904624,60
-72.8164227,-39.8905682,60
-72.8164225,-39.8906867,60
-72.8164224,-39.8907993,60
-72.8164229,-39.8908923,60
-72.8164216,-39.8909745,60
-72.8164155,-39.891072,60
-72.8163921,-39.8911429,60
-72.8163343,-39.8911885,60
-72.8162449,-39.8912185,60
-72.8161806,-39.8912276,60
-72.81614,-39.891207,60
-72.8161247,-39.8911655,60
-72.8161233,-39.8911124,60
-72.816123,-39.8910496,60
-72.8161238,-39.8909659,60
-72.816123,-39.8908792,60
-72.8161236,-39.8908082,60
-72.8161235,-39.8907167,60
-72.8161234,-39.8906131,60
-72.8161226,-39.8905098,60
-72.8161228,-39.8903894,60
-72.8161224,-39.8902669,60
-72.816122,-39.8901606,60
-72.816122,-39.8900414,60
-72.8161222,-39.8899229,60
-72.8161225,-39.8898179,60
-72.8161224,-39.8897003,60
-72.816123,-39.8895807,60
-72.8161219,-39.8894734,60
-72.8161218,-39.8893585,60
-72.8161218,-39.8892536,60
-72.8161229,-39.8891364,60
-72.8161231,-39.8890279,60
-72.8161221,-39.8889266,60
-72.8161224,-39.8888067,60
-72.8161231,-39.888689,60
-72.8161231,-39.8885991,60
-72.8161215,-39.8885412,60
-72.8161216,-39.8884664,60
-72.8161227,-39.8883726,60
-72.8161232,-39.8882789,60
-72.8161229,-39.8881717,60
-72.8161239,-39.8880681,60
-72.8161228,-39.8879501,60
-72.816122,-39.8878331,60
-72.8161176,-39.8877547,60
-72.8161033,-39.887711,60
-72.8160632,-39.8877071,60
-72.8160159,-39.8877348,60
-72.8159729,-39.8877619,60
-72.8159083,-39.8878078,60
-72.8158481,-39.8878785,60
-72.8158217,-39.8879558,60
-72.8158229,-39.8880508,60
-72.8158238,-39.8881542,60
-72.8158239,-39.8882563,60
-72.8158243,-39.8883758,60
-72.8158243,-39.8884974,60
-72.8158253,-39.8886051,60
-72.8158243,-39.8887245,60
-72.8158239,-39.8888432,60
-72.8158241,-39.8889488,60
-72.8158241,-39.8890612,60
-72.815824,-39.8891748,60
-72.8158244,-39.8892821,60
-72.8158251,-39.8894045,60
-72.8158252,-39.8895252,60
-72.8158244,-39.8896319,60
-72.8158241,-39.8897503,60
-72.8158238,-39.8898693,60
-72.8158242,-39.8899751,60
-72.8158237,-39.8900934,60
-72.8158247,-39.8902112,60
-72.8158242,-39.8903186,60
-72.8158246,-39.8904371,60
-72.8158249,-39.8905561,60
-72.8158251,-39.8906749,60
-72.8158254,-39.8907814,60
-72.8158247,-39.8909008,60
-72.8158254,-39.8910151,60
-72.8158243,-39.8911002,60
-72.8158238,-39.8911836,60
-72.8158216,-39.891252,60
-72.8157981,-39.8913158,60
-72.8157361,-39.8913596,60
-72.8156547,-39.8913831,60
-72.8155889,-39.8913881,60
-72.8155427,-39.8913622,60
-72.8155279,-39.8913219,60
-72.8155257,-39.891268,60
-72.8155258,-39.8911987,60
-72.8155254,-39.8911137,60
-72.8155252,-39.8910314,60
-72.8155248,-39.8909283,60
-72.8155251,-39.8908165,60
-72.8155251,-39.8907092,60
-72.8155253,-39.890587,60
-72.8155246,-39.890467,60
-72.8155236,-39.8903609,60
-72.815524,-39.8902427,60
-72.8155242,-39.8901238,60
-72.8155242,-39.8900167,60
-72.8155232,-39.8898978,60
-72.8155235,-39.8897796,60
-72.8155247,-39.8896728,60
-72.8155242,-39.8895537,60
-72.8155238,-39.8894355,60
-72.8155232,-39.8893276,60
-72.8155238,-39.8892085,60
-72.8155241,-39.8890898,60
-72.8155235,-39.8889717,60
-72.8155242,-39.8888668,60
-72.8155248,-39.88876,60
-72.8155246,-39.8886662,60
-72.8155237,-39.8885526,60
-72.8155235,-39.8884315,60
-72.8155225,-39.8883179,60
-72.8155172,-39.8882518,60
-72.8155073,-39.8882142,60
-72.8154935,-39.8882227,60
-72.815482,-39.8882449,60
-72.8154418,-39.8882686,60
-72.8153783,-39.8882757,60
-72.8153176,-39.8882781,60
-72.8152654,-39.8882877,60
-72.8152367,-39.8883044,60
-72.815223,-39.8883485,60
-72.8152259,-39.8884113,60
-72.8152261,-39.8884795,60
-72.8152264,-39.8885681,60
-72.8152262,-39.8886688,60
-72.8152262,-39.8887736,60
-72.8152267,-39.8888934,60
-72.8152259,-39.8890014,60
-72.8152262,-39.8891147,60
-72.8152265,-39.8892219,60
-72.8152264,-39.8893349,60
-72.8152265,-39.8894469,60
-72.8152263,-39.8895546,60
-72.8152267,-39.8896789,60
-72.8152265,-39.8898007,60
-72.815227,-39.8899081,60
-72.8152265,-39.8900267,60
-72.8152262,-39.890133,60
-72.8152262,-39.8902516,60
-72.8152263,-39.8903708,60
-72.8152263,-39.8904891,60
-72.8152269,-39.8905962,60
-72.8152273,-39.8907141,60
-72.8152264,-39.8908316,60
-72.8152263,-39.8909511,60
-72.8152261,-39.8910586,60
-72.8152261,-39.8911685,60
-72.8152258,-39.891246,60
-72.8152256,-39.891328,60
-72.8152201,-39.891412,60
-72.8151932,-39.8914666,60
-72.8151278,-39.8915041,60
-72.8150428,-39.8915226,60
-72.8149815,-39.8915246,60
-72.8149407,-39.8914935,60
-72.8149289,-39.8914467,60
-72.8149279,-39.8913889,60
-72.8149277,-39.8913232,60
-72.8149269,-39.8912429,60
-72.8149267,-39.8911628,60
-72.8149262,-39.8910619,60
-72.814926,-39.8909483,60
-72.8149264,-39.8908401,60
-72.8149269,-39.8907188,60
-72.8149271,-39.8905988,60
-72.8149268,-39.8904918,60
-72.8149264,-39.8903731,60
-72.8149256,-39.8902552,60
-72.8149258,-39.8901373,60
-72.8149255,-39.8900304,60
-72.8149259,-39.8899218,60
-72.8149253,-39.8898274,60
-72.8149249,-39.8897131,60
-72.8149251,-39.8895931,60
-72.8149256,-39.8894838,60
-72.8149259,-39.8893678,60
-72.8149266,-39.8892566,60
-72.814927,-39.8891519,60
-72.8149264,-39.8890519,60
-72.8149269,-39.888936,60
-72.8149266,-39.8888126,60
-72.8149264,-39.8887025,60
-72.8149257,-39.8885823,60
-72.8149258,-39.888474,60
-72.8149217,-39.8883966,60
-72.8149116,-39.8883511,60
-72.8148924,-39.8883408,60
-72.8148722,-39.888359,60
-72.8148517,-39.8883915,60
-72.8148237,-39.8884377,60
-72.8147827,-39.8885072,60
-72.8147325,-39.8885912,60
-72.8146779,-39.8886876,60
-72.814642,-39.8887852,60
-72.8146297,-39.888903,60
-72.8146287,-39.889024,60
-72.8146285,-39.889168,60
-72.8146281,-39.8892513,60
-72.8146285,-39.8893701,60
-72.8146285,-39.8894753,60
-72.814628,-39.8895887,60
-72.8146278,-39.8896998,60
-72.8146278,-39.8898219,60
-72.8146282,-39.8899367,60
-72.8146291,-39.8900475,60
-72.8146297,-39.890153,60
-72.8146296,-39.890272,60
-72.8146295,-39.8903747,60
-72.8146301,-39.890473,60
-72.8146304,-39.8905898,60
-72.8146292,-39.8907079,60
-72.8146289,-39.8908169,60
-72.8146287,-39.8909376,60
-72.8146296,-39.8910559,60
-72.8146292,-39.8911583,60
-72.8146296,-39.891272,60
-72.81463,-39.8913794,60
-72.8146243,-39.8914579,60
-72.8146146,-39.8915008,60
-72.8145899,-39.891509,60
-72.8145592,-39.8915044,60
-72.8145426,-39.8915113,60
-72.8145506,-39.8915324,60
-72.8145709,-39.8915642,60
-72.8146,-39.8916104,60
-72.8146233,-39.8916848,60
-72.814628,-39.8917628,60
-72.8146292,-39.8918231,60
-72.8146271,-39.8918861,60
-72.8146154,-39.8919412,60
-72.8145909,-39.8919738,60
-72.8145452,-39.8919912,60
-72.8144676,-39.8919988,60
-72.8143956,-39.8919932,60
-72.8143478,-39.8919627,60
-72.8143326,-39.8919113,60
-72.8143307,-39.8918617,60
-72.8143296,-39.8918093,60
-72.8143286,-39.8917634,60
-72.8143282,-39.8917248,60
-72.814328,-39.8916771,60
-72.8143274,-39.8916396,60
-72.8143275,-39.8915975,60
-72.8143275,-39.8915363,60
-72.814328,-39.8914611,60
-72.8143274,-39.8913815,60
-72.8143271,-39.8912814,60
-72.8143275,-39.8911715,60
-72.8143272,-39.8910525,60
-72.8143272,-39.8909438,60
-72.8143278,-39.8908454,60
-72.8143284,-39.89079,60
-72.8143283,-39.8907424,60
-72.8143275,-39.8906962,60
-72.8143276,-39.8906476,60
-72.8143275,-39.8905759,60
-72.8143278,-39.8904909,60
-72.814328,-39.8903986,60
-72.8143277,-39.8902847,60
-72.8143273,-39.8901823,60
-72.814327,-39.890123,60
-72.8143274,-39.8900641,60
-72.8143278,-39.8899962,60
-72.8143275,-39.889922,60
-72.8143275,-39.8898269,60
-72.8143279,-39.8897317,60
-72.8143286,-39.889618,60
-72.8143261,-39.8895108,60
-72.8143158,-39.8894511,60
-72.8142986,-39.8894391,60
-72.8142814,-39.8894634,60
-72.8142634,-39.8895002,60
-72.8142383,-39.8895479,60
-72.8141995,-39.8896176,60
-72.8141497,-39.8896722,60
-72.8140888,-39.8897026,60
-72.8140448,-39.8897351,60
-72.8140317,-39.8897851,60
-72.8140302,-39.8898371,60
-72.8140297,-39.8899119,60
-72.8140297,-39.8900033,60
-72.8140292,-39.8900959,60
-72.8140294,-39.8902044,60
-72.81403,-39.8902909,60
-72.8140301,-39.8903484,60
-72.8140299,-39.8903939,60
-72.8140305,-39.8904554,60
-72.8140311,-39.8905267,60
-72.8140306,-39.8906187,60
-72.8140304,-39.8907136,60
-72.8140305,-39.8907834,60
-72.8140297,-39.8908313,60
-72.8140295,-39.8908875,60
-72.81403,-39.8909473,60
-72.8140297,-39.8910223,60
-72.8140298,-39.8911079,60
-72.8140302,-39.8911968,60
-72.8140304,-39.8913018,60
-72.8140309,-39.8914146,60
-72.8140311,-39.8915077,60
-72.8140313,-39.8916027,60
-72.814031,-39.8916964,60
-72.8140305,-39.8917993,60
-72.8140286,-39.8918984,60
-72.8140161,-39.8919721,60
-72.8139788,-39.8920078,60
-72.8139111,-39.8920225,60
-72.8138331,-39.8920228,60
-72.8137694,-39.892004,60
-72.8137387,-39.8919647,60
-72.813732,-39.8919102,60
-72.8137305,-39.8918423,60
-72.8137315,-39.8917675,60
-72.8137312,-39.8916694,60
-72.8137309,-39.8915694,60
-72.8137304,-39.8914507,60
-72.81373,-39.8913281,60
-72.81373,-39.8912193,60
-72.8137299,-39.8911001,60
-72.81373,-39.890982,60
-72.8137295,-39.8908759,60
-72.81373,-39.8907577,60
-72.8137303,-39.8906402,60
-72.8137303,-39.8905339,60
-72.8137301,-39.8904176,60
-72.8137299,-39.8903306,60
-72.8137299,-39.8902859,60
-72.8137304,-39.8902523,60
-72.8137302,-39.8902181,60
-72.8137305,-39.8901709,60
-72.81373,-39.8901054,60
-72.8137301,-39.8900253,60
-72.8137274,-39.8899422,60
-72.8137156,-39.8898789,60
-72.813677,-39.8898505,60
-72.8136258,-39.8898521,60
-72.813565,-39.8898699,60
-72.8134918,-39.8899046,60
-72.8134448,-39.8899579,60
-72.8134323,-39.8900286,60
-72.8134316,-39.890107,60
-72.8134314,-39.890189,60
-72.8134315,-39.8902894,60
-72.8134326,-39.8903683,60
-72.8134334,-39.8904204,60
-72.8134317,-39.8904398,60
-72.8134323,-39.8904546,60
-72.813432,-39.8904934,60
-72.8134321,-39.8905468,60
-72.8134324,-39.8906241,60
-72.8134321,-39.8907178,60
-72.8134321,-39.8908133,60
-72.8134324,-39.8909284,60
-72.8134323,-39.8910487,60
-72.8134327,-39.8911583,60
-72.8134326,-39.891278,60
-72.8134326,-39.89139,60
-72.8134323,-39.8914897,60
-72.8134318,-39.8916069,60
-72.813428,-39.89169,60
-72.8134211,-39.8917513,60
-72.8134065,-39.8917781,60
-72.8133912,-39.8917608,60
-72.8133775,-39.8917322,60
-72.8133414,-39.8917126,60
-72.8132811,-39.8917108,60
-72.8132099,-39.8917169,60
-72.8131581,-39.891708,60
-72.8131361,-39.8916731,60
-72.8131337,-39.8916329,60
-72.8131331,-39.8915729,60
-72.8131327,-39.8915016,60
-72.8131331,-39.8914074,60
-72.8131329,-39.8913023,60
-72.8131323,-39.8911882,60
-72.8131326,-39.891095,60
-72.8131322,-39.8909984,60
-72.813132,-39.8909106,60
-72.8131322,-39.8908037,60
-72.8131319,-39.8906881,60
-72.8131317,-39.890578,60
-72.8131316,-39.8904725,60
-72.8131324,-39.8903933,60
-72.8131325,-39.8903127,60
-72.8131318,-39.8902436,60
-72.8131304,-39.8901657,60
-72.813119,-39.8901141,60
-72.8130854,-39.8900863,60
-72.8130299,-39.890094,60
-72.8129818,-39.8901157,60
-72.812917,-39.8901516,60
-72.8128552,-39.8902145,60
-72.812832,-39.8902947,60
-72.8128334,-39.8903734,60
-72.8128338,-39.8904706,60
-72.8128339,-39.8905671,60
-72.8128347,-39.8906838,60
-72.8128346,-39.8908002,60
-72.8128338,-39.890899,60
-72.8128343,-39.891015,60
-72.8128344,-39.8911298,60
-72.8128342,-39.8912361,60
-72.8128348,-39.8913345,60
-72.8128346,-39.8914084,60
-72.8128348,-39.8914898,60
-72.8128341,-39.8915661,60
-72.8128326,-39.8916553,60
-72.8128204,-39.8917283,60
-72.8127733,-39.8917815,60
-72.8126987,-39.8918122,60
-72.8126164,-39.8918272,60
-72.812569,-39.8918163,60
-72.8125398,-39.8917797,60
-72.8125355,-39.891731,60
-72.812535,-39.8916741,60
-72.8125346,-39.891596,60
-72.8125346,-39.8915251,60
-72.8125347,-39.891478,60
-72.8125342,-39.8914342,60
-72.8125335,-39.8913718,60
-72.8125343,-39.8913001,60
-72.8125343,-39.8912122,60
-72.8125346,-39.8911174,60
-72.8125338,-39.8910215,60
-72.8125341,-39.890914,60
-72.8125337,-39.8908095,60
-72.8125335,-39.8907314,60
-72.812534,-39.8906364,60
-72.8125306,-39.8905311,60
-72.8125189,-39.8904732,60
-72.8124928,-39.8904545,60
-72.8124627,-39.8904737,60
-72.8124337,-39.8905077,60
-72.8123953,-39.8905519,60
-72.8123398,-39.8906184,60
-72.8122854,-39.8906912,60
-72.8122448,-39.8907892,60
-72.8122356,-39.8909008,60
-72.8122359,-39.8910067,60
-72.812236,-39.8911282,60
-72.8122359,-39.8912492,60
-72.8122358,-39.8913686,60
-72.8122357,-39.8914755,60
-72.8122361,-39.8915933,60
-72.8122362,-39.89168,60
-72.8122359,-39.8917468,60
-72.8122381,-39.8918191,60
-72.8122517,-39.8918725,60
-72.8122951,-39.8919029,60
-72.8123578,-39.8919037,60
-72.8124267,-39.8918881,60
-72.8125066,-39.8918669,60
-72.8126149,-39.8918374,60
-72.8127408,-39.8918041,60
-72.8128674,-39.8917759,60
-72.8130192,-39.8917496,60
-72.8131725,-39.8917256,60
-72.8133096,-39.8917039,60
-72.8134552,-39.891677,60
-72.8135929,-39.8916507,60
-72.8136899,-39.8916328,60
-72.8137807,-39.8916152,60
-72.8138857,-39.8915942,60
-72.8139588,-39.8915799,60
-72.8140244,-39.8915677,60
-72.8140645,-39.891561,60
-72.8141118,-39.8915515,60
-72.8141603,-39.8915421,60
-72.8142003,-39.8915347,60
-72.8142573,-39.8915232,60
-72.8143397,-39.8915079,60
-72.814441,-39.8914889,60
-72.8145464,-39.8914684,60
-72.8146774,-39.8914426,60
-72.81482,-39.8914152,60
-72.8149564,-39.8913885,60
-72.8151109,-39.8913595,60
-72.8152577,-39.8913319,60
-72.8153907,-39.891306,60
-72.8155429,-39.8912772,60
-72.8156937,-39.8912485,60
-72.8158443,-39.8912198,60
-72.8159798,-39.8911941,60
-72.8161295,-39.8911655,60
-72.816279,-39.8911371,60
-72.816414,-39.891111,60
-72.8165585,-39.8910819,60
-72.8166526,-39.8910522,60
-72.816701,-39.8910086,60
-72.8167192,-39.8909431,60
-72.8167208,-39.89087,60
-72.8167205,-39.8907824,60
-72.8167201,-39.8906916,60
-72.8167204,-39.8905831,60
-72.8167206,-39.8904865,60
-72.8167215,-39.8903794,60
-72.8167217,-39.8902845,60
-72.8167208,-39.8902008,60
-72.8167198,-39.890132,60
-72.8167198,-39.8900761,60
-72.81672,-39.8900028,60
-72.8167208,-39.8899249,60
-72.8167148,-39.8898438,60
-72.8167098,-39.8897958,60
-72.8167189,-39.8897517,60
-72.8167204,-39.8896937,60
-72.8167211,-39.889624,60
-72.8167208,-39.889532,60
-72.8167207,-39.8894271,60
-72.8167204,-39.8893244,60
-72.8167202,-39.8892011,60
-72.8167199,-39.8890805,60
-72.8167195,-39.8889644,60
-72.8167198,-39.8888579,60
-72.8167199,-39.8887512,60
-72.8167199,-39.888664,60
-72.8167202,-39.888574,60
-72.8167208,-39.8884705,60
-72.8167212,-39.8884012,60
-72.8167201,-39.8883302,60
-72.8167201,-39.8882875,60
-72.8167204,-39.8882623,60
-72.8167213,-39.8882567,60
-72.81672,-39.888255,60
</coordinates></LineString>
</Placemark>
<Placemark>
<name>DJI_202603241715_002_guisela003_Timestamp.MRK</name>
<description>Equipo: M3E | Fecha: 24-03-2026 | Puntos: 536</description>
<styleUrl>#m3e</styleUrl>
<LineString><altitudeMode>relativeToGround</altitudeMode><coordinates>
-72.8193294,-39.8907271,60
-72.8193299,-39.8907594,60
-72.8193302,-39.8908106,60
-72.8193302,-39.8908866,60
-72.8193263,-39.8909669,60
-72.8192982,-39.8910471,60
-72.8192322,-39.8911068,60
-72.8191515,-39.8911434,60
-72.8190901,-39.8911578,60
-72.8190475,-39.8911371,60
-72.8190338,-39.8911004,60
-72.8190309,-39.8910513,60
-72.8190303,-39.8909826,60
-72.8190307,-39.8909068,60
-72.8190308,-39.8908082,60
-72.8190311,-39.8906969,60
-72.8190285,-39.8905905,60
-72.8190118,-39.8904859,60
-72.8189745,-39.8904138,60
-72.8189226,-39.8903521,60
-72.8188377,-39.8902888,60
-72.8187841,-39.8902574,60
-72.8187475,-39.8902649,60
-72.8187336,-39.8902945,60
-72.8187324,-39.8903375,60
-72.8187316,-39.8903919,60
-72.8187313,-39.8904717,60
-72.8187315,-39.8905657,60
-72.8187311,-39.8906615,60
-72.8187312,-39.8907762,60
-72.8187311,-39.8908945,60
-72.8187308,-39.8910036,60
-72.8187306,-39.8911232,60
-72.8187307,-39.8912417,60
-72.8187307,-39.8913287,60
-72.8187275,-39.8913922,60
-72.8186958,-39.8914465,60
-72.8186461,-39.8914986,60
-72.8185823,-39.8915645,60
-72.8185122,-39.8916329,60
-72.8184729,-39.891663,60
-72.8184443,-39.8916576,60
-72.8184348,-39.8916274,60
-72.8184333,-39.8915911,60
-72.8184322,-39.8915298,60
-72.8184318,-39.8914582,60
-72.8184318,-39.891355,60
-72.8184321,-39.8912596,60
-72.8184313,-39.8911604,60
-72.8184314,-39.8910427,60
-72.8184319,-39.8909197,60
-72.818432,-39.8908023,60
-72.818432,-39.8906958,60
-72.8184314,-39.8905811,60
-72.8184309,-39.8904788,60
-72.8184311,-39.8904155,60
-72.8184287,-39.8903526,60
-72.8184108,-39.8903062,60
-72.8183672,-39.8902857,60
-72.8183076,-39.890291,60
-72.8182408,-39.8903098,60
-72.8181759,-39.8903473,60
-72.8181405,-39.8904062,60
-72.8181339,-39.890472,60
-72.8181331,-39.890527,60
-72.8181333,-39.8905767,60
-72.8181329,-39.8906231,60
-72.8181329,-39.8906728,60
-72.8181333,-39.8907321,60
-72.8181333,-39.8908206,60
-72.8181337,-39.8909104,60
-72.8181336,-39.8910197,60
-72.8181335,-39.8911375,60
-72.8181338,-39.8912467,60
-72.8181336,-39.8913678,60
-72.8181336,-39.8914872,60
-72.8181333,-39.8916057,60
-72.8181318,-39.8917075,60
-72.8181189,-39.8917836,60
-72.8180807,-39.8918172,60
-72.8180143,-39.8918309,60
-72.8179358,-39.8918295,60
-72.8178764,-39.8918122,60
-72.8178432,-39.8917682,60
-72.8178354,-39.8917129,60
-72.8178346,-39.8916518,60
-72.8178345,-39.8915678,60
-72.8178341,-39.8914694,60
-72.8178346,-39.8913693,60
-72.8178347,-39.8912498,60
-72.8178336,-39.8911288,60
-72.8178342,-39.8910208,60
-72.817834,-39.8909036,60
-72.8178336,-39.8907948,60
-72.8178331,-39.890718,60
-72.8178331,-39.8906598,60
-72.8178336,-39.8906047,60
-72.817833,-39.8905536,60
-72.817825,-39.8904996,60
-72.8177972,-39.8904642,60
-72.8177474,-39.8904517,60
-72.8176854,-39.8904639,60
-72.8176132,-39.8904899,60
-72.8175588,-39.8905349,60
-72.8175373,-39.8905992,60
-72.8175341,-39.8906649,60
-72.8175345,-39.8907224,60
-72.8175352,-39.890781,60
-72.8175351,-39.8908411,60
-72.817535,-39.8909078,60
-72.8175357,-39.8909828,60
-72.8175363,-39.8910784,60
-72.817536,-39.8911869,60
-72.8175359,-39.8912936,60
-72.8175357,-39.8914155,60
-72.8175357,-39.8915243,60
-72.8175353,-39.891644,60
-72.8175344,-39.8917568,60
-72.8175192,-39.8918221,60
-72.817497,-39.8918456,60
-72.8174518,-39.891855,60
-72.8173926,-39.8918825,60
-72.8173338,-39.8919179,60
-72.8172784,-39.8919412,60
-72.8172509,-39.8919357,60
-72.8172394,-39.8918989,60
-72.8172369,-39.8918558,60
-72.817236,-39.891792,60
-72.8172356,-39.8917183,60
-72.8172352,-39.8916227,60
-72.8172354,-39.891515,60
-72.8172358,-39.8914095,60
-72.8172352,-39.8912902,60
-72.8172352,-39.8911821,60
-72.817235,-39.8910522,60
-72.8172351,-39.8909504,60
-72.8172348,-39.8908353,60
-72.8172349,-39.8907361,60
-72.8172347,-39.890645,60
-72.8172349,-39.8905609,60
-72.8172234,-39.890492,60
-72.8171817,-39.8904355,60
-72.8171036,-39.8904045,60
-72.8170204,-39.8903873,60
-72.8169706,-39.8903891,60
-72.8169436,-39.8904254,60
-72.816938,-39.890473,60
-72.8169359,-39.8905323,60
-72.816936,-39.8906033,60
-72.8169362,-39.890691,60
-72.8169367,-39.8907892,60
-72.8169365,-39.8908964,60
-72.8169365,-39.8910034,60
-72.8169366,-39.8911015,60
-72.8169364,-39.8912172,60
-72.8169376,-39.891326,60
-72.8169377,-39.8914467,60
-72.8169381,-39.8915667,60
-72.8169383,-39.8916739,60
-72.8169384,-39.8917926,60
-72.8169379,-39.8919116,60
-72.8169373,-39.8920176,60
-72.8169361,-39.8921297,60
-72.8169248,-39.8922013,60
-72.8169011,-39.8922379,60
-72.8168604,-39.8922812,60
-72.8168102,-39.892342,60
-72.8167533,-39.8924115,60
-72.8166956,-39.8924862,60
-72.8166585,-39.892523,60
-72.816645,-39.8925332,60
-72.8166391,-39.8925353,60
-72.8166379,-39.8925319,60
-72.8166386,-39.8924991,60
-72.8166382,-39.892461,60
-72.8166373,-39.8923981,60
-72.8166376,-39.8923256,60
-72.8166374,-39.8922353,60
-72.8166372,-39.8921343,60
-72.8166381,-39.8920391,60
-72.8166381,-39.8919333,60
-72.8166377,-39.8918166,60
-72.8166377,-39.8917058,60
-72.8166377,-39.8915897,60
-72.8166375,-39.8914728,60
-72.8166372,-39.8913762,60
-72.8166369,-39.8912767,60
-72.8166365,-39.8911929,60
-72.8166361,-39.8911281,60
-72.816636,-39.8910575,60
-72.8166363,-39.8909876,60
-72.8166371,-39.8909134,60
-72.8166365,-39.8908385,60
-72.816636,-39.8907513,60
-72.8166363,-39.8906643,60
-72.8166366,-39.8905801,60
-72.8166365,-39.890486,60
-72.8166318,-39.8904159,60
-72.8166265,-39.8903724,60
-72.8166174,-39.8903646,60
-72.8166088,-39.8903861,60
-72.8165987,-39.8904227,60
-72.8165833,-39.890474,60
-72.8165616,-39.890551,60
-72.8165373,-39.8906396,60
-72.8165147,-39.8907409,60
-72.8165132,-39.890805,60
-72.816531,-39.8908628,60
-72.8165394,-39.8909053,60
-72.8165174,-39.8909289,60
-72.8164809,-39.8909448,60
-72.8164253,-39.8909689,60
-72.8163675,-39.8910098,60
-72.8163427,-39.8910704,60
-72.816339,-39.891138,60
-72.8163402,-39.8912191,60
-72.8163416,-39.8912902,60
-72.81634,-39.8913671,60
-72.8163403,-39.8914418,60
-72.81634,-39.8915204,60
-72.8163395,-39.8916107,60
-72.8163402,-39.8917011,60
-72.8163397,-39.8918249,60
-72.8163397,-39.891933,60
-72.8163393,-39.8920556,60
-72.81634,-39.8921569,60
-72.8163393,-39.8922598,60
-72.8163391,-39.8923731,60
-72.8163384,-39.8924767,60
-72.8163387,-39.8925928,60
-72.8163385,-39.8927123,60
-72.8163339,-39.8928132,60
-72.8163082,-39.8928879,60
-72.8162411,-39.8929397,60
-72.8161633,-39.892971,60
-72.8160975,-39.8929836,60
-72.8160551,-39.8929603,60
-72.8160421,-39.8929228,60
-72.8160402,-39.8928705,60
-72.8160396,-39.8928002,60
-72.8160398,-39.8927216,60
-72.8160391,-39.8926212,60
-72.816039,-39.8925128,60
-72.816039,-39.8924056,60
-72.8160393,-39.8922895,60
-72.8160385,-39.8921702,60
-72.8160384,-39.8920592,60
-72.8160388,-39.8919388,60
-72.8160392,-39.8918256,60
-72.8160388,-39.8917246,60
-72.8160382,-39.891622,60
-72.8160386,-39.8915213,60
-72.816039,-39.8914462,60
-72.8160396,-39.8913934,60
-72.8160394,-39.8913526,60
-72.8160396,-39.8913013,60
-72.8160394,-39.8912398,60
-72.8160298,-39.8911797,60
-72.8160041,-39.8911503,60
-72.8159481,-39.8911429,60
-72.8158954,-39.8911575,60
-72.8158271,-39.891186,60
-72.815764,-39.8912399,60
-72.8157423,-39.8913108,60
-72.8157406,-39.891379,60
-72.8157415,-39.8914527,60
-72.8157417,-39.8915183,60
-72.8157416,-39.8915705,60
-72.8157411,-39.8916422,60
-72.8157417,-39.8917203,60
-72.8157415,-39.8918215,60
-72.8157419,-39.891934,60
-72.8157417,-39.892055,60
-72.8157411,-39.8921768,60
-72.8157413,-39.892285,60
-72.8157416,-39.8924039,60
-72.8157418,-39.8925106,60
-72.8157415,-39.8926283,60
-72.8157411,-39.8927402,60
-72.8157406,-39.8928491,60
-72.8157407,-39.892952,60
-72.8157361,-39.8930611,60
-72.8157196,-39.8931269,60
-72.8156616,-39.8931783,60
-72.8155754,-39.8932103,60
-72.8155058,-39.8932224,60
-72.8154631,-39.8932039,60
-72.8154438,-39.8931628,60
-72.8154411,-39.8931163,60
-72.8154401,-39.8930479,60
-72.815439,-39.8929621,60
-72.8154378,-39.8928664,60
-72.8154363,-39.892768,60
-72.8154353,-39.8926495,60
-72.8154344,-39.8925285,60
-72.8154336,-39.8924208,60
-72.8154329,-39.8923051,60
-72.8154326,-39.8921852,60
-72.8154318,-39.8920811,60
-72.8154305,-39.8919646,60
-72.8154296,-39.8918517,60
-72.8154286,-39.8917539,60
-72.8154275,-39.8916659,60
-72.8154273,-39.8916119,60
-72.8154271,-39.8915503,60
-72.8154268,-39.891482,60
-72.815424,-39.8914211,60
-72.815407,-39.891372,60
-72.8153593,-39.8913464,60
-72.8152974,-39.8913499,60
-72.8152345,-39.8913649,60
-72.8151703,-39.8914042,60
-72.8151459,-39.8914556,60
-72.8151409,-39.8915204,60
-72.8151402,-39.8915966,60
-72.8151403,-39.8916642,60
-72.8151398,-39.8917103,60
-72.815139,-39.8917594,60
-72.8151384,-39.8918267,60
-72.8151386,-39.8919007,60
-72.8151381,-39.8919987,60
-72.8151364,-39.8920968,60
-72.8151346,-39.8922146,60
-72.8151336,-39.8923365,60
-72.8151321,-39.892457,60
-72.8151312,-39.8925635,60
-72.8151305,-39.8926794,60
-72.8151295,-39.8927962,60
-72.8151286,-39.892904,60
-72.8151285,-39.8930135,60
-72.8151258,-39.8931136,60
-72.8151222,-39.8932096,60
-72.8151027,-39.893296,60
-72.8150428,-39.8933611,60
-72.8149663,-39.8934044,60
-72.814905,-39.8934258,60
-72.8148619,-39.8934108,60
-72.8148471,-39.8933761,60
-72.8148451,-39.8933284,60
-72.8148437,-39.8932627,60
-72.8148431,-39.8931872,60
-72.8148431,-39.8930893,60
-72.8148432,-39.8929815,60
-72.8148428,-39.8928803,60
-72.8148419,-39.8927586,60
-72.8148419,-39.892637,60
-72.814842,-39.8925169,60
-72.8148419,-39.8924113,60
-72.814842,-39.8922935,60
-72.8148425,-39.8921877,60
-72.8148419,-39.8920741,60
-72.8148425,-39.8919597,60
-72.8148422,-39.8918655,60
-72.814843,-39.8917883,60
-72.814843,-39.8917267,60
-72.8148425,-39.8916658,60
-72.8148417,-39.891605,60
-72.8148391,-39.8915404,60
-72.8148244,-39.891492,60
-72.814778,-39.8914637,60
-72.8147152,-39.8914661,60
-72.8146518,-39.8914798,60
-72.8145822,-39.8915149,60
-72.8145497,-39.8915707,60
-72.8145454,-39.8916292,60
-72.8145455,-39.8917033,60
-72.8145465,-39.8917837,60
-72.8145469,-39.8918324,60
-72.8145444,-39.8918736,60
-72.8145439,-39.8919167,60
-72.8145441,-39.8919709,60
-72.8145447,-39.8920479,60
-72.8145454,-39.8921401,60
-72.8145454,-39.8922352,60
-72.8145454,-39.8923508,60
-72.8145449,-39.8924616,60
-72.8145451,-39.8925829,60
-72.8145454,-39.8927013,60
-72.8145456,-39.8928199,60
-72.8145463,-39.8929254,60
-72.8145453,-39.8930394,60
-72.8145457,-39.8931591,60
-72.8145456,-39.89326,60
-72.8145412,-39.8933531,60
-72.8145187,-39.8934052,60
-72.8144675,-39.8934229,60
-72.8144009,-39.8934219,60
-72.8143246,-39.8934072,60
-72.8142707,-39.8933751,60
-72.8142493,-39.8933185,60
-72.814246,-39.8932538,60
-72.8142452,-39.8931825,60
-72.814245,-39.8930864,60
-72.8142445,-39.8929908,60
-72.8142442,-39.8928761,60
-72.8142449,-39.8927541,60
-72.8142445,-39.8926363,60
-72.8142443,-39.892531,60
-72.8142449,-39.8924101,60
-72.8142448,-39.8922916,60
-72.814245,-39.8921869,60
-72.8142452,-39.8920724,60
-72.814245,-39.8919564,60
-72.8142452,-39.8918586,60
-72.8142445,-39.8917713,60
-72.814244,-39.8917032,60
-72.8142371,-39.8916418,60
-72.8142195,-39.8915989,60
-72.8141802,-39.8915681,60
-72.8141306,-39.8915754,60
-72.8140725,-39.8915935,60
-72.8140132,-39.8916138,60
-72.8139673,-39.891648,60
-72.8139494,-39.8917079,60
-72.8139462,-39.8917779,60
-72.813946,-39.8918604,60
-72.8139465,-39.8919472,60
-72.8139467,-39.8920559,60
-72.8139461,-39.892162,60
-72.8139462,-39.892285,60
-72.8139463,-39.8924067,60
-72.8139466,-39.8925252,60
-72.8139473,-39.892632,60
-72.8139471,-39.8927506,60
-72.8139478,-39.8928583,60
-72.8139473,-39.8929755,60
-72.8139476,-39.8930938,60
-72.8139469,-39.8931975,60
-72.8139391,-39.8932865,60
-72.8139225,-39.8933342,60
-72.8138795,-39.893357,60
-72.8138085,-39.8933533,60
-72.8137316,-39.8933376,60
-72.8136762,-39.8933049,60
-72.8136515,-39.893249,60
-72.813648,-39.8931844,60
-72.8136476,-39.8931147,60
-72.813647,-39.8930224,60
-72.8136469,-39.8929146,60
-72.813647,-39.8928107,60
-72.8136476,-39.8926913,60
-72.8136473,-39.8925708,60
-72.8136467,-39.8924546,60
-72.8136462,-39.8923488,60
-72.8136471,-39.8922337,60
-72.8136479,-39.8921312,60
-72.8136467,-39.8920253,60
-72.813647,-39.8919561,60
-72.8136471,-39.8919123,60
-72.813647,-39.8918502,60
-72.8136432,-39.891774,60
-72.8136291,-39.8917233,60
-72.8135844,-39.8916992,60
-72.8135215,-39.8917059,60
-72.8134469,-39.8917253,60
-72.8133785,-39.8917669,60
-72.8133524,-39.8918198,60
-72.8133491,-39.89188,60
-72.8133495,-39.8919578,60
-72.8133502,-39.8920439,60
-72.8133509,-39.8921001,60
-72.8133498,-39.8921321,60
-72.8133486,-39.8921482,60
-72.8133498,-39.8921814,60
-72.8133485,-39.8922418,60
-72.813349,-39.8923214,60
-72.8133494,-39.892406,60
-72.8133491,-39.8925116,60
-72.8133492,-39.8926263,60
-72.8133492,-39.8927359,60
-72.8133491,-39.8928574,60
-72.8133494,-39.8929762,60
-72.8133488,-39.893083,60
-72.8133444,-39.893182,60
-72.8133238,-39.8932402,60
-72.8132779,-39.8932463,60
-72.8132128,-39.8932296,60
-72.8131406,-39.8932036,60
-72.81308,-39.8931598,60
-72.8130533,-39.8930955,60
-72.8130492,-39.893022,60
-72.8130495,-39.8929347,60
-72.8130496,-39.8928471,60
-72.8130493,-39.89274,60
-72.81305,-39.8926259,60
-72.8130495,-39.8925264,60
-72.8130486,-39.8924256,60
-72.8130485,-39.8923508,60
-72.8130484,-39.8922971,60
-72.8130485,-39.8922296,60
-72.8130487,-39.8921705,60
-72.8130485,-39.8921008,60
-72.8130434,-39.8920267,60
-72.8130267,-39.8919821,60
-72.8129872,-39.8919711,60
-72.8129392,-39.8919883,60
-72.8128935,-39.8920141,60
-72.8128277,-39.8920574,60
-72.8127689,-39.8921277,60
-72.8127472,-39.8922135,60
-72.8127506,-39.8922967,60
-72.8127513,-39.8923877,60
-72.8127518,-39.8924589,60
-72.8127517,-39.8925055,60
-72.8127508,-39.8925513,60
-72.8127511,-39.8926151,60
-72.8127515,-39.8926899,60
-72.8127517,-39.8927851,60
-72.8127514,-39.8928826,60
-72.8127457,-39.8929722,60
-72.8127297,-39.8930209,60
-72.8126929,-39.8930365,60
-72.8126379,-39.8930183,60
-72.8125816,-39.8929904,60
-72.8125138,-39.8929463,60
-72.8124656,-39.8928822,60
-72.812451,-39.8927989,60
-72.812452,-39.8927069,60
-72.812452,-39.8926287,60
-72.8124526,-39.8925636,60
-72.8124526,-39.892512,60
-72.8124512,-39.8924638,60
-72.8124519,-39.8924185,60
-72.8124464,-39.8923693,60
-72.8124196,-39.8923327,60
-72.8123724,-39.8923305,60
-72.8123303,-39.8923504,60
-72.8122703,-39.8923858,60
-72.8122083,-39.8924343,60
-72.8121594,-39.8925108,60
-72.8121508,-39.8925902,60
-72.8121529,-39.892674,60
-72.8121522,-39.8927179,60
-72.8121526,-39.8927434,60
-72.8121535,-39.8927504,60
-72.8121525,-39.8927527,60
</coordinates></LineString>
</Placemark>
<Placemark>
<name>DJI_202603241737_003_guisela004_Timestamp.MRK</name>
<description>Equipo: M3E | Fecha: 24-03-2026 | Puntos: 387</description>
<styleUrl>#m3e</styleUrl>
<LineString><altitudeMode>relativeToGround</altitudeMode><coordinates>
-72.8185156,-39.8902094,60
-72.8185143,-39.8902368,60
-72.8185143,-39.8902821,60
-72.8185159,-39.8903534,60
-72.818535,-39.8904381,60
-72.8185941,-39.8905255,60
-72.8186713,-39.8905999,60
-72.8187435,-39.8906574,60
-72.818781,-39.8906747,60
-72.8188108,-39.8906609,60
-72.8188138,-39.8906263,60
-72.8188145,-39.8905702,60
-72.8188141,-39.8905029,60
-72.8188145,-39.8904139,60
-72.8188139,-39.8903225,60
-72.8188142,-39.8902129,60
-72.8188237,-39.8901259,60
-72.8188466,-39.8900778,60
-72.8188938,-39.8900464,60
-72.8189632,-39.8900222,60
-72.8190333,-39.8900092,60
-72.819083,-39.8900149,60
-72.8191072,-39.8900429,60
-72.8191104,-39.8900796,60
-72.8191125,-39.890141,60
-72.8191127,-39.8902224,60
-72.8191126,-39.8903191,60
-72.8191128,-39.8904163,60
-72.8191132,-39.8905338,60
-72.8191134,-39.8906438,60
-72.8191138,-39.8907653,60
-72.8191138,-39.8908808,60
-72.8191144,-39.8909826,60
-72.8191129,-39.8910789,60
-72.819113,-39.8911939,60
-72.8191129,-39.8913135,60
-72.8191127,-39.8914214,60
-72.8191127,-39.89154,60
-72.8191114,-39.8916461,60
-72.819101,-39.8917257,60
-72.81907,-39.8917683,60
-72.819012,-39.8917841,60
-72.8189359,-39.8917845,60
-72.8188631,-39.8917691,60
-72.8188263,-39.8917327,60
-72.818815,-39.8916776,60
-72.8188138,-39.8916119,60
-72.8188138,-39.8915292,60
-72.8188138,-39.8914308,60
-72.8188178,-39.8913458,60
-72.8188356,-39.8913023,60
-72.8188664,-39.8912957,60
-72.8189024,-39.8913177,60
-72.8189415,-39.8913532,60
-72.8189914,-39.8913999,60
-72.8190611,-39.8914651,60
-72.819135,-39.8915337,60
-72.8192233,-39.8916149,60
-72.8193085,-39.8916907,60
-72.8193605,-39.8917231,60
-72.8193978,-39.8917202,60
-72.8194118,-39.8916887,60
-72.8194129,-39.8916451,60
-72.8194122,-39.8915891,60
-72.8194118,-39.8915092,60
-72.8194111,-39.8914135,60
-72.8194115,-39.8913173,60
-72.8194117,-39.8912016,60
-72.8194117,-39.8910827,60
-72.819412,-39.8909771,60
-72.8194117,-39.8908563,60
-72.8194114,-39.8907392,60
-72.8194108,-39.8906391,60
-72.8194116,-39.890522,60
-72.8194114,-39.8904108,60
-72.8194112,-39.8903162,60
-72.8194105,-39.8902104,60
-72.8194108,-39.8901139,60
-72.8194105,-39.8900262,60
-72.8194101,-39.8899285,60
-72.819411,-39.8898287,60
-72.8194082,-39.8897388,60
-72.8193938,-39.8896732,60
-72.8193447,-39.8896379,60
-72.8192804,-39.8896279,60
-72.8191995,-39.889628,60
-72.8191408,-39.8896444,60
-72.8191162,-39.8896798,60
-72.8191151,-39.889729,60
-72.8191347,-39.8897668,60
-72.8191753,-39.8897791,60
-72.8192288,-39.8897693,60
-72.8192981,-39.8897508,60
-72.8193821,-39.889728,60
-72.8194941,-39.8896982,60
-72.8196063,-39.8896737,60
-72.819666,-39.889679,60
-72.8197031,-39.8897146,60
-72.8197113,-39.889765,60
-72.8197121,-39.8898205,60
-72.8197121,-39.8899001,60
-72.8197119,-39.8899959,60
-72.8197121,-39.8900933,60
-72.8197118,-39.8902106,60
-72.8197122,-39.8903323,60
-72.8197121,-39.8904424,60
-72.8197123,-39.8905624,60
-72.8197127,-39.8906817,60
-72.8197118,-39.890789,60
-72.8197116,-39.8909081,60
-72.8197115,-39.8910264,60
-72.8197109,-39.8911314,60
-72.8197109,-39.8912506,60
-72.8197111,-39.8913693,60
-72.8197114,-39.8914758,60
-72.8197121,-39.8915926,60
-72.8197119,-39.8917067,60
-72.8197178,-39.8917896,60
-72.8197372,-39.8918503,60
-72.8197963,-39.8918835,60
-72.8198738,-39.8918996,60
-72.8199597,-39.8919152,60
-72.820001,-39.8919122,60
-72.820011,-39.8919004,60
-72.8200114,-39.8918611,60
-72.8200108,-39.8918031,60
-72.8200107,-39.8917344,60
-72.8200104,-39.8916404,60
-72.8200095,-39.8915375,60
-72.8200095,-39.8914267,60
-72.8200094,-39.891274,60
-72.8200097,-39.8912024,60
-72.8200094,-39.8910945,60
-72.8200093,-39.8909759,60
-72.8200087,-39.890858,60
-72.8200085,-39.8907395,60
-72.820009,-39.8906332,60
-72.8200091,-39.8905145,60
-72.820009,-39.890398,60
-72.8200093,-39.8902952,60
-72.8200093,-39.8901756,60
-72.82001,-39.8900601,60
-72.8200107,-39.8899571,60
-72.8200217,-39.889883,60
-72.8200446,-39.889857,60
-72.8200775,-39.8898665,60
-72.8201115,-39.889899,60
-72.8201556,-39.8899435,60
-72.8202096,-39.8899984,60
-72.8202709,-39.8900757,60
-72.8203062,-39.890171,60
-72.8203105,-39.8902672,60
-72.8203092,-39.8903823,60
-72.820309,-39.8905027,60
-72.8203087,-39.8906116,60
-72.8203086,-39.8907267,60
-72.8203086,-39.8908453,60
-72.8203095,-39.8909511,60
-72.82031,-39.8910649,60
-72.8203102,-39.8911559,60
-72.820309,-39.8912452,60
-72.8203087,-39.8913542,60
-72.8203098,-39.8914712,60
-72.8203094,-39.8915924,60
-72.8203094,-39.8917004,60
-72.8203093,-39.891799,60
-72.820309,-39.8918738,60
-72.8203092,-39.8919319,60
-72.8203154,-39.8919969,60
-72.820353,-39.892059,60
-72.820415,-39.8920947,60
-72.8205126,-39.8921398,60
-72.8205633,-39.8921742,60
-72.8205947,-39.8921891,60
-72.8206073,-39.8921932,60
-72.8206088,-39.8921943,60
-72.8206084,-39.8921945,60
-72.820608,-39.8921942,60
-72.8206079,-39.8921943,60
-72.8206079,-39.8921941,60
-72.8206077,-39.8921944,60
-72.8206075,-39.8921943,60
-72.8206073,-39.8921943,60
-72.8206073,-39.8921942,60
-72.820607,-39.8921942,60
-72.820607,-39.8921941,60
-72.8206069,-39.8921943,60
-72.820607,-39.8921944,60
-72.8206069,-39.8921941,60
-72.8206071,-39.8921941,60
-72.8206071,-39.8921943,60
-72.8206069,-39.8921944,60
-72.820607,-39.8921945,60
-72.8206071,-39.8921943,60
-72.8206069,-39.8921941,60
-72.8206074,-39.8921943,60
-72.8206072,-39.8921942,60
-72.8206071,-39.8921943,60
-72.8206069,-39.8921941,60
-72.8206069,-39.8921941,60
-72.8206069,-39.892194,60
-72.8206067,-39.8921941,60
-72.8206067,-39.8921942,60
-72.8205948,-39.8922091,60
-72.8205999,-39.8922084,60
-72.8206096,-39.892196,60
-72.8206089,-39.8921597,60
-72.820609,-39.892109,60
-72.8206084,-39.8920337,60
-72.8206085,-39.8919536,60
-72.820608,-39.8918509,60
-72.8206077,-39.8917386,60
-72.8206075,-39.8916287,60
-72.8206079,-39.891521,60
-72.8206082,-39.8913983,60
-72.8206076,-39.8912867,60
-72.8206074,-39.8911768,60
-72.8206072,-39.8910791,60
-72.8206074,-39.8909699,60
-72.8206074,-39.8908897,60
-72.8206069,-39.8908045,60
-72.8206069,-39.8907102,60
-72.8206108,-39.8906159,60
-72.8206212,-39.89057,60
-72.8206439,-39.890557,60
-72.8206686,-39.8905719,60
-72.8206928,-39.8906033,60
-72.8207295,-39.8906525,60
-72.8207736,-39.890713,60
-72.8208316,-39.8907929,60
-72.8208829,-39.8908871,60
-72.820907,-39.8909838,60
-72.8209109,-39.8910967,60
-72.8209074,-39.8912015,60
-72.8209074,-39.8912874,60
-72.8209079,-39.8913529,60
-72.8209073,-39.8914172,60
-72.8209064,-39.8914866,60
-72.8209063,-39.8915755,60
-72.8209065,-39.8916782,60
-72.8209067,-39.8917938,60
-72.8209071,-39.8919032,60
-72.820907,-39.8920147,60
-72.8209079,-39.8921191,60
-72.8209078,-39.8922339,60
-72.8209078,-39.8923504,60
-72.8209079,-39.8924608,60
-72.8209171,-39.8925777,60
-72.8209561,-39.8926714,60
-72.8210263,-39.8927446,60
-72.8211083,-39.8928158,60
-72.8211638,-39.8928473,60
-72.8211987,-39.8928358,60
-72.8212068,-39.8928042,60
-72.8212074,-39.8927582,60
-72.821207,-39.8926916,60
-72.8212065,-39.8926168,60
-72.8212064,-39.8925197,60
-72.8212061,-39.8924104,60
-72.8212066,-39.8923045,60
-72.8212055,-39.8921828,60
-72.8212051,-39.8920621,60
-72.821205,-39.8919574,60
-72.8212053,-39.8918454,60
-72.8212059,-39.8917303,60
-72.8212057,-39.8916324,60
-72.8212053,-39.8915174,60
-72.8212051,-39.891427,60
-72.821205,-39.8913711,60
-72.8212054,-39.8913085,60
-72.8212051,-39.8912275,60
-72.8212125,-39.8911571,60
-72.8212251,-39.8911125,60
-72.8212553,-39.8911114,60
-72.8213009,-39.8911299,60
-72.8213649,-39.8911341,60
-72.8214442,-39.8911239,60
-72.8214835,-39.8911284,60
-72.8215026,-39.8911571,60
-72.8215045,-39.8911984,60
-72.8215051,-39.8912487,60
-72.8215055,-39.8913174,60
-72.8215051,-39.8913729,60
-72.8215054,-39.8914343,60
-72.8215054,-39.8915218,60
-72.8215063,-39.8916146,60
-72.8215058,-39.8917157,60
-72.8215059,-39.8918146,60
-72.8215068,-39.89193,60
-72.8215064,-39.8920331,60
-72.8215059,-39.8921539,60
-72.8215059,-39.8922752,60
-72.8215061,-39.8923769,60
-72.8215057,-39.892492,60
-72.821506,-39.8926049,60
-72.8215064,-39.8927159,60
-72.821506,-39.8928162,60
-72.8215057,-39.8929208,60
-72.821506,-39.8930177,60
-72.8215183,-39.8931036,60
-72.8215644,-39.8931908,60
-72.8216389,-39.8932567,60
-72.8217207,-39.8933148,60
-72.8217709,-39.8933301,60
-72.8218004,-39.8933083,60
-72.8218052,-39.8932727,60
-72.821806,-39.8932213,60
-72.8218056,-39.8931501,60
-72.8218053,-39.8930739,60
-72.8218051,-39.8929847,60
-72.8218045,-39.8928985,60
-72.8218042,-39.8928074,60
-72.8218039,-39.8927195,60
-72.8218041,-39.8926526,60
-72.8218042,-39.8925929,60
-72.8218036,-39.8925089,60
-72.8218033,-39.8924107,60
-72.8218031,-39.8923186,60
-72.8218032,-39.892222,60
-72.8218039,-39.8921546,60
-72.821803,-39.8920964,60
-72.8218022,-39.8920419,60
-72.8218029,-39.8919814,60
-72.8218031,-39.8919098,60
-72.8218036,-39.8918165,60
-72.8218035,-39.8917091,60
-72.8218042,-39.8916091,60
-72.8218034,-39.8914967,60
-72.8218027,-39.8913869,60
-72.8218031,-39.8912729,60
-72.8218029,-39.8912187,60
-72.8218033,-39.8911211,60
-72.821804,-39.8910245,60
-72.821804,-39.8909092,60
-72.8218031,-39.8907868,60
-72.8218024,-39.8906866,60
-72.8218036,-39.8905959,60
-72.8218045,-39.890499,60
-72.8218094,-39.8904118,60
-72.8218323,-39.890355,60
-72.821893,-39.8903233,60
-72.8219723,-39.8903125,60
-72.8220397,-39.8903156,60
-72.8220868,-39.8903456,60
-72.822102,-39.8903888,60
-72.8221033,-39.890448,60
-72.8221042,-39.8905191,60
-72.8221036,-39.8905911,60
-72.822104,-39.8906796,60
-72.8221039,-39.8907763,60
-72.8221042,-39.8908687,60
-72.8221045,-39.8909801,60
-72.8221048,-39.8910941,60
-72.8221049,-39.8912002,60
-72.8221045,-39.891325,60
-72.8221043,-39.8914397,60
-72.8221044,-39.8915373,60
-72.8221032,-39.8916371,60
-72.8221032,-39.8917159,60
-72.8221029,-39.8917906,60
-72.8221033,-39.89184,60
-72.8221037,-39.8918883,60
-72.8221099,-39.8919316,60
-72.8221202,-39.8919619,60
-72.822149,-39.8919683,60
-72.8221743,-39.8919584,60
-72.8222046,-39.8919304,60
-72.8222506,-39.8918774,60
-72.8223097,-39.8918093,60
-72.8223616,-39.8917393,60
-72.8223984,-39.8916546,60
-72.8224082,-39.8915775,60
-72.8224022,-39.8915443,60
-72.8224007,-39.8914985,60
-72.8224011,-39.8914553,60
-72.822401,-39.8914177,60
-72.822401,-39.8913595,60
-72.8224012,-39.8912821,60
-72.822401,-39.8911991,60
-72.8224015,-39.891095,60
-72.8224016,-39.8909933,60
-72.8224009,-39.8908718,60
-72.8224012,-39.8907555,60
-72.8224005,-39.890679,60
-72.8224012,-39.8906443,60
-72.8224012,-39.8906265,60
-72.8224007,-39.8906198,60
</coordinates></LineString>
</Placemark>
<Placemark>
<name>DJI_202603241737_004_guisela005_Timestamp.MRK</name>
<description>Equipo: M3E | Fecha: 24-03-2026 | Puntos: 446</description>
<styleUrl>#m3e</styleUrl>
<LineString><altitudeMode>relativeToGround</altitudeMode><coordinates>
-72.8215886,-39.8931813,60
-72.8215882,-39.8931487,60
-72.8215878,-39.8930972,60
-72.8215877,-39.893022,60
-72.8215878,-39.8929309,60
-72.8215853,-39.8928559,60
-72.821573,-39.892788,60
-72.8215414,-39.8927189,60
-72.8214803,-39.8926591,60
-72.821401,-39.892591,60
-72.8213414,-39.8925494,60
-72.8213055,-39.892551,60
-72.8212913,-39.8925784,60
-72.8212889,-39.8926181,60
-72.821288,-39.8926699,60
-72.8212879,-39.8927464,60
-72.8212887,-39.892839,60
-72.8212884,-39.8929323,60
-72.8212885,-39.8930471,60
-72.8212891,-39.8931678,60
-72.8212885,-39.8932788,60
-72.8212885,-39.8933938,60
-72.8212886,-39.8935008,60
-72.8212888,-39.8936067,60
-72.8212885,-39.8937291,60
-72.8212888,-39.8938504,60
-72.8212885,-39.8939576,60
-72.8212886,-39.8940627,60
-72.8212889,-39.8941307,60
-72.821288,-39.8941795,60
-72.8212877,-39.8942511,60
-72.8212864,-39.8943377,60
-72.8212757,-39.8944105,60
-72.8212324,-39.8944625,60
-72.8211546,-39.8944909,60
-72.8210795,-39.8945039,60
-72.8210242,-39.8944938,60
-72.8209949,-39.8944549,60
-72.8209904,-39.8944101,60
-72.8209897,-39.8943471,60
-72.8209892,-39.8942644,60
-72.8209888,-39.8941773,60
-72.8209884,-39.8940738,60
-72.820989,-39.8939628,60
-72.8209886,-39.893855,60
-72.820989,-39.8937341,60
-72.820989,-39.8936149,60
-72.8209891,-39.8935321,60
-72.8209896,-39.8934443,60
-72.8209889,-39.8933401,60
-72.8209889,-39.8932368,60
-72.8209885,-39.8931201,60
-72.820989,-39.892998,60
-72.8209889,-39.8928876,60
-72.8209889,-39.8927675,60
-72.8209887,-39.8926512,60
-72.8209883,-39.8925323,60
-72.8209885,-39.8924245,60
-72.8209863,-39.8923111,60
-72.8209741,-39.8922441,60
-72.8209322,-39.8922053,60
-72.8208657,-39.8921931,60
-72.8207955,-39.8921953,60
-72.8207297,-39.8922163,60
-72.8206969,-39.8922617,60
-72.8206916,-39.8923129,60
-72.8206915,-39.892381,60
-72.8206911,-39.8924664,60
-72.8206908,-39.8925556,60
-72.8206911,-39.8926668,60
-72.8206912,-39.8927871,60
-72.8206909,-39.8928973,60
-72.8206914,-39.8930181,60
-72.8206913,-39.8931374,60
-72.820691,-39.8932555,60
-72.8206914,-39.893362,60
-72.8206907,-39.8934805,60
-72.8206908,-39.893598,60
-72.8206906,-39.8937164,60
-72.8206905,-39.8938228,60
-72.8206909,-39.8939427,60
-72.8206914,-39.8940352,60
-72.8206905,-39.8941377,60
-72.8206907,-39.8942481,60
-72.8206899,-39.894335,60
-72.8206883,-39.8943816,60
-72.8206853,-39.8943922,60
-72.8206823,-39.8943744,60
-72.8206791,-39.8943418,60
-72.8206616,-39.8942938,60
-72.8206198,-39.8942577,60
-72.8205588,-39.8942255,60
-72.8204858,-39.8941894,60
-72.8204163,-39.8941424,60
-72.8203945,-39.8940856,60
-72.8203914,-39.8940278,60
-72.8203903,-39.8939494,60
-72.8203908,-39.8938555,60
-72.8203908,-39.8937483,60
-72.8203906,-39.8936431,60
-72.8203906,-39.8935223,60
-72.8203911,-39.8934021,60
-72.8203909,-39.8932823,60
-72.8203906,-39.8931749,60
-72.8203904,-39.8930565,60
-72.820391,-39.8929501,60
-72.8203911,-39.8928323,60
-72.8203913,-39.8927258,60
-72.8203913,-39.892607,60
-72.8203909,-39.8924878,60
-72.820391,-39.8923831,60
-72.820389,-39.8922722,60
-72.8203742,-39.8921991,60
-72.8203275,-39.8921576,60
-72.8202663,-39.8921333,60
-72.8201839,-39.8921015,60
-72.8201183,-39.8920882,60
-72.8200978,-39.8920883,60
-72.8200914,-39.8921159,60
-72.8200926,-39.8921595,60
-72.8200933,-39.8922134,60
-72.820093,-39.8922917,60
-72.8200926,-39.892376,60
-72.8200931,-39.8924769,60
-72.8200931,-39.8925936,60
-72.8200936,-39.892716,60
-72.8200934,-39.8928255,60
-72.8200931,-39.8929462,60
-72.8200933,-39.8930535,60
-72.8200933,-39.8931721,60
-72.8200926,-39.8932905,60
-72.8200924,-39.8933977,60
-72.8200928,-39.8935169,60
-72.820093,-39.8936355,60
-72.8200934,-39.8937367,60
-72.8200926,-39.893807,60
-72.8200929,-39.8938958,60
-72.8200833,-39.8939639,60
-72.8200781,-39.8939898,60
-72.8200551,-39.8939871,60
-72.8200202,-39.8939828,60
-72.8199824,-39.8940005,60
-72.8199381,-39.8940307,60
-72.8198723,-39.8940686,60
-72.8198318,-39.8940787,60
-72.8197981,-39.8940594,60
-72.819796,-39.8940237,60
-72.8197939,-39.8939786,60
-72.8197934,-39.8939101,60
-72.8197929,-39.8938245,60
-72.8197931,-39.8937349,60
-72.8197928,-39.8936245,60
-72.8197927,-39.893518,60
-72.8197925,-39.8933957,60
-72.8197921,-39.8932947,60
-72.8197937,-39.893208,60
-72.8197927,-39.8931172,60
-72.8197919,-39.8930026,60
-72.819792,-39.8928941,60
-72.8197921,-39.8927726,60
-72.8197925,-39.892653,60
-72.8197921,-39.8925337,60
-72.8197918,-39.8924274,60
-72.8197921,-39.8923091,60
-72.8197923,-39.8922045,60
-72.8197924,-39.8920965,60
-72.8197876,-39.8919926,60
-72.8197684,-39.8919218,60
-72.8197159,-39.8918834,60
-72.8196292,-39.8918609,60
-72.8195556,-39.8918561,60
-72.8195133,-39.8918775,60
-72.8194952,-39.8919225,60
-72.8194941,-39.8919715,60
-72.8194946,-39.8920396,60
-72.8194948,-39.8921228,60
-72.8194944,-39.8922201,60
-72.8194948,-39.8923178,60
-72.8194946,-39.8924325,60
-72.8194947,-39.8925516,60
-72.8194948,-39.8926595,60
-72.8194943,-39.8927605,60
-72.8194951,-39.892841,60
-72.8194949,-39.892924,60
-72.8194946,-39.8930324,60
-72.8194943,-39.8931492,60
-72.8194944,-39.8932576,60
-72.8194945,-39.8933769,60
-72.8194946,-39.8934917,60
-72.8194946,-39.8936006,60
-72.819495,-39.8937208,60
-72.8194942,-39.8938403,60
-72.8194942,-39.8939476,60
-72.819495,-39.8940664,60
-72.8194948,-39.8941728,60
-72.8194945,-39.8942898,60
-72.8194941,-39.8944103,60
-72.8194937,-39.894528,60
-72.8194851,-39.8946263,60
-72.8194489,-39.8946858,60
-72.8193756,-39.8947351,60
-72.8192906,-39.8947656,60
-72.8192416,-39.8947678,60
-72.8192044,-39.894739,60
-72.8191962,-39.8946973,60
-72.8191955,-39.8946419,60
-72.8191956,-39.8945742,60
-72.819195,-39.8944873,60
-72.819195,-39.8943816,60
-72.819195,-39.8942782,60
-72.8191946,-39.894158,60
-72.819194,-39.8940442,60
-72.8191956,-39.8939456,60
-72.819195,-39.8938466,60
-72.8191945,-39.8937267,60
-72.8191948,-39.8936037,60
-72.8191941,-39.8935027,60
-72.8191963,-39.8934157,60
-72.819196,-39.8933236,60
-72.8191949,-39.8932258,60
-72.8191948,-39.8931072,60
-72.8191945,-39.8929842,60
-72.8191951,-39.892875,60
-72.8191946,-39.8927552,60
-72.8191941,-39.8926476,60
-72.8191945,-39.8925277,60
-72.8191944,-39.8924083,60
-72.819194,-39.8922898,60
-72.819194,-39.8921829,60
-72.8191944,-39.8920648,60
-72.8191913,-39.8919551,60
-72.8191809,-39.8918888,60
-72.819141,-39.8918557,60
-72.8190755,-39.8918576,60
-72.8189972,-39.8918746,60
-72.8189354,-39.8919046,60
-72.8189024,-39.8919579,60
-72.8188976,-39.8920142,60
-72.8188972,-39.8920885,60
-72.8188973,-39.8921794,60
-72.8188968,-39.8922836,60
-72.8188971,-39.8923877,60
-72.8188968,-39.8925088,60
-72.8188969,-39.8926178,60
-72.8188966,-39.8927381,60
-72.8188968,-39.8928569,60
-72.8188973,-39.8929637,60
-72.818897,-39.8930815,60
-72.8188971,-39.8931996,60
-72.8188964,-39.8933073,60
-72.8188964,-39.893425,60
-72.8188962,-39.8935447,60
-72.8188966,-39.8936499,60
-72.8188969,-39.8937694,60
-72.8188965,-39.8938872,60
-72.8188971,-39.8939945,60
-72.8188968,-39.8941138,60
-72.8188964,-39.8942331,60
-72.8188969,-39.8943514,60
-72.8188965,-39.8944542,60
-72.8188959,-39.8945691,60
-72.8188889,-39.8946457,60
-72.8188745,-39.8946901,60
-72.8188453,-39.8946978,60
-72.8188067,-39.8946779,60
-72.8187631,-39.894646,60
-72.8186983,-39.8946018,60
-72.818644,-39.8945771,60
-72.8186057,-39.8945591,60
-72.8185976,-39.8945287,60
-72.8185965,-39.8944903,60
-72.8185965,-39.8944275,60
-72.8185967,-39.8943545,60
-72.8185973,-39.8942592,60
-72.8185971,-39.8941519,60
-72.8185965,-39.8940355,60
-72.8185966,-39.8939259,60
-72.8185969,-39.8938047,60
-72.8185964,-39.8936867,60
-72.8185964,-39.8935808,60
-72.818596,-39.8934615,60
-72.8185961,-39.8933438,60
-72.8185963,-39.8932356,60
-72.8185964,-39.8931179,60
-72.8185962,-39.8929987,60
-72.8185965,-39.8928919,60
-72.8185963,-39.8927734,60
-72.8185962,-39.8926547,60
-72.8185964,-39.8925477,60
-72.8185965,-39.8924305,60
-72.818596,-39.8923111,60
-72.8185959,-39.8921921,60
-72.8185931,-39.8920968,60
-72.8185808,-39.8920327,60
-72.8185573,-39.8920189,60
-72.8185369,-39.8920388,60
-72.8185119,-39.8920773,60
-72.8184789,-39.8921256,60
-72.8184317,-39.8921961,60
-72.8183756,-39.8922797,60
-72.8183278,-39.8923675,60
-72.8183019,-39.8924777,60
-72.8182988,-39.892598,60
-72.8182989,-39.8927072,60
-72.8182993,-39.8928272,60
-72.818299,-39.8929463,60
-72.8182989,-39.8930531,60
-72.818299,-39.8931717,60
-72.8182986,-39.8932904,60
-72.8182987,-39.8933952,60
-72.8182987,-39.8935107,60
-72.818298,-39.893633,60
-72.8182972,-39.8937408,60
-72.818298,-39.8938613,60
-72.818298,-39.893979,60
-72.8182977,-39.8940866,60
-72.8182977,-39.8942044,60
-72.8182975,-39.894323,60
-72.8182974,-39.89443,60
-72.8182933,-39.894541,60
-72.8182665,-39.8946163,60
-72.8182097,-39.8946648,60
-72.8181238,-39.8947021,60
-72.8180592,-39.8947154,60
-72.8180155,-39.894694,60
-72.8180014,-39.894656,60
-72.8179999,-39.8946047,60
-72.8179996,-39.8945352,60
-72.8179994,-39.894457,60
-72.8179987,-39.8943559,60
-72.8179986,-39.8942563,60
-72.8179988,-39.8941372,60
-72.8179989,-39.8940153,60
-72.8179989,-39.8939071,60
-72.8179979,-39.8937883,60
-72.817998,-39.8936696,60
-72.8179987,-39.8935502,60
-72.8179982,-39.8934436,60
-72.8179986,-39.8933251,60
-72.8179982,-39.8932188,60
-72.8179985,-39.8930991,60
-72.8179983,-39.8929816,60
-72.8179989,-39.8928742,60
-72.8179986,-39.8927572,60
-72.8179983,-39.8926384,60
-72.8179976,-39.8925331,60
-72.817988,-39.8924511,60
-72.8179586,-39.8924132,60
-72.8179029,-39.8924084,60
-72.8178493,-39.8924222,60
-72.8177775,-39.8924507,60
-72.8177238,-39.8924982,60
-72.8177023,-39.892566,60
-72.8177001,-39.8926404,60
-72.8177,-39.8927202,60
-72.8177001,-39.8928219,60
-72.8177003,-39.8929347,60
-72.8177003,-39.8930539,60
-72.8177008,-39.8931598,60
-72.8177009,-39.8932801,60
-72.8177005,-39.8933833,60
-72.8177008,-39.8934844,60
-72.817701,-39.8935885,60
-72.8177012,-39.8936888,60
-72.8176999,-39.8937705,60
-72.8177005,-39.8938719,60
-72.8177008,-39.8939726,60
-72.8177005,-39.8940919,60
-72.8177006,-39.894214,60
-72.8177008,-39.8943234,60
-72.8177005,-39.894441,60
-72.8176999,-39.8945611,60
-72.8176999,-39.8946663,60
-72.8176937,-39.8947694,60
-72.8176632,-39.8948301,60
-72.8176031,-39.8948638,60
-72.8175207,-39.8948844,60
-72.8174538,-39.8948852,60
-72.8174156,-39.8948583,60
-72.817402,-39.8948124,60
-72.8174009,-39.8947543,60
-72.8174007,-39.8946875,60
-72.8174012,-39.894598,60
-72.817401,-39.894493,60
-72.8174013,-39.8943903,60
-72.8174007,-39.8942694,60
-72.8174002,-39.894148,60
-72.8174003,-39.8940403,60
-72.8174,-39.8939218,60
-72.8173997,-39.8938063,60
-72.8173994,-39.8936897,60
-72.8173915,-39.893613,60
-72.8173725,-39.8935751,60
-72.8173328,-39.8935715,60
-72.8172964,-39.8935937,60
-72.8172505,-39.8936274,60
-72.8171937,-39.8936728,60
-72.8171311,-39.8937442,60
-72.8171011,-39.8938352,60
-72.817101,-39.8939345,60
-72.817102,-39.8940304,60
-72.8171022,-39.8941453,60
-72.8171026,-39.8942648,60
-72.8171024,-39.8943723,60
-72.8171023,-39.8944946,60
-72.8171023,-39.8946124,60
-72.8171017,-39.8947182,60
-72.8170997,-39.8948253,60
-72.8170874,-39.8948852,60
-72.8170483,-39.8949214,60
-72.8169829,-39.8949304,60
-72.8169164,-39.8949262,60
-72.8168466,-39.894904,60
-72.8168105,-39.8948564,60
-72.8168043,-39.8948032,60
-72.8168029,-39.894734,60
-72.8168024,-39.8946469,60
-72.8168024,-39.8945459,60
-72.8168026,-39.8944462,60
-72.8168026,-39.8943287,60
-72.8168028,-39.8942106,60
-72.8168024,-39.8940999,60
-72.816806,-39.893982,60
-72.8168281,-39.8938983,60
-72.8168834,-39.8938433,60
-72.8169706,-39.8937993,60
-72.8170694,-39.89375,60
-72.8171643,-39.8936896,60
-72.8172673,-39.8936133,60
-72.8173778,-39.8935257,60
-72.8174782,-39.893446,60
-72.8175787,-39.8933724,60
-72.817634,-39.8933357,60
-72.8176579,-39.8933109,60
-72.8176358,-39.8932899,60
-72.8176016,-39.8932673,60
-72.8175383,-39.8932347,60
-72.8174575,-39.8931921,60
-72.8174114,-39.8931433,60
-72.8174026,-39.8930871,60
-72.8174013,-39.8930191,60
-72.8174005,-39.8929326,60
-72.8174003,-39.8928432,60
-72.8174006,-39.8927693,60
-72.8174009,-39.892739,60
-72.8174001,-39.8927293,60
</coordinates></LineString>
</Placemark>
<Placemark>
<name>DJI_202603241800_005_guisela001_Timestamp.MRK</name>
<description>Equipo: M3E | Fecha: 24-03-2026 | Puntos: 532</description>
<styleUrl>#m3e</styleUrl>
<LineString><altitudeMode>relativeToGround</altitudeMode><coordinates>
-72.8190924,-39.8975313,60
-72.8190927,-39.8975572,60
-72.8190931,-39.897602,60
-72.8190932,-39.8976742,60
-72.8190933,-39.8977638,60
-72.8190931,-39.8978542,60
-72.8190938,-39.8979528,60
-72.8190875,-39.8980326,60
-72.8190678,-39.8980903,60
-72.8190407,-39.898126,60
-72.8190109,-39.8981454,60
-72.8189726,-39.8981617,60
-72.8189212,-39.898181,60
-72.8188657,-39.8981907,60
-72.8188291,-39.898183,60
-72.8188016,-39.8981617,60
-72.8187926,-39.8981254,60
-72.8187926,-39.8980909,60
-72.8187925,-39.8980564,60
-72.8187915,-39.8980172,60
-72.8187923,-39.8979963,60
-72.8187914,-39.8979844,60
-72.818792,-39.8979604,60
-72.8187922,-39.8979209,60
-72.8187923,-39.8978526,60
-72.8187921,-39.8977789,60
-72.818792,-39.8976705,60
-72.8187925,-39.8975721,60
-72.8187904,-39.8974567,60
-72.8187769,-39.8973618,60
-72.8187258,-39.8972822,60
-72.8186442,-39.8972173,60
-72.8185761,-39.8971796,60
-72.8185308,-39.8971717,60
-72.8185012,-39.8971981,60
-72.8184948,-39.8972346,60
-72.818493,-39.8972863,60
-72.8184926,-39.8973575,60
-72.8184931,-39.8974368,60
-72.8184937,-39.8975353,60
-72.8184942,-39.8976466,60
-72.8184941,-39.8977538,60
-72.8184943,-39.8978745,60
-72.8184942,-39.8979956,60
-72.8184942,-39.8980997,60
-72.8184938,-39.8981853,60
-72.8184938,-39.898237,60
-72.8184938,-39.8982605,60
-72.818494,-39.8982773,60
-72.8184927,-39.8982875,60
-72.8184933,-39.8983155,60
-72.8184904,-39.8983671,60
-72.8184763,-39.8984218,60
-72.8184411,-39.8984738,60
-72.8183702,-39.8985348,60
-72.8182918,-39.8985865,60
-72.8182458,-39.898611,60
-72.818202,-39.8986115,60
-72.818191,-39.8985786,60
-72.8181931,-39.898538,60
-72.8181937,-39.8984834,60
-72.8181934,-39.8984173,60
-72.8181931,-39.8983587,60
-72.8181934,-39.8982777,60
-72.8181936,-39.8981799,60
-72.8181937,-39.8980838,60
-72.8181938,-39.8979868,60
-72.8181935,-39.8978902,60
-72.8181938,-39.8977939,60
-72.8181934,-39.8976775,60
-72.8181928,-39.8975549,60
-72.8181932,-39.8974458,60
-72.8181929,-39.8973305,60
-72.8181933,-39.897226,60
-72.818193,-39.8971246,60
-72.8181889,-39.8970078,60
-72.8181634,-39.8969178,60
-72.818105,-39.8968511,60
-72.8180187,-39.8967906,60
-72.8179532,-39.8967592,60
-72.8179159,-39.8967676,60
-72.8178985,-39.896802,60
-72.8178945,-39.8968465,60
-72.8178939,-39.8969027,60
-72.8178941,-39.8969832,60
-72.8178948,-39.8970759,60
-72.8178953,-39.89717,60
-72.8178955,-39.8972857,60
-72.8178952,-39.8973992,60
-72.8178954,-39.8975084,60
-72.817896,-39.8976289,60
-72.8178958,-39.8977482,60
-72.8178961,-39.8978555,60
-72.8178963,-39.8979743,60
-72.8178971,-39.8980806,60
-72.8178961,-39.8981963,60
-72.8178961,-39.8983142,60
-72.8178955,-39.898431,60
-72.8178961,-39.8985361,60
-72.8178964,-39.8986381,60
-72.8178914,-39.898727,60
-72.8178764,-39.8987894,60
-72.8178369,-39.898848,60
-72.81776,-39.8988832,60
-72.8176831,-39.898896,60
-72.8176308,-39.8988904,60
-72.817601,-39.8988552,60
-72.8175965,-39.8988114,60
-72.8175957,-39.89875,60
-72.8175954,-39.8986688,60
-72.8175954,-39.8985844,60
-72.8175953,-39.8984771,60
-72.8175952,-39.8983613,60
-72.8175953,-39.8982398,60
-72.8175951,-39.8981303,60
-72.8175947,-39.8980111,60
-72.8175949,-39.8978927,60
-72.8175946,-39.8977861,60
-72.8175942,-39.8976677,60
-72.8175944,-39.8975498,60
-72.8175948,-39.8974431,60
-72.8175948,-39.8973234,60
-72.8175951,-39.897217,60
-72.8175946,-39.8970976,60
-72.8175951,-39.8969797,60
-72.8175952,-39.8968618,60
-72.8175955,-39.8967557,60
-72.8175942,-39.8966365,60
-72.8175831,-39.8965482,60
-72.8175377,-39.8964759,60
-72.8174535,-39.8964228,60
-72.8173821,-39.8963918,60
-72.8173405,-39.8963885,60
-72.8173061,-39.8964196,60
-72.817297,-39.8964635,60
-72.8172959,-39.8965128,60
-72.8172961,-39.8965862,60
-72.8172963,-39.8966781,60
-72.8172963,-39.8967726,60
-72.8172969,-39.8968844,60
-72.8172965,-39.8969735,60
-72.8172967,-39.8970813,60
-72.8172973,-39.8971972,60
-72.8172971,-39.8973107,60
-72.8172973,-39.8974123,60
-72.8172974,-39.8975303,60
-72.8172971,-39.8976502,60
-72.8172973,-39.897755,60
-72.8172979,-39.8978628,60
-72.8172978,-39.8979745,60
-72.817298,-39.8980853,60
-72.8172981,-39.8981933,60
-72.8172981,-39.8983166,60
-72.8172982,-39.8984248,60
-72.8172977,-39.8985444,60
-72.8172972,-39.8986635,60
-72.8172975,-39.898767,60
-72.8172969,-39.8988698,60
-72.8172883,-39.8989583,60
-72.8172643,-39.8990126,60
-72.8171987,-39.8990492,60
-72.8171052,-39.8990638,60
-72.8170479,-39.8990619,60
-72.8170091,-39.8990311,60
-72.8169984,-39.898983,60
-72.8169969,-39.8989292,60
-72.8169965,-39.8988524,60
-72.8169968,-39.8987713,60
-72.8169964,-39.8986652,60
-72.816996,-39.8985501,60
-72.8169961,-39.8984285,60
-72.8169961,-39.8983194,60
-72.8169963,-39.8982011,60
-72.8169966,-39.8980847,60
-72.8169966,-39.897977,60
-72.8169961,-39.8978574,60
-72.8169956,-39.8977381,60
-72.8169958,-39.8976315,60
-72.8169961,-39.8975134,60
-72.8169963,-39.897395,60
-72.8169962,-39.8972879,60
-72.8169963,-39.8971692,60
-72.8169961,-39.8970505,60
-72.8169966,-39.8969331,60
-72.8169969,-39.896826,60
-72.8169971,-39.8967089,60
-72.816997,-39.89661,60
-72.816997,-39.8965029,60
-72.8169955,-39.896401,60
-72.8169864,-39.8963293,60
-72.8169505,-39.8962753,60
-72.8168899,-39.8962493,60
-72.8168173,-39.8962334,60
-72.8167448,-39.8962362,60
-72.8167069,-39.8962698,60
-72.8166992,-39.8963142,60
-72.8166976,-39.8963731,60
-72.8166986,-39.8964483,60
-72.816699,-39.8965319,60
-72.8166995,-39.8966393,60
-72.8166997,-39.8967502,60
-72.8166997,-39.896857,60
-72.8166999,-39.896977,60
-72.8167001,-39.8970934,60
-72.8167003,-39.8972124,60
-72.8166999,-39.8973206,60
-72.8166998,-39.8974384,60
-72.8166997,-39.8975322,60
-72.8166998,-39.8976428,60
-72.8166997,-39.897764,60
-72.8166996,-39.8978742,60
-72.8166993,-39.8979951,60
-72.8166992,-39.8981141,60
-72.8166992,-39.898232,60
-72.8166996,-39.8983391,60
-72.8166995,-39.8984576,60
-72.8167001,-39.8985752,60
-72.8167001,-39.8986606,60
-72.8166991,-39.8987425,60
-72.8167,-39.8988287,60
-72.8166999,-39.8988956,60
-72.8166994,-39.8989616,60
-72.8166941,-39.8990417,60
-72.8166807,-39.899091,60
-72.8166391,-39.8991262,60
-72.8165604,-39.8991311,60
-72.8164848,-39.8991225,60
-72.816427,-39.8990947,60
-72.8164023,-39.899045,60
-72.8163993,-39.8989912,60
-72.8163989,-39.898918,60
-72.8163981,-39.8988374,60
-72.8163983,-39.8987367,60
-72.8163981,-39.8986223,60
-72.8163981,-39.8985007,60
-72.8163977,-39.898391,60
-72.8163974,-39.8982707,60
-72.8163974,-39.8981515,60
-72.8163977,-39.8980445,60
-72.8163978,-39.8979266,60
-72.8163979,-39.8978081,60
-72.8163978,-39.8977014,60
-72.816398,-39.8975827,60
-72.8163984,-39.8974762,60
-72.8163983,-39.8973582,60
-72.8163982,-39.8972402,60
-72.8163981,-39.8971336,60
-72.8163983,-39.8970147,60
-72.8163981,-39.8968955,60
-72.8163982,-39.8967764,60
-72.8163985,-39.8966705,60
-72.816399,-39.8965583,60
-72.8163996,-39.8964426,60
-72.8163994,-39.8963373,60
-72.8163997,-39.896217,60
-72.8163917,-39.8961039,60
-72.816363,-39.8960259,60
-72.8162925,-39.8959543,60
-72.8162127,-39.8959022,60
-72.8161535,-39.895874,60
-72.8161144,-39.8958871,60
-72.816102,-39.8959208,60
-72.8161002,-39.8959654,60
-72.8161,-39.8960298,60
-72.8161006,-39.8961141,60
-72.816101,-39.8962032,60
-72.8161009,-39.8963109,60
-72.8161004,-39.8964175,60
-72.8161009,-39.8965364,60
-72.816101,-39.8966468,60
-72.8161009,-39.8967675,60
-72.8161006,-39.896875,60
-72.816101,-39.8969939,60
-72.8161015,-39.8971126,60
-72.8161011,-39.8972185,60
-72.8161011,-39.8973369,60
-72.8161013,-39.8974554,60
-72.8161013,-39.8975735,60
-72.8161012,-39.8976805,60
-72.8161009,-39.8977994,60
-72.8161011,-39.8979058,60
-72.8161013,-39.8980243,60
-72.8161009,-39.8981426,60
-72.8161004,-39.898249,60
-72.8161006,-39.8983635,60
-72.8161003,-39.8984832,60
-72.8161001,-39.8985918,60
-72.8161,-39.8986911,60
-72.8160995,-39.8987688,60
-72.8161005,-39.8988456,60
-72.8161008,-39.8989201,60
-72.8160999,-39.8989993,60
-72.8160915,-39.8990603,60
-72.8160695,-39.8991059,60
-72.816018,-39.8991398,60
-72.8159454,-39.8991421,60
-72.8158671,-39.8991331,60
-72.815819,-39.899101,60
-72.8158035,-39.8990559,60
-72.8158012,-39.8989969,60
-72.8158011,-39.8989205,60
-72.8158013,-39.8988269,60
-72.8158008,-39.8987317,60
-72.8158007,-39.8986175,60
-72.8158007,-39.8984968,60
-72.815801,-39.8983873,60
-72.8158009,-39.8982678,60
-72.8158006,-39.8981611,60
-72.8158007,-39.8980427,60
-72.8158008,-39.8979243,60
-72.8158005,-39.8978064,60
-72.8158008,-39.8976998,60
-72.8158009,-39.8975816,60
-72.8158005,-39.897475,60
-72.8158003,-39.8973565,60
-72.8158007,-39.8972379,60
-72.8158004,-39.8971193,60
-72.8158006,-39.8970127,60
-72.8158007,-39.8968933,60
-72.8158006,-39.8967749,60
-72.8158006,-39.896669,60
-72.8158007,-39.8965499,60
-72.8158009,-39.8964308,60
-72.815801,-39.8963253,60
-72.8158015,-39.8962054,60
-72.8158013,-39.8960869,60
-72.8158012,-39.8959983,60
-72.8158014,-39.8959151,60
-72.8157986,-39.895825,60
-72.815783,-39.8957532,60
-72.8157313,-39.895697,60
-72.8156582,-39.8956644,60
-72.8155795,-39.8956463,60
-72.8155283,-39.8956592,60
-72.815505,-39.8956993,60
-72.8155021,-39.8957438,60
-72.8155025,-39.8958078,60
-72.8155027,-39.8958894,60
-72.8155026,-39.8959727,60
-72.8155027,-39.8960728,60
-72.815503,-39.896182,60
-72.8155031,-39.8962858,60
-72.8155031,-39.8964056,60
-72.8155029,-39.8965242,60
-72.8155029,-39.8966037,60
-72.8155025,-39.8966714,60
-72.8155033,-39.8967519,60
-72.8155034,-39.8968414,60
-72.8155034,-39.896951,60
-72.8155034,-39.8970688,60
-72.8155032,-39.8971783,60
-72.8155032,-39.8972994,60
-72.8155031,-39.8974189,60
-72.8155033,-39.8975259,60
-72.8155028,-39.8976443,60
-72.8155029,-39.8977624,60
-72.8155024,-39.8978689,60
-72.8155025,-39.8979874,60
-72.8155027,-39.8981058,60
-72.8155026,-39.8982115,60
-72.8155025,-39.8983302,60
-72.8155022,-39.8984287,60
-72.8155026,-39.898517,60
-72.8155026,-39.8986274,60
-72.8155029,-39.8987348,60
-72.8155023,-39.8988372,60
-72.8155024,-39.8989219,60
-72.815502,-39.8990078,60
-72.8154945,-39.8990917,60
-72.8154697,-39.8991354,60
-72.815409,-39.8991592,60
-72.8153427,-39.8991626,60
-72.8152649,-39.8991531,60
-72.8152183,-39.8991181,60
-72.8152027,-39.899066,60
-72.8152034,-39.8990087,60
-72.8152034,-39.8989295,60
-72.8152027,-39.8988417,60
-72.8152028,-39.8987586,60
-72.8152025,-39.8986559,60
-72.8152026,-39.8985561,60
-72.8152024,-39.8984374,60
-72.8152028,-39.8983163,60
-72.8152022,-39.8981965,60
-72.8152022,-39.8980893,60
-72.8152023,-39.8979709,60
-72.8152026,-39.8978535,60
-72.8152026,-39.8977467,60
-72.8152026,-39.8976281,60
-72.8152024,-39.8975094,60
-72.8152024,-39.8974031,60
-72.8152024,-39.897285,60
-72.8152024,-39.8971662,60
-72.8152026,-39.8970475,60
-72.8152026,-39.8969406,60
-72.8152029,-39.8968229,60
-72.8152022,-39.8967043,60
-72.8152025,-39.8965972,60
-72.8152029,-39.8964795,60
-72.8152031,-39.8963604,60
-72.815203,-39.8962525,60
-72.8152024,-39.8961338,60
-72.8152027,-39.8960155,60
-72.8152028,-39.895914,60
-72.8152028,-39.8958377,60
-72.8152027,-39.8957634,60
-72.8152017,-39.8956818,60
-72.8151935,-39.8956161,60
-72.8151696,-39.8955703,60
-72.8151074,-39.8955455,60
-72.8150247,-39.8955484,60
-72.8149588,-39.8955582,60
-72.8149159,-39.8955947,60
-72.8149049,-39.8956466,60
-72.8149043,-39.8957021,60
-72.8149043,-39.8957783,60
-72.8149049,-39.8958714,60
-72.8149047,-39.8959626,60
-72.8149044,-39.89607,60
-72.8149047,-39.8961879,60
-72.8149048,-39.8963092,60
-72.8149049,-39.8964174,60
-72.8149048,-39.8965364,60
-72.8149049,-39.8966434,60
-72.814905,-39.8967613,60
-72.814905,-39.8968798,60
-72.8149047,-39.8969866,60
-72.8149046,-39.8971053,60
-72.8149049,-39.897224,60
-72.8149049,-39.8973304,60
-72.814905,-39.8974486,60
-72.8149044,-39.897567,60
-72.8149044,-39.8976739,60
-72.8149042,-39.897793,60
-72.8149043,-39.8979064,60
-72.8149043,-39.8980209,60
-72.8149039,-39.8981182,60
-72.8149041,-39.8982337,60
-72.8149036,-39.8983413,60
-72.8149038,-39.8984604,60
-72.8149043,-39.8985798,60
-72.8149044,-39.8986844,60
-72.814905,-39.8987994,60
-72.8149048,-39.898893,60
-72.8149054,-39.8989926,60
-72.814902,-39.8990688,60
-72.8148878,-39.8991308,60
-72.8148496,-39.8991595,60
-72.8147778,-39.899156,60
-72.8147067,-39.8991439,60
-72.8146414,-39.8991136,60
-72.8146096,-39.8990631,60
-72.8146051,-39.8990009,60
-72.8146047,-39.898933,60
-72.8146042,-39.8988439,60
-72.8146044,-39.89874,60
-72.8146043,-39.898625,60
-72.8146039,-39.8985162,60
-72.8146041,-39.8983943,60
-72.8146037,-39.898286,60
-72.8146042,-39.898167,60
-72.8146038,-39.8980482,60
-72.8146037,-39.897941,60
-72.8146039,-39.8978223,60
-72.8146039,-39.8977038,60
-72.8146043,-39.8975968,60
-72.8146043,-39.8974787,60
-72.8146044,-39.8973601,60
-72.8146043,-39.8972537,60
-72.8146043,-39.8971349,60
-72.8146046,-39.8970163,60
-72.8146048,-39.89691,60
-72.8146046,-39.8967918,60
-72.8146049,-39.8966732,60
-72.8146048,-39.896566,60
-72.8146046,-39.8964467,60
-72.8146051,-39.8963288,60
-72.814605,-39.8962219,60
-72.8146048,-39.8961013,60
-72.8146053,-39.8959829,60
-72.8146055,-39.8958949,60
-72.814605,-39.8958284,60
-72.8146048,-39.8957735,60
-72.8146049,-39.8957145,60
-72.8146004,-39.8956332,60
-72.8145834,-39.8955848,60
-72.8145414,-39.8955691,60
-72.8144877,-39.8955809,60
-72.8144311,-39.895607,60
-72.8143687,-39.8956456,60
-72.8143177,-39.8957151,60
-72.8143048,-39.8957973,60
-72.8143057,-39.8958771,60
-72.8143065,-39.8959763,60
-72.814306,-39.8960879,60
-72.8143068,-39.8961952,60
-72.814307,-39.8963175,60
-72.8143075,-39.8964356,60
-72.814307,-39.8965385,60
-72.8143079,-39.8966566,60
-72.8143079,-39.8967754,60
-72.8143078,-39.896882,60
-72.8143081,-39.8970009,60
-72.8143078,-39.8971189,60
-72.8143075,-39.8972251,60
-72.8143073,-39.8973441,60
-72.8143074,-39.8974629,60
-72.8143073,-39.8975697,60
-72.8143049,-39.8976752,60
-72.8142944,-39.8977291,60
-72.8142807,-39.8977418,60
-72.8142653,-39.8977256,60
-72.8142505,-39.8976942,60
-72.814229,-39.8976461,60
-72.8141979,-39.8975746,60
-72.81416,-39.8974881,60
-72.8141215,-39.8974002,60
-72.8140747,-39.8972927,60
-72.8140306,-39.8971774,60
-72.8140106,-39.8970583,60
-72.8140066,-39.8969515,60
-72.8140065,-39.8968365,60
-72.8140061,-39.8967184,60
-72.8140058,-39.8966097,60
-72.8140061,-39.8964897,60
-72.8140066,-39.896382,60
-72.8140069,-39.896265,60
-72.8140068,-39.8961678,60
-72.8140068,-39.8960935,60
-72.8140065,-39.8960435,60
-72.8140062,-39.8960143,60
-72.8140065,-39.8960113,60
</coordinates></LineString>
</Placemark>
<Placemark>
<name>DJI_202603241816_006_guisela006_Timestamp.MRK</name>
<description>Equipo: M3E | Fecha: 24-03-2026 | Puntos: 694</description>
<styleUrl>#m3e</styleUrl>
<LineString><altitudeMode>relativeToGround</altitudeMode><coordinates>
-72.829496,-39.8972628,60
-72.8294961,-39.8972385,60
-72.8294948,-39.8971934,60
-72.8294943,-39.8971524,60
-72.829494,-39.8971163,60
-72.829494,-39.8970766,60
-72.829494,-39.8970356,60
-72.8294948,-39.8969759,60
-72.8294944,-39.8969329,60
-72.829494,-39.8968759,60
-72.8294931,-39.8967991,60
-72.8294859,-39.8967188,60
-72.8294761,-39.8966157,60
-72.8294806,-39.8965476,60
-72.8294916,-39.8964916,60
-72.8294941,-39.8964157,60
-72.8294943,-39.8963246,60
-72.8294946,-39.8962316,60
-72.829494,-39.8961219,60
-72.8294948,-39.8960028,60
-72.8294932,-39.8959038,60
-72.8294889,-39.895834,60
-72.8294828,-39.8958029,60
-72.8294803,-39.8958176,60
-72.8294751,-39.8958514,60
-72.8294685,-39.8958822,60
-72.8294587,-39.8959286,60
-72.8294444,-39.896,60
-72.8294272,-39.8960887,60
-72.8294099,-39.8961774,60
-72.8293899,-39.8962799,60
-72.8293712,-39.8963792,60
-72.8293504,-39.896494,60
-72.8293279,-39.8966097,60
-72.8293061,-39.8967228,60
-72.8292887,-39.896818,60
-72.8292702,-39.8969191,60
-72.8292526,-39.8970115,60
-72.8292406,-39.8970789,60
-72.8292324,-39.8971191,60
-72.8292246,-39.8971572,60
-72.8292153,-39.89719,60
-72.8292042,-39.8972091,60
-72.8291977,-39.8971958,60
-72.8291973,-39.8971686,60
-72.8291979,-39.8971226,60
-72.8291977,-39.897054,60
-72.8291969,-39.8969752,60
-72.8291961,-39.896877,60
-72.8291961,-39.8967675,60
-72.8291961,-39.8966613,60
-72.8291962,-39.8965399,60
-72.8291962,-39.8964195,60
-72.8291962,-39.8963119,60
-72.8291956,-39.8961931,60
-72.8291955,-39.8960749,60
-72.8291958,-39.8959685,60
-72.8291956,-39.8958487,60
-72.8291961,-39.8957358,60
-72.8291954,-39.8956354,60
-72.8291955,-39.8955285,60
-72.8291955,-39.8954174,60
-72.8291957,-39.8953002,60
-72.8291957,-39.895191,60
-72.8291958,-39.8950708,60
-72.829195,-39.8949631,60
-72.8291952,-39.8948433,60
-72.8291957,-39.8947267,60
-72.8291959,-39.8946476,60
-72.829196,-39.8945992,60
-72.8291958,-39.8945894,60
-72.8291961,-39.8945897,60
-72.8291957,-39.8945863,60
-72.829196,-39.8945655,60
-72.8291953,-39.8945237,60
-72.8291954,-39.8944555,60
-72.8291952,-39.8943707,60
-72.8291954,-39.8942838,60
-72.8291949,-39.8941755,60
-72.8291952,-39.8940574,60
-72.8291913,-39.8939489,60
-72.8291615,-39.8938457,60
-72.8290945,-39.8937568,60
-72.8290102,-39.8936756,60
-72.8289584,-39.8936382,60
-72.8289226,-39.8936261,60
-72.8289003,-39.8936497,60
-72.8288972,-39.8936827,60
-72.828897,-39.8937346,60
-72.8288971,-39.8937969,60
-72.8288974,-39.8938807,60
-72.828898,-39.8939732,60
-72.8288977,-39.8940638,60
-72.8288976,-39.8941702,60
-72.8288976,-39.8942811,60
-72.8288973,-39.8943951,60
-72.8288977,-39.8945032,60
-72.828897,-39.894625,60
-72.8288963,-39.8947413,60
-72.8288971,-39.8948403,60
-72.828897,-39.8949474,60
-72.828897,-39.8950448,60
-72.8288969,-39.8951667,60
-72.8288972,-39.8952891,60
-72.8288962,-39.8954089,60
-72.828896,-39.8955126,60
-72.8288972,-39.8956292,60
-72.8288971,-39.8957495,60
-72.8288975,-39.8958553,60
-72.8288978,-39.8959722,60
-72.8288981,-39.8960843,60
-72.8288979,-39.8961883,60
-72.8288979,-39.8963048,60
-72.8288967,-39.8964248,60
-72.8288972,-39.8965301,60
-72.828898,-39.8966432,60
-72.8288984,-39.8967479,60
-72.8288978,-39.8968387,60
-72.8288975,-39.8969291,60
-72.828897,-39.89701,60
-72.8288977,-39.8970556,60
-72.8288976,-39.8970978,60
-72.8288979,-39.8971451,60
-72.8288982,-39.8971887,60
-72.8288971,-39.8972234,60
-72.8288913,-39.8972636,60
-72.8288612,-39.8973022,60
-72.8287957,-39.8973237,60
-72.828721,-39.8973232,60
-72.8286496,-39.8973081,60
-72.8286131,-39.8972752,60
-72.8285976,-39.8972271,60
-72.8285976,-39.8971686,60
-72.8285982,-39.8971,60
-72.8285973,-39.8970214,60
-72.8285968,-39.8969411,60
-72.8285969,-39.8968397,60
-72.8285969,-39.896728,60
-72.8285968,-39.8966206,60
-72.8285974,-39.896499,60
-72.8285973,-39.8963784,60
-72.828597,-39.896271,60
-72.8285973,-39.8961516,60
-72.8285969,-39.896033,60
-72.8285969,-39.8959268,60
-72.828597,-39.8958087,60
-72.8285973,-39.8956907,60
-72.8285978,-39.8955843,60
-72.8285978,-39.8954652,60
-72.8285971,-39.8953465,60
-72.8285971,-39.8952399,60
-72.8285967,-39.8951218,60
-72.8285966,-39.8950021,60
-72.8285966,-39.8949011,60
-72.8285965,-39.8948125,60
-72.8285968,-39.894751,60
-72.8285966,-39.8946968,60
-72.8285966,-39.8946276,60
-72.8285967,-39.8945411,60
-72.8285971,-39.8944406,60
-72.8285973,-39.8943397,60
-72.8285974,-39.8942273,60
-72.8285976,-39.8941316,60
-72.8285973,-39.8940414,60
-72.828597,-39.8939314,60
-72.8285921,-39.8938436,60
-72.8285746,-39.8937939,60
-72.8285338,-39.8937832,60
-72.82849,-39.8938,60
-72.8284396,-39.8938294,60
-72.8283734,-39.8938756,60
-72.8283167,-39.8939414,60
-72.8283019,-39.8939989,60
-72.8282991,-39.8940737,60
-72.8282993,-39.8941534,60
-72.828299,-39.8942559,60
-72.8283,-39.8943662,60
-72.8282998,-39.8944713,60
-72.8282992,-39.8945734,60
-72.8282993,-39.8946887,60
-72.8282993,-39.8948105,60
-72.8282999,-39.8949184,60
-72.8282997,-39.8950389,60
-72.8282997,-39.895159,60
-72.8282996,-39.8952659,60
-72.8282997,-39.8953837,60
-72.8282994,-39.8954883,60
-72.8282991,-39.8955966,60
-72.8282994,-39.8957102,60
-72.8283001,-39.8958241,60
-72.8282993,-39.895926,60
-72.8282992,-39.8960331,60
-72.8282988,-39.8961323,60
-72.828299,-39.8962188,60
-72.8282996,-39.8963132,60
-72.8282996,-39.8964076,60
-72.828299,-39.8965012,60
-72.8282986,-39.896612,60
-72.8282988,-39.8967312,60
-72.8282994,-39.8968341,60
-72.8282995,-39.8969459,60
-72.8282997,-39.8970522,60
-72.8282986,-39.8971334,60
-72.8282991,-39.8971957,60
-72.8282959,-39.8972418,60
-72.828285,-39.8972665,60
-72.8282632,-39.8972731,60
-72.8282174,-39.8972707,60
-72.8281475,-39.8972671,60
-72.8280767,-39.89726,60
-72.8280226,-39.8972337,60
-72.8280022,-39.8971931,60
-72.8279984,-39.897148,60
-72.8279997,-39.8970881,60
-72.8279991,-39.8970181,60
-72.8279989,-39.8969255,60
-72.8279991,-39.8968193,60
-72.8279983,-39.8967146,60
-72.8279988,-39.8965929,60
-72.8279987,-39.8964717,60
-72.8279987,-39.8963641,60
-72.8279987,-39.8962455,60
-72.8279987,-39.8961265,60
-72.8279988,-39.8960197,60
-72.8279989,-39.8959013,60
-72.8279992,-39.8957825,60
-72.8279989,-39.8956757,60
-72.8279989,-39.8955578,60
-72.8279986,-39.8954397,60
-72.8279985,-39.8953328,60
-72.8279987,-39.8952143,60
-72.827999,-39.8950953,60
-72.827999,-39.8950068,60
-72.8279993,-39.8949473,60
-72.8279988,-39.8949267,60
-72.8279993,-39.8949108,60
-72.8279991,-39.8948714,60
-72.8279987,-39.8948073,60
-72.8279985,-39.8947342,60
-72.8279988,-39.8946385,60
-72.8279987,-39.8945311,60
-72.8279987,-39.8944286,60
-72.8279984,-39.8943122,60
-72.8279964,-39.8941978,60
-72.8279858,-39.8941284,60
-72.8279554,-39.8940869,60
-72.8278927,-39.8940808,60
-72.827824,-39.8940915,60
-72.8277502,-39.8941185,60
-72.8277128,-39.8941518,60
-72.8276944,-39.8941926,60
-72.8276981,-39.8942531,60
-72.8277009,-39.8943004,60
-72.8277003,-39.894341,60
-72.8277012,-39.8943823,60
-72.8277006,-39.8944077,60
-72.8277004,-39.8944436,60
-72.8277008,-39.8945081,60
-72.8277008,-39.8945895,60
-72.8277015,-39.8946831,60
-72.8277016,-39.8947782,60
-72.8277022,-39.8948916,60
-72.827702,-39.8949935,60
-72.8277016,-39.8951113,60
-72.8277015,-39.8952261,60
-72.8277012,-39.8953287,60
-72.8277013,-39.8954412,60
-72.8277007,-39.8955413,60
-72.8277006,-39.8956035,60
-72.8277008,-39.8956658,60
-72.8277011,-39.8957434,60
-72.8277011,-39.8958237,60
-72.8277018,-39.8959228,60
-72.8277011,-39.8960316,60
-72.8277012,-39.8961379,60
-72.8277008,-39.896258,60
-72.8277008,-39.8963733,60
-72.8277008,-39.8964826,60
-72.8277007,-39.8966055,60
-72.8277007,-39.8967228,60
-72.8277013,-39.8968243,60
-72.8277009,-39.8969376,60
-72.8277008,-39.8970574,60
-72.8276986,-39.8971594,60
-72.8276896,-39.8972356,60
-72.8276608,-39.8972823,60
-72.8276357,-39.897296,60
-72.8275847,-39.89731,60
-72.827507,-39.8973213,60
-72.8274401,-39.8973165,60
-72.8274057,-39.8972878,60
-72.8274004,-39.8972339,60
-72.8274026,-39.897177,60
-72.8274017,-39.8970965,60
-72.8274013,-39.8969978,60
-72.8274011,-39.8968901,60
-72.8274008,-39.8967847,60
-72.8274005,-39.8966631,60
-72.8274007,-39.896554,60
-72.8274005,-39.8964347,60
-72.8274003,-39.8963159,60
-72.8274004,-39.8961962,60
-72.8274005,-39.8960914,60
-72.8274005,-39.8959726,60
-72.8274012,-39.8958545,60
-72.8274009,-39.8957467,60
-72.8274008,-39.8956277,60
-72.8274008,-39.8955105,60
-72.8274008,-39.8954028,60
-72.827401,-39.8952852,60
-72.8274001,-39.8951657,60
-72.8274001,-39.8950591,60
-72.8274002,-39.894948,60
-72.8274,-39.8948609,60
-72.8274001,-39.8947853,60
-72.8274,-39.8946958,60
-72.8274007,-39.8946097,60
-72.8274008,-39.8945415,60
-72.8274005,-39.8944587,60
-72.8274007,-39.8943887,60
-72.8274007,-39.8943255,60
-72.8274004,-39.8942682,60
-72.8274,-39.8942296,60
-72.8274002,-39.8942045,60
-72.8274011,-39.8941627,60
-72.8274006,-39.8940997,60
-72.8273883,-39.894048,60
-72.8273487,-39.8940159,60
-72.8272901,-39.893995,60
-72.8272258,-39.8939614,60
-72.8271545,-39.8939241,60
-72.8271188,-39.8939169,60
-72.8271049,-39.893939,60
-72.8271026,-39.8939727,60
-72.8271021,-39.8940255,60
-72.8271023,-39.894097,60
-72.8271029,-39.8941747,60
-72.8271029,-39.8942711,60
-72.8271024,-39.8943681,60
-72.8271026,-39.8944781,60
-72.8271034,-39.8945911,60
-72.8271029,-39.894694,60
-72.8271029,-39.8948152,60
-72.8271029,-39.8949247,60
-72.8271036,-39.8950447,60
-72.8271026,-39.8951597,60
-72.8271026,-39.8952698,60
-72.8271024,-39.8953604,60
-72.8271022,-39.8954623,60
-72.8271033,-39.8955753,60
-72.8271033,-39.8956843,60
-72.8271028,-39.8958058,60
-72.8271026,-39.8959233,60
-72.8271029,-39.8960298,60
-72.8271031,-39.8961497,60
-72.8271026,-39.8962571,60
-72.8271041,-39.8963738,60
-72.8271037,-39.8964913,60
-72.8271033,-39.8966109,60
-72.8271028,-39.8967162,60
-72.8271029,-39.8968289,60
-72.8271032,-39.8969385,60
-72.8271033,-39.8970471,60
-72.8271035,-39.8971214,60
-72.8271031,-39.8971785,60
-72.827103,-39.8972188,60
-72.8271034,-39.8972508,60
-72.8271029,-39.8972808,60
-72.8271002,-39.8973247,60
-72.8270977,-39.8973459,60
-72.8270923,-39.8973598,60
-72.8270759,-39.8973812,60
-72.8270249,-39.8974105,60
-72.8269559,-39.8974284,60
-72.8268906,-39.8974377,60
-72.8268338,-39.8974235,60
-72.826808,-39.8973895,60
-72.8268044,-39.8973475,60
-72.826804,-39.8972998,60
-72.8268032,-39.8972536,60
-72.8268029,-39.8972037,60
-72.8268029,-39.8971392,60
-72.826802,-39.8970572,60
-72.826802,-39.8969707,60
-72.8268025,-39.8968646,60
-72.8268025,-39.8967468,60
-72.8268023,-39.8966375,60
-72.8268025,-39.8965179,60
-72.8268021,-39.8963981,60
-72.826802,-39.8962897,60
-72.8268021,-39.8961725,60
-72.8268023,-39.896054,60
-72.826802,-39.8959461,60
-72.8268024,-39.8958277,60
-72.8268021,-39.895709,60
-72.8268024,-39.8956029,60
-72.8268021,-39.8954845,60
-72.8268025,-39.895366,60
-72.8268024,-39.8952473,60
-72.8268023,-39.8951411,60
-72.8268023,-39.8950219,60
-72.8268026,-39.8949034,60
-72.8268025,-39.894797,60
-72.8268027,-39.8946782,60
-72.8268026,-39.8945592,60
-72.8268026,-39.8944529,60
-72.8268027,-39.8943336,60
-72.8268027,-39.8942345,60
-72.8268027,-39.8941259,60
-72.8268025,-39.894025,60
-72.8268028,-39.8939507,60
-72.8268019,-39.893875,60
-72.8268018,-39.8938115,60
-72.8267904,-39.8937564,60
-72.8267595,-39.8937359,60
-72.8267129,-39.8937421,60
-72.8266735,-39.8937654,60
-72.8266151,-39.8938032,60
-72.8265489,-39.8938627,60
-72.826516,-39.8939194,60
-72.8265069,-39.8939697,60
-72.8265046,-39.8939976,60
-72.8265042,-39.8940178,60
-72.8265046,-39.8940559,60
-72.8265047,-39.8941137,60
-72.8265048,-39.8941842,60
-72.826505,-39.8942614,60
-72.8265052,-39.8943617,60
-72.8265056,-39.8944607,60
-72.8265051,-39.8945787,60
-72.8265043,-39.8947009,60
-72.8265047,-39.8948205,60
-72.8265046,-39.8949279,60
-72.8265046,-39.895044,60
-72.8265047,-39.89515,60
-72.8265052,-39.8952691,60
-72.8265058,-39.8953824,60
-72.8265049,-39.8955009,60
-72.8265053,-39.8956022,60
-72.826505,-39.8957225,60
-72.8265049,-39.8958414,60
-72.8265046,-39.8959495,60
-72.8265045,-39.8960684,60
-72.8265042,-39.8961768,60
-72.826504,-39.8962931,60
-72.8265052,-39.8963979,60
-72.8265048,-39.8965116,60
-72.8265041,-39.8966216,60
-72.8265038,-39.8967464,60
-72.8265043,-39.8968612,60
-72.826504,-39.8969545,60
-72.826505,-39.8970348,60
-72.826505,-39.8971111,60
-72.8265052,-39.8971572,60
-72.8265044,-39.8971918,60
-72.8265042,-39.897224,60
-72.8265042,-39.8972526,60
-72.8265046,-39.8972841,60
-72.8265044,-39.8973128,60
-72.826504,-39.897341,60
-72.826504,-39.8973614,60
-72.8265045,-39.8973801,60
-72.8265041,-39.8974086,60
-72.8264971,-39.8974538,60
-72.8264555,-39.8974885,60
-72.8264037,-39.8974943,60
-72.8263393,-39.8974793,60
-72.8262739,-39.8974551,60
-72.8262275,-39.8974163,60
-72.8262062,-39.8973767,60
-72.8262057,-39.897343,60
-72.8262057,-39.8973082,60
-72.8262046,-39.8972554,60
-72.8262048,-39.8972018,60
-72.8262051,-39.897143,60
-72.8262049,-39.8970607,60
-72.826205,-39.8969629,60
-72.8262045,-39.8968648,60
-72.8262045,-39.8967467,60
-72.8262041,-39.8966248,60
-72.8262041,-39.8965158,60
-72.8262045,-39.8963965,60
-72.8262044,-39.8962781,60
-72.8262044,-39.8961714,60
-72.826204,-39.8960524,60
-72.8262044,-39.8959338,60
-72.8262045,-39.8958272,60
-72.8262043,-39.8957092,60
-72.8262045,-39.8955957,60
-72.8262047,-39.895501,60
-72.8262043,-39.8953702,60
-72.8262044,-39.8952929,60
-72.8262045,-39.8951805,60
-72.8262049,-39.8951017,60
-72.8262045,-39.8950121,60
-72.8262044,-39.8949209,60
-72.8262043,-39.8948098,60
-72.8262049,-39.8946876,60
-72.8262045,-39.8945785,60
-72.8262053,-39.8944664,60
-72.8262054,-39.8943852,60
-72.8262043,-39.8943303,60
-72.8262043,-39.8942886,60
-72.8262042,-39.8942375,60
-72.8262041,-39.8941902,60
-72.826195,-39.894138,60
-72.8261622,-39.8941071,60
-72.8261132,-39.8941048,60
-72.8260614,-39.8941253,60
-72.8259961,-39.8941589,60
-72.825938,-39.8942107,60
-72.8259077,-39.8942874,60
-72.8259063,-39.8943541,60
-72.8259069,-39.894397,60
-72.8259066,-39.8944396,60
-72.8259064,-39.8944957,60
-72.825907,-39.8945396,60
-72.8259063,-39.8945755,60
-72.8259069,-39.8946251,60
-72.8259071,-39.8946881,60
-72.8259072,-39.8947754,60
-72.8259071,-39.894877,60
-72.8259069,-39.8949783,60
-72.8259066,-39.8950981,60
-72.8259066,-39.8952193,60
-72.8259064,-39.8953389,60
-72.8259062,-39.8954472,60
-72.8259064,-39.8955588,60
-72.8259068,-39.8956676,60
-72.8259068,-39.8957696,60
-72.8259066,-39.8958852,60
-72.8259062,-39.8959941,60
-72.825906,-39.8961147,60
-72.8259053,-39.8962353,60
-72.8259055,-39.8963427,60
-72.8259061,-39.8964603,60
-72.8259062,-39.8965773,60
-72.825906,-39.8966975,60
-72.8259062,-39.8968016,60
-72.8259061,-39.8969011,60
-72.825906,-39.8969889,60
-72.825907,-39.8970962,60
-72.8259062,-39.897171,60
-72.8259063,-39.8972074,60
-72.8259033,-39.8972083,60
-72.8259019,-39.8971832,60
-72.8259006,-39.8971438,60
-72.8258982,-39.8970803,60
-72.8258953,-39.8970116,60
-72.8258907,-39.8969355,60
-72.8258768,-39.8968567,60
-72.8258375,-39.8968132,60
-72.8257708,-39.8967966,60
-72.8257025,-39.8967862,60
-72.825639,-39.8967599,60
-72.8256127,-39.8967156,60
-72.8256073,-39.8966588,60
-72.8256061,-39.8965891,60
-72.8256061,-39.8965121,60
-72.8256061,-39.896412,60
-72.8256065,-39.8963014,60
-72.8256061,-39.8961815,60
-72.8256059,-39.8960719,60
-72.8256061,-39.8959515,60
-72.8256063,-39.8958439,60
-72.8256062,-39.8957283,60
-72.8256062,-39.8956242,60
-72.8256068,-39.8955515,60
-72.8256064,-39.8955269,60
-72.8256058,-39.8955275,60
-72.8256061,-39.8955269,60
-72.8256059,-39.8955263,60
-72.8256059,-39.8955259,60
-72.8256062,-39.8955217,60
-72.8256069,-39.8954966,60
-72.825606,-39.895446,60
-72.8256062,-39.8953737,60
-72.8256065,-39.8952946,60
-72.8256063,-39.8951973,60
-72.8256065,-39.8950973,60
-72.8256068,-39.8949791,60
-72.8256064,-39.8948595,60
-72.8256062,-39.8947427,60
-72.8256066,-39.8946624,60
-72.8256068,-39.894589,60
-72.8256067,-39.8945179,60
-72.8256058,-39.8944324,60
-72.8255953,-39.8943681,60
-72.825586,-39.8943307,60
-72.8255597,-39.8943305,60
-72.8255254,-39.8943509,60
-72.8254762,-39.8943713,60
-72.8253977,-39.8944,60
-72.8253334,-39.894432,60
-72.8253128,-39.8944701,60
-72.8253094,-39.8945215,60
-72.8253094,-39.8945859,60
-72.8253095,-39.8946461,60
-72.8253085,-39.8947007,60
-72.825309,-39.8947592,60
-72.8253094,-39.894793,60
-72.8253086,-39.8948133,60
-72.8253089,-39.894839,60
-72.8253093,-39.894884,60
-72.8253097,-39.8949439,60
-72.8253092,-39.8950274,60
-72.8253089,-39.8951155,60
-72.8253063,-39.895219,60
-72.8252947,-39.8952813,60
-72.825279,-39.895305,60
-72.8252438,-39.8952923,60
-72.8252116,-39.8952639,60
-72.8251693,-39.895222,60
-72.8251183,-39.89517,60
-72.825059,-39.8950992,60
-72.8250221,-39.8950143,60
-72.8250112,-39.8949081,60
-72.8250089,-39.8947973,60
-72.8250098,-39.8946875,60
-72.8250165,-39.8946251,60
-72.825025,-39.8945923,60
-72.8250484,-39.8945939,60
-72.8250654,-39.8946115,60
-72.8250878,-39.894648,60
-72.8251196,-39.8947004,60
-72.8251508,-39.8947566,60
-72.8251825,-39.8948144,60
-72.8252253,-39.894888,60
-72.8252707,-39.8949661,60
-72.8253249,-39.8950612,60
-72.8253821,-39.895161,60
-72.8254376,-39.8952549,60
-72.8254997,-39.8953637,60
-72.8255401,-39.8954481,60
-72.82555,-39.8954929,60
-72.8255238,-39.8955299,60
-72.8254724,-39.8955569,60
-72.8254228,-39.8955767,60
-72.8253746,-39.8956,60
-72.8253421,-39.8956282,60
-72.8253243,-39.8956529,60
-72.8253139,-39.8956819,60
-72.8253108,-39.8957009,60
-72.8253103,-39.8957332,60
-72.8253088,-39.8957814,60
-72.8253085,-39.8958365,60
-72.8253091,-39.8959107,60
-72.8253083,-39.8960019,60
-72.8253078,-39.8960934,60
-72.8253077,-39.8961897,60
-72.8253083,-39.8962932,60
-72.8253084,-39.8964056,60
-72.8253081,-39.8965133,60
-72.8253056,-39.8966261,60
-72.8252921,-39.8966908,60
-72.8252558,-39.8967206,60
-72.8251941,-39.8967255,60
-72.8251238,-39.8967159,60
-72.8250579,-39.8966914,60
-72.8250178,-39.8966414,60
-72.8250088,-39.8965796,60
-72.8250081,-39.8965139,60
-72.8250078,-39.8964267,60
-72.825008,-39.8963237,60
-72.8250078,-39.8962213,60
-72.8250094,-39.8961046,60
-72.8250102,-39.89602,60
-72.8250105,-39.8959795,60
-72.8250097,-39.895942,60
-72.8250086,-39.895918,60
-72.8250088,-39.8959073,60
-72.8250095,-39.8958851,60
-72.8250063,-39.8958427,60
-72.8249834,-39.8958042,60
-72.8249367,-39.8957992,60
-72.8248981,-39.8958177,60
-72.8248518,-39.8958484,60
-72.8248132,-39.895874,60
-72.8247814,-39.8958975,60
-72.8247539,-39.8959238,60
-72.8247505,-39.8959262,60
-72.8247504,-39.895927,60
-72.8247413,-39.895939,60
-72.8247233,-39.8959752,60
-72.8247135,-39.8960292,60
-72.8247112,-39.8961074,60
-72.8247106,-39.8962014,60
-72.8247102,-39.8963024,60
-72.8247103,-39.8964018,60
-72.8247114,-39.8964853,60
-72.824711,-39.8965216,60
-72.8247113,-39.8965408,60
-72.8247114,-39.8965462,60
-72.824711,-39.8965483,60
</coordinates></LineString>
</Placemark>
<Placemark>
<name>DJI_202603241816_007_guisela007_Timestamp.MRK</name>
<description>Equipo: M3E | Fecha: 24-03-2026 | Puntos: 232</description>
<styleUrl>#m3e</styleUrl>
<LineString><altitudeMode>relativeToGround</altitudeMode><coordinates>
-72.82945,-39.8956291,60
-72.82945,-39.8956084,60
-72.8294492,-39.8955608,60
-72.8294487,-39.8954905,60
-72.8294489,-39.8954125,60
-72.829449,-39.8953131,60
-72.8294487,-39.8952136,60
-72.8294487,-39.8950952,60
-72.8294485,-39.8949784,60
-72.829448,-39.8948886,60
-72.8294482,-39.894842,60
-72.8294483,-39.8948283,60
-72.8294498,-39.894814,60
-72.8294501,-39.8947798,60
-72.8294493,-39.8947186,60
-72.8294495,-39.8946546,60
-72.8294497,-39.8946017,60
-72.8294492,-39.8945347,60
-72.8294626,-39.8944608,60
-72.8295048,-39.8943934,60
-72.8295698,-39.8943501,60
-72.8296337,-39.894321,60
-72.8296995,-39.8943037,60
-72.8297403,-39.8943219,60
-72.82975,-39.8943638,60
-72.8297486,-39.8944187,60
-72.8297482,-39.8944889,60
-72.8297493,-39.8945644,60
-72.8297488,-39.894663,60
-72.8297482,-39.8947672,60
-72.8297479,-39.8948753,60
-72.8297483,-39.8949717,60
-72.8297488,-39.8950559,60
-72.8297487,-39.8950995,60
-72.8297489,-39.8951252,60
-72.8297487,-39.8951657,60
-72.8297491,-39.8952237,60
-72.8297491,-39.8952881,60
-72.8297486,-39.8953743,60
-72.8297481,-39.8954645,60
-72.8297486,-39.8955729,60
-72.8297484,-39.8956829,60
-72.8297484,-39.8957965,60
-72.8297485,-39.8958991,60
-72.8297487,-39.8960081,60
-72.8297493,-39.8961134,60
-72.8297507,-39.8962081,60
-72.8297686,-39.896314,60
-72.8298203,-39.8964162,60
-72.8298882,-39.8965037,60
-72.8299614,-39.8965857,60
-72.830007,-39.8966236,60
-72.8300354,-39.8966235,60
-72.8300478,-39.8965937,60
-72.8300485,-39.8965538,60
-72.8300486,-39.8965,60
-72.8300481,-39.8964213,60
-72.830048,-39.8963274,60
-72.830048,-39.8962328,60
-72.8300478,-39.8961214,60
-72.8300468,-39.8960104,60
-72.8300476,-39.8958868,60
-72.8300476,-39.8957535,60
-72.8300468,-39.8956459,60
-72.8300467,-39.8955384,60
-72.8300472,-39.8954192,60
-72.8300464,-39.8953008,60
-72.8300462,-39.895194,60
-72.8300463,-39.8950755,60
-72.8300467,-39.8949576,60
-72.8300466,-39.8948501,60
-72.8300459,-39.8947417,60
-72.8300457,-39.8946522,60
-72.8300465,-39.8945873,60
-72.8300482,-39.8945173,60
-72.8300556,-39.8944693,60
-72.8300718,-39.8944507,60
-72.8301159,-39.8944528,60
-72.830159,-39.8944742,60
-72.8302113,-39.8945086,60
-72.8302702,-39.8945559,60
-72.8303183,-39.8946128,60
-72.8303385,-39.894655,60
-72.8303451,-39.8947148,60
-72.8303467,-39.8947668,60
-72.8303473,-39.8948123,60
-72.8303478,-39.8948573,60
-72.8303482,-39.8948999,60
-72.830348,-39.8949598,60
-72.8303483,-39.8950337,60
-72.8303483,-39.8951095,60
-72.8303471,-39.8951789,60
-72.8303477,-39.8952701,60
-72.8303477,-39.8953587,60
-72.8303473,-39.8954627,60
-72.830347,-39.895578,60
-72.8303463,-39.8957004,60
-72.8303467,-39.8958086,60
-72.8303465,-39.8958953,60
-72.8303467,-39.8959998,60
-72.8303464,-39.8961014,60
-72.830346,-39.8962229,60
-72.8303463,-39.8963422,60
-72.8303473,-39.8964463,60
-72.8303487,-39.8965558,60
-72.830348,-39.8966555,60
-72.8303491,-39.8967532,60
-72.8303485,-39.8968338,60
-72.830351,-39.8968849,60
-72.8303564,-39.8969159,60
-72.8303696,-39.8969497,60
-72.8303945,-39.8969884,60
-72.8304418,-39.897038,60
-72.8305066,-39.897095,60
-72.8305683,-39.8971388,60
-72.830609,-39.8971559,60
-72.8306406,-39.8971359,60
-72.8306471,-39.8970982,60
-72.8306471,-39.8970544,60
-72.8306461,-39.8969851,60
-72.8306458,-39.8968977,60
-72.830646,-39.8968077,60
-72.8306447,-39.8966972,60
-72.8306446,-39.8965782,60
-72.8306452,-39.8964684,60
-72.8306456,-39.8963469,60
-72.8306453,-39.8962276,60
-72.8306447,-39.8961209,60
-72.8306444,-39.8960021,60
-72.8306444,-39.8958953,60
-72.8306443,-39.8957762,60
-72.8306449,-39.895658,60
-72.8306444,-39.8955394,60
-72.8306446,-39.8954206,60
-72.8306452,-39.8953143,60
-72.8306457,-39.8951961,60
-72.8306464,-39.8951015,60
-72.8306549,-39.8950331,60
-72.8306712,-39.8950089,60
-72.8306984,-39.8950127,60
-72.8307254,-39.8950368,60
-72.8307594,-39.8950759,60
-72.8308035,-39.8951307,60
-72.8308605,-39.8952015,60
-72.8309148,-39.8952871,60
-72.8309401,-39.8953778,60
-72.8309432,-39.8954655,60
-72.8309446,-39.895544,60
-72.8309457,-39.8956378,60
-72.8309463,-39.8957406,60
-72.8309463,-39.8958406,60
-72.8309464,-39.8959463,60
-72.8309459,-39.8960719,60
-72.8309455,-39.8961926,60
-72.8309445,-39.896296,60
-72.8309445,-39.8964031,60
-72.8309445,-39.8965147,60
-72.8309455,-39.8966128,60
-72.8309458,-39.8966968,60
-72.8309459,-39.8967907,60
-72.8309444,-39.8968798,60
-72.8309445,-39.8969623,60
-72.8309446,-39.8970594,60
-72.8309449,-39.8971205,60
-72.8309442,-39.8971849,60
-72.8309481,-39.8972515,60
-72.8309667,-39.8973043,60
-72.8310117,-39.8973323,60
-72.8310654,-39.8973409,60
-72.8311239,-39.8973416,60
-72.8311613,-39.8973391,60
-72.8311938,-39.8973301,60
-72.8312106,-39.897322,60
-72.8312311,-39.8972988,60
-72.8312416,-39.8972761,60
-72.8312464,-39.8972426,60
-72.8312463,-39.8971951,60
-72.8312441,-39.8971264,60
-72.831243,-39.8970623,60
-72.8312424,-39.8969983,60
-72.8312422,-39.8969596,60
-72.8312418,-39.8969213,60
-72.8312425,-39.8968672,60
-72.8312428,-39.8967904,60
-72.8312428,-39.896709,60
-72.8312418,-39.8966056,60
-72.8312422,-39.8964954,60
-72.831243,-39.8963948,60
-72.8312429,-39.8962972,60
-72.8312426,-39.8961798,60
-72.8312418,-39.8960703,60
-72.8312455,-39.8959701,60
-72.8312568,-39.8959182,60
-72.8312772,-39.8958972,60
-72.8313068,-39.895911,60
-72.8313359,-39.8959441,60
-72.8313744,-39.8959888,60
-72.8314247,-39.8960468,60
-72.8314861,-39.8961275,60
-72.8315294,-39.8962195,60
-72.8315428,-39.8963163,60
-72.8315425,-39.8964295,60
-72.8315438,-39.8965262,60
-72.8315439,-39.896599,60
-72.8315426,-39.8966786,60
-72.8315424,-39.8967442,60
-72.8315418,-39.8967879,60
-72.8315428,-39.8968335,60
-72.8315437,-39.8968789,60
-72.8315442,-39.896916,60
-72.8315448,-39.896958,60
-72.8315447,-39.8970044,60
-72.8315444,-39.8970457,60
-72.831544,-39.8970905,60
-72.8315446,-39.8971338,60
-72.8315466,-39.8971851,60
-72.8315605,-39.8972236,60
-72.8316016,-39.8972388,60
-72.8316435,-39.8972228,60
-72.8316887,-39.8971922,60
-72.8317515,-39.8971466,60
-72.8318067,-39.8970878,60
-72.8318416,-39.897011,60
-72.8318446,-39.896919,60
-72.8318418,-39.8968408,60
-72.831841,-39.8967466,60
-72.8318408,-39.8966639,60
-72.83184,-39.8965828,60
-72.8318402,-39.8965102,60
-72.8318405,-39.8964721,60
-72.8318405,-39.8964536,60
-72.8318408,-39.8964499,60
</coordinates></LineString>
</Placemark>
<Placemark>
<name>DJI_202603241816_008_guisela008_Timestamp.MRK</name>
<description>Equipo: M3E | Fecha: 24-03-2026 | Puntos: 102</description>
<styleUrl>#m3e</styleUrl>
<LineString><altitudeMode>relativeToGround</altitudeMode><coordinates>
-72.8315683,-39.8964029,60
-72.8315681,-39.8963717,60
-72.8315684,-39.8963216,60
-72.8315688,-39.8962473,60
-72.8315686,-39.8961566,60
-72.8315692,-39.8960643,60
-72.8315715,-39.8959516,60
-72.8315936,-39.8958538,60
-72.8316501,-39.8957769,60
-72.8317268,-39.8957065,60
-72.831796,-39.8956593,60
-72.8318329,-39.8956497,60
-72.8318616,-39.8956724,60
-72.8318673,-39.8957093,60
-72.8318685,-39.8957555,60
-72.8318687,-39.8958264,60
-72.8318683,-39.8959061,60
-72.8318684,-39.8960074,60
-72.8318679,-39.896117,60
-72.8318684,-39.896234,60
-72.8318677,-39.8963412,60
-72.8318685,-39.8964574,60
-72.831868,-39.8965654,60
-72.8318679,-39.8966665,60
-72.8318682,-39.8967808,60
-72.8318687,-39.896855,60
-72.8318691,-39.8969157,60
-72.8318686,-39.8969803,60
-72.8318698,-39.8970561,60
-72.8318843,-39.8971295,60
-72.831942,-39.8972109,60
-72.8320283,-39.8972745,60
-72.8320931,-39.8973105,60
-72.8321385,-39.8973158,60
-72.8321649,-39.8972859,60
-72.8321675,-39.8972567,60
-72.8321681,-39.8972016,60
-72.8321681,-39.8971374,60
-72.8321683,-39.8970593,60
-72.832168,-39.89696,60
-72.8321674,-39.8968493,60
-72.8321669,-39.8967423,60
-72.8321665,-39.8966213,60
-72.8321666,-39.8965009,60
-72.8321671,-39.8963938,60
-72.832167,-39.8962753,60
-72.8321667,-39.8961569,60
-72.8321668,-39.8960395,60
-72.832167,-39.8959324,60
-72.8321672,-39.8958134,60
-72.8321669,-39.8957074,60
-72.8321693,-39.8956028,60
-72.8321854,-39.8955445,60
-72.8322256,-39.8955232,60
-72.8322719,-39.8955047,60
-72.8323084,-39.8954648,60
-72.8323308,-39.8954144,60
-72.8323543,-39.8953544,60
-72.8323874,-39.8952727,60
-72.8324209,-39.8951981,60
-72.8324425,-39.8951613,60
-72.8324563,-39.8951516,60
-72.8324616,-39.8951687,60
-72.8324647,-39.8952009,60
-72.8324663,-39.8952556,60
-72.8324663,-39.8953214,60
-72.8324665,-39.8954102,60
-72.8324667,-39.8955123,60
-72.8324666,-39.8956132,60
-72.8324669,-39.8957328,60
-72.832466,-39.8958533,60
-72.8324668,-39.8959698,60
-72.8324671,-39.896076,60
-72.832467,-39.896198,60
-72.8324669,-39.8963063,60
-72.832467,-39.8964245,60
-72.8324672,-39.8965396,60
-72.8324682,-39.8966544,60
-72.8324684,-39.8967546,60
-72.8324678,-39.8968675,60
-72.8324673,-39.8969631,60
-72.8324668,-39.8970674,60
-72.8324667,-39.8971639,60
-72.8324698,-39.8972469,60
-72.8324803,-39.8973082,60
-72.8325083,-39.8973419,60
-72.832551,-39.897361,60
-72.8326315,-39.8973623,60
-72.8327121,-39.8973464,60
-72.8327546,-39.897304,60
-72.8327647,-39.8972534,60
-72.8327656,-39.8971879,60
-72.8327655,-39.8971053,60
-72.8327655,-39.8970176,60
-72.8327657,-39.8969087,60
-72.8327657,-39.8967906,60
-72.8327656,-39.8966804,60
-72.832765,-39.8965598,60
-72.8327647,-39.8964522,60
-72.8327649,-39.8963331,60
-72.8327653,-39.8962154,60
-72.8327647,-39.8961093,60
</coordinates></LineString>
</Placemark>
<Placemark>
<name>DJI_202603241838_001_guisela008_Timestamp.MRK</name>
<description>Equipo: M3E | Fecha: 24-03-2026 | Puntos: 172</description>
<styleUrl>#m3e</styleUrl>
<LineString><altitudeMode>relativeToGround</altitudeMode><coordinates>
-72.8327658,-39.8960159,60
-72.8327664,-39.8959892,60
-72.8327659,-39.8959362,60
-72.8327659,-39.8958695,60
-72.8327655,-39.8957798,60
-72.8327656,-39.8956786,60
-72.8327659,-39.8955795,60
-72.8327658,-39.8954614,60
-72.8327654,-39.895345,60
-72.8327652,-39.8952461,60
-72.832768,-39.8951341,60
-72.8327801,-39.895059,60
-72.8328167,-39.8950228,60
-72.832883,-39.8950086,60
-72.8329616,-39.895008,60
-72.8330206,-39.8950239,60
-72.8330566,-39.8950667,60
-72.8330637,-39.895122,60
-72.8330648,-39.8951824,60
-72.8330649,-39.8952643,60
-72.8330649,-39.8953616,60
-72.8330649,-39.8954555,60
-72.8330648,-39.8955694,60
-72.8330645,-39.8956927,60
-72.8330653,-39.8957972,60
-72.8330648,-39.8959293,60
-72.8330652,-39.8960368,60
-72.8330658,-39.8961549,60
-72.8330661,-39.896262,60
-72.8330657,-39.896383,60
-72.8330651,-39.8964895,60
-72.8330655,-39.8966091,60
-72.8330656,-39.8967269,60
-72.833066,-39.8968434,60
-72.8330664,-39.8969462,60
-72.8330663,-39.8970629,60
-72.8330663,-39.8971789,60
-72.8330707,-39.8972646,60
-72.8330836,-39.8973221,60
-72.8331271,-39.8973473,60
-72.8331959,-39.8973524,60
-72.8332753,-39.8973521,60
-72.8333392,-39.8973373,60
-72.8333643,-39.89732,60
-72.8333672,-39.8972792,60
-72.833366,-39.8972343,60
-72.8333649,-39.8971657,60
-72.8333644,-39.8970703,60
-72.8333641,-39.8969902,60
-72.8333634,-39.8968795,60
-72.8333636,-39.896761,60
-72.8333631,-39.8966515,60
-72.8333632,-39.8965311,60
-72.833363,-39.8964115,60
-72.8333628,-39.8963041,60
-72.8333623,-39.8961854,60
-72.8333625,-39.8960667,60
-72.8333627,-39.8959501,60
-72.8333642,-39.8958613,60
-72.8333626,-39.8957683,60
-72.8333631,-39.8956758,60
-72.8333637,-39.8955644,60
-72.833363,-39.8954465,60
-72.8333642,-39.8953412,60
-72.8333744,-39.8952617,60
-72.8334025,-39.895229,60
-72.8334428,-39.8952343,60
-72.833487,-39.8952575,60
-72.8335456,-39.895291,60
-72.8336144,-39.8953467,60
-72.8336537,-39.8954167,60
-72.833662,-39.8955054,60
-72.833663,-39.8955977,60
-72.8336633,-39.8956942,60
-72.8336634,-39.8958148,60
-72.833663,-39.8959246,60
-72.8336629,-39.8960451,60
-72.8336622,-39.8961644,60
-72.8336626,-39.8962746,60
-72.8336626,-39.8963699,60
-72.8336632,-39.8964843,60
-72.833663,-39.8965976,60
-72.8336632,-39.8966927,60
-72.8336633,-39.8967905,60
-72.8336632,-39.896886,60
-72.8336631,-39.8969712,60
-72.8336634,-39.8970594,60
-72.8336631,-39.8971274,60
-72.8336635,-39.897171,60
-72.8336637,-39.8972189,60
-72.8336652,-39.8972715,60
-72.8336719,-39.897307,60
-72.833693,-39.8973369,60
-72.8337293,-39.8973555,60
-72.8337841,-39.8973657,60
-72.8338314,-39.8973654,60
-72.8338687,-39.8973626,60
-72.8339018,-39.897356,60
-72.8339285,-39.8973426,60
-72.8339537,-39.8973108,60
-72.8339607,-39.8972591,60
-72.8339622,-39.8971935,60
-72.833962,-39.8971112,60
-72.8339619,-39.897024,60
-72.8339616,-39.8969156,60
-72.8339611,-39.8967979,60
-72.8339612,-39.896688,60
-72.8339616,-39.896567,60
-72.8339616,-39.8964473,60
-72.8339613,-39.8963399,60
-72.8339611,-39.8962214,60
-72.8339608,-39.896108,60
-72.8339608,-39.8960155,60
-72.8339605,-39.8959087,60
-72.8339613,-39.8957948,60
-72.8339635,-39.8956903,60
-72.8339751,-39.895641,60
-72.8339919,-39.8956235,60
-72.8340205,-39.895631,60
-72.834055,-39.8956654,60
-72.8340905,-39.8957084,60
-72.8341378,-39.8957653,60
-72.8341923,-39.8958347,60
-72.834241,-39.8959276,60
-72.8342572,-39.8960249,60
-72.8342609,-39.8961355,60
-72.8342618,-39.8962503,60
-72.8342618,-39.8963563,60
-72.8342618,-39.8964796,60
-72.8342614,-39.8966,60
-72.8342617,-39.8967037,60
-72.8342615,-39.8968169,60
-72.834261,-39.8969308,60
-72.8342607,-39.897044,60
-72.8342606,-39.8971493,60
-72.8342657,-39.8972471,60
-72.8342757,-39.897295,60
-72.8343076,-39.897332,60
-72.8343799,-39.8973414,60
-72.8344529,-39.8973321,60
-72.8345203,-39.8973064,60
-72.8345543,-39.897257,60
-72.8345596,-39.897204,60
-72.8345608,-39.8971323,60
-72.83456,-39.8970439,60
-72.8345597,-39.8969523,60
-72.8345594,-39.896839,60
-72.8345592,-39.8967196,60
-72.8345594,-39.8966246,60
-72.8345596,-39.8965172,60
-72.8345602,-39.8964015,60
-72.8345642,-39.8963155,60
-72.8345795,-39.8962746,60
-72.8346112,-39.8962801,60
-72.8346345,-39.8963042,60
-72.8346859,-39.8963142,60
-72.8347497,-39.8963168,60
-72.8348049,-39.8963273,60
-72.8348355,-39.8963418,60
-72.8348555,-39.8963684,60
-72.834859,-39.8964107,60
-72.8348587,-39.8964702,60
-72.8348592,-39.8965482,60
-72.8348591,-39.896632,60
-72.8348589,-39.8967293,60
-72.8348591,-39.8968402,60
-72.8348591,-39.8969276,60
-72.8348594,-39.8970397,60
-72.8348585,-39.8971541,60
-72.8348594,-39.8972318,60
-72.8348596,-39.8972696,60
-72.8348595,-39.8972912,60
</coordinates></LineString>
</Placemark>
<Placemark>
<name>DJI_202603241838_002_guisel009_Timestamp.MRK</name>
<description>Equipo: M3E | Fecha: 24-03-2026 | Puntos: 145</description>
<styleUrl>#m3e</styleUrl>
<LineString><altitudeMode>relativeToGround</altitudeMode><coordinates>
-72.8340034,-39.8955911,60
-72.8340034,-39.8955627,60
-72.8340038,-39.8955145,60
-72.8340034,-39.8954418,60
-72.8340034,-39.8953528,60
-72.8340033,-39.8952616,60
-72.8340041,-39.8951506,60
-72.8340041,-39.8950296,60
-72.8340036,-39.8949192,60
-72.8340031,-39.8947985,60
-72.8340008,-39.8946795,60
-72.8339806,-39.8945749,60
-72.833929,-39.8944641,60
-72.8338676,-39.8943564,60
-72.833811,-39.8942626,60
-72.8337586,-39.8941854,60
-72.8337267,-39.8941584,60
-72.8337081,-39.8941693,60
-72.8337029,-39.8941937,60
-72.8337052,-39.8942357,60
-72.8337054,-39.8942925,60
-72.833705,-39.8943725,60
-72.8337047,-39.8944675,60
-72.8337053,-39.8945623,60
-72.8337053,-39.8946791,60
-72.8337052,-39.8948005,60
-72.8337051,-39.8949085,60
-72.8337053,-39.8950278,60
-72.8337056,-39.8951464,60
-72.8337057,-39.8952529,60
-72.833706,-39.8953694,60
-72.8337032,-39.8954768,60
-72.8336911,-39.8955327,60
-72.8336563,-39.8955611,60
-72.8336,-39.8955553,60
-72.8335473,-39.8955361,60
-72.8334759,-39.8954992,60
-72.8334241,-39.8954381,60
-72.8334061,-39.8953645,60
-72.8334064,-39.8952878,60
-72.8334069,-39.8951925,60
-72.8334067,-39.8950962,60
-72.8334063,-39.8949777,60
-72.8334064,-39.8948553,60
-72.8334057,-39.8947457,60
-72.833405,-39.8946262,60
-72.8334053,-39.8945082,60
-72.8334057,-39.8944018,60
-72.8334052,-39.8943088,60
-72.8334055,-39.8941977,60
-72.8334057,-39.8940924,60
-72.8334051,-39.893972,60
-72.8334048,-39.8938521,60
-72.8334044,-39.8937438,60
-72.8334033,-39.8936247,60
-72.8333863,-39.893508,60
-72.8333544,-39.8934237,60
-72.8333242,-39.8933639,60
-72.8333063,-39.8933287,60
-72.8332988,-39.8933139,60
-72.8332839,-39.8932853,60
-72.833264,-39.8932478,60
-72.833239,-39.8931985,60
-72.833207,-39.8931378,60
-72.8331855,-39.8930985,60
-72.8331597,-39.8930578,60
-72.8331373,-39.8930314,60
-72.8331218,-39.8930256,60
-72.8331081,-39.8930406,60
-72.8331079,-39.8930804,60
-72.8331065,-39.893134,60
-72.8331065,-39.8931883,60
-72.8331069,-39.8932443,60
-72.833107,-39.8933095,60
-72.833107,-39.8933785,60
-72.8331071,-39.8934746,60
-72.8331072,-39.8935782,60
-72.8331073,-39.8936786,60
-72.8331084,-39.8937971,60
-72.833108,-39.8939168,60
-72.833108,-39.8940238,60
-72.8331075,-39.8941383,60
-72.8331075,-39.8942536,60
-72.8331079,-39.8943565,60
-72.8331083,-39.8944362,60
-72.833107,-39.8945276,60
-72.8331076,-39.8946203,60
-72.8331075,-39.8946919,60
-72.8331077,-39.8947651,60
-72.8331078,-39.8948352,60
-72.833104,-39.8948931,60
-72.8330953,-39.8949299,60
-72.8330912,-39.8949417,60
-72.8330708,-39.89494,60
-72.833049,-39.8949147,60
-72.833026,-39.8948745,60
-72.8329958,-39.894822,60
-72.8329514,-39.8947437,60
-72.832904,-39.8946576,60
-72.8328744,-39.894604,60
-72.8328439,-39.8945471,60
-72.8328214,-39.8944817,60
-72.8328105,-39.8944042,60
-72.8328065,-39.8943062,60
-72.8328063,-39.8942012,60
-72.8328065,-39.8941194,60
-72.8328073,-39.8940471,60
-72.8328071,-39.8939681,60
-72.8328072,-39.893893,60
-72.832807,-39.893798,60
-72.8328071,-39.8936998,60
-72.8328075,-39.8936043,60
-72.8328073,-39.8934949,60
-72.8328079,-39.8934224,60
-72.832808,-39.8933733,60
-72.8328071,-39.8933068,60
-72.8328076,-39.8932207,60
-72.8328024,-39.8931385,60
-72.8327917,-39.8930834,60
-72.8327536,-39.893063,60
-72.8327035,-39.8930756,60
-72.8326485,-39.8931023,60
-72.8325792,-39.8931447,60
-72.8325272,-39.8932006,60
-72.832504,-39.8932844,60
-72.8325081,-39.8933764,60
-72.8325092,-39.8934681,60
-72.8325096,-39.8935741,60
-72.8325095,-39.8936931,60
-72.8325093,-39.8938002,60
-72.8325065,-39.8939018,60
-72.8324975,-39.8939578,60
-72.8324874,-39.8939817,60
-72.8324509,-39.8939745,60
-72.8324264,-39.8939503,60
-72.8323959,-39.8939166,60
-72.8323467,-39.8938593,60
-72.8322856,-39.893785,60
-72.8322321,-39.8936939,60
-72.8322119,-39.8935991,60
-72.8322108,-39.893497,60
-72.8322098,-39.893413,60
-72.8322097,-39.8933619,60
-72.8322097,-39.8933395,60
-72.8322101,-39.8933318,60
</coordinates></LineString>
</Placemark>
<Placemark>
<name>DJI_202603241838_003_guisela010_Timestamp.MRK</name>
<description>Equipo: M3E | Fecha: 24-03-2026 | Puntos: 99</description>
<styleUrl>#m3e</styleUrl>
<LineString><altitudeMode>relativeToGround</altitudeMode><coordinates>
-72.8344294,-39.8957414,60
-72.8344293,-39.8957174,60
-72.8344289,-39.8956733,60
-72.8344292,-39.8956022,60
-72.8344291,-39.8955149,60
-72.8344289,-39.8954415,60
-72.8344296,-39.8953699,60
-72.8344295,-39.895301,60
-72.8344288,-39.8952274,60
-72.8344291,-39.8951312,60
-72.8344289,-39.8950221,60
-72.834429,-39.8949156,60
-72.8344293,-39.8947937,60
-72.8344292,-39.8946726,60
-72.8344289,-39.8945534,60
-72.8344292,-39.8944554,60
-72.8344287,-39.8943717,60
-72.834428,-39.8942792,60
-72.8344252,-39.8941893,60
-72.8344109,-39.8941264,60
-72.834379,-39.8940986,60
-72.8343168,-39.8940963,60
-72.8342431,-39.8941045,60
-72.8341782,-39.8941291,60
-72.8341392,-39.8941777,60
-72.834131,-39.8942385,60
-72.8341306,-39.894312,60
-72.8341312,-39.8943914,60
-72.8341319,-39.8944918,60
-72.8341313,-39.8946035,60
-72.8341313,-39.8947107,60
-72.8341301,-39.8948341,60
-72.8341302,-39.8949531,60
-72.8341305,-39.8950541,60
-72.8341299,-39.895164,60
-72.8341302,-39.8952748,60
-72.8341299,-39.8953734,60
-72.8341303,-39.8954912,60
-72.8341309,-39.8956039,60
-72.8341303,-39.8957052,60
-72.8341245,-39.895763,60
-72.8341177,-39.8957915,60
-72.8341039,-39.8957891,60
-72.8340938,-39.8957655,60
-72.8340807,-39.8957257,60
-72.8340609,-39.8956701,60
-72.8340332,-39.8955901,60
-72.8340023,-39.8954982,60
-72.8339693,-39.8954031,60
-72.8339309,-39.8952898,60
-72.8338917,-39.8951719,60
-72.8338584,-39.8950656,60
-72.8338354,-39.8949475,60
-72.8338309,-39.8948289,60
-72.8338304,-39.8947212,60
-72.83383,-39.8946025,60
-72.8338291,-39.8944983,60
-72.83383,-39.8944002,60
-72.8338315,-39.8943062,60
-72.8338402,-39.8942266,60
-72.8338567,-39.8941768,60
-72.8338901,-39.8941704,60
-72.8339279,-39.894195,60
-72.8339754,-39.8942155,60
-72.8340412,-39.8942416,60
-72.8341333,-39.8942786,60
-72.8342309,-39.8943195,60
-72.8343524,-39.8943689,60
-72.8344775,-39.8944217,60
-72.8346003,-39.8944753,60
-72.8346748,-39.8945174,60
-72.8347189,-39.8945851,60
-72.8347272,-39.8946547,60
-72.8347282,-39.8947414,60
-72.8347289,-39.8948399,60
-72.8347287,-39.8949378,60
-72.834729,-39.8950521,60
-72.8347294,-39.8951741,60
-72.8347296,-39.8952685,60
-72.8347296,-39.8953232,60
-72.8347294,-39.8953662,60
-72.8347292,-39.8954084,60
-72.8347292,-39.8954595,60
-72.8347308,-39.8955144,60
-72.8347498,-39.8955638,60
-72.8347937,-39.8955981,60
-72.8348628,-39.895602,60
-72.8349359,-39.8955897,60
-72.8349989,-39.8955591,60
-72.8350258,-39.8955072,60
-72.8350276,-39.8954522,60
-72.8350272,-39.8953786,60
-72.8350272,-39.8952864,60
-72.835027,-39.8951943,60
-72.8350274,-39.8951046,60
-72.8350272,-39.89503,60
-72.835027,-39.8949926,60
-72.8350266,-39.8949794,60
-72.8350266,-39.8949744,60
</coordinates></LineString>
</Placemark>
<Placemark>
<name>DJI_202603241838_004_guisela011_Timestamp.MRK</name>
<description>Equipo: M3E | Fecha: 24-03-2026 | Puntos: 301</description>
<styleUrl>#m3e</styleUrl>
<LineString><altitudeMode>relativeToGround</altitudeMode><coordinates>
-72.835252,-39.8944935,60
-72.8352521,-39.8945212,60
-72.835252,-39.8945755,60
-72.8352523,-39.8946501,60
-72.8352525,-39.8947304,60
-72.8352521,-39.8948319,60
-72.8352534,-39.8949418,60
-72.8352536,-39.8950514,60
-72.8352533,-39.8951681,60
-72.8352533,-39.8952864,60
-72.8352523,-39.8954068,60
-72.8352526,-39.8955122,60
-72.8352532,-39.8956312,60
-72.8352539,-39.8957532,60
-72.8352539,-39.8958581,60
-72.8352557,-39.8959582,60
-72.8352652,-39.8960458,60
-72.8352877,-39.8960957,60
-72.8353244,-39.8961651,60
-72.8353673,-39.8962477,60
-72.8354101,-39.8963303,60
-72.8354579,-39.8964241,60
-72.8354959,-39.8964892,60
-72.8355182,-39.8965195,60
-72.835532,-39.8965326,60
-72.8355498,-39.8965166,60
-72.8355522,-39.8964897,60
-72.8355522,-39.8964423,60
-72.8355518,-39.8963729,60
-72.8355515,-39.896295,60
-72.8355516,-39.8961953,60
-72.8355525,-39.8960901,60
-72.8355528,-39.8960057,60
-72.8355523,-39.8959028,60
-72.8355513,-39.8957899,60
-72.8355512,-39.8956812,60
-72.8355516,-39.8955595,60
-72.8355512,-39.8954397,60
-72.8355507,-39.8953332,60
-72.8355505,-39.8952151,60
-72.8355507,-39.8950959,60
-72.8355504,-39.8949894,60
-72.8355504,-39.8948709,60
-72.83555,-39.8947635,60
-72.83555,-39.8946447,60
-72.83555,-39.8945275,60
-72.8355502,-39.8944079,60
-72.8355504,-39.8943012,60
-72.8355512,-39.8941834,60
-72.8355648,-39.8940755,60
-72.8356096,-39.8939961,60
-72.8356874,-39.8939191,60
-72.8357631,-39.8938599,60
-72.8358042,-39.89384,60
-72.8358375,-39.8938541,60
-72.8358476,-39.8938876,60
-72.8358492,-39.893929,60
-72.8358497,-39.8939936,60
-72.83585,-39.8940673,60
-72.8358502,-39.8941639,60
-72.8358504,-39.8942724,60
-72.8358508,-39.8943769,60
-72.8358515,-39.8944944,60
-72.8358516,-39.8946157,60
-72.835851,-39.8947385,60
-72.8358515,-39.8948472,60
-72.8358523,-39.8949666,60
-72.8358515,-39.8950849,60
-72.8358512,-39.895191,60
-72.8358511,-39.8953101,60
-72.8358509,-39.895428,60
-72.8358504,-39.8955348,60
-72.8358503,-39.8956532,60
-72.8358503,-39.8957588,60
-72.8358507,-39.8958785,60
-72.8358508,-39.895998,60
-72.8358515,-39.8960992,60
-72.8358511,-39.8962119,60
-72.8358505,-39.8963322,60
-72.8358505,-39.8964497,60
-72.8358509,-39.8965386,60
-72.835851,-39.8966185,60
-72.8358509,-39.8967124,60
-72.8358505,-39.8967885,60
-72.8358508,-39.8968564,60
-72.8358521,-39.8969387,60
-72.8358642,-39.8970037,60
-72.8359005,-39.89707,60
-72.8359557,-39.8971326,60
-72.8360203,-39.8971911,60
-72.8360847,-39.8972369,60
-72.8361241,-39.8972427,60
-72.8361465,-39.8972186,60
-72.8361507,-39.8971803,60
-72.8361507,-39.8971261,60
-72.8361505,-39.8970596,60
-72.8361497,-39.8969707,60
-72.8361494,-39.8968663,60
-72.8361493,-39.8967644,60
-72.8361485,-39.8966441,60
-72.8361491,-39.8965225,60
-72.8361488,-39.8964029,60
-72.8361487,-39.8962954,60
-72.8361489,-39.8961759,60
-72.8361487,-39.8960699,60
-72.8361486,-39.8959522,60
-72.8361487,-39.8958457,60
-72.8361488,-39.8957272,60
-72.8361491,-39.8956081,60
-72.8361491,-39.8954897,60
-72.8361491,-39.8953829,60
-72.836149,-39.8952648,60
-72.8361489,-39.8951459,60
-72.8361495,-39.8950391,60
-72.8361489,-39.8949198,60
-72.8361492,-39.8948013,60
-72.8361495,-39.8946942,60
-72.8361493,-39.8945764,60
-72.8361491,-39.8944694,60
-72.8361491,-39.8943504,60
-72.8361483,-39.8942314,60
-72.8361483,-39.8941274,60
-72.8361486,-39.8940125,60
-72.8361491,-39.8938938,60
-72.8361525,-39.8938009,60
-72.8361701,-39.8937394,60
-72.8362077,-39.8937142,60
-72.8362635,-39.8937175,60
-72.8363322,-39.8937354,60
-72.8364051,-39.8937722,60
-72.8364389,-39.8938227,60
-72.8364472,-39.8938887,60
-72.8364482,-39.8939673,60
-72.8364486,-39.8940605,60
-72.8364487,-39.8941551,60
-72.8364483,-39.8942698,60
-72.8364493,-39.8943781,60
-72.8364507,-39.8945006,60
-72.8364502,-39.8946213,60
-72.8364498,-39.8947411,60
-72.8364498,-39.8948475,60
-72.8364498,-39.8949655,60
-72.8364491,-39.8950839,60
-72.8364485,-39.8951906,60
-72.8364485,-39.8953088,60
-72.8364483,-39.8954155,60
-72.8364481,-39.8955338,60
-72.8364483,-39.8956497,60
-72.8364487,-39.8957565,60
-72.8364487,-39.8958708,60
-72.8364487,-39.8959865,60
-72.8364488,-39.8961047,60
-72.8364494,-39.8962151,60
-72.8364505,-39.8963375,60
-72.8364496,-39.8964456,60
-72.8364493,-39.8965639,60
-72.8364488,-39.8966811,60
-72.8364484,-39.8967992,60
-72.8364485,-39.8969067,60
-72.8364484,-39.8970227,60
-72.8364488,-39.8971375,60
-72.8364524,-39.8972309,60
-72.8364696,-39.8972855,60
-72.8365151,-39.8973106,60
-72.8365705,-39.897305,60
-72.8366381,-39.8972871,60
-72.8367078,-39.8972474,60
-72.8367407,-39.8971897,60
-72.8367475,-39.8971319,60
-72.8367476,-39.8970511,60
-72.8367473,-39.8969651,60
-72.8367472,-39.8968571,60
-72.8367468,-39.8967396,60
-72.8367466,-39.8966295,60
-72.8367465,-39.8965086,60
-72.8367473,-39.8963891,60
-72.8367471,-39.8962699,60
-72.8367474,-39.8961625,60
-72.8367471,-39.8960436,60
-72.8367468,-39.8959249,60
-72.8367471,-39.8958187,60
-72.836747,-39.8957006,60
-72.8367467,-39.8955936,60
-72.8367466,-39.8954746,60
-72.8367472,-39.895364,60
-72.836747,-39.8952849,60
-72.8367468,-39.8951888,60
-72.8367464,-39.8950818,60
-72.8367463,-39.894976,60
-72.8367467,-39.8948542,60
-72.8367467,-39.8947328,60
-72.8367467,-39.8946252,60
-72.836747,-39.8945067,60
-72.8367474,-39.8943879,60
-72.8367476,-39.8942696,60
-72.8367478,-39.8941631,60
-72.8367472,-39.8940447,60
-72.8367509,-39.8939415,60
-72.8367641,-39.8938874,60
-72.8368057,-39.8938608,60
-72.8368582,-39.8938583,60
-72.8369213,-39.8938759,60
-72.836997,-39.8939109,60
-72.8370348,-39.8939596,60
-72.8370448,-39.8940256,60
-72.8370463,-39.8941021,60
-72.8370463,-39.894184,60
-72.8370469,-39.8942885,60
-72.8370467,-39.8944035,60
-72.8370464,-39.8945221,60
-72.8370469,-39.8946433,60
-72.8370471,-39.8947515,60
-72.8370473,-39.8948546,60
-72.8370476,-39.8949727,60
-72.8370475,-39.8950904,60
-72.8370474,-39.8952101,60
-72.8370481,-39.8953195,60
-72.8370478,-39.8954399,60
-72.8370477,-39.8955455,60
-72.8370476,-39.8956676,60
-72.8370473,-39.8957747,60
-72.8370469,-39.8958843,60
-72.8370459,-39.8960036,60
-72.8370462,-39.8961188,60
-72.8370462,-39.8962168,60
-72.8370467,-39.8963168,60
-72.8370475,-39.8964265,60
-72.8370471,-39.8965386,60
-72.8370472,-39.8966405,60
-72.8370518,-39.8967327,60
-72.8370597,-39.8967779,60
-72.8370768,-39.8967968,60
-72.8371157,-39.8967846,60
-72.8371542,-39.8967642,60
-72.8372213,-39.8967335,60
-72.8373019,-39.8966989,60
-72.8373361,-39.8966678,60
-72.8373445,-39.8966205,60
-72.8373452,-39.8965612,60
-72.837345,-39.8964825,60
-72.8373454,-39.8963974,60
-72.8373454,-39.8962924,60
-72.8373455,-39.8961885,60
-72.8373456,-39.8960667,60
-72.8373454,-39.8959449,60
-72.8373451,-39.8958376,60
-72.837345,-39.8957188,60
-72.8373451,-39.8956006,60
-72.837345,-39.8954821,60
-72.8373455,-39.8953765,60
-72.8373452,-39.8952576,60
-72.8373449,-39.8951505,60
-72.837345,-39.8950497,60
-72.8373454,-39.8949723,60
-72.8373451,-39.894883,60
-72.8373486,-39.8948108,60
-72.8373559,-39.894779,60
-72.8373645,-39.8947733,60
-72.8373766,-39.8947914,60
-72.8373884,-39.8948229,60
-72.8374062,-39.8948744,60
-72.8374303,-39.8949505,60
-72.837459,-39.8950417,60
-72.8374882,-39.8951324,60
-72.8375217,-39.8952374,60
-72.837558,-39.8953513,60
-72.8375914,-39.8954587,60
-72.8376195,-39.8955528,60
-72.837639,-39.8956519,60
-72.837644,-39.8957451,60
-72.837645,-39.895833,60
-72.8376449,-39.8959255,60
-72.8376455,-39.8960147,60
-72.8376451,-39.8960992,60
-72.8376451,-39.896192,60
-72.8376451,-39.8962495,60
-72.8376453,-39.8963099,60
-72.8376456,-39.8963612,60
-72.8376444,-39.8963922,60
-72.837645,-39.8964217,60
-72.8376449,-39.8964479,60
-72.8376444,-39.8964749,60
-72.8376452,-39.8964952,60
-72.8376473,-39.8965186,60
-72.8376496,-39.8965311,60
-72.8376641,-39.8965486,60
-72.8377128,-39.8965628,60
-72.8377584,-39.8965581,60
-72.8378165,-39.896536,60
-72.837896,-39.8964886,60
-72.8379382,-39.8964267,60
-72.8379421,-39.8963677,60
-72.8379439,-39.8963156,60
-72.8379438,-39.8962808,60
-72.8379434,-39.8962527,60
-72.8379437,-39.8962166,60
-72.8379429,-39.8961542,60
-72.837942,-39.8960806,60
-72.8379428,-39.8960405,60
-72.8379431,-39.896015,60
-72.8379429,-39.8960114,60
</coordinates></LineString>
</Placemark>
<Placemark>
<name>DJI_202603241856_005_guisela012_Timestamp.MRK</name>
<description>Equipo: M3E | Fecha: 24-03-2026 | Puntos: 371</description>
<styleUrl>#m3e</styleUrl>
<LineString><altitudeMode>relativeToGround</altitudeMode><coordinates>
-72.8371997,-39.8939848,60
-72.8371997,-39.89396,60
-72.8372,-39.8939092,60
-72.8371997,-39.8938456,60
-72.8371998,-39.893759,60
-72.8371997,-39.8936582,60
-72.8371997,-39.8935583,60
-72.8371994,-39.8934396,60
-72.8372,-39.8933173,60
-72.8371998,-39.8932092,60
-72.8371997,-39.8930897,60
-72.8371928,-39.8929721,60
-72.8371619,-39.8928825,60
-72.8370939,-39.8927938,60
-72.8370238,-39.8927191,60
-72.8369764,-39.8926602,60
-72.8369339,-39.892605,60
-72.8369108,-39.8925804,60
-72.8369048,-39.8925781,60
-72.8369015,-39.8925825,60
-72.8369017,-39.8926142,60
-72.8369005,-39.8926519,60
-72.8369006,-39.892715,60
-72.8369007,-39.8927974,60
-72.8369008,-39.8928827,60
-72.836901,-39.8929858,60
-72.8369009,-39.8931017,60
-72.8369014,-39.8932115,60
-72.8369013,-39.8933325,60
-72.8369004,-39.8934523,60
-72.8369008,-39.8935583,60
-72.8369009,-39.893676,60
-72.8368986,-39.893779,60
-72.8368899,-39.8938353,60
-72.8368629,-39.8938696,60
-72.8368008,-39.8938685,60
-72.8367456,-39.8938525,60
-72.8366748,-39.8938224,60
-72.8366174,-39.8937657,60
-72.836603,-39.8937024,60
-72.8366017,-39.8936259,60
-72.8366016,-39.893535,60
-72.8366015,-39.8934411,60
-72.8366012,-39.893326,60
-72.836601,-39.8932041,60
-72.8366006,-39.8930944,60
-72.8366003,-39.8929743,60
-72.8366005,-39.8928547,60
-72.8366008,-39.8927476,60
-72.8366007,-39.8926289,60
-72.8366012,-39.8925102,60
-72.8366008,-39.8924025,60
-72.8365988,-39.8922863,60
-72.8365833,-39.8922027,60
-72.8365307,-39.8921478,60
-72.836461,-39.8921135,60
-72.8363821,-39.8920944,60
-72.8363349,-39.8921014,60
-72.8363072,-39.8921399,60
-72.8363028,-39.8921882,60
-72.8363026,-39.8922432,60
-72.8363024,-39.8923128,60
-72.8363023,-39.8923999,60
-72.8363016,-39.8924877,60
-72.8363019,-39.8925943,60
-72.8363021,-39.8927105,60
-72.8363021,-39.8928319,60
-72.836303,-39.89294,60
-72.8363034,-39.8930594,60
-72.8363028,-39.8931667,60
-72.8363022,-39.8932855,60
-72.8363022,-39.8934038,60
-72.8363023,-39.8935102,60
-72.8363019,-39.8936282,60
-72.8363014,-39.8937441,60
-72.8362935,-39.893823,60
-72.8362762,-39.8938582,60
-72.8362278,-39.8938752,60
-72.8361728,-39.8939019,60
-72.8361367,-39.8939442,60
-72.8361002,-39.8940003,60
-72.836049,-39.8940584,60
-72.8360201,-39.8940753,60
-72.8360073,-39.8940801,60
-72.8360037,-39.8940815,60
-72.8360029,-39.8940825,60
-72.8360023,-39.8940734,60
-72.8360023,-39.8940415,60
-72.8360026,-39.8939944,60
-72.8360023,-39.8939269,60
-72.8360025,-39.8938412,60
-72.8360027,-39.8937522,60
-72.8360021,-39.893643,60
-72.8360022,-39.8935366,60
-72.8360026,-39.8934144,60
-72.8360022,-39.8932935,60
-72.8360023,-39.893174,60
-72.8360025,-39.8930668,60
-72.8360027,-39.8929482,60
-72.8360025,-39.8928407,60
-72.8360024,-39.892722,60
-72.8360022,-39.8926042,60
-72.8360022,-39.8924863,60
-72.8360024,-39.8923795,60
-72.8360023,-39.8922608,60
-72.8360023,-39.8921442,60
-72.835997,-39.8920501,60
-72.835973,-39.8919803,60
-72.8359102,-39.8919348,60
-72.8358333,-39.8919116,60
-72.8357615,-39.8919019,60
-72.8357211,-39.8919192,60
-72.8357035,-39.8919709,60
-72.8357039,-39.8920214,60
-72.835704,-39.8920932,60
-72.8357037,-39.8921668,60
-72.8357042,-39.8922674,60
-72.835704,-39.8923768,60
-72.8357049,-39.8924933,60
-72.8357051,-39.8926016,60
-72.8357046,-39.8927218,60
-72.8357045,-39.8928292,60
-72.8357041,-39.8929486,60
-72.8357044,-39.8930667,60
-72.8357043,-39.8931731,60
-72.8357046,-39.8932918,60
-72.8357046,-39.8934109,60
-72.8357046,-39.8935168,60
-72.8357046,-39.8936316,60
-72.8357051,-39.893747,60
-72.8357045,-39.8938535,60
-72.835704,-39.8939717,60
-72.8357043,-39.8940936,60
-72.8357043,-39.8942028,60
-72.8357036,-39.8943212,60
-72.835698,-39.8944089,60
-72.8356796,-39.8944553,60
-72.8356558,-39.8944951,60
-72.8356194,-39.8945574,60
-72.8355796,-39.8946279,60
-72.8355291,-39.8947163,60
-72.8354778,-39.8948019,60
-72.8354457,-39.894848,60
-72.8354268,-39.8948645,60
-72.8354086,-39.8948475,60
-72.8354056,-39.8948199,60
-72.8354046,-39.8947717,60
-72.8354043,-39.8947016,60
-72.8354046,-39.8946237,60
-72.8354039,-39.8945235,60
-72.8354044,-39.8944122,60
-72.8354044,-39.8943048,60
-72.8354045,-39.8941828,60
-72.8354042,-39.8940621,60
-72.8354041,-39.8939544,60
-72.8354042,-39.8938349,60
-72.8354041,-39.8937157,60
-72.8354039,-39.8936088,60
-72.8354038,-39.8934904,60
-72.8354042,-39.8933717,60
-72.8354037,-39.8932647,60
-72.835404,-39.8931461,60
-72.8354038,-39.8930272,60
-72.8354047,-39.8929203,60
-72.8354047,-39.8928021,60
-72.8354043,-39.8926845,60
-72.8354043,-39.8925656,60
-72.835404,-39.8924592,60
-72.8354039,-39.892341,60
-72.835404,-39.8922288,60
-72.8354041,-39.8921339,60
-72.8354043,-39.8920255,60
-72.8354041,-39.8919289,60
-72.8353932,-39.8918521,60
-72.8353523,-39.891797,60
-72.8352894,-39.8917697,60
-72.8352171,-39.8917563,60
-72.8351548,-39.8917597,60
-72.835115,-39.8917915,60
-72.8351068,-39.89184,60
-72.8351055,-39.8918934,60
-72.8351055,-39.8919704,60
-72.8351059,-39.8920535,60
-72.8351055,-39.8921572,60
-72.8351061,-39.8922727,60
-72.8351066,-39.8923822,60
-72.8351065,-39.8925001,60
-72.8351067,-39.8926201,60
-72.8351063,-39.8927286,60
-72.835106,-39.8928488,60
-72.8351061,-39.8929683,60
-72.8351061,-39.8930751,60
-72.8351062,-39.893193,60
-72.8351061,-39.8933003,60
-72.8351067,-39.893419,60
-72.8351069,-39.8935379,60
-72.8351071,-39.8936566,60
-72.8351074,-39.8937634,60
-72.8351069,-39.8938821,60
-72.8351064,-39.8940003,60
-72.8351062,-39.8941059,60
-72.8351066,-39.8942235,60
-72.8351064,-39.8943305,60
-72.8351061,-39.89445,60
-72.8351061,-39.8945689,60
-72.8351062,-39.8946857,60
-72.8351063,-39.8947922,60
-72.8351063,-39.8949101,60
-72.8351053,-39.8950111,60
-72.8350965,-39.8950896,60
-72.8350624,-39.8951225,60
-72.8350062,-39.8951165,60
-72.8349504,-39.8950947,60
-72.8348797,-39.8950584,60
-72.8348228,-39.894996,60
-72.8348064,-39.8949283,60
-72.834806,-39.8948454,60
-72.834806,-39.8947497,60
-72.8348063,-39.8946411,60
-72.8348062,-39.8945348,60
-72.8348068,-39.894413,60
-72.834807,-39.8943047,60
-72.8348068,-39.8941857,60
-72.8348067,-39.8940665,60
-72.8348062,-39.8939594,60
-72.834806,-39.8938414,60
-72.8348055,-39.8937231,60
-72.8348059,-39.8936162,60
-72.8348059,-39.8934981,60
-72.834806,-39.8933803,60
-72.8348058,-39.8932737,60
-72.8348058,-39.8931554,60
-72.8348056,-39.8930364,60
-72.8348058,-39.8929173,60
-72.834806,-39.8928107,60
-72.8348061,-39.8926921,60
-72.8348065,-39.8925857,60
-72.8348061,-39.8924806,60
-72.8348066,-39.892372,60
-72.8348063,-39.8922696,60
-72.8348062,-39.8921481,60
-72.8348062,-39.8920312,60
-72.8348067,-39.8919498,60
-72.8348065,-39.8918562,60
-72.8348023,-39.8917508,60
-72.8347826,-39.8916896,60
-72.8347347,-39.8916609,60
-72.8346619,-39.8916541,60
-72.8345907,-39.8916589,60
-72.8345297,-39.8916902,60
-72.8345086,-39.8917335,60
-72.8345073,-39.8917865,60
-72.8345078,-39.8918604,60
-72.8345083,-39.891946,60
-72.8345079,-39.8920399,60
-72.8345081,-39.8921514,60
-72.8345088,-39.8922681,60
-72.8345088,-39.89239,60
-72.8345087,-39.8924986,60
-72.8345085,-39.8926181,60
-72.8345087,-39.8927237,60
-72.8345091,-39.8928426,60
-72.834509,-39.8929586,60
-72.8345083,-39.8930654,60
-72.8345084,-39.8931847,60
-72.8345081,-39.8933036,60
-72.8345086,-39.8934095,60
-72.8345085,-39.8935271,60
-72.8345083,-39.8936456,60
-72.8345086,-39.8937477,60
-72.8345084,-39.8938249,60
-72.8345082,-39.8938875,60
-72.8345086,-39.8939581,60
-72.8345095,-39.8940506,60
-72.8345091,-39.8941541,60
-72.8345084,-39.8942675,60
-72.8345075,-39.8943761,60
-72.8345077,-39.8944943,60
-72.8345039,-39.8945789,60
-72.8344944,-39.8946318,60
-72.8344771,-39.8946541,60
-72.8344543,-39.8946335,60
-72.8344346,-39.8946004,60
-72.8344043,-39.8945552,60
-72.8343598,-39.8944915,60
-72.8343124,-39.8944222,60
-72.8342542,-39.8943293,60
-72.834219,-39.8942338,60
-72.8342092,-39.8941162,60
-72.8342091,-39.8939946,60
-72.8342094,-39.8938746,60
-72.8342093,-39.8937683,60
-72.834209,-39.893652,60
-72.8342088,-39.893546,60
-72.8342084,-39.893427,60
-72.8342086,-39.8933094,60
-72.8342091,-39.8931913,60
-72.8342089,-39.893084,60
-72.8342084,-39.8929653,60
-72.8342084,-39.892847,60
-72.8342085,-39.8927407,60
-72.8342081,-39.8926225,60
-72.834208,-39.8925036,60
-72.8342083,-39.8923971,60
-72.8342079,-39.8922788,60
-72.8342081,-39.8921596,60
-72.8342079,-39.8920532,60
-72.834208,-39.8919358,60
-72.8342032,-39.8918398,60
-72.8341923,-39.8917853,60
-72.8341619,-39.8917554,60
-72.834097,-39.8917632,60
-72.834028,-39.8917834,60
-72.8339606,-39.8918158,60
-72.8339202,-39.8918609,60
-72.8339022,-39.8919107,60
-72.8339083,-39.891982,60
-72.8339098,-39.8920602,60
-72.8339105,-39.8921401,60
-72.8339102,-39.8922461,60
-72.8339103,-39.8923616,60
-72.8339103,-39.8924698,60
-72.8339105,-39.8925907,60
-72.8339105,-39.8927108,60
-72.8339108,-39.8928171,60
-72.8339105,-39.8929223,60
-72.8339113,-39.8930335,60
-72.8339093,-39.8931331,60
-72.8339007,-39.8932047,60
-72.833881,-39.8932377,60
-72.8338424,-39.893236,60
-72.8338016,-39.893209,60
-72.8337554,-39.8931735,60
-72.8337072,-39.8931342,60
-72.8336605,-39.8930907,60
-72.8336338,-39.8930542,60
-72.8336198,-39.8930201,60
-72.8336129,-39.8929751,60
-72.8336111,-39.892903,60
-72.8336103,-39.8928262,60
-72.8336101,-39.8927314,60
-72.8336097,-39.8926188,60
-72.8336097,-39.8925196,60
-72.8336095,-39.8924066,60
-72.8336097,-39.8922946,60
-72.8336123,-39.8922038,60
-72.8336177,-39.89215,60
-72.8336258,-39.8921388,60
-72.8336347,-39.8921536,60
-72.8336444,-39.8921882,60
-72.8336585,-39.8922373,60
-72.8336759,-39.8923014,60
-72.8336984,-39.8923885,60
-72.8337237,-39.8924871,60
-72.8337504,-39.8925908,60
-72.8337763,-39.8926907,60
-72.8338063,-39.8928029,60
-72.8338341,-39.8929123,60
-72.8338563,-39.8930015,60
-72.8338843,-39.8931042,60
-72.83391,-39.8932098,60
-72.8339262,-39.8933012,60
-72.8339288,-39.8933997,60
-72.8339238,-39.8934879,60
-72.833916,-39.893589,60
-72.8339118,-39.8937027,60
-72.8339106,-39.8938,60
-72.8339089,-39.8938614,60
-72.8339093,-39.8938763,60
-72.8339104,-39.8938726,60
-72.8339111,-39.8938703,60
</coordinates></LineString>
</Placemark>
</Document>
</kml>