<?xml version="1.0" encoding="UTF-8"?>
<kml xmlns="http://www.opengis.net/kml/2.2">
<Document>
<name>Líneas M3E — 23/03/2026</name>
<description>Líneas de vuelo - Generado por TeMapeo</description>
<Style id="m3e"><LineStyle><color>fff5a521</color><width>3</width></LineStyle></Style>
<Style id="m3m"><LineStyle><color>ff0098ff</color><width>3</width></LineStyle></Style>
<Style id="default"><LineStyle><color>ff0aaed9</color><width>3</width></LineStyle></Style>
<Placemark>
<name>DJI_202603230812_002_comenar002_Timestamp.MRK</name>
<description>Equipo: M3E | Fecha: 23-03-2026 | Puntos: 621</description>
<styleUrl>#m3e</styleUrl>
<LineString><altitudeMode>relativeToGround</altitudeMode><coordinates>
-72.9434392,-39.8790979,60
-72.9434112,-39.8790954,60
-72.9433474,-39.87909,60
-72.9432556,-39.879083,60
-72.9431547,-39.8790747,60
-72.9430251,-39.8790643,60
-72.942883,-39.8790528,60
-72.9427447,-39.8790414,60
-72.9425865,-39.8790291,60
-72.9424302,-39.8790167,60
-72.9422915,-39.8790057,60
-72.9421387,-39.8789926,60
-72.9419854,-39.8789798,60
-72.9418471,-39.8789689,60
-72.9416935,-39.8789564,60
-72.941556,-39.8789454,60
-72.9414019,-39.8789334,60
-72.9412488,-39.878921,60
-72.9410958,-39.8789086,60
-72.9409572,-39.8788974,60
-72.940811,-39.8788855,60
-72.9406556,-39.8788724,60
-72.9405165,-39.8788614,60
-72.9403637,-39.8788492,60
-72.940215,-39.8788373,60
-72.9400835,-39.8788263,60
-72.9399432,-39.8788149,60
-72.9397861,-39.8788017,60
-72.9396435,-39.87879,60
-72.9394868,-39.8787781,60
-72.9393318,-39.8787657,60
-72.9391971,-39.8787547,60
-72.9390805,-39.8787465,60
-72.9389944,-39.8787387,60
-72.9389324,-39.8787272,60
-72.9388612,-39.8786921,60
-72.9387966,-39.87863,60
-72.938747,-39.8785596,60
-72.9387397,-39.8785224,60
-72.9387747,-39.8784974,60
-72.9388238,-39.878495,60
-72.9388911,-39.8784996,60
-72.9389736,-39.878506,60
-72.939087,-39.8785156,60
-72.9392079,-39.8785251,60
-72.939283,-39.878531,60
-72.9393681,-39.8785376,60
-72.9394823,-39.8785475,60
-72.9396123,-39.8785581,60
-72.939744,-39.8785689,60
-72.9398993,-39.8785815,60
-72.9400568,-39.8785941,60
-72.9402125,-39.8786064,60
-72.9403504,-39.8786179,60
-72.9405036,-39.8786302,60
-72.9406428,-39.8786415,60
-72.9407987,-39.878654,60
-72.940949,-39.878666,60
-72.9411006,-39.8786783,60
-72.9412417,-39.8786899,60
-72.9413959,-39.8787026,60
-72.9415336,-39.8787134,60
-72.9416869,-39.8787259,60
-72.9418403,-39.878738,60
-72.9419775,-39.8787491,60
-72.9421316,-39.8787616,60
-72.9422876,-39.878774,60
-72.9424259,-39.878785,60
-72.9425727,-39.8787971,60
-72.942726,-39.87881,60
-72.9428766,-39.8788216,60
-72.9430109,-39.8788325,60
-72.943134,-39.8788425,60
-72.9432396,-39.8788503,60
-72.9433432,-39.8788588,60
-72.943447,-39.8788667,60
-72.9435443,-39.878865,60
-72.9436044,-39.878841,60
-72.943645,-39.8787901,60
-72.9436616,-39.8787332,60
-72.9436546,-39.8786837,60
-72.9436071,-39.8786541,60
-72.9435481,-39.8786446,60
-72.9434668,-39.8786384,60
-72.9433608,-39.8786297,60
-72.9432367,-39.8786194,60
-72.9431119,-39.878609,60
-72.9429571,-39.8785968,60
-72.942798,-39.8785841,60
-72.942657,-39.8785728,60
-72.9425025,-39.8785605,60
-72.9423489,-39.8785483,60
-72.9422111,-39.8785372,60
-72.9420585,-39.878525,60
-72.9419054,-39.8785128,60
-72.9417671,-39.8785017,60
-72.9416129,-39.8784891,60
-72.941458,-39.8784765,60
-72.9413242,-39.8784662,60
-72.9411846,-39.8784542,60
-72.9410324,-39.8784422,60
-72.9408945,-39.8784309,60
-72.9407394,-39.8784184,60
-72.9405842,-39.8784061,60
-72.9404442,-39.8783943,60
-72.9402916,-39.8783821,60
-72.9401362,-39.8783697,60
-72.939998,-39.8783581,60
-72.9398451,-39.8783459,60
-72.939691,-39.8783335,60
-72.9395523,-39.8783222,60
-72.9393997,-39.8783102,60
-72.9392663,-39.8782995,60
-72.939143,-39.8782893,60
-72.9389991,-39.8782778,60
-72.938857,-39.8782659,60
-72.9387607,-39.878251,60
-72.9387228,-39.8782276,60
-72.9387144,-39.8781865,60
-72.938739,-39.8781481,60
-72.9387832,-39.8780958,60
-72.9388565,-39.8780552,60
-72.9389354,-39.8780449,60
-72.9390314,-39.8780497,60
-72.9391471,-39.8780589,60
-72.9392615,-39.8780685,60
-72.9393884,-39.8780781,60
-72.9394831,-39.8780857,60
-72.9395814,-39.8780936,60
-72.9396467,-39.8780989,60
-72.9397016,-39.878103,60
-72.9397255,-39.8781052,60
-72.9397643,-39.8781085,60
-72.939821,-39.8781122,60
-72.939859,-39.8781153,60
-72.9398947,-39.8781183,60
-72.93996,-39.878124,60
-72.9400375,-39.8781298,60
-72.9401371,-39.878138,60
-72.9402485,-39.8781469,60
-72.9403594,-39.8781562,60
-72.940489,-39.878167,60
-72.9406163,-39.8781782,60
-72.9407677,-39.8781906,60
-72.9409221,-39.8782032,60
-72.9410617,-39.8782141,60
-72.9412153,-39.8782266,60
-72.9413691,-39.8782391,60
-72.9415179,-39.8782508,60
-72.9416537,-39.8782621,60
-72.9418072,-39.8782744,60
-72.9419614,-39.8782869,60
-72.9421004,-39.878298,60
-72.9422547,-39.8783104,60
-72.9424085,-39.8783226,60
-72.9425469,-39.8783339,60
-72.9427004,-39.878346,60
-72.9428385,-39.8783573,60
-72.9430068,-39.8783711,60
-72.9431468,-39.878382,60
-72.9432859,-39.8783935,60
-72.9434396,-39.8784058,60
-72.9435908,-39.8784172,60
-72.9436961,-39.8784195,60
-72.943767,-39.8783996,60
-72.9438104,-39.878351,60
-72.9438322,-39.8782956,60
-72.9438309,-39.8782432,60
-72.9437882,-39.87821,60
-72.9437302,-39.8781988,60
-72.9436517,-39.8781921,60
-72.9435489,-39.8781837,60
-72.94344,-39.8781743,60
-72.9433027,-39.8781633,60
-72.9431521,-39.8781514,60
-72.9429946,-39.8781386,60
-72.942854,-39.8781274,60
-72.9426991,-39.8781155,60
-72.9425456,-39.8781028,60
-72.9423921,-39.8780908,60
-72.9422383,-39.878078,60
-72.9420992,-39.8780671,60
-72.941961,-39.8780561,60
-72.9418071,-39.8780439,60
-72.9416544,-39.878031,60
-72.9415175,-39.8780201,60
-72.941363,-39.8780074,60
-72.9412088,-39.8779949,60
-72.9410712,-39.8779839,60
-72.9409175,-39.8779714,60
-72.940764,-39.877959,60
-72.940626,-39.8779481,60
-72.940506,-39.877939,60
-72.9404083,-39.8779309,60
-72.940344,-39.8779251,60
-72.9402925,-39.8779209,60
-72.9402429,-39.8779168,60
-72.9401876,-39.8779123,60
-72.9401264,-39.8779076,60
-72.9400686,-39.8779034,60
-72.9399918,-39.877897,60
-72.9398958,-39.8778895,60
-72.9397787,-39.8778794,60
-72.9396629,-39.8778697,60
-72.9395244,-39.8778584,60
-72.9393896,-39.8778476,60
-72.9392617,-39.8778376,60
-72.9391277,-39.8778251,60
-72.9390546,-39.8778076,60
-72.9390291,-39.8777726,60
-72.9390403,-39.8777332,60
-72.9390671,-39.8776925,60
-72.9391224,-39.8776401,60
-72.9392045,-39.8776105,60
-72.9392979,-39.877611,60
-72.9393904,-39.8776183,60
-72.9395114,-39.8776281,60
-72.939651,-39.8776392,60
-72.9397726,-39.8776482,60
-72.939852,-39.8776544,60
-72.9398846,-39.8776564,60
-72.9398963,-39.8776572,60
-72.9399501,-39.877662,60
-72.9399734,-39.8776639,60
-72.940035,-39.8776689,60
-72.940126,-39.8776764,60
-72.9402389,-39.877686,60
-72.9403518,-39.8776955,60
-72.94047,-39.8777044,60
-72.9405528,-39.8777114,60
-72.9406486,-39.8777185,60
-72.9407645,-39.877728,60
-72.9408959,-39.877739,60
-72.9410249,-39.8777497,60
-72.9411731,-39.8777612,60
-72.9413297,-39.8777743,60
-72.9414728,-39.8777851,60
-72.9416267,-39.8777978,60
-72.9417801,-39.8778104,60
-72.9419179,-39.8778213,60
-72.9420706,-39.8778337,60
-72.9422089,-39.877845,60
-72.9423632,-39.8778575,60
-72.9425175,-39.8778697,60
-72.9426552,-39.8778805,60
-72.9428246,-39.8778943,60
-72.9429631,-39.8779056,60
-72.9431166,-39.8779177,60
-72.9432547,-39.8779291,60
-72.9434085,-39.8779417,60
-72.9435623,-39.8779541,60
-72.9437171,-39.8779671,60
-72.9438389,-39.8779724,60
-72.9439208,-39.8779612,60
-72.9439705,-39.8779263,60
-72.9440001,-39.8778689,60
-72.9440094,-39.8778107,60
-72.943985,-39.8777734,60
-72.9439259,-39.8777544,60
-72.9438541,-39.8777469,60
-72.9437691,-39.8777398,60
-72.9436543,-39.8777307,60
-72.9435228,-39.87772,60
-72.9433931,-39.8777096,60
-72.9432388,-39.8776972,60
-72.9430849,-39.8776848,60
-72.9429454,-39.8776734,60
-72.9428087,-39.877662,60
-72.9426948,-39.8776531,60
-72.942574,-39.8776427,60
-72.9424273,-39.8776307,60
-72.9422724,-39.8776182,60
-72.9421316,-39.8776071,60
-72.9419757,-39.8775947,60
-72.9418211,-39.8775831,60
-72.9416828,-39.8775716,60
-72.9415295,-39.8775593,60
-72.9413767,-39.8775468,60
-72.9412396,-39.877536,60
-72.9410944,-39.8775231,60
-72.9409399,-39.8775111,60
-72.9407993,-39.8775004,60
-72.9406676,-39.8774906,60
-72.9405814,-39.8774835,60
-72.9405229,-39.877479,60
-72.9404689,-39.8774747,60
-72.9404025,-39.8774689,60
-72.9403256,-39.8774625,60
-72.9402235,-39.8774532,60
-72.9401263,-39.8774366,60
-72.9400956,-39.877412,60
-72.9400941,-39.8773666,60
-72.940118,-39.877319,60
-72.9401589,-39.87727,60
-72.9402307,-39.8772357,60
-72.9403167,-39.8772319,60
-72.9404019,-39.8772381,60
-72.9405111,-39.8772471,60
-72.9406001,-39.877254,60
-72.9406732,-39.877259,60
-72.9407614,-39.8772659,60
-72.9408598,-39.8772739,60
-72.9409662,-39.8772832,60
-72.9410971,-39.8772943,60
-72.941242,-39.8773064,60
-72.9413823,-39.8773175,60
-72.9415399,-39.8773297,60
-72.9416959,-39.8773418,60
-72.9418345,-39.8773531,60
-72.9419878,-39.8773656,60
-72.9421406,-39.877378,60
-72.942279,-39.8773891,60
-72.9424327,-39.8774015,60
-72.942586,-39.8774135,60
-72.9427238,-39.8774247,60
-72.9428766,-39.8774371,60
-72.9430032,-39.8774444,60
-72.94306,-39.8774411,60
-72.9430668,-39.8774284,60
-72.9430422,-39.8774172,60
-72.9429969,-39.8774005,60
-72.9429242,-39.877375,60
-72.9428389,-39.8773444,60
-72.9427274,-39.8773052,60
-72.942601,-39.8772608,60
-72.942463,-39.8772126,60
-72.942345,-39.8771757,60
-72.9422599,-39.8771576,60
-72.9421808,-39.8771505,60
-72.9420895,-39.8771432,60
-72.9419688,-39.877133,60
-72.9418302,-39.8771217,60
-72.9416794,-39.8771098,60
-72.9415383,-39.8770988,60
-72.9413818,-39.877086,60
-72.9412419,-39.8770751,60
-72.9410895,-39.8770629,60
-72.9409354,-39.8770501,60
-72.9408049,-39.8770404,60
-72.9406902,-39.8770302,60
-72.9406084,-39.8770246,60
-72.9405354,-39.8770193,60
-72.9404361,-39.8770082,60
-72.9403676,-39.876991,60
-72.9403444,-39.8769566,60
-72.9403536,-39.8769114,60
-72.9403782,-39.8768667,60
-72.9404304,-39.8768148,60
-72.9405024,-39.8767933,60
-72.9405819,-39.8767924,60
-72.9406774,-39.8768001,60
-72.9408037,-39.8768093,60
-72.9409421,-39.8768204,60
-72.9410833,-39.8768307,60
-72.9412315,-39.8768429,60
-72.9413695,-39.8768538,60
-72.9414797,-39.8768578,60
-72.9415378,-39.8768518,60
-72.9415385,-39.8768348,60
-72.9415078,-39.8768207,60
-72.9414563,-39.876798,60
-72.9413797,-39.8767647,60
-72.9412922,-39.8767273,60
-72.941181,-39.8766795,60
-72.9410546,-39.8766287,60
-72.9409367,-39.8765966,60
-72.9407963,-39.8765792,60
-72.9406687,-39.8765734,60
-72.9405931,-39.8765785,60
-72.9405447,-39.8766051,60
-72.9405074,-39.8766453,60
-72.9404802,-39.876687,60
-72.9404495,-39.8767366,60
-72.9404171,-39.8767934,60
-72.9403765,-39.8768639,60
-72.9403333,-39.8769394,60
-72.9402789,-39.8770336,60
-72.9402257,-39.8771248,60
-72.9401634,-39.877234,60
-72.9400991,-39.8773467,60
-72.9400419,-39.8774469,60
-72.9399787,-39.8775574,60
-72.9399131,-39.8776671,60
-72.939852,-39.8777628,60
-72.9397879,-39.877861,60
-72.9397209,-39.8779622,60
-72.9396574,-39.8780582,60
-72.9395906,-39.8781629,60
-72.9395224,-39.8782662,60
-72.9394531,-39.8783684,60
-72.9393903,-39.8784651,60
-72.9393271,-39.8785649,60
-72.9392668,-39.8786551,60
-72.9391964,-39.8787626,60
-72.9391363,-39.8788612,60
-72.9391125,-39.8789225,60
-72.9391296,-39.8789598,60
-72.9391828,-39.8789822,60
-72.9392445,-39.8789891,60
-72.9393321,-39.8789965,60
-72.9394431,-39.8790055,60
-72.9395731,-39.8790164,60
-72.9397027,-39.8790274,60
-72.9398576,-39.8790397,60
-72.9399995,-39.879051,60
-72.9401553,-39.8790631,60
-72.9403113,-39.8790754,60
-72.940466,-39.8790882,60
-72.9406,-39.8790998,60
-72.9407359,-39.8791105,60
-72.9408698,-39.8791217,60
-72.9410237,-39.8791342,60
-72.9411767,-39.8791466,60
-72.9413174,-39.8791575,60
-72.9414737,-39.8791699,60
-72.9416281,-39.879182,60
-72.9417825,-39.8791942,60
-72.9419366,-39.8792061,60
-72.9420747,-39.8792173,60
-72.9422286,-39.8792301,60
-72.9423663,-39.8792406,60
-72.942479,-39.8792424,60
-72.9425348,-39.8792294,60
-72.9425498,-39.8792,60
-72.9425715,-39.8791845,60
-72.9426004,-39.8791945,60
-72.9426414,-39.8792214,60
-72.9426924,-39.8792497,60
-72.9427859,-39.879274,60
-72.9428857,-39.8792832,60
-72.9429999,-39.8792906,60
-72.943061,-39.8792905,60
-72.9430779,-39.879289,60
-72.9430577,-39.8792782,60
-72.9430165,-39.8792682,60
-72.9429567,-39.8792535,60
-72.9428666,-39.8792321,60
-72.9427553,-39.8792065,60
-72.9426555,-39.8791909,60
-72.9425839,-39.8791984,60
-72.9425416,-39.879242,60
-72.9425242,-39.8792945,60
-72.9425057,-39.8793636,60
-72.9424733,-39.8794286,60
-72.9424116,-39.8794625,60
-72.9423403,-39.8794683,60
-72.9422526,-39.8794626,60
-72.9421562,-39.879455,60
-72.9420322,-39.8794452,60
-72.9418916,-39.8794336,60
-72.9417374,-39.8794212,60
-72.941599,-39.8794107,60
-72.9414461,-39.8793996,60
-72.9413034,-39.8793872,60
-72.9411713,-39.8793766,60
-72.941018,-39.8793634,60
-72.9408784,-39.8793522,60
-72.9407232,-39.8793399,60
-72.940578,-39.8793277,60
-72.9404272,-39.879316,60
-72.9402973,-39.8793059,60
-72.9401913,-39.8793035,60
-72.9401399,-39.8793146,60
-72.9401302,-39.879345,60
-72.9401543,-39.879382,60
-72.9401924,-39.8794241,60
-72.940245,-39.8794741,60
-72.9403341,-39.879525,60
-72.9404274,-39.8795517,60
-72.9404953,-39.8795526,60
-72.9405921,-39.8795598,60
-72.9407072,-39.8795692,60
-72.9408259,-39.8795794,60
-72.9409723,-39.8795911,60
-72.9411127,-39.8796025,60
-72.9412508,-39.8796128,60
-72.9413905,-39.8796246,60
-72.9415382,-39.8796365,60
-72.9416785,-39.879649,60
-72.9418481,-39.8796627,60
-72.9419836,-39.8796739,60
-72.9421224,-39.8796849,60
-72.9422671,-39.879697,60
-72.9423568,-39.8797124,60
-72.9424014,-39.879748,60
-72.9424028,-39.8798009,60
-72.9423838,-39.8798624,60
-72.9423501,-39.8799046,60
-72.9422891,-39.8799205,60
-72.9422107,-39.8799204,60
-72.9421268,-39.8799145,60
-72.9420135,-39.8799053,60
-72.9418888,-39.879895,60
-72.9417657,-39.8798852,60
-72.9416398,-39.8798752,60
-72.9415183,-39.8798651,60
-72.9413909,-39.8798543,60
-72.9412389,-39.8798419,60
-72.9410918,-39.8798311,60
-72.9409661,-39.8798206,60
-72.9408185,-39.8798087,60
-72.9406666,-39.8797966,60
-72.9405576,-39.8797913,60
-72.9404895,-39.879797,60
-72.9404555,-39.8798293,60
-72.9404568,-39.8798691,60
-72.9404767,-39.8799199,60
-72.9405231,-39.8799794,60
-72.9406008,-39.8800167,60
-72.940685,-39.8800287,60
-72.9407917,-39.8800376,60
-72.9409041,-39.8800469,60
-72.9410427,-39.8800583,60
-72.9411922,-39.8800705,60
-72.9413316,-39.8800811,60
-72.9414737,-39.8800931,60
-72.9416119,-39.8801039,60
-72.9417166,-39.8801126,60
-72.9418265,-39.8801211,60
-72.9419292,-39.8801298,60
-72.9420471,-39.8801395,60
-72.9421689,-39.880151,60
-72.9422583,-39.8801674,60
-72.9423054,-39.8802004,60
-72.9423058,-39.8802442,60
-72.9422915,-39.880303,60
-72.9422625,-39.8803515,60
-72.9422025,-39.8803767,60
-72.9421251,-39.880376,60
-72.9420461,-39.8803709,60
-72.9419379,-39.8803635,60
-72.9418152,-39.8803551,60
-72.9417151,-39.8803486,60
-72.9415958,-39.8803397,60
-72.9414561,-39.8803302,60
-72.9413206,-39.88032,60
-72.941165,-39.8803091,60
-72.9410183,-39.8802992,60
-72.9408841,-39.8802897,60
-72.9407428,-39.8802837,60
-72.9406817,-39.8802886,60
-72.9406469,-39.8803143,60
-72.9406428,-39.8803603,60
-72.9406564,-39.8804132,60
-72.9406935,-39.8804625,60
-72.9407637,-39.8804938,60
-72.9408488,-39.8805042,60
-72.9409516,-39.8805125,60
-72.9410615,-39.8805215,60
-72.9411991,-39.8805325,60
-72.9413493,-39.8805445,60
-72.9414907,-39.880556,60
-72.9416473,-39.880568,60
-72.9418017,-39.8805804,60
-72.9419398,-39.8805919,60
-72.9420758,-39.8806045,60
-72.9421594,-39.8806208,60
-72.9422004,-39.8806516,60
-72.9422062,-39.8807041,60
-72.9421911,-39.8807627,60
-72.9421589,-39.8808081,60
-72.9420949,-39.8808285,60
-72.9420204,-39.8808278,60
-72.9419405,-39.8808222,60
-72.9418294,-39.8808127,60
-72.9417133,-39.880803,60
-72.9415699,-39.8807916,60
-72.9414155,-39.8807795,60
-72.9412567,-39.8807666,60
-72.9411158,-39.8807551,60
-72.9409656,-39.8807432,60
-72.9408464,-39.8807394,60
-72.9407903,-39.8807483,60
-72.9407578,-39.8807849,60
-72.9407604,-39.8808342,60
-72.9407756,-39.8808849,60
-72.940822,-39.8809395,60
-72.9408973,-39.8809668,60
-72.9409767,-39.8809757,60
-72.9410827,-39.8809846,60
-72.9412077,-39.8809946,60
-72.9413328,-39.8810047,60
-72.941484,-39.8810172,60
-72.9416422,-39.8810294,60
-72.9417826,-39.8810404,60
-72.9419122,-39.8810544,60
-72.9419747,-39.8810755,60
-72.9419896,-39.8811086,60
-72.9419694,-39.8811484,60
-72.9419298,-39.8811909,60
-72.9418701,-39.8812353,60
-72.9417761,-39.881264,60
-72.9416715,-39.881262,60
-72.9415694,-39.8812532,60
-72.941441,-39.8812427,60
-72.9412965,-39.8812312,60
-72.9411572,-39.8812202,60
-72.941009,-39.8812102,60
-72.9409238,-39.8812135,60
-72.9408833,-39.8812368,60
-72.940873,-39.8812823,60
-72.9408845,-39.881335,60
-72.9409143,-39.8813894,60
-72.940978,-39.8814294,60
-72.9410618,-39.8814431,60
-72.9411485,-39.8814509,60
-72.9412642,-39.8814604,60
-72.9413986,-39.8814713,60
-72.9415028,-39.8814835,60
-72.9415531,-39.8815007,60
-72.9415562,-39.8815284,60
-72.9415272,-39.8815503,60
-72.9414778,-39.8815764,60
-72.9414041,-39.8816142,60
-72.9413216,-39.8816533,60
-72.9412054,-39.8816776,60
-72.9410872,-39.8816754,60
-72.9410237,-39.8816707,60
-72.9409856,-39.8816678,60
-72.9409706,-39.881667,60
-72.9409667,-39.8816669,60
</coordinates></LineString>
</Placemark>
<Placemark>
<name>DJI_202603230812_003_comenar001_Timestamp.MRK</name>
<description>Equipo: M3E | Fecha: 23-03-2026 | Puntos: 482</description>
<styleUrl>#m3e</styleUrl>
<LineString><altitudeMode>relativeToGround</altitudeMode><coordinates>
-72.9409503,-39.8817102,60
-72.9409501,-39.8816876,60
-72.9409496,-39.8816443,60
-72.9409495,-39.8815834,60
-72.9409499,-39.8815173,60
-72.9409497,-39.8814222,60
-72.9409499,-39.8813259,60
-72.9409501,-39.8812226,60
-72.9409496,-39.88113,60
-72.94095,-39.8810062,60
-72.9409499,-39.8809045,60
-72.9409497,-39.8807733,60
-72.9409496,-39.8806571,60
-72.9409493,-39.8805442,60
-72.9409494,-39.8804304,60
-72.9409489,-39.8803282,60
-72.9409381,-39.8802137,60
-72.9409074,-39.8801,60
-72.9408629,-39.8799776,60
-72.940827,-39.8798858,60
-72.9407869,-39.8797857,60
-72.9407403,-39.8796651,60
-72.9407068,-39.879582,60
-72.9406756,-39.8795259,60
-72.9406524,-39.8795127,60
-72.9406481,-39.8795297,60
-72.9406511,-39.8795622,60
-72.9406519,-39.8796102,60
-72.940652,-39.879664,60
-72.9406514,-39.8797473,60
-72.9406514,-39.879834,60
-72.9406515,-39.87992,60
-72.9406511,-39.8800243,60
-72.9406508,-39.8801343,60
-72.9406509,-39.8802498,60
-72.9406503,-39.8803799,60
-72.9406506,-39.8804829,60
-72.9406508,-39.880598,60
-72.9406504,-39.8807123,60
-72.9406507,-39.8808395,60
-72.9406513,-39.8809537,60
-72.9406514,-39.8810551,60
-72.9406513,-39.8811703,60
-72.9406513,-39.8812847,60
-72.9406516,-39.8814115,60
-72.9406515,-39.8815131,60
-72.9406513,-39.8816271,60
-72.9406505,-39.881751,60
-72.9406431,-39.8818311,60
-72.9406185,-39.881876,60
-72.9405724,-39.8819138,60
-72.9405056,-39.8819511,60
-72.9404349,-39.8819943,60
-72.9403847,-39.8820154,60
-72.9403635,-39.8820235,60
-72.9403523,-39.8820118,60
-72.9403524,-39.8819801,60
-72.9403525,-39.8819369,60
-72.9403521,-39.8818782,60
-72.9403519,-39.8818074,60
-72.9403517,-39.8817226,60
-72.9403519,-39.8816301,60
-72.940352,-39.8815218,60
-72.9403519,-39.8814355,60
-72.9403519,-39.8813343,60
-72.9403517,-39.8812615,60
-72.9403515,-39.8811813,60
-72.9403508,-39.8810933,60
-72.9403499,-39.8809886,60
-72.9403494,-39.8809098,60
-72.9403493,-39.8808179,60
-72.9403499,-39.8807156,60
-72.9403503,-39.8806055,60
-72.9403509,-39.8804919,60
-72.9403508,-39.880375,60
-72.9403505,-39.8802494,60
-72.9403508,-39.8801397,60
-72.9403516,-39.8800411,60
-72.9403514,-39.879934,60
-72.9403517,-39.8798245,60
-72.9403521,-39.8797163,60
-72.9403516,-39.8796039,60
-72.940352,-39.8794999,60
-72.9403519,-39.8794063,60
-72.9403518,-39.8792851,60
-72.9403463,-39.8791892,60
-72.9403238,-39.8790963,60
-72.940282,-39.8790198,60
-72.9402191,-39.8789511,60
-72.9401452,-39.8788772,60
-72.9401078,-39.8788468,60
-72.9400732,-39.8788396,60
-72.9400567,-39.8788585,60
-72.9400521,-39.8788904,60
-72.9400517,-39.8789343,60
-72.9400528,-39.8790031,60
-72.9400524,-39.8790711,60
-72.940053,-39.8791585,60
-72.9400536,-39.8792537,60
-72.9400533,-39.8793574,60
-72.9400536,-39.8794767,60
-72.9400536,-39.8795756,60
-72.9400541,-39.8796921,60
-72.9400545,-39.8798088,60
-72.9400543,-39.8799234,60
-72.9400549,-39.8800376,60
-72.940054,-39.8801484,60
-72.9400538,-39.8802604,60
-72.9400533,-39.8803738,60
-72.940053,-39.8804878,60
-72.9400529,-39.8806026,60
-72.9400534,-39.8807146,60
-72.9400543,-39.88081,60
-72.9400538,-39.8809131,60
-72.9400534,-39.881026,60
-72.9400533,-39.881143,60
-72.9400535,-39.8812601,60
-72.9400537,-39.8813759,60
-72.9400536,-39.8814907,60
-72.9400533,-39.881605,60
-72.9400531,-39.8817194,60
-72.9400534,-39.8818244,60
-72.9400537,-39.8819052,60
-72.9400538,-39.8819687,60
-72.9400531,-39.8820349,60
-72.9400527,-39.882113,60
-72.9400529,-39.882173,60
-72.940053,-39.8822074,60
-72.9400462,-39.8822487,60
-72.9400192,-39.8823055,60
-72.9399633,-39.8823678,60
-72.9398694,-39.8824415,60
-72.9398257,-39.8824682,60
-72.9397872,-39.8824833,60
-72.9397631,-39.882461,60
-72.9397558,-39.8824229,60
-72.9397542,-39.8823789,60
-72.9397536,-39.8823181,60
-72.9397537,-39.8822438,60
-72.9397536,-39.882159,60
-72.9397534,-39.8820655,60
-72.9397533,-39.8819692,60
-72.9397536,-39.8818613,60
-72.9397529,-39.8817662,60
-72.9397518,-39.8816864,60
-72.9397525,-39.8815975,60
-72.9397527,-39.8814992,60
-72.9397534,-39.8813932,60
-72.939753,-39.8812815,60
-72.939753,-39.8811657,60
-72.9397529,-39.8810494,60
-72.9397529,-39.8809342,60
-72.9397524,-39.880825,60
-72.9397519,-39.8807273,60
-72.9397522,-39.8806377,60
-72.9397523,-39.8805367,60
-72.9397532,-39.8804249,60
-72.9397539,-39.8803078,60
-72.939754,-39.8801901,60
-72.9397531,-39.8800738,60
-72.9397533,-39.8799591,60
-72.9397536,-39.8798451,60
-72.9397534,-39.8797307,60
-72.9397538,-39.8796161,60
-72.9397535,-39.8795015,60
-72.9397538,-39.8793868,60
-72.9397536,-39.8792732,60
-72.939753,-39.8791617,60
-72.9397527,-39.8790484,60
-72.9397528,-39.8789373,60
-72.939751,-39.8788252,60
-72.9397431,-39.8787459,60
-72.9397199,-39.8786911,60
-72.9396652,-39.8786524,60
-72.9395805,-39.8786309,60
-72.939516,-39.8786243,60
-72.9394703,-39.8786481,60
-72.9394577,-39.8786835,60
-72.9394555,-39.8787305,60
-72.9394554,-39.8787902,60
-72.939455,-39.8788647,60
-72.939455,-39.8789519,60
-72.9394552,-39.8790492,60
-72.9394546,-39.879154,60
-72.9394549,-39.8792649,60
-72.9394548,-39.8793802,60
-72.9394549,-39.8794963,60
-72.9394553,-39.8796119,60
-72.9394556,-39.8797273,60
-72.9394552,-39.8798418,60
-72.9394548,-39.8799559,60
-72.9394552,-39.8800693,60
-72.9394557,-39.8801832,60
-72.9394554,-39.8802976,60
-72.9394556,-39.880412,60
-72.9394554,-39.8805266,60
-72.9394559,-39.8806411,60
-72.939455,-39.8807567,60
-72.9394551,-39.880871,60
-72.939455,-39.8809855,60
-72.9394557,-39.8811005,60
-72.9394553,-39.8812148,60
-72.9394554,-39.8813297,60
-72.9394552,-39.8814442,60
-72.9394553,-39.8815593,60
-72.939455,-39.8816744,60
-72.9394553,-39.881789,60
-72.9394555,-39.8819033,60
-72.9394552,-39.8820179,60
-72.9394554,-39.8821303,60
-72.9394555,-39.8822335,60
-72.9394555,-39.882305,60
-72.9394561,-39.8823487,60
-72.9394553,-39.882384,60
-72.9394545,-39.8824307,60
-72.9394545,-39.8824958,60
-72.9394539,-39.8825729,60
-72.9394396,-39.8826523,60
-72.9393957,-39.8827119,60
-72.9393259,-39.8827557,60
-72.9392502,-39.882783,60
-72.9392015,-39.8827851,60
-72.9391667,-39.882761,60
-72.9391576,-39.8827217,60
-72.9391558,-39.8826752,60
-72.9391557,-39.882613,60
-72.9391555,-39.8825427,60
-72.939155,-39.8824657,60
-72.939155,-39.882383,60
-72.9391541,-39.8822985,60
-72.9391543,-39.8822222,60
-72.9391543,-39.882173,60
-72.9391546,-39.8821323,60
-72.9391546,-39.882083,60
-72.9391548,-39.882021,60
-72.9391547,-39.8819437,60
-72.9391551,-39.881856,60
-72.9391547,-39.8817643,60
-72.9391547,-39.881666,60
-72.9391545,-39.8815582,60
-72.9391546,-39.8814443,60
-72.9391551,-39.8813283,60
-72.9391548,-39.8812106,60
-72.9391546,-39.8810953,60
-72.939155,-39.8809812,60
-72.9391547,-39.8808661,60
-72.9391552,-39.8807514,60
-72.9391554,-39.8806368,60
-72.9391553,-39.8805217,60
-72.9391557,-39.8804067,60
-72.939155,-39.8802924,60
-72.9391554,-39.8801778,60
-72.9391557,-39.8800511,60
-72.9391559,-39.87995,60
-72.9391554,-39.8798346,60
-72.9391562,-39.8797203,60
-72.9391557,-39.8796065,60
-72.9391555,-39.8794926,60
-72.939156,-39.8793796,60
-72.9391556,-39.8792631,60
-72.9391564,-39.8791479,60
-72.9391561,-39.8790326,60
-72.9391553,-39.8789193,60
-72.9391553,-39.8788065,60
-72.939155,-39.878694,60
-72.93915,-39.8785986,60
-72.939135,-39.878539,60
-72.9390876,-39.8784931,60
-72.9390173,-39.8784613,60
-72.9389447,-39.878447,60
-72.9388916,-39.8784483,60
-72.938861,-39.8784803,60
-72.9388566,-39.8785269,60
-72.9388567,-39.8785792,60
-72.9388576,-39.8786469,60
-72.9388577,-39.8787277,60
-72.9388577,-39.8788281,60
-72.9388581,-39.8788985,60
-72.9388578,-39.8789641,60
-72.938858,-39.8790324,60
-72.9388585,-39.8791115,60
-72.9388589,-39.8792043,60
-72.9388588,-39.8793054,60
-72.9388586,-39.879414,60
-72.9388584,-39.8795276,60
-72.9388581,-39.8796439,60
-72.9388577,-39.8797594,60
-72.9388575,-39.879874,60
-72.9388572,-39.8799886,60
-72.938857,-39.880103,60
-72.9388575,-39.8802178,60
-72.9388576,-39.8803328,60
-72.938858,-39.8804608,60
-72.9388575,-39.8805624,60
-72.9388576,-39.8806775,60
-72.9388573,-39.8807915,60
-72.9388575,-39.8808954,60
-72.9388569,-39.8809908,60
-72.9388568,-39.8810858,60
-72.9388572,-39.8811866,60
-72.9388566,-39.8812947,60
-72.9388572,-39.8814086,60
-72.9388568,-39.881526,60
-72.938857,-39.8816427,60
-72.9388569,-39.8817576,60
-72.9388572,-39.8818724,60
-72.9388574,-39.8819869,60
-72.9388574,-39.8821011,60
-72.9388575,-39.8822156,60
-72.9388577,-39.8823306,60
-72.938858,-39.8824394,60
-72.9388579,-39.8825236,60
-72.9388577,-39.8825891,60
-72.9388571,-39.8826263,60
-72.9388567,-39.8826652,60
-72.9388563,-39.8827227,60
-72.9388567,-39.8827955,60
-72.938851,-39.882876,60
-72.9388343,-39.8829286,60
-72.9387885,-39.8829582,60
-72.9387222,-39.8829658,60
-72.9386485,-39.8829621,60
-72.9385939,-39.8829446,60
-72.9385629,-39.8829106,60
-72.9385597,-39.8828604,60
-72.9385583,-39.8827937,60
-72.9385578,-39.8827156,60
-72.9385576,-39.8826299,60
-72.9385571,-39.8825352,60
-72.9385571,-39.882435,60
-72.9385573,-39.8823425,60
-72.9385575,-39.8822404,60
-72.9385568,-39.8821374,60
-72.9385569,-39.8820283,60
-72.9385567,-39.8819143,60
-72.9385563,-39.8818105,60
-72.9385562,-39.8816942,60
-72.9385565,-39.881566,60
-72.9385566,-39.8814645,60
-72.9385563,-39.8813378,60
-72.9385564,-39.8812375,60
-72.9385566,-39.8811096,60
-72.9385569,-39.8810074,60
-72.9385567,-39.8808925,60
-72.9385572,-39.8807794,60
-72.9385575,-39.8806683,60
-72.9385574,-39.880556,60
-72.9385565,-39.8804432,60
-72.9385574,-39.880328,60
-72.9385576,-39.8802152,60
-72.938558,-39.8800999,60
-72.9385576,-39.8799837,60
-72.9385572,-39.8798715,60
-72.9385568,-39.8797618,60
-72.938556,-39.8796465,60
-72.9385563,-39.87953,60
-72.9385565,-39.8794141,60
-72.9385567,-39.8793003,60
-72.9385561,-39.879189,60
-72.9385562,-39.8790806,60
-72.9385563,-39.8789609,60
-72.9385566,-39.8788694,60
-72.9385564,-39.8787786,60
-72.9385564,-39.8786996,60
-72.9385561,-39.8786265,60
-72.9385542,-39.8785535,60
-72.9385446,-39.8784986,60
-72.9385071,-39.8784717,60
-72.9384637,-39.8784737,60
-72.9384161,-39.878493,60
-72.9383598,-39.8785217,60
-72.9382997,-39.878569,60
-72.9382624,-39.8786367,60
-72.9382574,-39.8787125,60
-72.9382584,-39.8787936,60
-72.938259,-39.8788844,60
-72.9382593,-39.8789797,60
-72.9382595,-39.8790728,60
-72.9382595,-39.8791845,60
-72.9382595,-39.87929,60
-72.9382599,-39.8794014,60
-72.9382598,-39.879517,60
-72.9382594,-39.8796209,60
-72.9382595,-39.8797491,60
-72.9382599,-39.8798509,60
-72.93826,-39.8799655,60
-72.93826,-39.8800797,60
-72.9382596,-39.880207,60
-72.9382597,-39.8803087,60
-72.9382602,-39.8804236,60
-72.9382596,-39.8805382,60
-72.9382593,-39.8806523,60
-72.9382595,-39.8807663,60
-72.9382592,-39.8808806,60
-72.9382594,-39.8810082,60
-72.9382595,-39.8811227,60
-72.9382598,-39.8812244,60
-72.9382597,-39.8813378,60
-72.9382597,-39.8814032,60
-72.9382593,-39.8814623,60
-72.938259,-39.8815105,60
-72.9382588,-39.8815613,60
-72.9382585,-39.8816327,60
-72.9382588,-39.8817176,60
-72.9382585,-39.8818244,60
-72.9382588,-39.8819164,60
-72.938259,-39.8820255,60
-72.9382589,-39.88214,60
-72.9382588,-39.8822572,60
-72.9382584,-39.8823736,60
-72.9382588,-39.8824881,60
-72.9382589,-39.8826157,60
-72.9382556,-39.8827008,60
-72.9382353,-39.8827649,60
-72.938194,-39.8827958,60
-72.9381337,-39.8828136,60
-72.938059,-39.8828166,60
-72.9380016,-39.8828058,60
-72.937969,-39.8827713,60
-72.9379607,-39.8827252,60
-72.9379598,-39.8826707,60
-72.9379595,-39.8826004,60
-72.9379592,-39.882517,60
-72.9379593,-39.8824231,60
-72.9379591,-39.8823214,60
-72.9379582,-39.8822127,60
-72.9379584,-39.8821001,60
-72.9379585,-39.8819747,60
-72.9379588,-39.881866,60
-72.9379591,-39.8817679,60
-72.9379587,-39.8816525,60
-72.9379589,-39.8815339,60
-72.9379595,-39.8814185,60
-72.9379589,-39.881315,60
-72.9379591,-39.8812184,60
-72.9379595,-39.8811033,60
-72.9379591,-39.8810082,60
-72.9379591,-39.8809015,60
-72.9379596,-39.8808022,60
-72.9379597,-39.8807058,60
-72.9379598,-39.880601,60
-72.9379599,-39.8804887,60
-72.9379595,-39.8803704,60
-72.9379585,-39.8802397,60
-72.9379589,-39.8801366,60
-72.9379593,-39.8800107,60
-72.9379594,-39.8798958,60
-72.937959,-39.879793,60
-72.9379586,-39.8796811,60
-72.9379585,-39.8795681,60
-72.9379598,-39.8794524,60
-72.9379599,-39.8793369,60
-72.9379599,-39.8792211,60
-72.9379593,-39.8790976,60
-72.9379585,-39.8790004,60
-72.9379585,-39.8788948,60
-72.9379532,-39.8788091,60
-72.9379396,-39.8787697,60
-72.9378978,-39.8787554,60
-72.9378476,-39.8787668,60
-72.9377913,-39.878792,60
-72.9377375,-39.8788242,60
-72.9376838,-39.8788819,60
-72.9376622,-39.8789537,60
-72.9376618,-39.8790304,60
-72.9376632,-39.8791157,60
-72.9376633,-39.879211,60
-72.937663,-39.8793155,60
-72.9376631,-39.8794264,60
-72.9376628,-39.8795418,60
-72.9376632,-39.8796585,60
-72.9376624,-39.879774,60
-72.937662,-39.8798897,60
-72.9376617,-39.8800032,60
-72.937662,-39.8801173,60
-72.9376619,-39.8802314,60
-72.9376623,-39.8803474,60
-72.9376626,-39.8804619,60
-72.9376628,-39.8805757,60
-72.9376625,-39.8806898,60
-72.9376621,-39.880804,60
-72.9376622,-39.8809317,60
</coordinates></LineString>
</Placemark>
<Placemark>
<name>DJI_202603230837_004_comenar001_Timestamp.MRK</name>
<description>Equipo: M3E | Fecha: 23-03-2026 | Puntos: 225</description>
<styleUrl>#m3e</styleUrl>
<LineString><altitudeMode>relativeToGround</altitudeMode><coordinates>
-72.9376606,-39.8809918,60
-72.9376606,-39.8810164,60
-72.9376605,-39.881069,60
-72.9376602,-39.8811266,60
-72.9376607,-39.8812048,60
-72.93766,-39.8812928,60
-72.9376609,-39.8814017,60
-72.9376604,-39.881496,60
-72.9376604,-39.8816199,60
-72.9376606,-39.8817226,60
-72.9376609,-39.8818392,60
-72.937661,-39.8819544,60
-72.9376605,-39.8820247,60
-72.9376602,-39.8821179,60
-72.9376604,-39.8822093,60
-72.93766,-39.8823079,60
-72.9376601,-39.8824,60
-72.9376602,-39.8825237,60
-72.9376608,-39.8826278,60
-72.937659,-39.8827338,60
-72.9376469,-39.8828001,60
-72.9376159,-39.8828296,60
-72.9375654,-39.8828345,60
-72.9375095,-39.8828225,60
-72.9374435,-39.8827994,60
-72.9373882,-39.882755,60
-72.9373663,-39.8826979,60
-72.9373621,-39.8826344,60
-72.9373616,-39.8825515,60
-72.9373617,-39.8824744,60
-72.937362,-39.8823669,60
-72.9373612,-39.882272,60
-72.9373611,-39.8821529,60
-72.937361,-39.8820471,60
-72.9373609,-39.8819396,60
-72.937361,-39.8818412,60
-72.9373614,-39.8817273,60
-72.937361,-39.8816146,60
-72.9373607,-39.8815113,60
-72.9373602,-39.8814231,60
-72.9373601,-39.8813567,60
-72.9373613,-39.8812882,60
-72.9373611,-39.881199,60
-72.9373612,-39.8811033,60
-72.9373619,-39.8810007,60
-72.9373617,-39.8808907,60
-72.937362,-39.8807762,60
-72.9373615,-39.8806599,60
-72.9373611,-39.8805439,60
-72.9373616,-39.8804293,60
-72.937361,-39.8803145,60
-72.9373612,-39.8802012,60
-72.9373617,-39.8800881,60
-72.9373621,-39.8799726,60
-72.9373622,-39.8798572,60
-72.9373617,-39.8797426,60
-72.9373616,-39.8796281,60
-72.9373616,-39.879513,60
-72.9373614,-39.8793986,60
-72.9373614,-39.8792846,60
-72.93736,-39.8791751,60
-72.9373518,-39.8790973,60
-72.9373309,-39.8790604,60
-72.9372969,-39.8790584,60
-72.9372649,-39.879083,60
-72.9372292,-39.8791171,60
-72.9371785,-39.879164,60
-72.93712,-39.879225,60
-72.9370741,-39.8793133,60
-72.937062,-39.879395,60
-72.9370632,-39.8794911,60
-72.9370637,-39.8795925,60
-72.937064,-39.8797007,60
-72.937064,-39.8798139,60
-72.9370637,-39.8799307,60
-72.9370635,-39.8800464,60
-72.9370636,-39.880161,60
-72.9370635,-39.880276,60
-72.937064,-39.8803907,60
-72.9370643,-39.8805051,60
-72.9370646,-39.8806197,60
-72.937064,-39.8807343,60
-72.9370638,-39.8808488,60
-72.9370635,-39.8809623,60
-72.9370639,-39.8810764,60
-72.9370639,-39.8811918,60
-72.9370639,-39.8813071,60
-72.9370639,-39.8814222,60
-72.9370635,-39.8815369,60
-72.9370633,-39.8816502,60
-72.9370637,-39.8817425,60
-72.9370635,-39.8818182,60
-72.9370641,-39.8818818,60
-72.9370632,-39.8819449,60
-72.9370625,-39.882023,60
-72.9370522,-39.8821022,60
-72.937015,-39.8821594,60
-72.9369494,-39.8822002,60
-72.9368709,-39.8822272,60
-72.9368164,-39.8822331,60
-72.936779,-39.88221,60
-72.9367658,-39.8821717,60
-72.9367644,-39.8821253,60
-72.9367642,-39.882064,60
-72.9367641,-39.881988,60
-72.9367637,-39.8819047,60
-72.9367635,-39.8818084,60
-72.9367632,-39.8817053,60
-72.936763,-39.8815904,60
-72.9367632,-39.8814913,60
-72.9367636,-39.881374,60
-72.9367631,-39.8812572,60
-72.9367631,-39.8811475,60
-72.9367633,-39.8810379,60
-72.9367631,-39.8809227,60
-72.9367633,-39.8808075,60
-72.936763,-39.8807022,60
-72.936763,-39.8806021,60
-72.9367624,-39.8804952,60
-72.9367623,-39.8803824,60
-72.9367627,-39.8802655,60
-72.9367634,-39.8801377,60
-72.9367627,-39.8800355,60
-72.9367633,-39.8799221,60
-72.9367593,-39.8798347,60
-72.9367534,-39.8797775,60
-72.9367414,-39.8797496,60
-72.9367257,-39.8797629,60
-72.9367124,-39.8797895,60
-72.9366894,-39.8798219,60
-72.9366454,-39.8798659,60
-72.9365748,-39.8799092,60
-72.9365043,-39.8799501,60
-72.9364706,-39.8799953,60
-72.9364654,-39.8800507,60
-72.9364647,-39.880114,60
-72.9364653,-39.8801911,60
-72.9364655,-39.8802801,60
-72.9364656,-39.8803795,60
-72.9364656,-39.8804866,60
-72.9364651,-39.8805987,60
-72.936465,-39.8807152,60
-72.9364654,-39.880831,60
-72.9364653,-39.8809444,60
-72.9364652,-39.8810592,60
-72.9364652,-39.8811737,60
-72.9364655,-39.8812881,60
-72.9364654,-39.8814023,60
-72.9364665,-39.8815037,60
-72.9364654,-39.8815723,60
-72.9364652,-39.8816158,60
-72.9364648,-39.8816681,60
-72.9364658,-39.8817387,60
-72.936466,-39.8818213,60
-72.936463,-39.8819049,60
-72.9364565,-39.8819583,60
-72.9364437,-39.8819702,60
-72.9364279,-39.8819559,60
-72.9364105,-39.8819319,60
-72.9363728,-39.8818965,60
-72.9363136,-39.881878,60
-72.9362503,-39.8818773,60
-72.9361978,-39.8818701,60
-72.9361723,-39.8818413,60
-72.9361661,-39.8818028,60
-72.9361651,-39.8817535,60
-72.9361651,-39.8816879,60
-72.9361651,-39.8816088,60
-72.9361652,-39.8815178,60
-72.9361655,-39.8814178,60
-72.9361653,-39.8813109,60
-72.9361653,-39.8811984,60
-72.9361653,-39.8810827,60
-72.9361656,-39.8809666,60
-72.9361653,-39.8808537,60
-72.9361654,-39.8807404,60
-72.9361654,-39.8806278,60
-72.9361654,-39.8805139,60
-72.9361655,-39.8804026,60
-72.9361657,-39.8802927,60
-72.9361626,-39.8802031,60
-72.9361526,-39.8801547,60
-72.9361278,-39.8801304,60
-72.9360824,-39.8801341,60
-72.9360418,-39.8801567,60
-72.9359932,-39.8801867,60
-72.9359322,-39.8802321,60
-72.9358827,-39.880299,60
-72.9358656,-39.8803779,60
-72.9358667,-39.880462,60
-72.9358671,-39.8805542,60
-72.9358675,-39.8806551,60
-72.935868,-39.8807637,60
-72.9358678,-39.8808774,60
-72.9358676,-39.8809936,60
-72.9358681,-39.8811098,60
-72.935868,-39.8812251,60
-72.9358676,-39.8813391,60
-72.9358678,-39.8814418,60
-72.9358672,-39.8815352,60
-72.935867,-39.8816364,60
-72.9358665,-39.8817409,60
-72.9358583,-39.8818145,60
-72.9358429,-39.8818469,60
-72.9358079,-39.8818522,60
-72.9357726,-39.8818343,60
-72.9357356,-39.8818059,60
-72.9356837,-39.8817636,60
-72.9356244,-39.8817061,60
-72.9355804,-39.8816311,60
-72.9355662,-39.8815431,60
-72.9355686,-39.8814503,60
-72.9355677,-39.8813607,60
-72.935568,-39.8813003,60
-72.9355678,-39.8812463,60
-72.9355673,-39.8811852,60
-72.9355663,-39.8811221,60
-72.9355663,-39.8810548,60
-72.9355661,-39.8809763,60
-72.9355658,-39.8808876,60
-72.9355661,-39.880802,60
-72.9355666,-39.880752,60
-72.9355666,-39.8807202,60
-72.9355665,-39.8807042,60
-72.9355668,-39.8807027,60
</coordinates></LineString>
</Placemark>
<Placemark>
<name>DJI_202603230906_005_santavirginia010_Timestamp.MRK</name>
<description>Equipo: M3E | Fecha: 23-03-2026 | Puntos: 439</description>
<styleUrl>#m3e</styleUrl>
<LineString><altitudeMode>relativeToGround</altitudeMode><coordinates>
-72.9463847,-39.8493287,60
-72.9463848,-39.8492989,60
-72.9463848,-39.8492437,60
-72.9463848,-39.8491768,60
-72.946385,-39.8490875,60
-72.9463847,-39.8489861,60
-72.9463852,-39.8488855,60
-72.9463852,-39.8487691,60
-72.946385,-39.8486462,60
-72.9463842,-39.8485368,60
-72.9463846,-39.8484165,60
-72.9463842,-39.8482999,60
-72.9463843,-39.8481941,60
-72.9463843,-39.8480755,60
-72.9463842,-39.8479606,60
-72.9463761,-39.8478836,60
-72.9463444,-39.8478377,60
-72.9462815,-39.8478188,60
-72.9462158,-39.8478181,60
-72.9461411,-39.8478327,60
-72.9460983,-39.8478732,60
-72.9460876,-39.8479295,60
-72.9460863,-39.8479877,60
-72.9460858,-39.8480698,60
-72.9460859,-39.8481665,60
-72.9460866,-39.8482641,60
-72.946087,-39.8483829,60
-72.9460867,-39.8484932,60
-72.9460873,-39.8486146,60
-72.9460874,-39.8487338,60
-72.946087,-39.8488408,60
-72.9460874,-39.8489594,60
-72.9460876,-39.8490781,60
-72.9460876,-39.8491847,60
-72.9460875,-39.8493031,60
-72.9460873,-39.8494212,60
-72.9460872,-39.8495398,60
-72.946085,-39.8496407,60
-72.9460701,-39.8497141,60
-72.9460254,-39.8497529,60
-72.9459584,-39.8497707,60
-72.945876,-39.8497777,60
-72.9458188,-39.8497617,60
-72.9457931,-39.8497231,60
-72.9457878,-39.8496704,60
-72.945787,-39.8496098,60
-72.9457871,-39.8495263,60
-72.9457867,-39.8494284,60
-72.9457862,-39.849319,60
-72.9457861,-39.8492148,60
-72.945786,-39.8490934,60
-72.9457871,-39.8489915,60
-72.9457871,-39.8489213,60
-72.9457867,-39.8488123,60
-72.9457873,-39.848738,60
-72.9457876,-39.8486221,60
-72.9457877,-39.8484999,60
-72.9457878,-39.8483782,60
-72.9457869,-39.8482717,60
-72.9457859,-39.8481531,60
-72.9457869,-39.8480348,60
-72.9457846,-39.8479372,60
-72.9457685,-39.8478672,60
-72.9457181,-39.8478349,60
-72.9456569,-39.8478287,60
-72.945587,-39.8478321,60
-72.9455237,-39.8478571,60
-72.9454949,-39.8478985,60
-72.9454882,-39.8479548,60
-72.9454876,-39.8480255,60
-72.9454882,-39.8481005,60
-72.9454881,-39.8481905,60
-72.9454887,-39.8482559,60
-72.9454888,-39.8482856,60
-72.9454888,-39.8482895,60
-72.9454889,-39.8483035,60
-72.9454889,-39.8483413,60
-72.9454889,-39.8484041,60
-72.9454895,-39.8484848,60
-72.9454893,-39.8485683,60
-72.9454896,-39.8486736,60
-72.9454899,-39.8487881,60
-72.9454904,-39.8488985,60
-72.9454905,-39.8490196,60
-72.9454899,-39.8491385,60
-72.9454902,-39.8491335,60
-72.9454888,-39.8491371,60
-72.9454887,-39.8491578,60
-72.945489,-39.8492048,60
-72.945489,-39.8492668,60
-72.9454888,-39.8493519,60
-72.9454893,-39.8494493,60
-72.9454895,-39.8495484,60
-72.945487,-39.8496553,60
-72.9454716,-39.849713,60
-72.9454321,-39.8497377,60
-72.9453854,-39.8497327,60
-72.9453242,-39.8497117,60
-72.9452594,-39.8496789,60
-72.9452044,-39.8496178,60
-72.9451917,-39.8495431,60
-72.9451895,-39.8494713,60
-72.9451891,-39.8493782,60
-72.9451886,-39.8492744,60
-72.9451885,-39.8491826,60
-72.9451877,-39.8490682,60
-72.9451875,-39.8489471,60
-72.9451871,-39.8488518,60
-72.9451869,-39.8487566,60
-72.9451879,-39.8486522,60
-72.9451882,-39.8485327,60
-72.9451886,-39.8484214,60
-72.9451884,-39.8483013,60
-72.9451887,-39.8481939,60
-72.9451885,-39.848122,60
-72.9451885,-39.8480353,60
-72.9451879,-39.8479474,60
-72.9451828,-39.8478414,60
-72.9451565,-39.8477604,60
-72.9450959,-39.8477078,60
-72.9450086,-39.8476666,60
-72.9449492,-39.8476557,60
-72.9449071,-39.8476724,60
-72.9448902,-39.8477131,60
-72.9448879,-39.8477638,60
-72.9448875,-39.8478333,60
-72.9448871,-39.8479105,60
-72.9448861,-39.8480075,60
-72.9448858,-39.8481023,60
-72.9448859,-39.8481895,60
-72.9448854,-39.8482629,60
-72.9448848,-39.8483412,60
-72.9448841,-39.8484392,60
-72.9448835,-39.8485493,60
-72.9448831,-39.8486556,60
-72.944882,-39.8487771,60
-72.9448811,-39.848891,60
-72.9448801,-39.8489908,60
-72.9448794,-39.849113,60
-72.9448786,-39.8492347,60
-72.9448781,-39.8493425,60
-72.9448769,-39.8494614,60
-72.9448704,-39.8495797,60
-72.9448381,-39.8496826,60
-72.9447744,-39.8497905,60
-72.9447053,-39.8498908,60
-72.9446538,-39.8499522,60
-72.9446216,-39.8499772,60
-72.9445975,-39.8499675,60
-72.9445926,-39.8499376,60
-72.9445906,-39.8498985,60
-72.9445905,-39.8498334,60
-72.9445904,-39.8497497,60
-72.9445907,-39.8496629,60
-72.9445902,-39.8495534,60
-72.9445905,-39.8494489,60
-72.9445906,-39.849327,60
-72.9445905,-39.849206,60
-72.9445901,-39.8490859,60
-72.9445902,-39.8489793,60
-72.9445901,-39.8488608,60
-72.9445904,-39.8487544,60
-72.9445904,-39.8486354,60
-72.9445904,-39.8485166,60
-72.9445902,-39.8484109,60
-72.9445903,-39.8482676,60
-72.9445901,-39.8481722,60
-72.9445901,-39.8480596,60
-72.9445894,-39.8479861,60
-72.9445898,-39.8479019,60
-72.9445903,-39.8478044,60
-72.9445911,-39.8477071,60
-72.9445896,-39.8475924,60
-72.9445797,-39.8475229,60
-72.944562,-39.8474959,60
-72.9445156,-39.8474859,60
-72.9444588,-39.8474686,60
-72.9443866,-39.8474487,60
-72.9443295,-39.8474502,60
-72.944299,-39.8474778,60
-72.9442925,-39.8475223,60
-72.944292,-39.8475794,60
-72.9442925,-39.8476489,60
-72.9442936,-39.8477404,60
-72.9442933,-39.8478452,60
-72.9442938,-39.8479453,60
-72.944294,-39.8480608,60
-72.9442938,-39.8481805,60
-72.9442947,-39.8482886,60
-72.9442952,-39.8484077,60
-72.9442947,-39.8485261,60
-72.9442946,-39.8486324,60
-72.9442945,-39.848749,60
-72.9442949,-39.8488658,60
-72.9442947,-39.8489491,60
-72.9442946,-39.8490464,60
-72.9442942,-39.8491596,60
-72.9442942,-39.8492686,60
-72.9442943,-39.8493909,60
-72.9442943,-39.849511,60
-72.944294,-39.8496185,60
-72.9442944,-39.8497372,60
-72.9442945,-39.8498561,60
-72.944291,-39.8499504,60
-72.944272,-39.8500094,60
-72.9442244,-39.8500391,60
-72.9441582,-39.850045,60
-72.9440786,-39.8500385,60
-72.944021,-39.8500106,60
-72.9439968,-39.8499611,60
-72.9439942,-39.849908,60
-72.9439934,-39.8498338,60
-72.9439931,-39.8497433,60
-72.9439929,-39.8496514,60
-72.9439928,-39.8495387,60
-72.9439927,-39.8494219,60
-72.9439926,-39.8493149,60
-72.9439929,-39.8491917,60
-72.943993,-39.8490786,60
-72.9439929,-39.8489715,60
-72.9439931,-39.8488494,60
-72.9439927,-39.8487463,60
-72.943993,-39.8486328,60
-72.9439932,-39.8485134,60
-72.9439935,-39.8483941,60
-72.9439932,-39.8482865,60
-72.9439932,-39.8481675,60
-72.943993,-39.8480603,60
-72.9439929,-39.8479425,60
-72.9439928,-39.8478423,60
-72.9439926,-39.8477774,60
-72.9439928,-39.8477397,60
-72.9439929,-39.8476988,60
-72.9439937,-39.8476284,60
-72.9439935,-39.8475641,60
-72.9439936,-39.8474868,60
-72.9439895,-39.8474077,60
-72.9439751,-39.8473598,60
-72.9439313,-39.8473231,60
-72.9438522,-39.8473073,60
-72.9437767,-39.847306,60
-72.9437204,-39.8473273,60
-72.9436983,-39.8473714,60
-72.9436945,-39.8474185,60
-72.9436946,-39.8474854,60
-72.9436957,-39.8475733,60
-72.9436955,-39.8476611,60
-72.9436961,-39.8477635,60
-72.9436961,-39.8478746,60
-72.9436964,-39.8479815,60
-72.9436968,-39.8481011,60
-72.9436973,-39.8482069,60
-72.943697,-39.8482676,60
-72.943697,-39.8483333,60
-72.9436969,-39.8484186,60
-72.9436964,-39.8485076,60
-72.9436971,-39.8486131,60
-72.9436968,-39.8487303,60
-72.943697,-39.848836,60
-72.9436967,-39.8489577,60
-72.9436968,-39.8490782,60
-72.9436969,-39.849186,60
-72.9436966,-39.849305,60
-72.9436965,-39.8494239,60
-72.9436966,-39.8495308,60
-72.9436957,-39.8496419,60
-72.9436957,-39.8497566,60
-72.943694,-39.8498576,60
-72.9436832,-39.8499314,60
-72.9436482,-39.8499643,60
-72.9435971,-39.8499649,60
-72.9435231,-39.8499525,60
-72.9434466,-39.8499234,60
-72.9434086,-39.8498774,60
-72.943398,-39.849814,60
-72.9433961,-39.8497413,60
-72.9433954,-39.8496617,60
-72.9433954,-39.8495624,60
-72.9433955,-39.8494504,60
-72.9433949,-39.8493402,60
-72.9433948,-39.8492168,60
-72.9433949,-39.8490964,60
-72.9433954,-39.8489906,60
-72.9433956,-39.8488767,60
-72.943395,-39.848757,60
-72.9433955,-39.8486492,60
-72.9433958,-39.8485385,60
-72.9433954,-39.8484258,60
-72.9433959,-39.848304,60
-72.9433959,-39.8481946,60
-72.943396,-39.8480746,60
-72.9433952,-39.8479573,60
-72.9433952,-39.8478762,60
-72.9433955,-39.847825,60
-72.9433955,-39.8478083,60
-72.9433955,-39.8477928,60
-72.9433957,-39.8477566,60
-72.9433955,-39.8477031,60
-72.9433957,-39.8476347,60
-72.9433955,-39.8475804,60
-72.9433954,-39.8475101,60
-72.9433956,-39.8474321,60
-72.9433873,-39.8473542,60
-72.9433695,-39.8473169,60
-72.9433348,-39.8473023,60
-72.9432824,-39.8473113,60
-72.9432209,-39.8473385,60
-72.9431565,-39.8473773,60
-72.9431056,-39.8474433,60
-72.9430969,-39.8475223,60
-72.9430974,-39.8476006,60
-72.9430983,-39.847699,60
-72.9430987,-39.8477936,60
-72.9430987,-39.8479068,60
-72.9430986,-39.8480173,60
-72.9430991,-39.8481358,60
-72.9430991,-39.848242,60
-72.9430992,-39.8483563,60
-72.9430992,-39.8484662,60
-72.9430984,-39.848545,60
-72.9430985,-39.8486191,60
-72.9430988,-39.8487194,60
-72.943099,-39.8488211,60
-72.9430988,-39.8489413,60
-72.9430988,-39.8490636,60
-72.9430989,-39.8491714,60
-72.9430992,-39.8492902,60
-72.943099,-39.8494095,60
-72.943099,-39.8495093,60
-72.9430987,-39.8496103,60
-72.943098,-39.8497199,60
-72.9430929,-39.8498045,60
-72.9430689,-39.8498564,60
-72.943011,-39.8498724,60
-72.9429477,-39.8498681,60
-72.9428704,-39.8498503,60
-72.9428173,-39.8498105,60
-72.9428012,-39.8497526,60
-72.9427993,-39.8496931,60
-72.9427989,-39.8496117,60
-72.9427985,-39.8495255,60
-72.9427982,-39.8494183,60
-72.9427977,-39.8493018,60
-72.942797,-39.849192,60
-72.9427963,-39.8490707,60
-72.9427965,-39.84895,60
-72.9427971,-39.8488439,60
-72.9427972,-39.8487281,60
-72.9427973,-39.848626,60
-72.9427972,-39.8485179,60
-72.9427973,-39.8483959,60
-72.9427979,-39.8482854,60
-72.9427979,-39.8481776,60
-72.9427977,-39.8480577,60
-72.9427977,-39.8479515,60
-72.9427978,-39.8478443,60
-72.9427973,-39.8477405,60
-72.9427923,-39.8476428,60
-72.9427774,-39.847596,60
-72.942748,-39.8475779,60
-72.9426953,-39.8475929,60
-72.9426465,-39.8476212,60
-72.9425886,-39.8476587,60
-72.9425268,-39.8477251,60
-72.9424992,-39.8478103,60
-72.9424997,-39.8478921,60
-72.9425,-39.8479929,60
-72.9425002,-39.8481053,60
-72.9425005,-39.8482065,60
-72.9425003,-39.8483259,60
-72.9425014,-39.8484453,60
-72.9425014,-39.8485543,60
-72.942501,-39.8486669,60
-72.9425009,-39.8487498,60
-72.9425007,-39.8488283,60
-72.9425011,-39.8489319,60
-72.9425012,-39.8490479,60
-72.9425008,-39.8491573,60
-72.9425008,-39.8492792,60
-72.9425012,-39.8493942,60
-72.9425011,-39.8494997,60
-72.9425007,-39.8496172,60
-72.9424913,-39.8497004,60
-72.9424683,-39.8497354,60
-72.942416,-39.8497415,60
-72.9423592,-39.8497251,60
-72.9422914,-39.8496951,60
-72.942232,-39.8496451,60
-72.9422031,-39.8495734,60
-72.9422008,-39.8494937,60
-72.9422003,-39.8494119,60
-72.9422,-39.8493093,60
-72.9422001,-39.8492073,60
-72.942201,-39.8490872,60
-72.9422016,-39.8489706,60
-72.9422012,-39.8488505,60
-72.9422001,-39.8487597,60
-72.9422015,-39.8486725,60
-72.9422016,-39.8485906,60
-72.9421997,-39.8484863,60
-72.9421992,-39.8483705,60
-72.9421992,-39.8482624,60
-72.9421983,-39.8481505,60
-72.9421982,-39.8480739,60
-72.9421934,-39.8480184,60
-72.94218,-39.847989,60
-72.9421412,-39.8479837,60
-72.9421079,-39.8480038,60
-72.9420691,-39.8480384,60
-72.9420123,-39.8480912,60
-72.9419547,-39.8481532,60
-72.9419106,-39.8482419,60
-72.9418993,-39.8483444,60
-72.9419009,-39.8484527,60
-72.9419014,-39.8485568,60
-72.941902,-39.8486764,60
-72.9419025,-39.8487899,60
-72.9419027,-39.8488769,60
-72.9419031,-39.8489809,60
-72.9419034,-39.8490995,60
-72.9419035,-39.8492094,60
-72.9419026,-39.8493284,60
-72.9418945,-39.8494074,60
-72.9418667,-39.8494469,60
-72.941817,-39.8494476,60
-72.9417696,-39.8494262,60
-72.9417085,-39.8493926,60
-72.9416429,-39.8493361,60
-72.9416079,-39.8492672,60
-72.9416029,-39.8491787,60
-72.941603,-39.849082,60
-72.9416025,-39.8489875,60
-72.9416023,-39.8488725,60
-72.9416019,-39.8487516,60
-72.9416017,-39.8486485,60
-72.9416013,-39.8485856,60
-72.9416018,-39.848556,60
-72.9416009,-39.8485428,60
-72.9416014,-39.8485395,60
</coordinates></LineString>
</Placemark>
<Placemark>
<name>DJI_202603230906_006_santavirginia009_Timestamp.MRK</name>
<description>Equipo: M3E | Fecha: 23-03-2026 | Puntos: 307</description>
<styleUrl>#m3e</styleUrl>
<LineString><altitudeMode>relativeToGround</altitudeMode><coordinates>
-72.9431803,-39.8458584,60
-72.9431809,-39.845834,60
-72.9431806,-39.8457841,60
-72.9431804,-39.8457204,60
-72.9431802,-39.8456339,60
-72.9431806,-39.8455348,60
-72.9431797,-39.845436,60
-72.9431732,-39.8453278,60
-72.943146,-39.8452579,60
-72.9430885,-39.8452122,60
-72.9430071,-39.8451835,60
-72.9429398,-39.8451709,60
-72.9428963,-39.8451945,60
-72.9428826,-39.845233,60
-72.9428814,-39.8452853,60
-72.9428818,-39.845357,60
-72.9428818,-39.8454354,60
-72.9428812,-39.8455363,60
-72.9428816,-39.8456465,60
-72.9428815,-39.8457548,60
-72.9428813,-39.8458686,60
-72.9428829,-39.8459738,60
-72.942883,-39.8460935,60
-72.9428826,-39.8462074,60
-72.9428822,-39.8463175,60
-72.9428824,-39.8464235,60
-72.9428772,-39.8465436,60
-72.9428498,-39.8466602,60
-72.9428058,-39.8467626,60
-72.9427531,-39.8468739,60
-72.9426998,-39.8469851,60
-72.9426541,-39.8470746,60
-72.9426174,-39.8471245,60
-72.9426007,-39.8471409,60
-72.94259,-39.8471306,60
-72.9425844,-39.8471021,60
-72.9425818,-39.8470546,60
-72.9425816,-39.8469932,60
-72.9425817,-39.8469087,60
-72.9425813,-39.8468154,60
-72.9425808,-39.8467237,60
-72.9425802,-39.8466226,60
-72.9425808,-39.8465208,60
-72.942581,-39.846426,60
-72.9425825,-39.8463119,60
-72.9425821,-39.8462009,60
-72.9425807,-39.8461255,60
-72.9425806,-39.8460631,60
-72.9425806,-39.8459936,60
-72.9425808,-39.8459092,60
-72.9425809,-39.845822,60
-72.9425811,-39.8457146,60
-72.9425803,-39.8456015,60
-72.9425801,-39.8454975,60
-72.9425807,-39.8453754,60
-72.9425799,-39.8452666,60
-72.942576,-39.8451574,60
-72.9425545,-39.8450888,60
-72.9424933,-39.8450536,60
-72.9424266,-39.8450386,60
-72.9423546,-39.8450395,60
-72.9423076,-39.8450601,60
-72.9422858,-39.8451056,60
-72.9422828,-39.845161,60
-72.9422826,-39.8452254,60
-72.9422822,-39.8453219,60
-72.9422831,-39.845413,60
-72.9422833,-39.8455261,60
-72.9422831,-39.8456427,60
-72.9422836,-39.8457504,60
-72.9422838,-39.8458586,60
-72.9422841,-39.8459643,60
-72.9422848,-39.8460787,60
-72.9422843,-39.8461877,60
-72.942284,-39.8463097,60
-72.9422843,-39.846431,60
-72.9422841,-39.8465508,60
-72.9422843,-39.8466584,60
-72.942284,-39.846777,60
-72.9422838,-39.8468917,60
-72.9422844,-39.8469863,60
-72.9422839,-39.8470996,60
-72.9422818,-39.8471963,60
-72.9422651,-39.8472549,60
-72.942221,-39.8472875,60
-72.9421597,-39.8472926,60
-72.9420827,-39.8472844,60
-72.9420172,-39.8472574,60
-72.9419903,-39.8472122,60
-72.9419848,-39.8471529,60
-72.9419832,-39.8470808,60
-72.941983,-39.8470008,60
-72.9419827,-39.8468987,60
-72.9419823,-39.8467904,60
-72.9419829,-39.8466864,60
-72.9419837,-39.8465636,60
-72.9419845,-39.8464419,60
-72.9419838,-39.846333,60
-72.9419829,-39.8462143,60
-72.9419824,-39.846098,60
-72.9419827,-39.8460218,60
-72.9419823,-39.8459437,60
-72.9419822,-39.8458408,60
-72.9419823,-39.8457395,60
-72.9419824,-39.8456209,60
-72.9419825,-39.8455007,60
-72.9419828,-39.8453804,60
-72.9419828,-39.8452722,60
-72.9419826,-39.8451533,60
-72.9419764,-39.8450664,60
-72.9419537,-39.8450066,60
-72.9418913,-39.844974,60
-72.9418202,-39.8449619,60
-72.9417461,-39.8449644,60
-72.9416997,-39.8449956,60
-72.9416856,-39.8450459,60
-72.9416838,-39.8450991,60
-72.9416844,-39.8451758,60
-72.941685,-39.8452682,60
-72.9416854,-39.8453632,60
-72.9416854,-39.8454782,60
-72.9416857,-39.8455985,60
-72.9416862,-39.8457064,60
-72.9416857,-39.8458266,60
-72.9416858,-39.845947,60
-72.9416861,-39.8460554,60
-72.9416864,-39.8461584,60
-72.9416867,-39.8462787,60
-72.9416863,-39.8463873,60
-72.9416863,-39.8465069,60
-72.9416865,-39.846626,60
-72.9416872,-39.8467326,60
-72.9416863,-39.8468513,60
-72.9416863,-39.846969,60
-72.9416868,-39.8470751,60
-72.9416831,-39.8471885,60
-72.9416713,-39.8472619,60
-72.9416305,-39.8473117,60
-72.941545,-39.8473441,60
-72.9414697,-39.8473608,60
-72.9414177,-39.84735,60
-72.9413909,-39.847313,60
-72.9413858,-39.8472635,60
-72.9413848,-39.8471987,60
-72.9413851,-39.8471237,60
-72.941385,-39.8470265,60
-72.941385,-39.8469231,60
-72.941385,-39.8468209,60
-72.941385,-39.8467076,60
-72.9413852,-39.8465974,60
-72.9413856,-39.8464938,60
-72.9413849,-39.8463805,60
-72.9413841,-39.8462675,60
-72.9413837,-39.846164,60
-72.9413839,-39.8460469,60
-72.9413843,-39.8459363,60
-72.9413842,-39.8458465,60
-72.9413849,-39.845748,60
-72.9413853,-39.8456406,60
-72.9413852,-39.845537,60
-72.9413845,-39.8454234,60
-72.9413846,-39.8453007,60
-72.9413845,-39.8451913,60
-72.9413849,-39.845084,60
-72.9413822,-39.8449763,60
-72.9413688,-39.8449064,60
-72.9413185,-39.8448526,60
-72.9412341,-39.8448191,60
-72.9411634,-39.8448036,60
-72.9411118,-39.8448179,60
-72.9410897,-39.8448597,60
-72.9410863,-39.8449057,60
-72.9410859,-39.8449721,60
-72.9410867,-39.8450571,60
-72.941087,-39.845147,60
-72.9410878,-39.8452543,60
-72.941088,-39.8453696,60
-72.9410888,-39.8454788,60
-72.9410888,-39.8455982,60
-72.9410887,-39.8457082,60
-72.9410889,-39.8458096,60
-72.9410889,-39.8459142,60
-72.9410888,-39.8460282,60
-72.9410884,-39.8461361,60
-72.9410884,-39.8462428,60
-72.9410893,-39.8463451,60
-72.9410893,-39.8464447,60
-72.9410885,-39.8465588,60
-72.9410889,-39.8466756,60
-72.9410888,-39.8467823,60
-72.9410888,-39.8469011,60
-72.9410884,-39.8470194,60
-72.9410881,-39.8471262,60
-72.9410873,-39.8472365,60
-72.9410785,-39.8473156,60
-72.9410533,-39.8473521,60
-72.9410179,-39.8473381,60
-72.9409806,-39.8473249,60
-72.9409194,-39.8473287,60
-72.9408417,-39.8473396,60
-72.9408022,-39.8473323,60
-72.9407902,-39.8473029,60
-72.9407881,-39.8472606,60
-72.9407876,-39.8471986,60
-72.9407875,-39.8471265,60
-72.940787,-39.8470316,60
-72.9407864,-39.8469244,60
-72.9407864,-39.8468202,60
-72.9407865,-39.8467001,60
-72.9407872,-39.8465817,60
-72.9407868,-39.8464814,60
-72.9407871,-39.8463676,60
-72.9407865,-39.8462525,60
-72.9407869,-39.8461535,60
-72.9407871,-39.8460424,60
-72.9407868,-39.8459278,60
-72.9407868,-39.845838,60
-72.9407869,-39.8457514,60
-72.9407868,-39.8456662,60
-72.940788,-39.8455769,60
-72.9407887,-39.8454681,60
-72.9407881,-39.8453505,60
-72.940788,-39.8452271,60
-72.9407884,-39.8451189,60
-72.9407879,-39.8450062,60
-72.9407872,-39.8449004,60
-72.9407793,-39.8448089,60
-72.940752,-39.8447611,60
-72.9406892,-39.8447433,60
-72.9406236,-39.8447448,60
-72.9405482,-39.8447604,60
-72.940506,-39.8447964,60
-72.9404922,-39.8448526,60
-72.9404905,-39.8449178,60
-72.9404901,-39.8449911,60
-72.9404897,-39.8450879,60
-72.9404899,-39.8451959,60
-72.9404907,-39.845314,60
-72.9404915,-39.8454235,60
-72.9404922,-39.8455664,60
-72.9404918,-39.8456496,60
-72.9404913,-39.8457692,60
-72.9404912,-39.8458883,60
-72.9404905,-39.845995,60
-72.9404904,-39.8461133,60
-72.9404906,-39.8462308,60
-72.9404904,-39.8463485,60
-72.9404912,-39.8464536,60
-72.9404906,-39.8465715,60
-72.9404907,-39.8466896,60
-72.9404909,-39.8467964,60
-72.9404914,-39.8469151,60
-72.9404912,-39.8470315,60
-72.9404908,-39.8471371,60
-72.9404903,-39.847253,60
-72.9404835,-39.8473404,60
-72.9404649,-39.8473802,60
-72.9404197,-39.8473879,60
-72.9403664,-39.847367,60
-72.9403069,-39.8473355,60
-72.9402449,-39.8472894,60
-72.9401984,-39.8472147,60
-72.9401904,-39.847138,60
-72.9401905,-39.8470445,60
-72.9401903,-39.8469515,60
-72.9401908,-39.8468403,60
-72.9401905,-39.8467204,60
-72.9401903,-39.8465977,60
-72.9401898,-39.8464889,60
-72.9401897,-39.8463707,60
-72.9401901,-39.8462651,60
-72.9401891,-39.8461507,60
-72.9401887,-39.846032,60
-72.9401898,-39.845912,60
-72.9401896,-39.8458083,60
-72.9401898,-39.8456922,60
-72.9401902,-39.8455784,60
-72.94019,-39.8454864,60
-72.9401897,-39.8453872,60
-72.94019,-39.8452766,60
-72.9401901,-39.8451728,60
-72.9401901,-39.8450565,60
-72.9401895,-39.8449512,60
-72.9401832,-39.8448805,60
-72.9401747,-39.8448452,60
-72.9401513,-39.8448469,60
-72.9401353,-39.8448712,60
-72.9401152,-39.8449102,60
-72.9400839,-39.8449705,60
-72.9400486,-39.8450397,60
-72.9400027,-39.8451291,60
-72.9399518,-39.8452292,60
-72.9399087,-39.8453402,60
-72.9398953,-39.845447,60
-72.939894,-39.8455596,60
-72.9398931,-39.8456667,60
-72.9398935,-39.8457877,60
-72.9398933,-39.8459078,60
-72.9398933,-39.8460279,60
-72.9398932,-39.8461341,60
-72.9398932,-39.8462538,60
-72.9398935,-39.8463607,60
-72.9398936,-39.8464777,60
-72.9398937,-39.8465548,60
-72.939893,-39.8465885,60
-72.9398927,-39.8466054,60
-72.9398929,-39.8466132,60
</coordinates></LineString>
</Placemark>
<Placemark>
<name>DJI_202603230936_007_santavirginia005_Timestamp.MRK</name>
<description>Equipo: M3E | Fecha: 23-03-2026 | Puntos: 421</description>
<styleUrl>#m3e</styleUrl>
<LineString><altitudeMode>relativeToGround</altitudeMode><coordinates>
-72.9455507,-39.8414781,60
-72.9455511,-39.841504,60
-72.9455515,-39.8415564,60
-72.9455516,-39.8416299,60
-72.9455519,-39.841708,60
-72.9455522,-39.84181,60
-72.9455603,-39.8419187,60
-72.9455929,-39.8419969,60
-72.9456673,-39.8420689,60
-72.9457437,-39.8421208,60
-72.9457965,-39.8421455,60
-72.9458353,-39.8421339,60
-72.9458488,-39.8420983,60
-72.9458501,-39.8420576,60
-72.9458503,-39.8419942,60
-72.9458497,-39.8419209,60
-72.9458493,-39.8418257,60
-72.9458497,-39.8417175,60
-72.9458517,-39.8416158,60
-72.945862,-39.8415442,60
-72.9459001,-39.841507,60
-72.9459578,-39.8414962,60
-72.9460187,-39.8414951,60
-72.946023,-39.841498,60
-72.9460502,-39.8415005,60
-72.946104,-39.8415202,60
-72.946141,-39.841563,60
-72.946149,-39.8416225,60
-72.9461494,-39.8416934,60
-72.9461492,-39.8417725,60
-72.946149,-39.8418723,60
-72.946149,-39.8419832,60
-72.946149,-39.8420906,60
-72.9461538,-39.8421947,60
-72.9461703,-39.8422512,60
-72.946212,-39.8422785,60
-72.9462728,-39.8422993,60
-72.9463319,-39.8423411,60
-72.946366,-39.8423915,60
-72.9463942,-39.842462,60
-72.946409,-39.8425525,60
-72.9464194,-39.842646,60
-72.946432,-39.8427477,60
-72.9464425,-39.8428047,60
-72.9464453,-39.8428217,60
-72.9464486,-39.8428214,60
-72.9464466,-39.8427973,60
-72.9464473,-39.842761,60
-72.9464475,-39.8427089,60
-72.9464474,-39.8426382,60
-72.9464477,-39.8425626,60
-72.9464477,-39.8424657,60
-72.9464473,-39.8423568,60
-72.9464476,-39.8422517,60
-72.9464465,-39.8421314,60
-72.9464469,-39.8420097,60
-72.946447,-39.8418894,60
-72.9464465,-39.8417843,60
-72.9464472,-39.8416655,60
-72.946454,-39.841568,60
-72.9464822,-39.8414932,60
-72.9465557,-39.8414279,60
-72.9466395,-39.8413831,60
-72.9466956,-39.841366,60
-72.9467347,-39.8413864,60
-72.946746,-39.8414262,60
-72.9467473,-39.841472,60
-72.9467468,-39.8415421,60
-72.9467469,-39.8416202,60
-72.9467468,-39.8417198,60
-72.9467467,-39.8418312,60
-72.9467468,-39.8419505,60
-72.9467472,-39.8420611,60
-72.9467472,-39.8421817,60
-72.9467475,-39.8422888,60
-72.946747,-39.8424084,60
-72.9467471,-39.8425282,60
-72.9467475,-39.8426356,60
-72.9467497,-39.8427481,60
-72.9467643,-39.8428189,60
-72.9468016,-39.8428477,60
-72.9468517,-39.8428468,60
-72.946914,-39.842828,60
-72.9469802,-39.8427953,60
-72.9470308,-39.8427351,60
-72.9470428,-39.8426648,60
-72.947044,-39.8425943,60
-72.9470435,-39.8425032,60
-72.9470434,-39.8423976,60
-72.9470437,-39.8422834,60
-72.9470439,-39.8421803,60
-72.9470441,-39.8420597,60
-72.9470444,-39.8419507,60
-72.947044,-39.8418327,60
-72.9470436,-39.8417147,60
-72.9470438,-39.8416157,60
-72.947045,-39.8415151,60
-72.9470442,-39.8414132,60
-72.9470444,-39.8413004,60
-72.9470535,-39.8412018,60
-72.9470869,-39.8411249,60
-72.9471523,-39.8410652,60
-72.947229,-39.8410313,60
-72.9472856,-39.8410165,60
-72.9473275,-39.8410362,60
-72.94734,-39.8410711,60
-72.947343,-39.8411214,60
-72.947344,-39.8411778,60
-72.9473442,-39.8412249,60
-72.9473449,-39.8412929,60
-72.9473447,-39.8413834,60
-72.9473446,-39.8414773,60
-72.9473451,-39.8415904,60
-72.9473457,-39.8416985,60
-72.9473451,-39.8418195,60
-72.9473453,-39.8419395,60
-72.9473453,-39.8420585,60
-72.9473453,-39.8421657,60
-72.9473452,-39.8422841,60
-72.9473554,-39.8423941,60
-72.9473724,-39.8424293,60
-72.9474246,-39.8424463,60
-72.9474958,-39.8424367,60
-72.9475647,-39.842419,60
-72.9476217,-39.8423772,60
-72.9476407,-39.8423191,60
-72.9476429,-39.8422598,60
-72.9476423,-39.8421794,60
-72.9476425,-39.842085,60
-72.9476416,-39.841987,60
-72.947641,-39.8418693,60
-72.9476412,-39.8417579,60
-72.9476415,-39.8416374,60
-72.9476419,-39.8415177,60
-72.9476427,-39.8414032,60
-72.9476416,-39.8412994,60
-72.9476423,-39.8411816,60
-72.9476428,-39.8410715,60
-72.947647,-39.8409751,60
-72.9476669,-39.8409063,60
-72.9477255,-39.8408594,60
-72.9477946,-39.8408383,60
-72.9478706,-39.8408266,60
-72.9479205,-39.8408464,60
-72.947938,-39.8408856,60
-72.9479415,-39.8409359,60
-72.9479423,-39.8410068,60
-72.9479427,-39.8410865,60
-72.947942,-39.8411859,60
-72.947942,-39.8412953,60
-72.9479424,-39.8414032,60
-72.947943,-39.8415209,60
-72.9479432,-39.8416376,60
-72.9479433,-39.8417461,60
-72.9479433,-39.8418604,60
-72.9479435,-39.841978,60
-72.9479439,-39.8420864,60
-72.9479446,-39.8422026,60
-72.9479519,-39.8422939,60
-72.9479778,-39.8423345,60
-72.948035,-39.8423528,60
-72.9481047,-39.8423488,60
-72.9481744,-39.8423319,60
-72.9482237,-39.8422911,60
-72.9482389,-39.842234,60
-72.9482388,-39.8421745,60
-72.9482387,-39.8420924,60
-72.9482392,-39.8419961,60
-72.9482394,-39.8419011,60
-72.9482397,-39.8417886,60
-72.9482403,-39.841669,60
-72.9482407,-39.8415612,60
-72.9482383,-39.8414462,60
-72.9482388,-39.8413413,60
-72.9482389,-39.8412365,60
-72.9482393,-39.8411152,60
-72.9482397,-39.840994,60
-72.9482395,-39.840902,60
-72.9482396,-39.8408342,60
-72.9482394,-39.84079,60
-72.9482435,-39.8407397,60
-72.9482543,-39.8407071,60
-72.9482831,-39.8406913,60
-72.9483228,-39.8406662,60
-72.9483896,-39.8406251,60
-72.9484629,-39.84059,60
-72.9485085,-39.8405894,60
-72.9485329,-39.8406085,60
-72.9485376,-39.8406447,60
-72.9485384,-39.8406855,60
-72.9485397,-39.8407536,60
-72.9485397,-39.8408204,60
-72.9485404,-39.8408834,60
-72.9485406,-39.8409565,60
-72.9485408,-39.8410369,60
-72.9485411,-39.8411299,60
-72.9485416,-39.8412249,60
-72.9485415,-39.8413392,60
-72.9485412,-39.8414581,60
-72.9485409,-39.8415656,60
-72.9485407,-39.8416566,60
-72.9485412,-39.841735,60
-72.9485404,-39.8418378,60
-72.9485402,-39.8419528,60
-72.9485406,-39.8420616,60
-72.948543,-39.8421772,60
-72.9485568,-39.8422497,60
-72.9485981,-39.8422817,60
-72.9486555,-39.8422841,60
-72.9487286,-39.8422718,60
-72.9487995,-39.8422399,60
-72.9488298,-39.8421927,60
-72.9488371,-39.8421324,60
-72.9488368,-39.8420596,60
-72.9488362,-39.8419787,60
-72.9488368,-39.8418785,60
-72.9488368,-39.8417687,60
-72.9488366,-39.8416631,60
-72.9488367,-39.8415436,60
-72.9488364,-39.8414284,60
-72.9488359,-39.8413291,60
-72.9488361,-39.8412294,60
-72.9488369,-39.8411298,60
-72.9488363,-39.8410191,60
-72.9488356,-39.8409225,60
-72.9488358,-39.8408291,60
-72.9488366,-39.8407224,60
-72.9488361,-39.8406426,60
-72.9488363,-39.8405698,60
-72.9488382,-39.8404768,60
-72.9488554,-39.8403836,60
-72.9489113,-39.8403119,60
-72.9489863,-39.840262,60
-72.94906,-39.8402268,60
-72.9491067,-39.840229,60
-72.9491312,-39.8402566,60
-72.9491361,-39.8403006,60
-72.9491366,-39.8403525,60
-72.949137,-39.8404283,60
-72.949137,-39.8405207,60
-72.9491369,-39.8406244,60
-72.9491372,-39.8407267,60
-72.9491377,-39.8408486,60
-72.9491375,-39.840958,60
-72.9491379,-39.8410787,60
-72.9491381,-39.8411974,60
-72.9491383,-39.8413028,60
-72.9491383,-39.8414159,60
-72.9491378,-39.8415249,60
-72.9491381,-39.8416253,60
-72.9491383,-39.8417482,60
-72.9491382,-39.8418715,60
-72.9491374,-39.8419725,60
-72.9491411,-39.8420766,60
-72.9491604,-39.8421424,60
-72.9492064,-39.8421629,60
-72.9492631,-39.8421536,60
-72.9493365,-39.8421302,60
-72.9493987,-39.8420921,60
-72.9494304,-39.8420346,60
-72.9494353,-39.8419799,60
-72.9494338,-39.8419083,60
-72.9494335,-39.8418304,60
-72.9494343,-39.8417337,60
-72.9494343,-39.8416265,60
-72.949434,-39.841527,60
-72.9494337,-39.8414242,60
-72.9494341,-39.8413405,60
-72.9494346,-39.8412348,60
-72.949434,-39.8411183,60
-72.9494341,-39.8410104,60
-72.9494341,-39.8408891,60
-72.9494342,-39.8407691,60
-72.9494349,-39.8406622,60
-72.9494341,-39.8405507,60
-72.9494341,-39.8404586,60
-72.9494344,-39.8403688,60
-72.9494352,-39.8402618,60
-72.9494409,-39.8401598,60
-72.9494601,-39.8400978,60
-72.9495249,-39.8400557,60
-72.949615,-39.8400327,60
-72.9496746,-39.840026,60
-72.9497184,-39.8400517,60
-72.9497325,-39.8400959,60
-72.9497334,-39.8401454,60
-72.949734,-39.8402182,60
-72.949734,-39.8403074,60
-72.9497349,-39.8404327,60
-72.9497352,-39.840514,60
-72.9497356,-39.8406337,60
-72.949736,-39.8407425,60
-72.9497357,-39.8408625,60
-72.9497359,-39.8409813,60
-72.9497365,-39.8410862,60
-72.9497364,-39.8412038,60
-72.9497362,-39.8413195,60
-72.9497362,-39.8414287,60
-72.9497366,-39.8415372,60
-72.9497362,-39.8416403,60
-72.9497358,-39.8417419,60
-72.9497362,-39.8418658,60
-72.9497449,-39.841952,60
-72.9497667,-39.8419914,60
-72.9498199,-39.842007,60
-72.9498824,-39.8419955,60
-72.9499473,-39.8419744,60
-72.9500086,-39.8419273,60
-72.9500303,-39.8418649,60
-72.9500317,-39.8418017,60
-72.9500318,-39.8417178,60
-72.9500319,-39.8416206,60
-72.9500323,-39.8415223,60
-72.950032,-39.8414035,60
-72.9500318,-39.8412859,60
-72.9500317,-39.8411834,60
-72.9500313,-39.8410831,60
-72.9500315,-39.8409631,60
-72.9500317,-39.8408411,60
-72.9500316,-39.8407331,60
-72.9500322,-39.8406142,60
-72.950032,-39.840508,60
-72.9500321,-39.8403897,60
-72.9500325,-39.840277,60
-72.9500324,-39.8401865,60
-72.9500324,-39.8401136,60
-72.9500353,-39.8400236,60
-72.9500496,-39.8399447,60
-72.9500933,-39.8398975,60
-72.9501713,-39.8398656,60
-72.9502556,-39.8398501,60
-72.9503021,-39.8398631,60
-72.9503283,-39.8399017,60
-72.9503311,-39.8399527,60
-72.9503317,-39.8400123,60
-72.9503322,-39.840096,60
-72.9503324,-39.8401712,60
-72.9503328,-39.8402211,60
-72.9503334,-39.8402678,60
-72.9503338,-39.8403116,60
-72.9503335,-39.8403632,60
-72.9503335,-39.8404395,60
-72.9503336,-39.840527,60
-72.9503336,-39.840617,60
-72.9503339,-39.8407263,60
-72.9503335,-39.8408318,60
-72.9503336,-39.8409471,60
-72.9503339,-39.841032,60
-72.950334,-39.8411064,60
-72.9503337,-39.8412058,60
-72.9503333,-39.8413175,60
-72.9503335,-39.8414356,60
-72.9503332,-39.8415449,60
-72.9503328,-39.8416657,60
-72.9503338,-39.8417692,60
-72.9503471,-39.8418435,60
-72.9503709,-39.8418699,60
-72.9504129,-39.8418644,60
-72.9504673,-39.8418573,60
-72.9505529,-39.8418535,60
-72.9506052,-39.8418424,60
-72.950627,-39.8418075,60
-72.9506304,-39.8417637,60
-72.9506302,-39.841699,60
-72.9506299,-39.8416256,60
-72.9506296,-39.841533,60
-72.9506298,-39.8414303,60
-72.9506297,-39.8413288,60
-72.950629,-39.8412191,60
-72.9506292,-39.8411155,60
-72.9506291,-39.8410123,60
-72.9506291,-39.8408781,60
-72.9506285,-39.8407808,60
-72.9506284,-39.8406612,60
-72.9506285,-39.840551,60
-72.9506285,-39.8404645,60
-72.9506284,-39.8404209,60
-72.9506292,-39.8403966,60
-72.95063,-39.8403653,60
-72.9506295,-39.840316,60
-72.9506295,-39.8402413,60
-72.9506295,-39.8401505,60
-72.9506298,-39.8400579,60
-72.9506294,-39.8399689,60
-72.9506296,-39.8398896,60
-72.9506346,-39.839796,60
-72.9506491,-39.8397308,60
-72.9507056,-39.8397039,60
-72.9507748,-39.8396836,60
-72.9508558,-39.8396446,60
-72.9509103,-39.8396271,60
-72.9509287,-39.8396386,60
-72.9509309,-39.8396761,60
-72.9509285,-39.8397305,60
-72.950929,-39.8397914,60
-72.9509295,-39.8398753,60
-72.95093,-39.8399577,60
-72.9509305,-39.8400423,60
-72.9509307,-39.8401465,60
-72.9509308,-39.8402613,60
-72.9509304,-39.8403821,60
-72.9509305,-39.8404905,60
-72.9509307,-39.8406091,60
-72.9509307,-39.8407153,60
-72.950931,-39.8408339,60
-72.9509311,-39.840952,60
-72.9509313,-39.8410541,60
-72.9509317,-39.8411716,60
-72.9509313,-39.8412893,60
-72.9509308,-39.841389,60
-72.9509307,-39.8415083,60
-72.9509309,-39.8416301,60
-72.9509319,-39.8417336,60
-72.9509451,-39.8418032,60
-72.9509779,-39.8418396,60
-72.9510306,-39.8418444,60
-72.9510627,-39.8418372,60
-72.9510671,-39.8418381,60
-72.9510732,-39.8418352,60
-72.9510771,-39.8418356,60
-72.9511035,-39.8418295,60
</coordinates></LineString>
</Placemark>
<Placemark>
<name>DJI_202603231045_001_PANGAL001_Timestamp.MRK</name>
<description>Equipo: M3E | Fecha: 23-03-2026 | Puntos: 1437</description>
<styleUrl>#m3e</styleUrl>
<LineString><altitudeMode>relativeToGround</altitudeMode><coordinates>
-72.7537092,-39.8863475,60
-72.7536796,-39.8863521,60
-72.7536244,-39.8863594,60
-72.7535455,-39.8863705,60
-72.7534486,-39.8863832,60
-72.7533509,-39.8863921,60
-72.753283,-39.8863832,60
-72.7532295,-39.8863493,60
-72.7531975,-39.8862999,60
-72.7531799,-39.8862461,60
-72.753193,-39.8862073,60
-72.7532429,-39.8861811,60
-72.7533026,-39.8861703,60
-72.7533788,-39.8861593,60
-72.7534738,-39.8861459,60
-72.7535838,-39.8861303,60
-72.7537092,-39.886113,60
-72.7538437,-39.886095,60
-72.7539866,-39.8860758,60
-72.7541337,-39.8860552,60
-72.7542969,-39.8860322,60
-72.7544396,-39.8859994,60
-72.7545728,-39.8859516,60
-72.7546976,-39.8858983,60
-72.7548253,-39.88584,60
-72.7549513,-39.8857834,60
-72.7550394,-39.8857401,60
-72.755079,-39.885709,60
-72.7550659,-39.8856994,60
-72.7550294,-39.8857027,60
-72.7549811,-39.8857091,60
-72.7549103,-39.8857189,60
-72.7548182,-39.8857316,60
-72.754712,-39.8857467,60
-72.7545928,-39.885763,60
-72.7544605,-39.8857808,60
-72.7543206,-39.8857998,60
-72.7541737,-39.8858196,60
-72.754009,-39.8858413,60
-72.7538621,-39.885861,60
-72.7537158,-39.8858801,60
-72.75357,-39.8858998,60
-72.7534256,-39.8859201,60
-72.75328,-39.8859395,60
-72.7531541,-39.8859529,60
-72.7530687,-39.8859521,60
-72.7530079,-39.8859183,60
-72.7529762,-39.8858668,60
-72.7529581,-39.8858115,60
-72.7529694,-39.8857713,60
-72.753013,-39.8857459,60
-72.7530712,-39.885734,60
-72.753145,-39.8857239,60
-72.7532381,-39.8857108,60
-72.7533477,-39.8856955,60
-72.7534696,-39.8856782,60
-72.7536169,-39.8856581,60
-72.7537602,-39.8856392,60
-72.7539076,-39.8856196,60
-72.7540563,-39.8856001,60
-72.7542035,-39.88558,60
-72.7543489,-39.8855601,60
-72.7544938,-39.8855406,60
-72.7546405,-39.8855206,60
-72.7548023,-39.8854988,60
-72.754947,-39.8854791,60
-72.7550895,-39.8854597,60
-72.7552353,-39.8854383,60
-72.7553798,-39.8854189,60
-72.7555212,-39.8854006,60
-72.7556624,-39.8853813,60
-72.7557865,-39.8853622,60
-72.755861,-39.8853434,60
-72.7559041,-39.8853085,60
-72.7559133,-39.8852462,60
-72.7559052,-39.8851959,60
-72.7558776,-39.8851527,60
-72.7558248,-39.8851332,60
-72.7557613,-39.8851365,60
-72.7556901,-39.8851469,60
-72.7555982,-39.8851595,60
-72.75549,-39.8851748,60
-72.7553685,-39.8851917,60
-72.7552367,-39.8852096,60
-72.7550806,-39.885231,60
-72.7549327,-39.8852515,60
-72.7547843,-39.885271,60
-72.754638,-39.8852905,60
-72.7544929,-39.8853104,60
-72.7543484,-39.8853303,60
-72.7542042,-39.8853503,60
-72.7540591,-39.8853695,60
-72.7539135,-39.8853889,60
-72.7537523,-39.8854108,60
-72.7536078,-39.8854301,60
-72.7534634,-39.8854494,60
-72.7533168,-39.8854688,60
-72.7531721,-39.8854883,60
-72.7530267,-39.885507,60
-72.7529104,-39.8855181,60
-72.7528371,-39.8855096,60
-72.7527815,-39.8854695,60
-72.7527503,-39.8854195,60
-72.7527351,-39.8853671,60
-72.7527551,-39.8853287,60
-72.7528035,-39.8853063,60
-72.752865,-39.8852956,60
-72.7529439,-39.8852849,60
-72.7530414,-39.8852717,60
-72.7531542,-39.8852556,60
-72.7532936,-39.8852373,60
-72.7534142,-39.8852204,60
-72.7535731,-39.8851984,60
-72.7537198,-39.8851787,60
-72.7538634,-39.8851597,60
-72.754006,-39.8851405,60
-72.7541505,-39.8851206,60
-72.7542963,-39.8851006,60
-72.7544416,-39.8850805,60
-72.7546041,-39.8850582,60
-72.7547477,-39.8850386,60
-72.7548926,-39.8850196,60
-72.7550385,-39.885,60
-72.7551843,-39.8849802,60
-72.7553293,-39.8849614,60
-72.7554746,-39.8849415,60
-72.7556125,-39.8849211,60
-72.7556763,-39.8849033,60
-72.7557071,-39.8848733,60
-72.7556999,-39.8848282,60
-72.7556738,-39.8847862,60
-72.7556294,-39.8847396,60
-72.7555627,-39.8847112,60
-72.7554852,-39.8847097,60
-72.7554033,-39.8847205,60
-72.7553061,-39.884734,60
-72.7551935,-39.8847495,60
-72.7550533,-39.8847689,60
-72.7549168,-39.8847875,60
-72.7547724,-39.8848073,60
-72.7546246,-39.8848272,60
-72.754476,-39.8848471,60
-72.7543313,-39.8848662,60
-72.7541856,-39.8848859,60
-72.7540408,-39.8849054,60
-72.7538955,-39.8849249,60
-72.7537349,-39.8849473,60
-72.7535907,-39.8849665,60
-72.7534458,-39.8849863,60
-72.753301,-39.8850064,60
-72.7531548,-39.8850254,60
-72.7530088,-39.8850448,60
-72.7528634,-39.8850644,60
-72.7527182,-39.8850806,60
-72.7526425,-39.885081,60
-72.7525823,-39.8850575,60
-72.7525395,-39.8850068,60
-72.7525159,-39.8849521,60
-72.7525175,-39.8849088,60
-72.7525555,-39.8848784,60
-72.7526121,-39.8848645,60
-72.7526815,-39.8848545,60
-72.7527703,-39.8848422,60
-72.7528766,-39.8848279,60
-72.7530105,-39.8848095,60
-72.7531421,-39.8847908,60
-72.7532814,-39.8847722,60
-72.753428,-39.8847516,60
-72.7535758,-39.8847324,60
-72.7537221,-39.8847126,60
-72.753867,-39.8846925,60
-72.7540111,-39.8846724,60
-72.7541562,-39.8846535,60
-72.7543012,-39.8846342,60
-72.754446,-39.8846145,60
-72.7546083,-39.8845925,60
-72.7547546,-39.8845725,60
-72.7548991,-39.8845527,60
-72.7550438,-39.8845334,60
-72.7551901,-39.8845137,60
-72.7553147,-39.884495,60
-72.7553876,-39.8844748,60
-72.7554184,-39.8844409,60
-72.7554083,-39.8844037,60
-72.7553826,-39.8843611,60
-72.7553309,-39.8843097,60
-72.7552639,-39.8842838,60
-72.7551862,-39.8842845,60
-72.7551023,-39.8842947,60
-72.7550029,-39.8843081,60
-72.7548888,-39.8843233,60
-72.7547624,-39.8843405,60
-72.7546121,-39.8843607,60
-72.7544681,-39.8843803,60
-72.7543201,-39.8843999,60
-72.7541729,-39.8844193,60
-72.754027,-39.8844389,60
-72.7538811,-39.8844581,60
-72.7537358,-39.884477,60
-72.7535905,-39.8844961,60
-72.7534448,-39.8845153,60
-72.7532987,-39.8845345,60
-72.7531375,-39.884556,60
-72.7529925,-39.8845754,60
-72.7528466,-39.8845945,60
-72.7527006,-39.8846138,60
-72.7525557,-39.884633,60
-72.7524122,-39.884653,60
-72.7523024,-39.8846716,60
-72.7522,-39.8846864,60
-72.7520887,-39.884702,60
-72.7519501,-39.8847215,60
-72.7518138,-39.8847395,60
-72.7516706,-39.884759,60
-72.7515219,-39.8847792,60
-72.7513739,-39.8847988,60
-72.7512274,-39.8848187,60
-72.7510822,-39.8848386,60
-72.7509357,-39.8848584,60
-72.7507758,-39.8848797,60
-72.750647,-39.8848972,60
-72.7505019,-39.8849168,60
-72.7503399,-39.8849387,60
-72.750194,-39.8849585,60
-72.7500486,-39.8849782,60
-72.7499035,-39.8849974,60
-72.7497582,-39.8850168,60
-72.749613,-39.885037,60
-72.7494673,-39.8850562,60
-72.7493067,-39.8850781,60
-72.7491614,-39.8850983,60
-72.7490166,-39.8851181,60
-72.7488745,-39.8851371,60
-72.7487715,-39.8851562,60
-72.7487212,-39.8851771,60
-72.7487062,-39.8852109,60
-72.7487267,-39.8852473,60
-72.7487629,-39.8852841,60
-72.7488207,-39.885326,60
-72.7489028,-39.8853529,60
-72.7489922,-39.8853525,60
-72.7490976,-39.8853386,60
-72.7492073,-39.8853232,60
-72.7493295,-39.8853062,60
-72.7494612,-39.8852881,60
-72.7496018,-39.885269,60
-72.7497482,-39.8852491,60
-72.7498972,-39.8852298,60
-72.7500609,-39.885208,60
-72.7502064,-39.8851885,60
-72.750351,-39.8851682,60
-72.7504961,-39.8851485,60
-72.7506205,-39.8851301,60
-72.7506874,-39.8851146,60
-72.750709,-39.8851059,60
-72.7507136,-39.8851049,60
-72.7507087,-39.8851026,60
-72.7506728,-39.885097,60
-72.7506211,-39.8850942,60
-72.7505373,-39.8850885,60
-72.7504416,-39.885083,60
-72.7503307,-39.8850763,60
-72.7502072,-39.8850684,60
-72.7500723,-39.8850611,60
-72.7499298,-39.8850523,60
-72.7497832,-39.8850433,60
-72.7496329,-39.8850349,60
-72.7494666,-39.8850247,60
-72.7493198,-39.885016,60
-72.7491743,-39.8850067,60
-72.7490279,-39.8849982,60
-72.7488819,-39.8849894,60
-72.7487355,-39.8849805,60
-72.7486198,-39.8849716,60
-72.74856,-39.8849625,60
-72.7485518,-39.8849522,60
-72.7485737,-39.8849458,60
-72.7486188,-39.8849389,60
-72.7486866,-39.8849289,60
-72.7487742,-39.8849168,60
-72.7488781,-39.8849022,60
-72.7489956,-39.8848861,60
-72.7491255,-39.8848684,60
-72.7492639,-39.8848494,60
-72.7494261,-39.8848272,60
-72.7495751,-39.8848076,60
-72.7497223,-39.8847879,60
-72.749868,-39.884768,60
-72.7500136,-39.8847484,60
-72.7501586,-39.8847289,60
-72.7503029,-39.8847093,60
-72.7504469,-39.8846892,60
-72.7505915,-39.8846696,60
-72.7507537,-39.884648,60
-72.7508994,-39.8846289,60
-72.7510453,-39.8846095,60
-72.751191,-39.8845896,60
-72.7513356,-39.8845696,60
-72.7514804,-39.8845497,60
-72.7516268,-39.8845297,60
-72.7517723,-39.88451,60
-72.7519164,-39.8844902,60
-72.7520606,-39.8844707,60
-72.7522222,-39.8844488,60
-72.7523678,-39.8844292,60
-72.7525138,-39.8844093,60
-72.7526592,-39.8843897,60
-72.7528034,-39.8843702,60
-72.7529485,-39.8843512,60
-72.7530935,-39.8843312,60
-72.7532556,-39.8843095,60
-72.7533852,-39.8842924,60
-72.7535466,-39.8842707,60
-72.7536916,-39.884251,60
-72.7538363,-39.8842311,60
-72.7539817,-39.8842107,60
-72.7541283,-39.8841911,60
-72.7542732,-39.8841714,60
-72.754418,-39.8841516,60
-72.7545639,-39.8841321,60
-72.754709,-39.8841124,60
-72.7548706,-39.8840907,60
-72.7550024,-39.8840718,60
-72.7550834,-39.8840519,60
-72.7551204,-39.8840249,60
-72.7551208,-39.8839849,60
-72.7550967,-39.8839435,60
-72.7550576,-39.8838972,60
-72.7549942,-39.8838625,60
-72.7549191,-39.8838556,60
-72.7548292,-39.8838649,60
-72.7547332,-39.8838783,60
-72.7546224,-39.8838944,60
-72.7544988,-39.8839118,60
-72.7543645,-39.8839299,60
-72.7542223,-39.8839492,60
-72.7540748,-39.8839694,60
-72.7539275,-39.8839892,60
-72.7537807,-39.8840081,60
-72.7536197,-39.8840306,60
-72.7534904,-39.8840476,60
-72.7533455,-39.884067,60
-72.7531837,-39.8840889,60
-72.7530382,-39.8841085,60
-72.7528929,-39.8841279,60
-72.752748,-39.8841475,60
-72.7526034,-39.8841672,60
-72.7524589,-39.8841876,60
-72.7522975,-39.8842089,60
-72.7521521,-39.8842286,60
-72.752006,-39.8842477,60
-72.7518604,-39.8842674,60
-72.7517143,-39.8842871,60
-72.751569,-39.8843071,60
-72.7514235,-39.8843267,60
-72.7512779,-39.8843461,60
-72.7511322,-39.8843657,60
-72.7509874,-39.8843857,60
-72.7508256,-39.8844076,60
-72.7506801,-39.8844277,60
-72.7505352,-39.884447,60
-72.7503904,-39.8844666,60
-72.7502459,-39.8844864,60
-72.7501011,-39.8845057,60
-72.7499561,-39.8845257,60
-72.7498109,-39.8845456,60
-72.7496653,-39.8845654,60
-72.7495035,-39.8845869,60
-72.7493585,-39.8846059,60
-72.7492127,-39.8846253,60
-72.7490679,-39.8846455,60
-72.748923,-39.8846651,60
-72.7487771,-39.884685,60
-72.7486308,-39.8847041,60
-72.7484851,-39.8847235,60
-72.7483519,-39.8847379,60
-72.7482588,-39.8847348,60
-72.7481755,-39.8846993,60
-72.7481172,-39.8846478,60
-72.7480824,-39.8846012,60
-72.7480879,-39.8845656,60
-72.7481256,-39.8845425,60
-72.7481784,-39.8845322,60
-72.7482475,-39.8845227,60
-72.7483371,-39.8845105,60
-72.7484431,-39.884496,60
-72.7485767,-39.8844773,60
-72.7486934,-39.8844608,60
-72.7488493,-39.8844396,60
-72.7489959,-39.8844196,60
-72.7491435,-39.8844,60
-72.7492913,-39.8843799,60
-72.7494365,-39.8843607,60
-72.7495808,-39.8843405,60
-72.7497261,-39.8843214,60
-72.7498699,-39.8843015,60
-72.7500309,-39.8842796,60
-72.7501767,-39.8842598,60
-72.7503231,-39.8842407,60
-72.7504684,-39.8842208,60
-72.750613,-39.8842014,60
-72.7507581,-39.8841816,60
-72.7509031,-39.8841621,60
-72.7510483,-39.8841422,60
-72.7511927,-39.8841222,60
-72.7513537,-39.8841007,60
-72.7514981,-39.8840809,60
-72.751644,-39.8840613,60
-72.7517903,-39.8840418,60
-72.7519357,-39.8840221,60
-72.7520814,-39.8840023,60
-72.7522264,-39.8839831,60
-72.7523709,-39.8839632,60
-72.752516,-39.8839434,60
-72.7526775,-39.8839215,60
-72.7528226,-39.8839017,60
-72.7529683,-39.8838826,60
-72.7531137,-39.8838626,60
-72.7532583,-39.8838432,60
-72.7534029,-39.8838239,60
-72.7535484,-39.8838042,60
-72.7536934,-39.8837844,60
-72.7538387,-39.8837649,60
-72.7540003,-39.883743,60
-72.7541458,-39.8837244,60
-72.7542898,-39.8837041,60
-72.7544357,-39.8836843,60
-72.7545807,-39.8836646,60
-72.7547108,-39.8836453,60
-72.7547916,-39.8836255,60
-72.7548312,-39.8835849,60
-72.754826,-39.8835575,60
-72.7548025,-39.8835159,60
-72.7547563,-39.8834644,60
-72.7546912,-39.883433,60
-72.7546143,-39.8834296,60
-72.7545326,-39.8834396,60
-72.7544368,-39.8834531,60
-72.7543251,-39.8834689,60
-72.7542005,-39.8834857,60
-72.7540662,-39.8835042,60
-72.7539246,-39.8835238,60
-72.7537768,-39.8835435,60
-72.7536131,-39.8835656,60
-72.7534675,-39.8835851,60
-72.753322,-39.8836041,60
-72.7531762,-39.8836235,60
-72.7530312,-39.8836436,60
-72.752887,-39.8836634,60
-72.7527419,-39.883683,60
-72.7525973,-39.8837024,60
-72.7524517,-39.8837219,60
-72.7522891,-39.8837437,60
-72.7521438,-39.8837629,60
-72.7519987,-39.8837826,60
-72.7518542,-39.8838023,60
-72.7517085,-39.8838222,60
-72.7515637,-39.8838417,60
-72.7514185,-39.8838617,60
-72.7512733,-39.883881,60
-72.7511286,-39.8839007,60
-72.750967,-39.8839226,60
-72.7508218,-39.8839422,60
-72.7506765,-39.8839619,60
-72.7505314,-39.8839811,60
-72.7503865,-39.8840015,60
-72.7502412,-39.8840207,60
-72.7500962,-39.8840403,60
-72.7499508,-39.8840598,60
-72.7497897,-39.8840816,60
-72.7496606,-39.8840992,60
-72.7494992,-39.8841212,60
-72.749354,-39.8841405,60
-72.7492087,-39.8841601,60
-72.7490633,-39.8841803,60
-72.7489178,-39.8841994,60
-72.7487728,-39.8842191,60
-72.7486274,-39.884239,60
-72.7484831,-39.8842588,60
-72.7483219,-39.8842804,60
-72.7481763,-39.8842998,60
-72.7480317,-39.8843185,60
-72.7479082,-39.8843302,60
-72.7478225,-39.8843209,60
-72.7477494,-39.884284,60
-72.7476921,-39.8842311,60
-72.7476622,-39.8841879,60
-72.7476727,-39.8841532,60
-72.7477124,-39.884132,60
-72.7477733,-39.8841206,60
-72.7478464,-39.8841108,60
-72.7479408,-39.8840979,60
-72.7480503,-39.8840825,60
-72.7481727,-39.8840661,60
-72.748305,-39.8840474,60
-72.7484455,-39.8840282,60
-72.7485919,-39.8840087,60
-72.7487557,-39.8839868,60
-72.7489029,-39.8839669,60
-72.7490495,-39.8839471,60
-72.7491952,-39.8839272,60
-72.7493403,-39.8839078,60
-72.7494843,-39.8838877,60
-72.7496288,-39.8838687,60
-72.7497734,-39.8838488,60
-72.7499181,-39.8838294,60
-72.7500798,-39.8838065,60
-72.7502255,-39.8837872,60
-72.7503712,-39.8837673,60
-72.7505158,-39.8837482,60
-72.7506613,-39.8837284,60
-72.7508067,-39.8837089,60
-72.7509526,-39.8836895,60
-72.7510979,-39.8836698,60
-72.7512436,-39.88365,60
-72.7513881,-39.883631,60
-72.7515491,-39.8836096,60
-72.7516934,-39.883589,60
-72.7518386,-39.8835694,60
-72.7519845,-39.8835494,60
-72.7521299,-39.8835302,60
-72.7522737,-39.8835112,60
-72.7524185,-39.8834907,60
-72.7525591,-39.8834716,60
-72.7527058,-39.8834516,60
-72.7528518,-39.883432,60
-72.7529739,-39.8834109,60
-72.7530322,-39.8833866,60
-72.7530546,-39.8833457,60
-72.7530486,-39.883298,60
-72.7530275,-39.8832455,60
-72.7529872,-39.8832071,60
-72.7529257,-39.8831945,60
-72.7528572,-39.8831999,60
-72.7527664,-39.8832125,60
-72.7526662,-39.8832266,60
-72.7525506,-39.8832425,60
-72.7524232,-39.8832602,60
-72.7522865,-39.8832786,60
-72.7521431,-39.8832985,60
-72.7519959,-39.8833183,60
-72.7518485,-39.8833376,60
-72.751702,-39.8833573,60
-72.7515567,-39.8833767,60
-72.7513954,-39.8833989,60
-72.7512504,-39.8834183,60
-72.7511062,-39.883438,60
-72.7509618,-39.8834578,60
-72.7508164,-39.8834774,60
-72.7506713,-39.8834964,60
-72.7505264,-39.8835165,60
-72.7503816,-39.8835359,60
-72.7502202,-39.8835575,60
-72.7500745,-39.8835774,60
-72.7499286,-39.8835972,60
-72.7497834,-39.8836167,60
-72.7496384,-39.8836362,60
-72.7494936,-39.8836563,60
-72.7493487,-39.8836759,60
-72.7492037,-39.8836957,60
-72.7490585,-39.8837148,60
-72.7489127,-39.8837341,60
-72.7487518,-39.8837558,60
-72.7486064,-39.8837753,60
-72.7484612,-39.8837952,60
-72.7483162,-39.8838155,60
-72.7481711,-39.8838352,60
-72.7480262,-39.8838547,60
-72.7478808,-39.8838743,60
-72.7477359,-39.883894,60
-72.7475909,-39.8839138,60
-72.7474295,-39.8839349,60
-72.7472838,-39.8839548,60
-72.7471384,-39.8839745,60
-72.7469933,-39.883994,60
-72.7468481,-39.8840139,60
-72.7467025,-39.8840334,60
-72.746557,-39.8840533,60
-72.7464125,-39.884073,60
-72.7462532,-39.8840933,60
-72.7461441,-39.8841014,60
-72.7460739,-39.8840896,60
-72.7460226,-39.8840525,60
-72.7459892,-39.8839996,60
-72.7459734,-39.8839487,60
-72.7459941,-39.8839116,60
-72.7460483,-39.88389,60
-72.7461098,-39.8838798,60
-72.7461905,-39.8838685,60
-72.746289,-39.8838548,60
-72.7464034,-39.8838392,60
-72.7465289,-39.8838216,60
-72.7466647,-39.883803,60
-72.7468089,-39.8837836,60
-72.7469577,-39.8837633,60
-72.7471057,-39.8837435,60
-72.7472518,-39.8837238,60
-72.747397,-39.8837042,60
-72.7475415,-39.8836842,60
-72.747703,-39.8836626,60
-72.7478477,-39.8836429,60
-72.7479926,-39.8836235,60
-72.7481376,-39.8836041,60
-72.7482832,-39.8835849,60
-72.7484292,-39.8835652,60
-72.7485738,-39.883546,60
-72.7487349,-39.8835241,60
-72.7488809,-39.8835041,60
-72.7490265,-39.8834844,60
-72.7491711,-39.8834648,60
-72.7493165,-39.8834446,60
-72.7494613,-39.8834249,60
-72.7496065,-39.8834055,60
-72.749751,-39.8833858,60
-72.7498968,-39.8833666,60
-72.7500581,-39.8833451,60
-72.7501873,-39.8833271,60
-72.7503485,-39.8833052,60
-72.750494,-39.8832855,60
-72.7506391,-39.8832654,60
-72.7507843,-39.883246,60
-72.7509295,-39.8832263,60
-72.7510743,-39.8832066,60
-72.7512197,-39.8831872,60
-72.7513805,-39.8831652,60
-72.7515251,-39.8831458,60
-72.7516706,-39.8831267,60
-72.7518153,-39.8831063,60
-72.751959,-39.883087,60
-72.7521044,-39.8830674,60
-72.7522508,-39.8830479,60
-72.752396,-39.8830281,60
-72.7525415,-39.8830086,60
-72.7526875,-39.8829892,60
-72.7528226,-39.8829675,60
-72.7528897,-39.8829461,60
-72.7529197,-39.8829087,60
-72.7529184,-39.8828618,60
-72.7529018,-39.8828108,60
-72.7528676,-39.8827669,60
-72.7528099,-39.8827476,60
-72.7527424,-39.8827506,60
-72.7526565,-39.8827619,60
-72.7525712,-39.8827735,60
-72.7524474,-39.8827905,60
-72.7523229,-39.8828078,60
-72.7521883,-39.8828263,60
-72.752046,-39.8828453,60
-72.7518984,-39.8828653,60
-72.7517513,-39.8828851,60
-72.7516052,-39.8829045,60
-72.7514602,-39.8829238,60
-72.7513155,-39.8829435,60
-72.7511544,-39.882965,60
-72.7510104,-39.8829846,60
-72.7508658,-39.8830046,60
-72.7507204,-39.8830246,60
-72.7505756,-39.8830439,60
-72.7504315,-39.8830636,60
-72.7502864,-39.8830832,60
-72.7501411,-39.8831029,60
-72.749979,-39.8831244,60
-72.7498333,-39.8831442,60
-72.7496881,-39.8831635,60
-72.7495423,-39.8831838,60
-72.749397,-39.8832034,60
-72.7492518,-39.8832229,60
-72.7491064,-39.8832422,60
-72.7489612,-39.8832619,60
-72.7488167,-39.8832817,60
-72.7486717,-39.8833007,60
-72.7485107,-39.8833229,60
-72.7483654,-39.8833421,60
-72.7482199,-39.8833617,60
-72.7480741,-39.8833814,60
-72.7479289,-39.8834013,60
-72.7477833,-39.8834208,60
-72.7476381,-39.8834406,60
-72.7474934,-39.8834598,60
-72.7473328,-39.8834821,60
-72.7471869,-39.883502,60
-72.747042,-39.8835216,60
-72.7468973,-39.8835411,60
-72.7467515,-39.8835608,60
-72.7466066,-39.8835804,60
-72.7464615,-39.8835999,60
-72.7463163,-39.8836197,60
-72.7461716,-39.8836394,60
-72.7460271,-39.8836585,60
-72.7459104,-39.8836684,60
-72.7458294,-39.8836581,60
-72.7457773,-39.8836217,60
-72.7457425,-39.8835716,60
-72.7457246,-39.8835195,60
-72.7457423,-39.8834816,60
-72.745789,-39.8834596,60
-72.7458482,-39.883449,60
-72.7459343,-39.8834378,60
-72.7460313,-39.8834244,60
-72.7461441,-39.8834089,60
-72.7462699,-39.8833916,60
-72.7464052,-39.8833731,60
-72.7465485,-39.8833539,60
-72.7466961,-39.8833331,60
-72.7468436,-39.8833135,60
-72.7469908,-39.8832935,60
-72.7471362,-39.8832738,60
-72.7472819,-39.8832541,60
-72.7474425,-39.8832319,60
-72.7475862,-39.8832125,60
-72.7477314,-39.8831927,60
-72.7478771,-39.8831734,60
-72.7480222,-39.8831542,60
-72.7481672,-39.8831348,60
-72.7483125,-39.8831145,60
-72.7484727,-39.883093,60
-72.7486021,-39.8830751,60
-72.7487632,-39.8830534,60
-72.748908,-39.8830337,60
-72.7490534,-39.8830138,60
-72.7491975,-39.8829949,60
-72.7493429,-39.8829749,60
-72.7494883,-39.8829555,60
-72.7496342,-39.8829358,60
-72.7497797,-39.8829162,60
-72.7499253,-39.8828964,60
-72.7500854,-39.8828748,60
-72.7502297,-39.8828554,60
-72.7503753,-39.8828356,60
-72.7505217,-39.8828163,60
-72.7506673,-39.8827961,60
-72.7508125,-39.8827765,60
-72.7509572,-39.8827565,60
-72.7511034,-39.8827372,60
-72.7512633,-39.8827148,60
-72.7514079,-39.8826955,60
-72.7515524,-39.8826755,60
-72.7516976,-39.8826556,60
-72.7518437,-39.8826368,60
-72.7519888,-39.8826177,60
-72.752134,-39.8825978,60
-72.7522805,-39.8825783,60
-72.7524413,-39.8825564,60
-72.7525694,-39.8825387,60
-72.752687,-39.8825198,60
-72.7527576,-39.8824957,60
-72.7527817,-39.8824579,60
-72.7527745,-39.8824129,60
-72.7527509,-39.8823639,60
-72.7527078,-39.8823203,60
-72.7526444,-39.8823033,60
-72.7525722,-39.8823072,60
-72.7524918,-39.8823174,60
-72.7523819,-39.8823331,60
-72.7522674,-39.8823491,60
-72.7521399,-39.8823666,60
-72.7520027,-39.8823853,60
-72.7518589,-39.882405,60
-72.7517112,-39.8824249,60
-72.7515633,-39.8824441,60
-72.7514176,-39.8824639,60
-72.7512726,-39.8824834,60
-72.751128,-39.8825032,60
-72.7509669,-39.8825254,60
-72.7508219,-39.8825453,60
-72.7506765,-39.8825645,60
-72.7505311,-39.8825844,60
-72.7503858,-39.882604,60
-72.7502401,-39.8826235,60
-72.7500945,-39.8826431,60
-72.7499491,-39.882663,60
-72.7497874,-39.8826846,60
-72.7496424,-39.8827042,60
-72.7494971,-39.8827242,60
-72.7493507,-39.8827436,60
-72.7492055,-39.8827632,60
-72.7490601,-39.8827827,60
-72.7489142,-39.8828026,60
-72.7487687,-39.8828217,60
-72.7486239,-39.8828418,60
-72.7484626,-39.8828635,60
-72.748334,-39.8828808,60
-72.7481744,-39.8829025,60
-72.7480275,-39.8829224,60
-72.7478801,-39.8829416,60
-72.7477337,-39.8829618,60
-72.747588,-39.8829816,60
-72.7474425,-39.8830011,60
-72.7472979,-39.8830206,60
-72.7471363,-39.8830427,60
-72.746991,-39.8830631,60
-72.746846,-39.8830825,60
-72.7467005,-39.8831022,60
-72.7465551,-39.883122,60
-72.7464091,-39.8831415,60
-72.7462629,-39.8831613,60
-72.7461172,-39.8831803,60
-72.7459723,-39.8831998,60
-72.7458272,-39.8832197,60
-72.7456841,-39.8832355,60
-72.7456029,-39.883233,60
-72.7455439,-39.8832054,60
-72.7455044,-39.8831582,60
-72.7454792,-39.8831027,60
-72.7454831,-39.883062,60
-72.7455214,-39.8830338,60
-72.7455766,-39.883021,60
-72.7456464,-39.8830108,60
-72.745747,-39.8829969,60
-72.7458547,-39.8829824,60
-72.7459757,-39.8829655,60
-72.7461078,-39.8829473,60
-72.7462479,-39.8829282,60
-72.7463948,-39.8829084,60
-72.7465426,-39.8828884,60
-72.7467052,-39.8828667,60
-72.7468357,-39.8828488,60
-72.7469978,-39.8828265,60
-72.7471428,-39.8828065,60
-72.7472881,-39.8827867,60
-72.7474326,-39.8827669,60
-72.747578,-39.882747,60
-72.7477231,-39.8827275,60
-72.7478681,-39.8827083,60
-72.7480141,-39.8826883,60
-72.7481599,-39.8826687,60
-72.7483212,-39.8826467,60
-72.7484663,-39.8826273,60
-72.7486122,-39.8826077,60
-72.7487577,-39.8825882,60
-72.748903,-39.8825685,60
-72.7490488,-39.8825491,60
-72.7491937,-39.8825287,60
-72.7493392,-39.8825093,60
-72.7494851,-39.8824903,60
-72.7496472,-39.8824682,60
-72.7497762,-39.8824506,60
-72.7499366,-39.8824288,60
-72.7500823,-39.8824091,60
-72.7502285,-39.8823892,60
-72.7503742,-39.8823696,60
-72.7505191,-39.8823494,60
-72.7506651,-39.8823303,60
-72.7508266,-39.8823088,60
-72.7509718,-39.8822889,60
-72.7511176,-39.8822696,60
-72.7512631,-39.8822496,60
-72.7514088,-39.8822296,60
-72.7515535,-39.8822099,60
-72.7516978,-39.8821903,60
-72.7518424,-39.8821712,60
-72.7519882,-39.8821511,60
-72.7521341,-39.8821316,60
-72.7522965,-39.8821099,60
-72.7524331,-39.8820902,60
-72.7525225,-39.88207,60
-72.7525651,-39.8820433,60
-72.7525732,-39.8820014,60
-72.7525546,-39.881957,60
-72.7525219,-39.8819072,60
-72.7524679,-39.8818734,60
-72.7523985,-39.8818665,60
-72.7523234,-39.8818743,60
-72.7522239,-39.8818881,60
-72.7521169,-39.8819034,60
-72.7519952,-39.8819201,60
-72.751863,-39.8819383,60
-72.7517226,-39.8819576,60
-72.7515764,-39.8819776,60
-72.7514291,-39.8819972,60
-72.7512815,-39.8820168,60
-72.7511362,-39.8820367,60
-72.750991,-39.8820561,60
-72.7508299,-39.8820776,60
-72.7506848,-39.8820976,60
-72.75054,-39.8821171,60
-72.7503952,-39.8821369,60
-72.7502503,-39.8821567,60
-72.7501048,-39.8821765,60
-72.7499599,-39.8821959,60
-72.7498135,-39.8822155,60
-72.7496506,-39.8822366,60
-72.7495216,-39.8822542,60
-72.7493604,-39.8822762,60
-72.7492151,-39.8822957,60
-72.7490698,-39.8823155,60
-72.7489238,-39.8823348,60
-72.7487786,-39.8823549,60
-72.7486332,-39.8823747,60
-72.7484878,-39.8823943,60
-72.748326,-39.8824156,60
-72.7481809,-39.8824355,60
-72.7480355,-39.8824553,60
-72.7478899,-39.8824756,60
-72.747744,-39.8824949,60
-72.7475988,-39.8825146,60
-72.7474536,-39.8825337,60
-72.7473086,-39.8825535,60
-72.7471631,-39.8825729,60
-72.7470174,-39.8825926,60
-72.7468718,-39.8826125,60
-72.7467103,-39.8826346,60
-72.7465657,-39.8826542,60
-72.7464192,-39.8826731,60
-72.7462739,-39.8826931,60
-72.7461285,-39.8827129,60
-72.7459829,-39.8827326,60
-72.7458378,-39.8827522,60
-72.7456922,-39.8827722,60
-72.745531,-39.8827934,60
-72.7454134,-39.8828036,60
-72.7453386,-39.8827963,60
-72.7452836,-39.882763,60
-72.7452479,-39.8827128,60
-72.7452283,-39.8826597,60
-72.7452414,-39.8826211,60
-72.7452852,-39.8825964,60
-72.7453439,-39.8825859,60
-72.7454179,-39.8825756,60
-72.7455116,-39.8825624,60
-72.7456341,-39.8825454,60
-72.7457584,-39.8825288,60
-72.7458927,-39.88251,60
-72.7460344,-39.8824907,60
-72.7461821,-39.8824709,60
-72.7463298,-39.8824511,60
-72.7464765,-39.882431,60
-72.7466383,-39.8824091,60
-72.7467837,-39.8823898,60
-72.7469291,-39.88237,60
-72.7470744,-39.8823502,60
-72.7472198,-39.8823305,60
-72.7473656,-39.8823109,60
-72.7475114,-39.8822912,60
-72.747657,-39.8822715,60
-72.7478019,-39.8822513,60
-72.7479472,-39.8822313,60
-72.7480927,-39.8822116,60
-72.7482378,-39.8821923,60
-72.7483995,-39.8821702,60
-72.7485454,-39.8821512,60
-72.7486916,-39.8821316,60
-72.7488364,-39.8821118,60
-72.7489815,-39.8820916,60
-72.7491271,-39.8820719,60
-72.7492887,-39.88205,60
-72.7494178,-39.882033,60
-72.7495797,-39.8820104,60
-72.7497247,-39.8819912,60
-72.7498695,-39.8819718,60
-72.750015,-39.8819516,60
-72.7501606,-39.8819322,60
-72.7503067,-39.8819124,60
-72.7504514,-39.8818927,60
-72.7506133,-39.8818708,60
-72.7507431,-39.8818538,60
-72.7509044,-39.8818325,60
-72.7510486,-39.8818127,60
-72.7511938,-39.8817925,60
-72.7513388,-39.8817727,60
-72.7514834,-39.8817535,60
-72.7516291,-39.8817338,60
-72.751775,-39.8817145,60
-72.7519206,-39.8816945,60
-72.7520821,-39.8816728,60
-72.752218,-39.8816536,60
-72.7523049,-39.8816345,60
-72.7523463,-39.8816075,60
-72.7523535,-39.8815657,60
-72.752336,-39.8815207,60
-72.7523033,-39.8814722,60
-72.7522494,-39.881438,60
-72.7521788,-39.8814305,60
-72.7521023,-39.8814387,60
-72.7520132,-39.8814508,60
-72.7519074,-39.8814652,60
-72.7517733,-39.8814838,60
-72.7516413,-39.8815021,60
-72.7515005,-39.8815212,60
-72.7513543,-39.8815408,60
-72.7512067,-39.8815606,60
-72.7510599,-39.8815806,60
-72.7509146,-39.8815997,60
-72.750754,-39.8816214,60
-72.7506093,-39.8816412,60
-72.7504641,-39.8816609,60
-72.7503192,-39.8816806,60
-72.7501741,-39.8817003,60
-72.7500285,-39.8817201,60
-72.7498828,-39.8817397,60
-72.749721,-39.8817612,60
-72.7495914,-39.8817789,60
-72.749446,-39.8817982,60
-72.7492847,-39.8818204,60
-72.7491384,-39.8818401,60
-72.7489936,-39.8818602,60
-72.7488487,-39.8818799,60
-72.7487026,-39.8818996,60
-72.7485576,-39.8819191,60
-72.7484118,-39.8819386,60
-72.7482659,-39.8819579,60
-72.7481047,-39.8819801,60
-72.7479606,-39.8819996,60
-72.7478145,-39.8820195,60
-72.7476686,-39.8820395,60
-72.7475233,-39.8820591,60
-72.7473774,-39.8820787,60
-72.7472318,-39.8820983,60
-72.7470703,-39.8821199,60
-72.7469402,-39.8821372,60
-72.7467787,-39.8821593,60
-72.7466332,-39.8821785,60
-72.746488,-39.8821986,60
-72.7463433,-39.8822183,60
-72.7461982,-39.8822376,60
-72.7460521,-39.8822572,60
-72.7459063,-39.882277,60
-72.7457606,-39.8822968,60
-72.745599,-39.8823194,60
-72.7454535,-39.8823393,60
-72.7453079,-39.8823588,60
-72.7451815,-39.8823719,60
-72.745101,-39.8823689,60
-72.7450431,-39.88234,60
-72.7450047,-39.8822919,60
-72.7449811,-39.8822369,60
-72.7449887,-39.8821928,60
-72.7450246,-39.8821684,60
-72.7450806,-39.8821564,60
-72.7451591,-39.8821452,60
-72.7452506,-39.8821322,60
-72.7453582,-39.8821174,60
-72.7454802,-39.8821003,60
-72.7456125,-39.882082,60
-72.7457536,-39.8820631,60
-72.7459008,-39.8820432,60
-72.7460485,-39.8820233,60
-72.7462112,-39.8820016,60
-72.7463569,-39.8819816,60
-72.7465025,-39.881962,60
-72.7466478,-39.8819425,60
-72.7467927,-39.8819222,60
-72.7469376,-39.8819023,60
-72.7470835,-39.8818827,60
-72.747229,-39.8818632,60
-72.7473906,-39.8818419,60
-72.7475197,-39.8818241,60
-72.7476651,-39.8818044,60
-72.747811,-39.8817844,60
-72.7479732,-39.8817626,60
-72.7481189,-39.8817428,60
-72.7482647,-39.8817231,60
-72.7484096,-39.8817034,60
-72.7485545,-39.8816837,60
-72.7486994,-39.8816644,60
-72.7488616,-39.881642,60
-72.7490074,-39.8816224,60
-72.7491524,-39.8816023,60
-72.7492962,-39.8815834,60
-72.7494415,-39.8815636,60
-72.7495826,-39.881545,60
-72.7497289,-39.881525,60
-72.7498768,-39.8815051,60
-72.750023,-39.8814853,60
-72.750167,-39.881466,60
-72.7503122,-39.8814457,60
-72.7504764,-39.8814247,60
-72.7506226,-39.881405,60
-72.7507676,-39.8813853,60
-72.7509135,-39.8813653,60
-72.7510591,-39.8813453,60
-72.7512045,-39.8813254,60
-72.7513657,-39.8813038,60
-72.7514945,-39.8812866,60
-72.7516565,-39.8812645,60
-72.7518021,-39.8812446,60
-72.7519468,-39.8812245,60
-72.7520575,-39.8812055,60
-72.7521168,-39.8811827,60
-72.7521388,-39.8811453,60
-72.7521279,-39.8811007,60
-72.7521028,-39.8810534,60
-72.7520557,-39.8810104,60
-72.7519821,-39.8809928,60
-72.7519082,-39.8809982,60
-72.7518242,-39.8810098,60
-72.7517227,-39.8810246,60
-72.7516062,-39.8810407,60
-72.7514778,-39.8810588,60
-72.7513399,-39.8810776,60
-72.7511954,-39.8810968,60
-72.7510472,-39.8811168,60
-72.7508997,-39.8811367,60
-72.7507377,-39.8811585,60
-72.7505928,-39.8811779,60
-72.7504477,-39.8811973,60
-72.750303,-39.8812171,60
-72.7501577,-39.8812367,60
-72.7500127,-39.8812565,60
-72.7498675,-39.8812766,60
-72.7497224,-39.8812963,60
-72.7495773,-39.881316,60
-72.7494313,-39.8813354,60
-72.7492852,-39.8813547,60
-72.7491241,-39.8813763,60
-72.7489792,-39.8813962,60
-72.7488335,-39.8814158,60
-72.748688,-39.8814354,60
-72.7485425,-39.8814551,60
-72.7483972,-39.8814754,60
-72.7482514,-39.8814949,60
-72.7481053,-39.8815141,60
-72.7479606,-39.8815341,60
-72.7477985,-39.8815564,60
-72.7476523,-39.8815754,60
-72.7475066,-39.8815951,60
-72.7473617,-39.8816147,60
-72.7472168,-39.8816347,60
-72.7470713,-39.8816543,60
-72.7469257,-39.8816742,60
-72.7467804,-39.8816939,60
-72.7466356,-39.8817138,60
-72.7464909,-39.8817334,60
-72.746329,-39.8817548,60
-72.7461836,-39.8817745,60
-72.7460373,-39.881794,60
-72.7458913,-39.8818142,60
-72.7457457,-39.8818334,60
-72.7455996,-39.8818525,60
-72.7454385,-39.8818747,60
-72.7453094,-39.8818922,60
-72.7451475,-39.881914,60
-72.7450046,-39.8819321,60
-72.744896,-39.8819397,60
-72.744827,-39.881927,60
-72.7447773,-39.881889,60
-72.7447442,-39.8818368,60
-72.7447293,-39.8817869,60
-72.7447503,-39.8817507,60
-72.7447973,-39.8817302,60
-72.7448657,-39.8817195,60
-72.7449358,-39.8817097,60
-72.7450441,-39.8816948,60
-72.7451571,-39.8816788,60
-72.7452837,-39.8816614,60
-72.7454201,-39.8816426,60
-72.7455642,-39.8816234,60
-72.7457119,-39.881603,60
-72.7458752,-39.881581,60
-72.746022,-39.8815612,60
-72.7461684,-39.8815416,60
-72.746314,-39.8815217,60
-72.7464595,-39.8815016,60
-72.7466033,-39.881481,60
-72.7467489,-39.8814615,60
-72.7468942,-39.8814421,60
-72.7470394,-39.8814231,60
-72.7471845,-39.8814035,60
-72.747346,-39.8813812,60
-72.7474918,-39.881361,60
-72.7476212,-39.8813436,60
-72.7477981,-39.8813202,60
-72.7479274,-39.8813028,60
-72.748073,-39.8812832,60
-72.7482188,-39.8812634,60
-72.7483649,-39.8812437,60
-72.7485262,-39.8812219,60
-72.7486714,-39.8812022,60
-72.7488153,-39.8811823,60
-72.7489609,-39.881163,60
-72.7491064,-39.8811433,60
-72.7492508,-39.8811234,60
-72.7493968,-39.8811037,60
-72.7495428,-39.8810842,60
-72.7496882,-39.8810646,60
-72.7498337,-39.8810451,60
-72.7499949,-39.8810228,60
-72.7501397,-39.8810033,60
-72.7502848,-39.8809833,60
-72.7504306,-39.8809639,60
-72.7505759,-39.8809441,60
-72.7507218,-39.8809245,60
-72.7508677,-39.880905,60
-72.7510131,-39.8808851,60
-72.7511741,-39.8808633,60
-72.7513195,-39.8808439,60
-72.7514654,-39.8808241,60
-72.7516109,-39.8808043,60
-72.7517529,-39.8807852,60
-72.751854,-39.8807662,60
-72.7519047,-39.8807427,60
-72.7519197,-39.8807034,60
-72.7519064,-39.8806589,60
-72.7518783,-39.8806101,60
-72.7518293,-39.8805701,60
-72.7517546,-39.8805563,60
-72.7516807,-39.8805638,60
-72.7515945,-39.8805754,60
-72.7514913,-39.8805901,60
-72.7513737,-39.8806064,60
-72.7512444,-39.8806239,60
-72.7511063,-39.8806429,60
-72.7509606,-39.880663,60
-72.7508122,-39.8806821,60
-72.7506651,-39.8807021,60
-72.7505029,-39.880724,60
-72.750374,-39.8807412,60
-72.7502129,-39.880763,60
-72.7500674,-39.8807826,60
-72.7499224,-39.8808023,60
-72.7497773,-39.8808218,60
-72.7496325,-39.8808412,60
-72.7494707,-39.8808635,60
-72.7493259,-39.8808831,60
-72.7491803,-39.8809026,60
-72.749035,-39.8809223,60
-72.7488896,-39.8809423,60
-72.7487439,-39.8809622,60
-72.7485988,-39.8809815,60
-72.7484536,-39.8810012,60
-72.7483084,-39.8810203,60
-72.7481626,-39.8810401,60
-72.7480165,-39.8810601,60
-72.7478704,-39.8810796,60
-72.7477253,-39.8810996,60
-72.7475624,-39.8811219,60
-72.7474166,-39.8811414,60
-72.7472717,-39.8811615,60
-72.747127,-39.8811808,60
-72.7469813,-39.8812009,60
-72.7468351,-39.8812202,60
-72.7466895,-39.8812397,60
-72.746528,-39.8812619,60
-72.7463827,-39.8812813,60
-72.7462382,-39.8813004,60
-72.7460924,-39.8813198,60
-72.7459469,-39.8813397,60
-72.7458017,-39.8813596,60
-72.7456557,-39.8813798,60
-72.7455097,-39.8813993,60
-72.7453482,-39.8814208,60
-72.7452031,-39.8814403,60
-72.7450743,-39.8814583,60
-72.7449124,-39.8814797,60
-72.744768,-39.8814986,60
-72.7446552,-39.8815073,60
-72.7445845,-39.8814968,60
-72.7445328,-39.8814603,60
-72.7444991,-39.8814096,60
-72.7444808,-39.8813537,60
-72.7445025,-39.8813178,60
-72.7445508,-39.8812978,60
-72.7446123,-39.8812882,60
-72.7446914,-39.881277,60
-72.7447887,-39.8812637,60
-72.7449018,-39.8812479,60
-72.7450266,-39.8812301,60
-72.7451614,-39.8812114,60
-72.7453045,-39.8811916,60
-72.7454686,-39.8811696,60
-72.7456004,-39.8811518,60
-72.7457634,-39.8811296,60
-72.7459097,-39.8811099,60
-72.7460547,-39.8810899,60
-72.7461998,-39.8810704,60
-72.7463453,-39.8810509,60
-72.7464904,-39.8810314,60
-72.7466515,-39.8810094,60
-72.746797,-39.8809891,60
-72.7469423,-39.8809696,60
-72.7470871,-39.8809503,60
-72.7472326,-39.8809304,60
-72.7473784,-39.8809109,60
-72.7475235,-39.8808911,60
-72.7476689,-39.8808715,60
-72.7478146,-39.8808515,60
-72.7479592,-39.8808322,60
-72.7481202,-39.8808103,60
-72.7482659,-39.8807906,60
-72.7484115,-39.8807709,60
-72.7485574,-39.8807515,60
-72.748704,-39.8807316,60
-72.7488491,-39.8807119,60
-72.7489929,-39.880693,60
-72.7491406,-39.8806724,60
-72.7492853,-39.8806532,60
-72.7494453,-39.8806313,60
-72.7495899,-39.880612,60
-72.7497363,-39.880592,60
-72.7498819,-39.8805723,60
-72.7500273,-39.8805525,60
-72.7501722,-39.880533,60
-72.7503185,-39.8805134,60
-72.7504635,-39.8804942,60
-72.7506086,-39.8804743,60
-72.7507557,-39.880454,60
-72.7509172,-39.8804322,60
-72.7510621,-39.8804127,60
-72.7512064,-39.8803932,60
-72.7513522,-39.8803735,60
-72.7514973,-39.8803539,60
-72.7516141,-39.8803349,60
-72.7516784,-39.880312,60
-72.7517012,-39.880275,60
-72.7516919,-39.8802315,60
-72.7516633,-39.8801785,60
-72.7516158,-39.8801366,60
-72.7515502,-39.8801201,60
-72.7514767,-39.8801254,60
-72.7513943,-39.8801368,60
-72.7512937,-39.880151,60
-72.7511785,-39.8801669,60
-72.7510508,-39.8801846,60
-72.7509138,-39.8802035,60
-72.7507701,-39.8802231,60
-72.750606,-39.880245,60
-72.7504748,-39.8802625,60
-72.7503121,-39.8802843,60
-72.7501675,-39.8803039,60
-72.7500221,-39.8803233,60
-72.7498775,-39.8803428,60
-72.7497309,-39.8803627,60
-72.7495931,-39.8803804,60
-72.7494685,-39.8803977,60
-72.7493157,-39.8804197,60
-72.7491676,-39.8804393,60
-72.749042,-39.8804559,60
-72.7489336,-39.8804695,60
-72.748814,-39.8804863,60
-72.7486837,-39.8805042,60
-72.7485458,-39.8805233,60
-72.7484005,-39.8805432,60
-72.7482526,-39.8805625,60
-72.7481053,-39.8805827,60
-72.7479589,-39.8806026,60
-72.7477966,-39.8806242,60
-72.7476673,-39.8806415,60
-72.7475065,-39.8806637,60
-72.7473618,-39.8806839,60
-72.7472165,-39.8807031,60
-72.7470695,-39.8807221,60
-72.7469237,-39.8807427,60
-72.7467619,-39.8807641,60
-72.7466339,-39.8807815,60
-72.7464724,-39.8808034,60
-72.7463264,-39.880823,60
-72.7461806,-39.8808423,60
-72.7460353,-39.8808619,60
-72.7458901,-39.8808819,60
-72.7457447,-39.8809012,60
-72.7455995,-39.8809211,60
-72.745453,-39.880941,60
-72.7453073,-39.8809605,60
-72.7451458,-39.8809824,60
-72.745002,-39.8810018,60
-72.7448565,-39.8810213,60
-72.7447107,-39.8810409,60
-72.7445656,-39.8810609,60
-72.7444395,-39.8810737,60
-72.7443582,-39.8810715,60
-72.7442942,-39.8810387,60
-72.7442612,-39.8809951,60
-72.7442348,-39.8809359,60
-72.7442424,-39.8808956,60
-72.7442846,-39.8808693,60
-72.7443427,-39.8808584,60
-72.7444146,-39.8808485,60
-72.7445067,-39.8808352,60
-72.7446142,-39.8808201,60
-72.7447356,-39.8808034,60
-72.7448683,-39.8807851,60
-72.7450082,-39.880766,60
-72.7451709,-39.8807448,60
-72.7453185,-39.8807243,60
-72.7454673,-39.8807043,60
-72.7456131,-39.8806845,60
-72.7457567,-39.8806651,60
-72.7459018,-39.8806453,60
-72.7460466,-39.8806254,60
-72.7461924,-39.8806058,60
-72.7463543,-39.880584,60
-72.7464996,-39.8805637,60
-72.7466449,-39.8805437,60
-72.7467898,-39.8805248,60
-72.7469343,-39.8805053,60
-72.7470812,-39.8804852,60
-72.747227,-39.8804657,60
-72.7473708,-39.8804457,60
-72.7475165,-39.8804262,60
-72.7476623,-39.8804065,60
-72.7478078,-39.8803867,60
-72.7479694,-39.8803652,60
-72.7481147,-39.8803451,60
-72.7482595,-39.8803259,60
-72.7484048,-39.880306,60
-72.7485502,-39.8802864,60
-72.7486968,-39.8802664,60
-72.7488413,-39.8802471,60
-72.7490035,-39.8802249,60
-72.7491486,-39.8802054,60
-72.7492932,-39.8801863,60
-72.7494884,-39.8801594,60
-72.749583,-39.8801469,60
-72.7497261,-39.8801271,60
-72.7498712,-39.8801074,60
-72.7500194,-39.8800873,60
-72.7501581,-39.880068,60
-72.7502493,-39.8800477,60
-72.7502933,-39.8800189,60
-72.7503028,-39.8799757,60
-72.7502874,-39.8799222,60
-72.7502559,-39.8798725,60
-72.7502029,-39.8798447,60
-72.7501351,-39.8798417,60
-72.7500621,-39.8798509,60
-72.7499727,-39.8798633,60
-72.7498661,-39.8798783,60
-72.7497463,-39.8798951,60
-72.7495997,-39.8799153,60
-72.7494739,-39.8799324,60
-72.7493113,-39.8799543,60
-72.7491645,-39.8799738,60
-72.7490176,-39.8799938,60
-72.7488717,-39.8800133,60
-72.7487259,-39.880033,60
-72.7485802,-39.8800525,60
-72.7484347,-39.8800718,60
-72.7482747,-39.8800941,60
-72.7481455,-39.8801113,60
-72.747984,-39.8801328,60
-72.7478373,-39.8801528,60
-72.7476925,-39.8801722,60
-72.7475493,-39.8801918,60
-72.7474038,-39.8802118,60
-72.747258,-39.8802314,60
-72.747112,-39.8802509,60
-72.7469665,-39.8802704,60
</coordinates></LineString>
</Placemark>
<Placemark>
<name>DJI_202603231111_002_PANGAL001_Timestamp.MRK</name>
<description>Equipo: M3E | Fecha: 23-03-2026 | Puntos: 355</description>
<styleUrl>#m3e</styleUrl>
<LineString><altitudeMode>relativeToGround</altitudeMode><coordinates>
-72.7468813,-39.8802809,60
-72.7468451,-39.8802862,60
-72.7467822,-39.8802946,60
-72.7466987,-39.8803064,60
-72.7465977,-39.8803208,60
-72.7464825,-39.8803367,60
-72.7463562,-39.8803539,60
-72.74622,-39.8803729,60
-72.7460768,-39.8803917,60
-72.7459292,-39.8804119,60
-72.7457652,-39.8804334,60
-72.7456196,-39.880453,60
-72.7454752,-39.8804726,60
-72.7453305,-39.8804924,60
-72.7451855,-39.8805115,60
-72.7450408,-39.8805313,60
-72.7448962,-39.8805514,60
-72.7447343,-39.8805733,60
-72.7445888,-39.8805931,60
-72.744444,-39.8806128,60
-72.7442987,-39.8806316,60
-72.7441783,-39.8806431,60
-72.7441032,-39.8806382,60
-72.7440473,-39.880607,60
-72.74401,-39.8805584,60
-72.7439869,-39.880504,60
-72.7439941,-39.8804647,60
-72.7440349,-39.880438,60
-72.7440921,-39.880426,60
-72.7441725,-39.8804152,60
-72.7442663,-39.8804016,60
-72.7443761,-39.880386,60
-72.7444995,-39.8803691,60
-72.7446325,-39.8803508,60
-72.744774,-39.8803314,60
-72.7449202,-39.8803118,60
-72.7450677,-39.8802922,60
-72.7452306,-39.8802701,60
-72.7453754,-39.88025,60
-72.7455202,-39.8802303,60
-72.7456653,-39.8802109,60
-72.7458097,-39.8801912,60
-72.7459542,-39.8801719,60
-72.7460998,-39.8801521,60
-72.7462448,-39.8801323,60
-72.7463906,-39.880113,60
-72.7465527,-39.8800916,60
-72.7466975,-39.8800718,60
-72.746842,-39.8800522,60
-72.7469867,-39.8800328,60
-72.7471307,-39.8800131,60
-72.7472752,-39.8799937,60
-72.7474204,-39.8799732,60
-72.7475664,-39.8799537,60
-72.7477112,-39.8799343,60
-72.7478716,-39.8799128,60
-72.7480158,-39.8798929,60
-72.7481608,-39.8798735,60
-72.7483061,-39.8798538,60
-72.7484504,-39.8798338,60
-72.7485948,-39.8798143,60
-72.7487377,-39.8797953,60
-72.7488804,-39.8797754,60
-72.7490273,-39.8797559,60
-72.7491735,-39.8797367,60
-72.7493192,-39.8797168,60
-72.7494813,-39.8796944,60
-72.7496265,-39.8796747,60
-72.7497711,-39.8796556,60
-72.7499161,-39.8796356,60
-72.7500387,-39.8796167,60
-72.7501099,-39.8795938,60
-72.7501414,-39.8795573,60
-72.7501397,-39.8795109,60
-72.7501178,-39.8794552,60
-72.7500774,-39.8794133,60
-72.7500162,-39.8793962,60
-72.7499463,-39.8794003,60
-72.749868,-39.879411,60
-72.7497718,-39.8794244,60
-72.74966,-39.8794401,60
-72.7495356,-39.8794574,60
-72.7493844,-39.8794782,60
-72.7492408,-39.8794978,60
-72.7490934,-39.8795175,60
-72.7489463,-39.8795379,60
-72.7488003,-39.8795573,60
-72.7486553,-39.8795765,60
-72.7485107,-39.8795961,60
-72.7483663,-39.8796157,60
-72.7482214,-39.8796352,60
-72.748061,-39.8796566,60
-72.7479158,-39.8796757,60
-72.7477708,-39.8796951,60
-72.7476266,-39.8797151,60
-72.7474823,-39.8797348,60
-72.7473372,-39.8797545,60
-72.7471915,-39.8797738,60
-72.7470459,-39.8797939,60
-72.7469016,-39.8798129,60
-72.7467575,-39.879833,60
-72.7466128,-39.8798524,60
-72.7464515,-39.879874,60
-72.7463061,-39.8798935,60
-72.7461609,-39.8799132,60
-72.7460156,-39.8799326,60
-72.7458707,-39.8799524,60
-72.745725,-39.8799727,60
-72.7455807,-39.879992,60
-72.7454358,-39.880012,60
-72.7452747,-39.8800336,60
-72.7451297,-39.8800532,60
-72.7449857,-39.880073,60
-72.744841,-39.8800925,60
-72.7446956,-39.8801115,60
-72.7445499,-39.8801311,60
-72.7444046,-39.8801511,60
-72.7442598,-39.8801708,60
-72.7441151,-39.8801902,60
-72.7439643,-39.880208,60
-72.7438742,-39.8802112,60
-72.7438128,-39.88019,60
-72.7437711,-39.8801441,60
-72.7437417,-39.880088,60
-72.7437365,-39.8800432,60
-72.7437687,-39.8800119,60
-72.7438218,-39.8799972,60
-72.7438875,-39.8799876,60
-72.7439838,-39.8799745,60
-72.7440888,-39.8799597,60
-72.744207,-39.8799431,60
-72.7443372,-39.8799253,60
-72.7444764,-39.8799059,60
-72.7446217,-39.8798861,60
-72.7447697,-39.8798661,60
-72.7449169,-39.8798462,60
-72.745063,-39.8798261,60
-72.7452078,-39.8798065,60
-72.7453528,-39.8797869,60
-72.745514,-39.8797652,60
-72.7456586,-39.8797456,60
-72.7458032,-39.879726,60
-72.745948,-39.8797065,60
-72.7460929,-39.8796869,60
-72.7462377,-39.879667,60
-72.7463824,-39.8796478,60
-72.7465594,-39.8796236,60
-72.7466718,-39.8796085,60
-72.7468176,-39.8795886,60
-72.7469781,-39.879567,60
-72.7471234,-39.8795475,60
-72.7472678,-39.8795282,60
-72.7474126,-39.8795086,60
-72.7475579,-39.8794888,60
-72.7477031,-39.8794693,60
-72.7478479,-39.8794502,60
-72.7479931,-39.8794303,60
-72.7481375,-39.8794109,60
-72.7482979,-39.879389,60
-72.7484435,-39.8793694,60
-72.7485888,-39.8793493,60
-72.7487334,-39.8793298,60
-72.7488783,-39.8793102,60
-72.7490233,-39.8792911,60
-72.7491681,-39.879271,60
-72.7493127,-39.8792517,60
-72.7494743,-39.8792299,60
-72.7496189,-39.8792109,60
-72.7497636,-39.8791904,60
-72.7498843,-39.8791709,60
-72.7499526,-39.8791479,60
-72.7499818,-39.8791109,60
-72.7499782,-39.8790645,60
-72.7499585,-39.8790147,60
-72.7499203,-39.8789709,60
-72.7498522,-39.8789516,60
-72.7497819,-39.8789564,60
-72.7497022,-39.8789672,60
-72.7496048,-39.8789811,60
-72.7494916,-39.8789968,60
-72.7493666,-39.879014,60
-72.7492317,-39.8790327,60
-72.7490884,-39.8790522,60
-72.7489398,-39.8790719,60
-72.7487917,-39.8790917,60
-72.7486297,-39.8791138,60
-72.7484851,-39.879133,60
-72.748341,-39.879153,60
-72.7481961,-39.8791727,60
-72.7480517,-39.879192,60
-72.7479073,-39.8792116,60
-72.7477629,-39.8792311,60
-72.7476181,-39.8792505,60
-72.7474728,-39.8792699,60
-72.7473121,-39.8792919,60
-72.747183,-39.8793093,60
-72.7470221,-39.879331,60
-72.746877,-39.879351,60
-72.746732,-39.8793704,60
-72.7465867,-39.8793899,60
-72.7464423,-39.8794094,60
-72.7462973,-39.8794285,60
-72.7461526,-39.8794486,60
-72.7460076,-39.879468,60
-72.7458465,-39.8794894,60
-72.7457012,-39.8795091,60
-72.7455557,-39.8795286,60
-72.7454111,-39.8795482,60
-72.7452663,-39.8795677,60
-72.7451214,-39.8795876,60
-72.7449762,-39.8796075,60
-72.7448318,-39.8796275,60
-72.7446869,-39.8796469,60
-72.7445425,-39.8796661,60
-72.7443813,-39.8796878,60
-72.7442355,-39.8797073,60
-72.7440903,-39.8797273,60
-72.7439461,-39.8797469,60
-72.7438018,-39.8797663,60
-72.7436802,-39.8797783,60
-72.7436031,-39.8797736,60
-72.7435469,-39.8797425,60
-72.7435102,-39.8796927,60
-72.7434862,-39.8796334,60
-72.7434955,-39.8795988,60
-72.7435421,-39.8795712,60
-72.7436002,-39.8795604,60
-72.7436747,-39.87955,60
-72.7437686,-39.8795368,60
-72.7438784,-39.8795216,60
-72.7440009,-39.8795046,60
-72.744134,-39.8794863,60
-72.7442913,-39.8794645,60
-72.7444393,-39.8794448,60
-72.7445872,-39.8794251,60
-72.7447335,-39.8794052,60
-72.7448789,-39.8793856,60
-72.7450235,-39.8793661,60
-72.7451679,-39.8793466,60
-72.7453121,-39.8793269,60
-72.7454569,-39.8793072,60
-72.7456183,-39.8792851,60
-72.7457636,-39.8792655,60
-72.7459079,-39.8792467,60
-72.746053,-39.8792268,60
-72.7461978,-39.8792072,60
-72.7463429,-39.8791878,60
-72.7464875,-39.8791683,60
-72.7466643,-39.8791441,60
-72.7467768,-39.8791287,60
-72.7469219,-39.8791089,60
-72.7470667,-39.8790891,60
-72.7472281,-39.8790678,60
-72.7473737,-39.8790479,60
-72.7475187,-39.8790286,60
-72.7476632,-39.8790091,60
-72.7478082,-39.8789892,60
-72.7479531,-39.8789696,60
-72.7480979,-39.87895,60
-72.7482423,-39.8789305,60
-72.7483873,-39.8789109,60
-72.7485491,-39.8788892,60
-72.7486942,-39.8788695,60
-72.7488388,-39.8788496,60
-72.7489837,-39.87883,60
-72.7491288,-39.8788104,60
-72.7492744,-39.8787907,60
-72.749419,-39.878771,60
-72.7495796,-39.8787491,60
-72.7496948,-39.8787322,60
-72.7497763,-39.8787121,60
-72.7498178,-39.8786768,60
-72.7498202,-39.8786316,60
-72.7498041,-39.8785829,60
-72.7497699,-39.8785348,60
-72.7497139,-39.8785097,60
-72.7496454,-39.8785097,60
-72.7495708,-39.8785193,60
-72.7494786,-39.8785318,60
-72.7493705,-39.8785471,60
-72.7492349,-39.8785657,60
-72.7491016,-39.8785839,60
-72.7489598,-39.8786032,60
-72.7488124,-39.8786234,60
-72.7486647,-39.8786435,60
-72.7485182,-39.8786629,60
-72.7483732,-39.8786824,60
-72.7482293,-39.8787028,60
-72.7480688,-39.8787248,60
-72.7479402,-39.878742,60
-72.7477791,-39.8787632,60
-72.747634,-39.8787829,60
-72.7474889,-39.8788023,60
-72.7473443,-39.8788219,60
-72.7471994,-39.8788412,60
-72.7470548,-39.8788607,60
-72.74691,-39.87888,60
-72.7467645,-39.8788994,60
-72.7466036,-39.8789216,60
-72.7464588,-39.8789415,60
-72.7463295,-39.8789586,60
-72.7461688,-39.8789801,60
-72.7460242,-39.8789995,60
-72.7458791,-39.8790196,60
-72.7457343,-39.8790391,60
-72.7455733,-39.8790608,60
-72.7454438,-39.8790781,60
-72.7452988,-39.8790977,60
-72.7451538,-39.8791174,60
-72.7449923,-39.8791392,60
-72.7448477,-39.879159,60
-72.7447296,-39.8791738,60
-72.7446672,-39.8791804,60
-72.7446545,-39.8791779,60
-72.7446812,-39.8791722,60
-72.7447246,-39.8791623,60
-72.7447842,-39.8791495,60
-72.7448654,-39.879132,60
-72.7449635,-39.8791112,60
-72.7450888,-39.8790854,60
-72.7452001,-39.8790621,60
-72.7453496,-39.8790308,60
-72.7454911,-39.8790015,60
-72.7456348,-39.8789722,60
-72.7457789,-39.8789429,60
-72.7459225,-39.8789133,60
-72.7460804,-39.8788808,60
-72.7462222,-39.8788514,60
-72.7463641,-39.8788222,60
-72.7465068,-39.8787927,60
-72.7466483,-39.8787633,60
-72.7467897,-39.8787341,60
-72.7469312,-39.8787049,60
-72.7470739,-39.8786761,60
-72.7472162,-39.8786466,60
-72.7473586,-39.8786174,60
-72.7475009,-39.8785878,60
-72.747643,-39.8785587,60
-72.747785,-39.878531,60
-72.7479447,-39.878505,60
-72.7480899,-39.8784846,60
-72.7482346,-39.8784649,60
-72.7483796,-39.8784458,60
-72.7485244,-39.8784263,60
-72.7486694,-39.8784069,60
-72.7488142,-39.878387,60
-72.7489768,-39.8783656,60
-72.7491054,-39.8783477,60
-72.7492662,-39.878326,60
-72.7494109,-39.8783061,60
-72.7495457,-39.8782878,60
-72.7496366,-39.8782761,60
-72.7496708,-39.8782715,60
-72.7496872,-39.8782689,60
-72.749692,-39.878268,60
</coordinates></LineString>
</Placemark>
<Placemark>
<name>DJI_202603231111_003_PANGAL002_Timestamp.MRK</name>
<description>Equipo: M3E | Fecha: 23-03-2026 | Puntos: 913</description>
<styleUrl>#m3e</styleUrl>
<LineString><altitudeMode>relativeToGround</altitudeMode><coordinates>
-72.7348006,-39.8789879,60
-72.7348333,-39.8789767,60
-72.7348916,-39.8789564,60
-72.7349685,-39.8789302,60
-72.7350617,-39.8788978,60
-72.7351797,-39.8788565,60
-72.735298,-39.878816,60
-72.7354248,-39.8787728,60
-72.7355578,-39.8787267,60
-72.7356946,-39.8786805,60
-72.7358311,-39.8786342,60
-72.7359654,-39.8785886,60
-72.7360996,-39.8785423,60
-72.7362488,-39.8784912,60
-72.7363835,-39.878445,60
-72.7365201,-39.8783981,60
-72.7366544,-39.8783521,60
-72.7367856,-39.8783068,60
-72.7369196,-39.8782607,60
-72.7370568,-39.8782142,60
-72.7371938,-39.8781681,60
-72.7373295,-39.8781219,60
-72.7374791,-39.8780711,60
-72.7376089,-39.8780262,60
-72.7377399,-39.8779809,60
-72.7378775,-39.8779341,60
-72.7380163,-39.8778877,60
-72.7381525,-39.8778417,60
-72.7382883,-39.8777954,60
-72.7384239,-39.87775,60
-72.7385741,-39.877698,60
-72.7387086,-39.8776515,60
-72.7388428,-39.8776052,60
-72.738976,-39.8775595,60
-72.7391103,-39.8775135,60
-72.7392456,-39.8774675,60
-72.7393782,-39.877423,60
-72.7394813,-39.8773936,60
-72.7395463,-39.8773909,60
-72.7395988,-39.8774177,60
-72.7396377,-39.8774665,60
-72.7396604,-39.8775185,60
-72.7396491,-39.8775624,60
-72.7396046,-39.8775946,60
-72.7395454,-39.8776176,60
-72.7394701,-39.8776439,60
-72.7393764,-39.8776763,60
-72.7392692,-39.8777133,60
-72.7391511,-39.8777543,60
-72.7390106,-39.8778028,60
-72.7388754,-39.8778494,60
-72.7387379,-39.8778957,60
-72.7386004,-39.8779418,60
-72.7384648,-39.8779884,60
-72.7383304,-39.8780345,60
-72.7381967,-39.8780808,60
-72.7380634,-39.8781262,60
-72.7379282,-39.8781722,60
-72.7377774,-39.8782235,60
-72.7376421,-39.8782691,60
-72.7375068,-39.8783154,60
-72.7373719,-39.8783613,60
-72.7372371,-39.8784073,60
-72.7371022,-39.8784535,60
-72.7369682,-39.8784995,60
-72.7368339,-39.8785453,60
-72.7366986,-39.8785914,60
-72.7365653,-39.878637,60
-72.7364157,-39.8786885,60
-72.7362798,-39.8787346,60
-72.7361458,-39.8787807,60
-72.7360115,-39.8788269,60
-72.7358762,-39.8788731,60
-72.7357417,-39.8789189,60
-72.7356068,-39.878965,60
-72.7354725,-39.879011,60
-72.735337,-39.8790572,60
-72.7352016,-39.879103,60
-72.7350699,-39.8791487,60
-72.7349729,-39.87919,60
-72.7349291,-39.8792278,60
-72.7349249,-39.8792769,60
-72.7349468,-39.8793294,60
-72.7349816,-39.8793761,60
-72.7350324,-39.8793954,60
-72.7350916,-39.8793889,60
-72.7351617,-39.8793671,60
-72.7352421,-39.8793394,60
-72.7353385,-39.8793054,60
-72.7354483,-39.8792676,60
-72.735568,-39.8792269,60
-72.7356965,-39.879182,60
-72.7358308,-39.879136,60
-72.7359675,-39.8790895,60
-72.736104,-39.8790433,60
-72.7362392,-39.8789972,60
-72.7363746,-39.8789514,60
-72.7365243,-39.8789002,60
-72.7366583,-39.8788548,60
-72.7367926,-39.8788087,60
-72.7369266,-39.878763,60
-72.7370619,-39.878717,60
-72.7371969,-39.8786712,60
-72.7373459,-39.8786198,60
-72.7374657,-39.8785788,60
-72.7376151,-39.8785277,60
-72.7377503,-39.8784815,60
-72.7378854,-39.878435,60
-72.7380203,-39.8783891,60
-72.7381543,-39.8783431,60
-72.7382883,-39.8782969,60
-72.7384828,-39.8782306,60
-72.7385581,-39.8782048,60
-72.7386932,-39.878159,60
-72.7388438,-39.8781077,60
-72.7389789,-39.8780616,60
-72.7391146,-39.8780155,60
-72.7392494,-39.8779691,60
-72.7393845,-39.8779232,60
-72.7395186,-39.877877,60
-72.7396515,-39.8778323,60
-72.7397536,-39.8778043,60
-72.7398197,-39.8778036,60
-72.7398755,-39.8778355,60
-72.7399095,-39.8778806,60
-72.7399297,-39.8779322,60
-72.7399157,-39.8779762,60
-72.7398702,-39.8780074,60
-72.7398098,-39.8780302,60
-72.7397323,-39.8780571,60
-72.7396379,-39.8780898,60
-72.7395297,-39.8781271,60
-72.7394108,-39.878168,60
-72.7392692,-39.878217,60
-72.7391347,-39.8782633,60
-72.7389977,-39.8783095,60
-72.7388613,-39.8783556,60
-72.7387256,-39.8784011,60
-72.7385905,-39.8784475,60
-72.7384559,-39.8784936,60
-72.7383218,-39.8785394,60
-72.7381867,-39.8785852,60
-72.7380524,-39.8786314,60
-72.7379031,-39.8786826,60
-72.7377691,-39.8787283,60
-72.7376341,-39.8787746,60
-72.7374995,-39.8788208,60
-72.7373645,-39.8788667,60
-72.7372295,-39.8789126,60
-72.7370943,-39.8789585,60
-72.7369593,-39.8790044,60
-72.7368248,-39.8790503,60
-72.7366765,-39.8791018,60
-72.7365575,-39.8791429,60
-72.7364088,-39.879194,60
-72.7362722,-39.8792403,60
-72.7361373,-39.8792864,60
-72.736003,-39.8793317,60
-72.7358693,-39.8793776,60
-72.7357331,-39.8794239,60
-72.7355978,-39.8794699,60
-72.7354657,-39.8795152,60
-72.735318,-39.879566,60
-72.7352052,-39.8796071,60
-72.7351421,-39.8796418,60
-72.7351211,-39.8796876,60
-72.7351318,-39.8797387,60
-72.7351603,-39.8797905,60
-72.7352019,-39.8798229,60
-72.7352595,-39.8798293,60
-72.735319,-39.8798149,60
-72.7353879,-39.8797925,60
-72.7354855,-39.8797583,60
-72.7355888,-39.8797225,60
-72.7357034,-39.879683,60
-72.7358263,-39.8796402,60
-72.7359572,-39.8795951,60
-72.7360944,-39.8795487,60
-72.736232,-39.8795029,60
-72.736368,-39.8794571,60
-72.7365033,-39.8794107,60
-72.7366508,-39.8793593,60
-72.736785,-39.8793135,60
-72.7369203,-39.8792676,60
-72.7370543,-39.8792216,60
-72.7371886,-39.8791754,60
-72.7373227,-39.8791293,60
-72.7374583,-39.8790829,60
-72.7375932,-39.8790367,60
-72.7377427,-39.8789857,60
-72.737877,-39.8789401,60
-72.7380117,-39.8788937,60
-72.7381467,-39.8788479,60
-72.7382824,-39.878802,60
-72.7384179,-39.8787561,60
-72.7385531,-39.87871,60
-72.738688,-39.8786637,60
-72.7388227,-39.8786174,60
-72.7389728,-39.8785664,60
-72.7391075,-39.8785204,60
-72.739242,-39.8784739,60
-72.7393764,-39.8784271,60
-72.7395108,-39.8783815,60
-72.7396458,-39.8783356,60
-72.7397807,-39.8782901,60
-72.7399141,-39.8782455,60
-72.7400172,-39.8782166,60
-72.7400907,-39.8782155,60
-72.7401364,-39.8782397,60
-72.7401723,-39.8782829,60
-72.7401972,-39.8783404,60
-72.7401855,-39.8783844,60
-72.7401426,-39.8784166,60
-72.7400837,-39.8784396,60
-72.7400066,-39.8784661,60
-72.7399129,-39.8784986,60
-72.7398055,-39.8785357,60
-72.7396738,-39.8785807,60
-72.7395457,-39.8786241,60
-72.7394263,-39.8786648,60
-72.7392748,-39.8787168,60
-72.7391389,-39.8787626,60
-72.7390045,-39.8788092,60
-72.7388695,-39.878855,60
-72.7387202,-39.8789064,60
-72.7386008,-39.8789474,60
-72.7384509,-39.8789983,60
-72.7383311,-39.8790394,60
-72.7381811,-39.8790903,60
-72.738046,-39.8791361,60
-72.7379117,-39.879182,60
-72.7377766,-39.8792277,60
-72.7376422,-39.8792735,60
-72.7375082,-39.8793199,60
-72.7373729,-39.8793662,60
-72.7372375,-39.8794121,60
-72.7370869,-39.8794635,60
-72.7369537,-39.8795096,60
-72.736819,-39.879555,60
-72.7366847,-39.8796015,60
-72.7365502,-39.8796475,60
-72.7364145,-39.8796933,60
-72.7362801,-39.8797392,60
-72.7361451,-39.8797851,60
-72.7360102,-39.8798312,60
-72.7358598,-39.8798821,60
-72.7357252,-39.8799278,60
-72.7355943,-39.8799726,60
-72.7354671,-39.8800177,60
-72.7353746,-39.8800545,60
-72.7353281,-39.8800903,60
-72.7353174,-39.8801389,60
-72.7353355,-39.8801905,60
-72.7353691,-39.8802391,60
-72.7354167,-39.8802636,60
-72.7354756,-39.8802609,60
-72.7355438,-39.8802409,60
-72.7356201,-39.8802145,60
-72.7357136,-39.880182,60
-72.7358212,-39.8801451,60
-72.7359384,-39.8801041,60
-72.7360638,-39.8800606,60
-72.7361981,-39.8800148,60
-72.7363514,-39.8799635,60
-72.7364876,-39.8799176,60
-72.7366224,-39.8798716,60
-72.7367568,-39.8798249,60
-72.7368912,-39.8797791,60
-72.7370253,-39.8797333,60
-72.7371596,-39.8796871,60
-72.7372945,-39.8796412,60
-72.7374299,-39.8795952,60
-72.737565,-39.8795491,60
-72.7376998,-39.8795034,60
-72.7378339,-39.8794578,60
-72.7379832,-39.8794066,60
-72.738118,-39.8793609,60
-72.7382527,-39.8793145,60
-72.7383881,-39.8792684,60
-72.7385228,-39.8792223,60
-72.7386572,-39.8791761,60
-72.7387913,-39.8791302,60
-72.7389416,-39.8790786,60
-72.7390769,-39.8790326,60
-72.7392122,-39.878987,60
-72.7393474,-39.8789408,60
-72.7394821,-39.878895,60
-72.7396171,-39.8788487,60
-72.7397526,-39.8788026,60
-72.7398872,-39.8787564,60
-72.7400215,-39.8787099,60
-72.7401561,-39.8786647,60
-72.740268,-39.8786307,60
-72.7403402,-39.8786222,60
-72.7404005,-39.8786471,60
-72.740437,-39.8786898,60
-72.7404627,-39.8787419,60
-72.7404586,-39.8787872,60
-72.7404141,-39.8788256,60
-72.740363,-39.8788464,60
-72.7402902,-39.8788717,60
-72.7401991,-39.8789031,60
-72.7400817,-39.8789435,60
-72.7399634,-39.8789842,60
-72.7398369,-39.8790274,60
-72.7397042,-39.8790733,60
-72.739568,-39.8791203,60
-72.7394315,-39.8791661,60
-72.739296,-39.8792118,60
-72.7391457,-39.8792629,60
-72.7390263,-39.8793036,60
-72.7388778,-39.8793542,60
-72.7387579,-39.8793952,60
-72.7386081,-39.8794466,60
-72.7384738,-39.8794929,60
-72.7383389,-39.8795387,60
-72.7382039,-39.8795847,60
-72.7380688,-39.8796306,60
-72.7379339,-39.8796768,60
-72.7377991,-39.8797226,60
-72.7376503,-39.8797736,60
-72.7375157,-39.8798197,60
-72.737381,-39.879866,60
-72.7372453,-39.8799123,60
-72.7371102,-39.879958,60
-72.73696,-39.8800088,60
-72.7368409,-39.8800503,60
-72.7367058,-39.8800965,60
-72.7365717,-39.8801421,60
-72.7364375,-39.8801881,60
-72.7362862,-39.8802393,60
-72.7361508,-39.8802853,60
-72.7360256,-39.8803284,60
-72.7359245,-39.880363,60
-72.7358142,-39.8804013,60
-72.7356965,-39.8804424,60
-72.7355902,-39.8804817,60
-72.7355339,-39.880516,60
-72.7355156,-39.8805624,60
-72.73553,-39.8806194,60
-72.7355613,-39.8806703,60
-72.7356068,-39.8806979,60
-72.735666,-39.880698,60
-72.7357263,-39.880681,60
-72.7357992,-39.8806562,60
-72.7358882,-39.8806254,60
-72.735993,-39.8805887,60
-72.7361076,-39.8805492,60
-72.736233,-39.8805057,60
-72.7363651,-39.8804598,60
-72.7365171,-39.8804085,60
-72.7366531,-39.8803629,60
-72.7367882,-39.8803163,60
-72.7369233,-39.8802698,60
-72.7370578,-39.8802239,60
-72.737193,-39.8801779,60
-72.7373276,-39.8801324,60
-72.7374625,-39.8800862,60
-72.7376117,-39.8800358,60
-72.7377463,-39.8799897,60
-72.7378812,-39.8799438,60
-72.7380167,-39.8798978,60
-72.7381521,-39.8798517,60
-72.7382869,-39.8798053,60
-72.7384214,-39.8797596,60
-72.738555,-39.8797131,60
-72.7386895,-39.8796673,60
-72.7388246,-39.8796212,60
-72.7389751,-39.8795705,60
-72.7391095,-39.8795247,60
-72.7392441,-39.8794783,60
-72.7393784,-39.8794319,60
-72.7395132,-39.879386,60
-72.7396484,-39.8793397,60
-72.7397834,-39.8792937,60
-72.7399192,-39.8792481,60
-72.7400542,-39.879202,60
-72.7402036,-39.8791512,60
-72.7403379,-39.8791049,60
-72.7404687,-39.8790612,60
-72.7405669,-39.8790354,60
-72.7406307,-39.8790376,60
-72.7406806,-39.8790679,60
-72.7407148,-39.8791134,60
-72.7407347,-39.879165,60
-72.7407206,-39.8792088,60
-72.7406759,-39.8792402,60
-72.7406081,-39.8792652,60
-72.740528,-39.8792927,60
-72.7404318,-39.8793259,60
-72.7403226,-39.8793639,60
-72.7402027,-39.8794048,60
-72.7400747,-39.8794494,60
-72.7399401,-39.8794954,60
-72.7398028,-39.8795411,60
-72.7396661,-39.8795867,60
-72.739516,-39.8796379,60
-72.7393816,-39.879684,60
-72.7392479,-39.8797304,60
-72.739113,-39.8797759,60
-72.7389778,-39.8798221,60
-72.7388442,-39.8798682,60
-72.7387094,-39.8799147,60
-72.7385745,-39.8799607,60
-72.738441,-39.8800061,60
-72.7382913,-39.8800575,60
-72.7381716,-39.8800978,60
-72.7380223,-39.8801488,60
-72.7378872,-39.8801947,60
-72.7377518,-39.8802409,60
-72.7376179,-39.8802869,60
-72.7374827,-39.8803335,60
-72.737348,-39.8803793,60
-72.7372132,-39.8804251,60
-72.7370787,-39.8804708,60
-72.7369298,-39.8805221,60
-72.736794,-39.8805681,60
-72.7366743,-39.8806089,60
-72.7365279,-39.8806585,60
-72.7364091,-39.8806981,60
-72.7362823,-39.880743,60
-72.736153,-39.8807881,60
-72.7360063,-39.8808383,60
-72.7358887,-39.8808793,60
-72.7357829,-39.8809185,60
-72.7357261,-39.8809572,60
-72.7357128,-39.8810051,60
-72.7357299,-39.8810565,60
-72.7357612,-39.8811065,60
-72.7358068,-39.8811334,60
-72.7358659,-39.8811329,60
-72.7359258,-39.8811149,60
-72.7359989,-39.8810899,60
-72.7360889,-39.8810586,60
-72.7362052,-39.8810176,60
-72.7363217,-39.8809773,60
-72.7364487,-39.8809336,60
-72.7365831,-39.8808877,60
-72.7367206,-39.8808412,60
-72.7368575,-39.8807962,60
-72.7369922,-39.8807498,60
-72.7371266,-39.8807037,60
-72.7372614,-39.8806583,60
-72.7373953,-39.8806121,60
-72.7375445,-39.8805612,60
-72.7376791,-39.8805149,60
-72.7378133,-39.8804686,60
-72.7379476,-39.8804228,60
-72.7380818,-39.8803774,60
-72.7382159,-39.8803313,60
-72.73835,-39.8802853,60
-72.7384849,-39.8802388,60
-72.7386355,-39.8801876,60
-72.7387557,-39.8801468,60
-72.7389058,-39.8800953,60
-72.739041,-39.8800496,60
-72.7391759,-39.8800034,60
-72.7393103,-39.8799577,60
-72.7394447,-39.8799113,60
-72.7395804,-39.8798657,60
-72.7397153,-39.8798191,60
-72.7398497,-39.8797728,60
-72.7399994,-39.8797218,60
-72.7401348,-39.8796761,60
-72.7402691,-39.8796304,60
-72.7404036,-39.8795845,60
-72.7405376,-39.8795391,60
-72.7406719,-39.8794932,60
-72.7407892,-39.879456,60
-72.7408727,-39.8794429,60
-72.7409237,-39.8794592,60
-72.7409684,-39.8795027,60
-72.7409971,-39.8795543,60
-72.7409994,-39.8796009,60
-72.740966,-39.8796386,60
-72.7409109,-39.8796636,60
-72.740842,-39.8796871,60
-72.7407546,-39.879718,60
-72.7406524,-39.8797529,60
-72.7405382,-39.8797928,60
-72.7404135,-39.8798353,60
-72.7402675,-39.8798856,60
-72.7401313,-39.8799316,60
-72.7399949,-39.8799776,60
-72.7398587,-39.8800232,60
-72.7397237,-39.8800691,60
-72.7395893,-39.8801152,60
-72.7394557,-39.8801605,60
-72.7393211,-39.8802071,60
-72.7391871,-39.8802531,60
-72.7390524,-39.8802991,60
-72.7389182,-39.8803451,60
-72.7387832,-39.8803913,60
-72.7386337,-39.8804427,60
-72.7384994,-39.8804894,60
-72.7383651,-39.8805348,60
-72.7382298,-39.8805806,60
-72.7380954,-39.8806269,60
-72.7379607,-39.8806727,60
-72.7378106,-39.8807238,60
-72.7376901,-39.8807645,60
-72.7375404,-39.8808154,60
-72.737406,-39.8808612,60
-72.7372717,-39.8809072,60
-72.7371367,-39.8809532,60
-72.7370011,-39.8809989,60
-72.7368078,-39.8810654,60
-72.7367364,-39.88109,60
-72.7366076,-39.8811345,60
-72.7364568,-39.8811866,60
-72.7363212,-39.8812324,60
-72.7361859,-39.8812788,60
-72.7360549,-39.8813239,60
-72.7359626,-39.8813619,60
-72.7359177,-39.8813999,60
-72.7359112,-39.8814487,60
-72.7359305,-39.8815004,60
-72.7359645,-39.8815471,60
-72.7360132,-39.8815697,60
-72.7360787,-39.8815637,60
-72.736141,-39.8815441,60
-72.7362192,-39.8815171,60
-72.7363138,-39.881484,60
-72.7364217,-39.8814463,60
-72.7365394,-39.8814055,60
-72.7366819,-39.8813561,60
-72.7368014,-39.8813154,60
-72.7369384,-39.881269,60
-72.7370739,-39.881223,60
-72.7372238,-39.8811722,60
-72.7373586,-39.8811266,60
-72.7374934,-39.8810807,60
-72.7376294,-39.8810353,60
-72.7377642,-39.8809891,60
-72.7378985,-39.8809429,60
-72.7380481,-39.8808914,60
-72.7381676,-39.8808505,60
-72.738317,-39.8807994,60
-72.7384507,-39.8807535,60
-72.7385848,-39.8807075,60
-72.738719,-39.880661,60
-72.7388537,-39.8806149,60
-72.7389884,-39.8805691,60
-72.7391232,-39.8805234,60
-72.7392584,-39.8804769,60
-72.7393932,-39.8804311,60
-72.739543,-39.88038,60
-72.7396782,-39.8803341,60
-72.7398129,-39.8802884,60
-72.7399479,-39.8802421,60
-72.7400824,-39.8801967,60
-72.7402175,-39.88015,60
-72.7403526,-39.8801039,60
-72.7404862,-39.8800587,60
-72.7406137,-39.8800143,60
-72.7407478,-39.8799675,60
-72.7408974,-39.879917,60
-72.7410333,-39.8798702,60
-72.7411699,-39.8798239,60
-72.7413052,-39.8797781,60
-72.7414396,-39.8797323,60
-72.7415737,-39.8796863,60
-72.7417084,-39.8796404,60
-72.7418426,-39.8795946,60
-72.7419771,-39.8795486,60
-72.742127,-39.8794977,60
-72.7422609,-39.8794517,60
-72.7423958,-39.879406,60
-72.7425309,-39.8793602,60
-72.742666,-39.8793139,60
-72.7428007,-39.8792678,60
-72.7429338,-39.8792221,60
-72.7430686,-39.8791753,60
-72.7432043,-39.8791291,60
-72.7433396,-39.8790833,60
-72.7434909,-39.8790319,60
-72.7436152,-39.8789924,60
-72.7437009,-39.8789757,60
-72.7437684,-39.8789892,60
-72.7438221,-39.8790264,60
-72.7438645,-39.8790752,60
-72.7438769,-39.8791166,60
-72.7438525,-39.8791528,60
-72.7437915,-39.8791812,60
-72.7437413,-39.8791989,60
-72.7436488,-39.8792307,60
-72.7435489,-39.8792648,60
-72.7434377,-39.8793039,60
-72.7433153,-39.8793459,60
-72.7431857,-39.8793902,60
-72.7430501,-39.8794367,60
-72.7429123,-39.8794828,60
-72.7427771,-39.8795287,60
-72.7426279,-39.8795802,60
-72.7424943,-39.8796264,60
-72.7423599,-39.8796723,60
-72.7422249,-39.8797182,60
-72.7420901,-39.8797641,60
-72.7419551,-39.8798097,60
-72.7418244,-39.8798548,60
-72.7416908,-39.879901,60
-72.7415529,-39.8799476,60
-72.7414158,-39.8799935,60
-72.7412664,-39.8800443,60
-72.7411327,-39.8800903,60
-72.7409978,-39.8801365,60
-72.7408631,-39.8801826,60
-72.7407286,-39.8802286,60
-72.7405932,-39.880275,60
-72.7404589,-39.8803209,60
-72.7403235,-39.8803668,60
-72.7401742,-39.8804184,60
-72.7400398,-39.8804643,60
-72.7399055,-39.8805099,60
-72.739771,-39.880556,60
-72.7396364,-39.8806019,60
-72.7395019,-39.880648,60
-72.7393669,-39.8806941,60
-72.7392323,-39.8807407,60
-72.7390973,-39.8807862,60
-72.7389624,-39.8808319,60
-72.7388137,-39.8808828,60
-72.7386796,-39.880929,60
-72.7385444,-39.8809746,60
-72.7384089,-39.8810207,60
-72.7382739,-39.8810669,60
-72.738139,-39.8811129,60
-72.7380044,-39.8811585,60
-72.73787,-39.8812045,60
-72.737735,-39.8812502,60
-72.7375859,-39.8813016,60
-72.7374521,-39.8813475,60
-72.7373177,-39.8813935,60
-72.7371833,-39.8814397,60
-72.737048,-39.8814862,60
-72.736913,-39.8815316,60
-72.7367817,-39.8815768,60
-72.7366586,-39.8816185,60
-72.7365263,-39.881665,60
-72.7363913,-39.8817113,60
-72.7362479,-39.8817605,60
-72.7361578,-39.8817964,60
-72.7361149,-39.8818339,60
-72.7361082,-39.8818833,60
-72.7361271,-39.8819348,60
-72.736161,-39.8819823,60
-72.7362106,-39.8820047,60
-72.7362762,-39.8819981,60
-72.7363306,-39.8819813,60
-72.7364159,-39.8819515,60
-72.7365102,-39.8819185,60
-72.7366183,-39.8818813,60
-72.7367364,-39.8818405,60
-72.7368646,-39.8817965,60
-72.7369992,-39.8817508,60
-72.737136,-39.8817047,60
-72.7372874,-39.8816533,60
-72.7374079,-39.8816123,60
-72.7375577,-39.8815607,60
-72.7376927,-39.8815151,60
-72.7378265,-39.8814689,60
-72.7379606,-39.8814231,60
-72.738095,-39.8813774,60
-72.7382296,-39.8813317,60
-72.7383643,-39.881286,60
-72.7384977,-39.8812398,60
-72.738647,-39.8811885,60
-72.7387821,-39.8811423,60
-72.7389177,-39.8810963,60
-72.739053,-39.8810504,60
-72.739188,-39.8810048,60
-72.7393222,-39.8809589,60
-72.7394565,-39.8809125,60
-72.7395906,-39.8808659,60
-72.7397406,-39.8808144,60
-72.7398609,-39.8807732,60
-72.7400109,-39.8807225,60
-72.7401452,-39.8806764,60
-72.7402796,-39.8806306,60
-72.7404148,-39.8805849,60
-72.7405493,-39.8805385,60
-72.7406835,-39.8804927,60
-72.7408173,-39.8804463,60
-72.7409519,-39.8804005,60
-72.7410865,-39.8803549,60
-72.741236,-39.880304,60
-72.7413706,-39.8802582,60
-72.7415062,-39.8802121,60
-72.7416413,-39.8801662,60
-72.7417766,-39.8801201,60
-72.7419112,-39.8800742,60
-72.7420603,-39.8800233,60
-72.7421802,-39.8799817,60
-72.7423293,-39.8799309,60
-72.7424636,-39.8798845,60
-72.7425978,-39.8798385,60
-72.7427332,-39.8797927,60
-72.7428681,-39.8797466,60
-72.7430028,-39.8797013,60
-72.7431377,-39.8796548,60
-72.743273,-39.8796089,60
-72.7434224,-39.8795576,60
-72.7435569,-39.8795117,60
-72.7436913,-39.8794652,60
-72.7438258,-39.8794193,60
-72.7439509,-39.8793793,60
-72.7440361,-39.8793611,60
-72.744094,-39.8793715,60
-72.7441388,-39.8794113,60
-72.7441659,-39.8794601,60
-72.744174,-39.8795113,60
-72.744146,-39.8795535,60
-72.7440921,-39.8795812,60
-72.7440254,-39.8796049,60
-72.7439397,-39.8796343,60
-72.7438387,-39.8796689,60
-72.7437259,-39.8797082,60
-72.7436032,-39.8797501,60
-72.743473,-39.8797949,60
-72.743337,-39.8798415,60
-72.7431848,-39.8798927,60
-72.7430495,-39.8799385,60
-72.7429148,-39.8799849,60
-72.7427808,-39.8800309,60
-72.7426465,-39.8800766,60
-72.7425118,-39.8801223,60
-72.7423617,-39.8801733,60
-72.7422415,-39.8802144,60
-72.7421061,-39.8802611,60
-72.7419562,-39.8803119,60
-72.7418224,-39.8803582,60
-72.7416874,-39.8804042,60
-72.7415534,-39.8804503,60
-72.741419,-39.8804961,60
-72.7412844,-39.8805424,60
-72.7411489,-39.8805886,60
-72.7410138,-39.8806345,60
-72.7408783,-39.8806801,60
-72.7407433,-39.880726,60
-72.7405936,-39.8807767,60
-72.7404587,-39.880823,60
-72.7403232,-39.8808692,60
-72.7401876,-39.8809154,60
-72.7400375,-39.8809665,60
-72.739918,-39.8810076,60
-72.739784,-39.881054,60
-72.7396495,-39.8811004,60
-72.7395152,-39.8811463,60
-72.7393657,-39.8811977,60
-72.7392313,-39.8812435,60
-72.7390963,-39.88129,60
-72.7389604,-39.8813357,60
-72.7388247,-39.8813817,60
-72.73869,-39.8814275,60
-72.7385546,-39.8814741,60
-72.73842,-39.8815202,60
-72.7382849,-39.8815661,60
-72.7381502,-39.881612,60
-72.7380005,-39.8816633,60
-72.7378666,-39.8817087,60
-72.73773,-39.8817553,60
-72.7375938,-39.8818016,60
-72.7374588,-39.8818478,60
-72.7373257,-39.8818932,60
-72.7371929,-39.8819389,60
-72.7370558,-39.881986,60
-72.7369191,-39.8820323,60
-72.7367686,-39.8820834,60
-72.7366336,-39.8821287,60
-72.7364993,-39.8821753,60
-72.7363861,-39.8822177,60
-72.7363264,-39.8822536,60
-72.7363047,-39.8822999,60
-72.736316,-39.8823512,60
-72.7363456,-39.8824028,60
-72.7363881,-39.8824344,60
-72.7364524,-39.8824377,60
-72.736512,-39.8824211,60
-72.7365838,-39.8823965,60
-72.7366737,-39.8823655,60
-72.7367773,-39.8823296,60
-72.7368922,-39.8822899,60
-72.7370163,-39.8822476,60
-72.7371481,-39.882202,60
-72.7372847,-39.8821558,60
-72.7374363,-39.8821047,60
-72.7375567,-39.8820638,60
-72.7377066,-39.8820125,60
-72.7378419,-39.8819657,60
-72.7379774,-39.8819192,60
-72.7381117,-39.8818735,60
-72.7382463,-39.8818274,60
-72.7383966,-39.8817764,60
-72.7385306,-39.8817301,60
-72.7386495,-39.8816893,60
-72.7387993,-39.8816389,60
-72.7389344,-39.881593,60
-72.7390704,-39.8815462,60
-72.7392053,-39.881501,60
-72.7393396,-39.8814547,60
-72.7394733,-39.8814084,60
-72.739609,-39.881362,60
-72.7397441,-39.8813164,60
-72.7398946,-39.8812644,60
-72.7400295,-39.8812179,60
-72.7401639,-39.8811719,60
-72.7402986,-39.8811262,60
-72.7404339,-39.8810802,60
-72.7405686,-39.8810342,60
-72.7407036,-39.880988,60
-72.7408388,-39.8809421,60
-72.7409742,-39.8808961,60
-72.7411089,-39.8808502,60
-72.7412433,-39.8808039,60
-72.7413929,-39.8807527,60
-72.7415284,-39.8807066,60
-72.7416641,-39.8806601,60
-72.7418148,-39.8806083,60
-72.7419346,-39.8805676,60
-72.7420691,-39.8805214,60
-72.7422041,-39.8804757,60
-72.7423539,-39.8804247,60
-72.7424737,-39.8803842,60
-72.7426088,-39.8803376,60
-72.7427583,-39.8802866,60
-72.7428924,-39.8802409,60
-72.7430275,-39.880195,60
-72.7431624,-39.8801489,60
-72.7432972,-39.8801034,60
-72.7434476,-39.8800527,60
-72.7435673,-39.8800116,60
-72.7437028,-39.8799648,60
-72.7438538,-39.8799133,60
-72.7439893,-39.8798667,60
-72.7441237,-39.8798214,60
-72.744232,-39.8797897,60
-72.7443,-39.8797839,60
-72.7443511,-39.8798085,60
-72.7443841,-39.8798514,60
-72.744406,-39.8799038,60
-72.7443983,-39.879956,60
-72.7443612,-39.8799874,60
-72.7443031,-39.8800115,60
-72.7442198,-39.8800406,60
-72.7441266,-39.880073,60
-72.74402,-39.8801098,60
-72.7439029,-39.8801504,60
-72.7437763,-39.8801939,60
-72.7436431,-39.8802395,60
-72.7435057,-39.880286,60
-72.7433535,-39.8803372,60
-72.7432168,-39.8803835,60
-72.7430816,-39.8804297,60
-72.7429468,-39.8804756,60
-72.7428127,-39.8805215,60
-72.7426782,-39.8805675,60
-72.7425439,-39.8806135,60
-72.7424097,-39.8806597,60
-72.7422603,-39.880711,60
-72.7421406,-39.8807517,60
-72.742005,-39.880798,60
-72.7418555,-39.8808491,60
-72.7417215,-39.8808954,60
-72.7415867,-39.8809415,60
-72.7414516,-39.8809876,60
-72.7413022,-39.8810387,60
-72.7411817,-39.8810798,60
-72.7410309,-39.8811309,60
-72.7408958,-39.881177,60
-72.740761,-39.8812227,60
-72.7406262,-39.8812689,60
-72.7404914,-39.8813148,60
-72.7403564,-39.8813605,60
-72.7402221,-39.8814066,60
-72.7400865,-39.8814528,60
-72.7399511,-39.8814984,60
-72.7398014,-39.8815491,60
-72.739681,-39.88159,60
-72.7395308,-39.8816419,60
-72.7393966,-39.881688,60
-72.7392616,-39.8817343,60
-72.7391268,-39.8817807,60
-72.7389919,-39.881827,60
-72.7388574,-39.8818727,60
-72.738723,-39.8819189,60
-72.7385872,-39.8819655,60
-72.7384407,-39.8820159,60
-72.7383433,-39.8820543,60
-72.7383012,-39.8820911,60
-72.7382992,-39.882137,60
-72.7383241,-39.882184,60
-72.738364,-39.8822303,60
-72.7384173,-39.8822534,60
-72.7384801,-39.8822494,60
-72.738544,-39.8822304,60
-72.7386228,-39.8822031,60
-72.7387293,-39.882166,60
-72.7388392,-39.8821279,60
-72.738959,-39.8820863,60
-72.7390869,-39.8820422,60
-72.739221,-39.8819961,60
-72.7393579,-39.8819498,60
-72.7394939,-39.8819038,60
-72.7396293,-39.8818577,60
-72.7397639,-39.8818115,60
-72.7399132,-39.8817604,60
-72.7400477,-39.8817145,60
-72.7401821,-39.8816683,60
-72.7403165,-39.8816226,60
-72.7404514,-39.8815765,60
-72.7405865,-39.8815304,60
-72.7407211,-39.8814845,60
-72.7408565,-39.8814385,60
</coordinates></LineString>
</Placemark>
<Placemark>
<name>DJI_202603231137_004_PANGAL002_Timestamp.MRK</name>
<description>Equipo: M3E | Fecha: 23-03-2026 | Puntos: 1064</description>
<styleUrl>#m3e</styleUrl>
<LineString><altitudeMode>relativeToGround</altitudeMode><coordinates>
-72.7408827,-39.8814313,60
-72.7409082,-39.8814228,60
-72.740958,-39.8814053,60
-72.7410287,-39.8813804,60
-72.7411169,-39.8813502,60
-72.7412188,-39.8813149,60
-72.7413315,-39.8812758,60
-72.7414542,-39.881233,60
-72.7415843,-39.8811888,60
-72.7417976,-39.8811165,60
-72.7418739,-39.8810908,60
-72.7420097,-39.8810449,60
-72.7421448,-39.880999,60
-72.7422798,-39.8809531,60
-72.7424143,-39.8809068,60
-72.7425483,-39.8808607,60
-72.7426837,-39.8808144,60
-72.7428184,-39.8807687,60
-72.7429681,-39.8807178,60
-72.7430882,-39.8806766,60
-72.743238,-39.8806252,60
-72.7433721,-39.8805791,60
-72.7435068,-39.8805332,60
-72.7436411,-39.880487,60
-72.7437761,-39.8804407,60
-72.7439107,-39.880395,60
-72.744046,-39.8803486,60
-72.7441818,-39.8803024,60
-72.7443171,-39.8802563,60
-72.7444468,-39.8802157,60
-72.7445199,-39.8802041,60
-72.7445734,-39.8802217,60
-72.7446098,-39.8802618,60
-72.7446354,-39.8803123,60
-72.7446396,-39.8803625,60
-72.7446068,-39.8804026,60
-72.7445518,-39.8804282,60
-72.7444836,-39.8804526,60
-72.7443852,-39.8804868,60
-72.7442807,-39.8805227,60
-72.7441651,-39.8805626,60
-72.74404,-39.8806053,60
-72.7439079,-39.8806507,60
-72.7437716,-39.8806972,60
-72.743635,-39.8807432,60
-72.743484,-39.8807948,60
-72.7433492,-39.8808411,60
-72.7432298,-39.8808815,60
-72.7430806,-39.8809327,60
-72.7429465,-39.8809784,60
-72.7428115,-39.8810246,60
-72.7426776,-39.8810702,60
-72.7425429,-39.8811167,60
-72.7424073,-39.8811627,60
-72.742272,-39.8812088,60
-72.7421372,-39.8812549,60
-72.742002,-39.8813012,60
-72.7418521,-39.8813522,60
-72.7417177,-39.8813979,60
-72.7415821,-39.8814442,60
-72.7414469,-39.8814908,60
-72.7413118,-39.8815368,60
-72.7411769,-39.8815826,60
-72.7410421,-39.8816289,60
-72.7409079,-39.8816755,60
-72.7407573,-39.8817265,60
-72.7406218,-39.8817727,60
-72.7404869,-39.8818193,60
-72.7403519,-39.881865,60
-72.7402173,-39.8819104,60
-72.7400822,-39.8819564,60
-72.7399471,-39.8820026,60
-72.7397973,-39.8820537,60
-72.7396777,-39.8820946,60
-72.7395426,-39.8821406,60
-72.7394074,-39.8821866,60
-72.7392569,-39.882238,60
-72.7391218,-39.8822843,60
-72.7389886,-39.8823297,60
-72.7388535,-39.8823762,60
-72.7387193,-39.8824223,60
-72.7386172,-39.8824623,60
-72.7385627,-39.882501,60
-72.7385552,-39.8825468,60
-72.7385779,-39.8825935,60
-72.7386158,-39.8826396,60
-72.7386673,-39.8826651,60
-72.7387372,-39.8826633,60
-72.7388008,-39.8826443,60
-72.7388761,-39.8826188,60
-72.7389706,-39.8825856,60
-72.7390794,-39.8825479,60
-72.7391973,-39.8825074,60
-72.7393168,-39.882466,60
-72.7394604,-39.8824155,60
-72.7395981,-39.8823689,60
-72.7397363,-39.8823225,60
-72.7398735,-39.8822764,60
-72.7400095,-39.8822301,60
-72.7401443,-39.8821841,60
-72.7402792,-39.882138,60
-72.7404135,-39.8820926,60
-72.7405463,-39.8820471,60
-72.740681,-39.8820011,60
-72.7408323,-39.88195,60
-72.7409675,-39.8819037,60
-72.7411026,-39.881857,60
-72.741238,-39.8818108,60
-72.7413732,-39.8817648,60
-72.7415083,-39.8817181,60
-72.7416426,-39.8816725,60
-72.7417778,-39.8816264,60
-72.7419279,-39.8815756,60
-72.7420479,-39.8815351,60
-72.7421975,-39.8814835,60
-72.7423323,-39.8814371,60
-72.7424671,-39.8813913,60
-72.742602,-39.8813449,60
-72.7427369,-39.8812989,60
-72.7428715,-39.8812532,60
-72.7430056,-39.8812073,60
-72.7431401,-39.8811612,60
-72.7432898,-39.8811095,60
-72.7434104,-39.8810685,60
-72.7435608,-39.8810177,60
-72.7436951,-39.8809716,60
-72.7438297,-39.8809254,60
-72.7439645,-39.8808792,60
-72.7440989,-39.8808335,60
-72.7442345,-39.8807873,60
-72.7443704,-39.8807409,60
-72.744506,-39.8806948,60
-72.7446463,-39.880648,60
-72.7447328,-39.8806268,60
-72.7447886,-39.8806338,60
-72.7448312,-39.8806687,60
-72.7448609,-39.880716,60
-72.744876,-39.880769,60
-72.744857,-39.8808126,60
-72.7448072,-39.8808422,60
-72.744744,-39.8808656,60
-72.7446627,-39.8808941,60
-72.7445525,-39.8809318,60
-72.7444405,-39.8809702,60
-72.7443184,-39.8810123,60
-72.7441889,-39.881057,60
-72.7440553,-39.8811032,60
-72.7439175,-39.8811496,60
-72.7437805,-39.8811959,60
-72.7436449,-39.8812417,60
-72.7435105,-39.8812879,60
-72.7433624,-39.8813393,60
-72.7432275,-39.8813851,60
-72.7430921,-39.8814313,60
-72.742957,-39.8814772,60
-72.7428223,-39.8815228,60
-72.7426883,-39.8815688,60
-72.7425536,-39.8816149,60
-72.7424191,-39.8816604,60
-72.7422836,-39.8817068,60
-72.7421487,-39.8817528,60
-72.7419986,-39.8818042,60
-72.7418627,-39.8818502,60
-72.741727,-39.8818966,60
-72.7415919,-39.8819426,60
-72.7414569,-39.8819888,60
-72.7413216,-39.8820348,60
-72.7411871,-39.8820813,60
-72.7410519,-39.8821275,60
-72.7409021,-39.8821786,60
-72.7407676,-39.8822247,60
-72.7406334,-39.882271,60
-72.7404986,-39.882317,60
-72.7403638,-39.8823623,60
-72.7402289,-39.8824087,60
-72.7400942,-39.8824538,60
-72.7399587,-39.8825005,60
-72.7398237,-39.8825463,60
-72.7396889,-39.8825928,60
-72.7395592,-39.882637,60
-72.7394165,-39.8826868,60
-72.7392812,-39.8827329,60
-72.7391464,-39.8827788,60
-72.7390269,-39.8828193,60
-72.738913,-39.8828603,60
-72.7388436,-39.8828948,60
-72.7388137,-39.8829354,60
-72.7388242,-39.8829877,60
-72.7388509,-39.8830294,60
-72.738901,-39.883072,60
-72.7389614,-39.8830819,60
-72.7390243,-39.8830697,60
-72.7390927,-39.8830474,60
-72.7391788,-39.8830173,60
-72.7392792,-39.8829818,60
-72.7393924,-39.8829422,60
-72.7395136,-39.8829007,60
-72.7396373,-39.8828575,60
-72.7397863,-39.8828065,60
-72.7399251,-39.8827598,60
-72.7400618,-39.8827144,60
-72.740199,-39.8826677,60
-72.7403344,-39.882622,60
-72.7404689,-39.882576,60
-72.7406024,-39.8825309,60
-72.7407368,-39.8824841,60
-72.7408719,-39.8824381,60
-72.7410216,-39.8823867,60
-72.7411409,-39.8823459,60
-72.7412914,-39.8822942,60
-72.7414264,-39.8822479,60
-72.7415617,-39.8822021,60
-72.7416968,-39.8821561,60
-72.7418317,-39.88211,60
-72.7419662,-39.8820641,60
-72.7421009,-39.8820178,60
-72.7422366,-39.8819719,60
-72.7423869,-39.8819204,60
-72.7425213,-39.8818747,60
-72.7426548,-39.8818282,60
-72.7427891,-39.8817824,60
-72.7429242,-39.881736,60
-72.74306,-39.8816899,60
-72.7431955,-39.8816438,60
-72.7433299,-39.881598,60
-72.743465,-39.8815519,60
-72.7436141,-39.8815006,60
-72.743748,-39.8814551,60
-72.7438834,-39.8814088,60
-72.7440183,-39.8813628,60
-72.7441541,-39.8813163,60
-72.7442895,-39.8812707,60
-72.7444247,-39.8812246,60
-72.7445592,-39.8811787,60
-72.744709,-39.8811275,60
-72.7448284,-39.8810872,60
-72.7449343,-39.8810561,60
-72.7450062,-39.8810518,60
-72.7450554,-39.8810785,60
-72.7450869,-39.8811225,60
-72.7451085,-39.8811757,60
-72.7451002,-39.8812222,60
-72.7450576,-39.8812572,60
-72.7449976,-39.881281,60
-72.7449129,-39.8813105,60
-72.7448181,-39.881343,60
-72.7447093,-39.8813806,60
-72.7445901,-39.881422,60
-72.7444635,-39.8814658,60
-72.7443299,-39.8815116,60
-72.7441931,-39.8815579,60
-72.7440565,-39.8816037,60
-72.7439202,-39.88165,60
-72.7437707,-39.8817011,60
-72.7436516,-39.8817419,60
-72.7435031,-39.8817936,60
-72.7433684,-39.8818393,60
-72.7432335,-39.8818852,60
-72.7430996,-39.8819313,60
-72.7429642,-39.8819771,60
-72.7428283,-39.8820235,60
-72.7426925,-39.8820698,60
-72.742542,-39.8821207,60
-72.7424066,-39.8821668,60
-72.742272,-39.8822131,60
-72.7421377,-39.8822585,60
-72.7420034,-39.8823046,60
-72.7418681,-39.8823514,60
-72.7417333,-39.8823971,60
-72.7415984,-39.8824431,60
-72.7414637,-39.882489,60
-72.7413285,-39.8825355,60
-72.7411794,-39.8825868,60
-72.7410464,-39.8826328,60
-72.7409114,-39.882679,60
-72.7407765,-39.8827251,60
-72.7406399,-39.8827717,60
-72.7405039,-39.8828174,60
-72.7403692,-39.8828633,60
-72.7402378,-39.882908,60
-72.7400979,-39.8829554,60
-72.7399802,-39.8829967,60
-72.7398299,-39.8830474,60
-72.7396949,-39.8830931,60
-72.7395583,-39.88314,60
-72.739424,-39.8831857,60
-72.7392897,-39.8832314,60
-72.7391699,-39.8832746,60
-72.7391003,-39.8833097,60
-72.7390726,-39.8833497,60
-72.7390805,-39.8833964,60
-72.7391147,-39.8834488,60
-72.7391551,-39.8834841,60
-72.7392213,-39.8834968,60
-72.7392834,-39.8834833,60
-72.7393528,-39.8834604,60
-72.739437,-39.8834307,60
-72.739539,-39.8833952,60
-72.7396528,-39.8833555,60
-72.7397753,-39.8833137,60
-72.739906,-39.8832685,60
-72.7400584,-39.883217,60
-72.7401963,-39.8831711,60
-72.7403323,-39.8831254,60
-72.7404673,-39.8830794,60
-72.7406019,-39.8830331,60
-72.7407366,-39.8829868,60
-72.7408864,-39.8829353,60
-72.7410208,-39.8828896,60
-72.7411557,-39.8828435,60
-72.74129,-39.8827977,60
-72.7414234,-39.8827513,60
-72.7415568,-39.882706,60
-72.741692,-39.8826596,60
-72.741828,-39.8826134,60
-72.7419635,-39.8825671,60
-72.7420986,-39.882521,60
-72.742249,-39.8824697,60
-72.7423838,-39.8824242,60
-72.7425195,-39.8823785,60
-72.7426546,-39.8823318,60
-72.7427892,-39.8822858,60
-72.7429237,-39.8822395,60
-72.7430585,-39.8821932,60
-72.7431936,-39.8821473,60
-72.7433283,-39.8821014,60
-72.7434636,-39.8820556,60
-72.7436131,-39.8820038,60
-72.7437482,-39.881958,60
-72.7438829,-39.8819114,60
-72.7440182,-39.8818655,60
-72.7441529,-39.8818192,60
-72.7442875,-39.8817733,60
-72.7444226,-39.8817275,60
-72.7445583,-39.8816811,60
-72.7446929,-39.8816355,60
-72.744842,-39.8815844,60
-72.7449769,-39.8815384,60
-72.7451053,-39.8814959,60
-72.7451951,-39.8814738,60
-72.7452538,-39.8814783,60
-72.7452985,-39.8815106,60
-72.7453277,-39.8815573,60
-72.7453436,-39.8816104,60
-72.7453218,-39.8816598,60
-72.7452773,-39.8816868,60
-72.7452067,-39.8817132,60
-72.745124,-39.8817419,60
-72.7450253,-39.8817756,60
-72.7449139,-39.881814,60
-72.744793,-39.8818555,60
-72.7446642,-39.8819001,60
-72.7445297,-39.8819466,60
-72.7443925,-39.8819929,60
-72.7442556,-39.8820389,60
-72.7441207,-39.8820851,60
-72.7439711,-39.882136,60
-72.7438352,-39.8821821,60
-72.7437017,-39.8822275,60
-72.7435667,-39.8822737,60
-72.743432,-39.8823197,60
-72.7432963,-39.8823654,60
-72.7431477,-39.8824167,60
-72.7430263,-39.8824583,60
-72.742876,-39.8825094,60
-72.7427405,-39.8825551,60
-72.7426067,-39.8826012,60
-72.7424715,-39.8826469,60
-72.7423373,-39.8826932,60
-72.742203,-39.8827396,60
-72.7420688,-39.8827853,60
-72.7419335,-39.8828316,60
-72.7417982,-39.8828773,60
-72.7416487,-39.8829285,60
-72.7415269,-39.8829699,60
-72.7413925,-39.8830161,60
-72.7412426,-39.883067,60
-72.7411071,-39.8831137,60
-72.7409726,-39.8831592,60
-72.7408379,-39.8832049,60
-72.7407033,-39.8832505,60
-72.7405684,-39.8832965,60
-72.7404346,-39.8833426,60
-72.7402991,-39.8833899,60
-72.7401469,-39.8834418,60
-72.7400136,-39.8834873,60
-72.7398782,-39.8835335,60
-72.7397429,-39.8835796,60
-72.7396101,-39.8836253,60
-72.7394839,-39.8836696,60
-72.7394052,-39.8837054,60
-72.7393737,-39.8837332,60
-72.739381,-39.8837647,60
-72.7394215,-39.8837877,60
-72.739474,-39.883809,60
-72.7395585,-39.8838369,60
-72.739656,-39.8838445,60
-72.739757,-39.8838265,60
-72.7398556,-39.8837912,60
-72.7399631,-39.8837536,60
-72.7400823,-39.8837115,60
-72.74021,-39.8836674,60
-72.7403595,-39.8836155,60
-72.7404967,-39.8835696,60
-72.740618,-39.8835286,60
-72.7407684,-39.8834776,60
-72.7409038,-39.8834317,60
-72.7410401,-39.8833852,60
-72.7411747,-39.8833394,60
-72.7413085,-39.8832935,60
-72.7414422,-39.8832478,60
-72.7415774,-39.8832015,60
-72.7417128,-39.8831548,60
-72.7418444,-39.8831099,60
-72.7419945,-39.8830586,60
-72.7421302,-39.8830124,60
-72.7422658,-39.8829664,60
-72.7424012,-39.8829202,60
-72.7425367,-39.8828742,60
-72.7426728,-39.8828279,60
-72.7428078,-39.8827818,60
-72.7429418,-39.8827362,60
-72.7430764,-39.8826902,60
-72.7432263,-39.8826389,60
-72.7433613,-39.8825926,60
-72.7434964,-39.8825465,60
-72.7436314,-39.8825004,60
-72.743766,-39.8824543,60
-72.7439011,-39.8824083,60
-72.7440356,-39.8823617,60
-72.7441717,-39.8823153,60
-72.7443062,-39.8822692,60
-72.7444406,-39.8822231,60
-72.7445892,-39.8821722,60
-72.7447241,-39.8821261,60
-72.7448584,-39.8820798,60
-72.7449933,-39.882034,60
-72.7451276,-39.8819885,60
-72.7452628,-39.8819424,60
-72.745379,-39.8819064,60
-72.7454526,-39.881894,60
-72.7455074,-39.8819109,60
-72.7455449,-39.8819504,60
-72.7455726,-39.8820067,60
-72.7455738,-39.8820565,60
-72.745538,-39.8820954,60
-72.7454806,-39.8821211,60
-72.7454103,-39.8821455,60
-72.745321,-39.8821763,60
-72.7452176,-39.8822122,60
-72.7450884,-39.8822569,60
-72.7449763,-39.8822954,60
-72.7448302,-39.8823455,60
-72.744692,-39.8823921,60
-72.7445562,-39.8824375,60
-72.7444213,-39.8824839,60
-72.7442877,-39.8825294,60
-72.7441522,-39.8825757,60
-72.7440168,-39.8826214,60
-72.7438678,-39.882673,60
-72.7437336,-39.8827189,60
-72.7435992,-39.8827653,60
-72.7434641,-39.8828118,60
-72.7433287,-39.8828572,60
-72.743194,-39.8829035,60
-72.7430593,-39.8829494,60
-72.7429245,-39.8829955,60
-72.7427889,-39.8830414,60
-72.7426551,-39.883087,60
-72.7425201,-39.8831335,60
-72.7423694,-39.8831846,60
-72.7422352,-39.8832309,60
-72.7420999,-39.8832765,60
-72.7419639,-39.883323,60
-72.7418284,-39.8833688,60
-72.741692,-39.8834154,60
-72.7415569,-39.8834613,60
-72.7414238,-39.8835067,60
-72.7412886,-39.8835529,60
-72.7411541,-39.8835991,60
-72.7410042,-39.8836507,60
-72.740871,-39.8836962,60
-72.7407359,-39.8837427,60
-72.7406003,-39.8837888,60
-72.7404679,-39.8838341,60
-72.7403742,-39.8838728,60
-72.7403341,-39.883898,60
-72.7403379,-39.8839168,60
-72.7403751,-39.8839258,60
-72.7404238,-39.88393,60
-72.7404972,-39.883935,60
-72.7405908,-39.8839419,60
-72.7406985,-39.8839489,60
-72.7408198,-39.8839444,60
-72.7409469,-39.8839192,60
-72.7410778,-39.8838762,60
-72.741214,-39.8838267,60
-72.7413669,-39.8837751,60
-72.7415017,-39.8837297,60
-72.7416377,-39.8836836,60
-72.7417732,-39.8836372,60
-72.7419081,-39.8835916,60
-72.7420445,-39.8835451,60
-72.742179,-39.8834986,60
-72.7423143,-39.8834528,60
-72.742449,-39.8834069,60
-72.7425981,-39.8833556,60
-72.7427328,-39.8833095,60
-72.7428672,-39.8832632,60
-72.7430023,-39.8832165,60
-72.743136,-39.883171,60
-72.7432703,-39.8831255,60
-72.7434052,-39.8830796,60
-72.7435397,-39.8830333,60
-72.7436756,-39.8829865,60
-72.7438247,-39.8829365,60
-72.7439604,-39.8828901,60
-72.7440957,-39.8828438,60
-72.744231,-39.8827976,60
-72.7443653,-39.8827521,60
-72.7444984,-39.8827061,60
-72.7446334,-39.8826595,60
-72.7447689,-39.8826138,60
-72.7449034,-39.8825679,60
-72.7450528,-39.8825169,60
-72.7451867,-39.8824708,60
-72.7453214,-39.8824249,60
-72.7454568,-39.8823788,60
-72.7455821,-39.8823375,60
-72.7456689,-39.8823178,60
-72.7457263,-39.882326,60
-72.7457695,-39.88236,60
-72.7457977,-39.8824064,60
-72.7458112,-39.8824646,60
-72.7457855,-39.8825078,60
-72.7457385,-39.8825346,60
-72.7456655,-39.8825614,60
-72.7455811,-39.8825902,60
-72.7454799,-39.882625,60
-72.7453674,-39.8826638,60
-72.7452455,-39.8827058,60
-72.7451159,-39.8827508,60
-72.7449647,-39.8828016,60
-72.7448444,-39.8828423,60
-72.7446934,-39.8828927,60
-72.7445587,-39.8829387,60
-72.7444246,-39.882985,60
-72.7442895,-39.883031,60
-72.7441568,-39.8830762,60
-72.7440215,-39.883123,60
-72.7438872,-39.8831686,60
-72.7437552,-39.883214,60
-72.7436201,-39.8832604,60
-72.7434848,-39.8833058,60
-72.7433492,-39.8833522,60
-72.7431998,-39.8834029,60
-72.7430657,-39.8834487,60
-72.7429323,-39.8834945,60
-72.7427986,-39.8835405,60
-72.7426632,-39.8835866,60
-72.7425274,-39.8836331,60
-72.7423927,-39.883679,60
-72.7422435,-39.8837299,60
-72.742109,-39.883776,60
-72.741974,-39.8838221,60
-72.7418408,-39.8838679,60
-72.7417081,-39.8839131,60
-72.7415983,-39.8839537,60
-72.7415448,-39.8839838,60
-72.7415369,-39.8840049,60
-72.7415661,-39.8840159,60
-72.7416115,-39.8840195,60
-72.7416786,-39.8840249,60
-72.7417665,-39.8840317,60
-72.7418701,-39.8840438,60
-72.7419817,-39.8840539,60
-72.7420503,-39.884044,60
-72.7421221,-39.8840213,60
-72.7422092,-39.8839908,60
-72.742311,-39.8839555,60
-72.7424253,-39.8839159,60
-72.7425484,-39.8838737,60
-72.7426937,-39.8838236,60
-72.7428299,-39.8837772,60
-72.7429664,-39.8837312,60
-72.7431018,-39.8836854,60
-72.7432364,-39.8836389,60
-72.7433703,-39.8835936,60
-72.7435051,-39.8835477,60
-72.7436385,-39.883502,60
-72.7437713,-39.8834562,60
-72.7439072,-39.8834097,60
-72.7440411,-39.8833641,60
-72.7441922,-39.8833134,60
-72.744326,-39.8832679,60
-72.7444598,-39.8832216,60
-72.7445955,-39.8831752,60
-72.7447296,-39.8831291,60
-72.7448615,-39.8830842,60
-72.7449962,-39.883038,60
-72.7451306,-39.8829925,60
-72.7452813,-39.8829414,60
-72.7454154,-39.8828948,60
-72.7455513,-39.8828489,60
-72.7456861,-39.8828032,60
-72.7458124,-39.8827613,60
-72.7459003,-39.8827403,60
-72.7459578,-39.8827482,60
-72.7460015,-39.8827808,60
-72.7460311,-39.8828268,60
-72.7460458,-39.8828797,60
-72.7460254,-39.8829242,60
-72.7459689,-39.8829579,60
-72.7459039,-39.8829817,60
-72.7458213,-39.8830102,60
-72.7457211,-39.8830445,60
-72.7456087,-39.8830832,60
-72.7454862,-39.883125,60
-72.745342,-39.8831751,60
-72.7452066,-39.8832209,60
-72.745085,-39.883262,60
-72.7449352,-39.8833128,60
-72.7448006,-39.8833591,60
-72.7446665,-39.8834044,60
-72.7445321,-39.8834503,60
-72.7443973,-39.8834966,60
-72.7442632,-39.8835424,60
-72.7441289,-39.8835882,60
-72.7439954,-39.8836341,60
-72.743861,-39.8836799,60
-72.7437115,-39.8837311,60
-72.7435768,-39.8837764,60
-72.7434424,-39.8838226,60
-72.7433085,-39.8838685,60
-72.7431741,-39.8839142,60
-72.7430388,-39.8839606,60
-72.7429053,-39.8840065,60
-72.7427726,-39.8840515,60
-72.7426402,-39.8840975,60
-72.7425654,-39.8841283,60
-72.7425204,-39.8841585,60
-72.7425297,-39.8841832,60
-72.7425686,-39.8841981,60
-72.7426196,-39.8842098,60
-72.7426921,-39.8842265,60
-72.7427831,-39.8842438,60
-72.7428916,-39.8842463,60
-72.7430042,-39.8842235,60
-72.7431319,-39.8841784,60
-72.743254,-39.8841358,60
-72.7433825,-39.884091,60
-72.7435165,-39.8840453,60
-72.7436532,-39.8839985,60
-72.7437891,-39.8839527,60
-72.7439242,-39.8839064,60
-72.7440584,-39.8838607,60
-72.7442074,-39.8838096,60
-72.7443403,-39.8837641,60
-72.7444751,-39.8837183,60
-72.74461,-39.883672,60
-72.7447442,-39.8836264,60
-72.7448784,-39.8835803,60
-72.7450118,-39.8835351,60
-72.7451463,-39.8834887,60
-72.745282,-39.8834429,60
-72.7454169,-39.883397,60
-72.7455669,-39.8833455,60
-72.7456865,-39.8833048,60
-72.7458354,-39.8832541,60
-72.7459696,-39.8832085,60
-72.7460837,-39.8831735,60
-72.7461574,-39.8831616,60
-72.7462116,-39.8831803,60
-72.7462477,-39.8832201,60
-72.7462733,-39.8832704,60
-72.746276,-39.8833205,60
-72.7462428,-39.8833608,60
-72.7461797,-39.8833892,60
-72.7461078,-39.8834147,60
-72.7460182,-39.8834457,60
-72.7459126,-39.8834822,60
-72.7457969,-39.8835216,60
-72.7456718,-39.8835648,60
-72.7455397,-39.8836102,60
-72.7454029,-39.8836567,60
-72.7452669,-39.8837025,60
-72.7451313,-39.8837482,60
-72.7449808,-39.883799,60
-72.744846,-39.8838448,60
-72.7447124,-39.8838906,60
-72.7445778,-39.8839366,60
-72.7444435,-39.8839826,60
-72.74431,-39.8840285,60
-72.7441753,-39.8840742,60
-72.7440404,-39.8841204,60
-72.7439059,-39.8841662,60
-72.7437711,-39.8842123,60
-72.7436377,-39.8842582,60
-72.7434885,-39.8843094,60
-72.7433542,-39.8843557,60
-72.7432314,-39.8843984,60
-72.7431529,-39.8844371,60
-72.7431284,-39.884471,60
-72.7431345,-39.8845166,60
-72.7431665,-39.8845673,60
-72.7432071,-39.8846042,60
-72.743265,-39.8846211,60
-72.7433364,-39.8846097,60
-72.7434038,-39.8845881,60
-72.743488,-39.8845586,60
-72.743588,-39.8845239,60
-72.7436998,-39.884485,60
-72.7438219,-39.8844432,60
-72.7439517,-39.8843981,60
-72.7441026,-39.8843469,60
-72.7442241,-39.8843059,60
-72.7443756,-39.8842547,60
-72.7445104,-39.8842091,60
-72.7446449,-39.8841633,60
-72.7447789,-39.8841173,60
-72.7449126,-39.8840716,60
-72.7450465,-39.8840253,60
-72.7451806,-39.8839798,60
-72.7453146,-39.8839344,60
-72.7454646,-39.8838831,60
-72.7456,-39.8838369,60
-72.745735,-39.883791,60
-72.7458697,-39.883745,60
-72.7460037,-39.8836989,60
-72.7461375,-39.8836529,60
-72.7462674,-39.88361,60
-72.7463598,-39.8835863,60
-72.7464195,-39.8835894,60
-72.7464649,-39.88362,60
-72.7464947,-39.8836649,60
-72.7465135,-39.8837234,60
-72.7464943,-39.8837679,60
-72.7464458,-39.8837991,60
-72.7463825,-39.8838227,60
-72.7463011,-39.8838511,60
-72.7462036,-39.8838848,60
-72.7460932,-39.8839223,60
-72.7459732,-39.8839639,60
-72.7458303,-39.884013,60
-72.7456951,-39.8840592,60
-72.7455574,-39.8841053,60
-72.7454211,-39.8841516,60
-72.745286,-39.8841972,60
-72.7451509,-39.8842435,60
-72.7450167,-39.8842894,60
-72.7448823,-39.8843354,60
-72.7447479,-39.8843811,60
-72.7446136,-39.8844273,60
-72.7444806,-39.8844729,60
-72.7443317,-39.8845239,60
-72.7441962,-39.8845702,60
-72.7440612,-39.8846162,60
-72.7439275,-39.8846614,60
-72.7437979,-39.8847058,60
-72.7436623,-39.8847522,60
-72.7435338,-39.8847966,60
-72.743441,-39.8848342,60
-72.7434052,-39.8848712,60
-72.7434082,-39.8849171,60
-72.7434379,-39.8849676,60
-72.7434824,-39.8850107,60
-72.743539,-39.8850286,60
-72.7436035,-39.8850197,60
-72.7436694,-39.8849989,60
-72.7437505,-39.8849712,60
-72.7438466,-39.8849375,60
-72.7439531,-39.8849002,60
-72.7440834,-39.8848547,60
-72.7442135,-39.8848101,60
-72.7443486,-39.8847646,60
-72.7444859,-39.8847184,60
-72.7446225,-39.8846726,60
-72.7447567,-39.8846267,60
-72.7448926,-39.8845806,60
-72.7450276,-39.8845343,60
-72.7451618,-39.8844885,60
-72.7453107,-39.8844374,60
-72.7454436,-39.8843919,60
-72.745578,-39.8843461,60
-72.7457133,-39.8842997,60
-72.7458481,-39.8842543,60
-72.7459827,-39.8842081,60
-72.7461171,-39.8841631,60
-72.7462514,-39.884117,60
-72.7463859,-39.8840709,60
-72.746525,-39.8840261,60
-72.7466011,-39.8840081,60
-72.7466651,-39.8840174,60
-72.7467073,-39.8840524,60
-72.7467353,-39.8840997,60
-72.7467477,-39.8841521,60
-72.7467235,-39.8841957,60
-72.7466714,-39.8842253,60
-72.7466066,-39.884249,60
-72.7465122,-39.8842816,60
-72.7464115,-39.8843164,60
-72.7462977,-39.8843552,60
-72.7461751,-39.8843973,60
-72.7460457,-39.8844419,60
-72.7459098,-39.8844883,60
-72.7457724,-39.8845343,60
-72.7456372,-39.8845798,60
-72.7455035,-39.8846259,60
-72.745368,-39.8846718,60
-72.7452181,-39.8847229,60
-72.7450839,-39.8847682,60
-72.7449492,-39.8848146,60
-72.744815,-39.8848604,60
-72.7446837,-39.8849054,60
-72.7445736,-39.8849425,60
-72.7444615,-39.8849817,60
-72.7443415,-39.8850234,60
-72.7442156,-39.885067,60
-72.7440883,-39.8851106,60
-72.7439424,-39.8851589,60
-72.7438504,-39.8851894,60
-72.7437635,-39.8852205,60
-72.7437053,-39.8852516,60
-72.7436778,-39.8852908,60
-72.7436894,-39.8853366,60
-72.7437206,-39.8853824,60
-72.7437671,-39.8854236,60
-72.7438338,-39.8854365,60
-72.7438972,-39.8854241,60
-72.7439677,-39.8854003,60
-72.7440484,-39.8853724,60
-72.7441225,-39.8853464,60
-72.7441925,-39.8853233,60
-72.7442806,-39.885292,60
-72.7443842,-39.8852565,60
-72.7444968,-39.8852179,60
-72.74462,-39.8851748,60
-72.744751,-39.8851293,60
-72.7449021,-39.8850783,60
-72.7450238,-39.8850374,60
-72.7451743,-39.8849867,60
-72.7453095,-39.8849406,60
-72.745444,-39.8848949,60
-72.7455786,-39.8848487,60
-72.7457132,-39.8848025,60
-72.7458479,-39.884757,60
-72.7459965,-39.8847062,60
-72.7461303,-39.8846605,60
-72.7462652,-39.8846138,60
-72.7464,-39.8845679,60
-72.7465346,-39.8845217,60
-72.7466689,-39.8844758,60
-72.7467829,-39.8844407,60
-72.7468572,-39.8844282,60
-72.7469113,-39.8844457,60
-72.7469516,-39.8844899,60
-72.7469742,-39.8845341,60
-72.7469769,-39.8845899,60
-72.7469462,-39.8846249,60
-72.7468844,-39.8846548,60
-72.7468138,-39.8846799,60
-72.7467246,-39.8847107,60
-72.7466216,-39.8847466,60
-72.7465072,-39.8847863,60
-72.7463826,-39.8848293,60
-72.7462365,-39.8848795,60
-72.7461002,-39.8849258,60
-72.7459628,-39.8849721,60
-72.7458273,-39.8850178,60
-72.7456933,-39.8850633,60
-72.7455584,-39.8851096,60
-72.7454238,-39.8851554,60
-72.7452894,-39.8852009,60
-72.74514,-39.8852519,60
-72.7450055,-39.8852978,60
-72.7448715,-39.8853437,60
-72.7447366,-39.8853896,60
-72.7446024,-39.8854354,60
-72.7444686,-39.8854813,60
-72.7443337,-39.8855272,60
-72.7441982,-39.8855735,60
-72.7440589,-39.8856221,60
-72.7439876,-39.8856557,60
-72.7439576,-39.885693,60
-72.7439647,-39.8857392,60
-72.7439976,-39.8857907,60
-72.7440448,-39.8858311,60
-72.7441038,-39.8858454,60
-72.7441674,-39.8858328,60
-72.7442353,-39.8858107,60
-72.74432,-39.8857818,60
-72.7444195,-39.8857473,60
-72.7445456,-39.8857034,60
-72.7446694,-39.8856608,60
-72.7447854,-39.8856209,60
-72.744936,-39.8855694,60
-72.7450729,-39.8855232,60
-72.7452087,-39.8854777,60
-72.7453433,-39.8854318,60
-72.7454784,-39.8853857,60
-72.7456279,-39.8853346,60
-72.745762,-39.8852888,60
-72.7458809,-39.8852479,60
-72.7460294,-39.8851968,60
-72.7461634,-39.8851507,60
-72.7462986,-39.8851047,60
-72.7464325,-39.8850587,60
-72.7465671,-39.8850129,60
-72.7467019,-39.884967,60
-72.7468368,-39.8849206,60
-72.7469657,-39.8848778,60
-72.7470595,-39.8848536,60
-72.7471258,-39.8848584,60
-72.7471707,-39.8848912,60
-72.7471999,-39.8849375,60
-72.7472158,-39.88499,60
-72.7471975,-39.8850348,60
-72.7471486,-39.8850659,60
-72.7470854,-39.8850891,60
-72.7470052,-39.885117,60
-72.7469082,-39.8851505,60
-72.7467853,-39.8851928,60
-72.7466641,-39.8852344,60
-72.7465347,-39.885279,60
-72.7463988,-39.8853255,60
-72.7462628,-39.8853709,60
-72.7461265,-39.8854171,60
-72.7459921,-39.8854632,60
-72.7458583,-39.8855094,60
-72.7457238,-39.8855552,60
-72.7455896,-39.8856014,60
-72.7454416,-39.8856518,60
-72.7453069,-39.8856982,60
-72.7451729,-39.8857435,60
-72.7450385,-39.8857893,60
-72.7449046,-39.8858353,60
-72.7447696,-39.8858812,60
-72.7446342,-39.8859267,60
-72.7444988,-39.8859728,60
-72.7443691,-39.8860183,60
-72.744274,-39.8860593,60
-72.7442389,-39.8860946,60
-72.7442392,-39.8861401,60
-72.7442651,-39.8861853,60
-72.7443078,-39.8862302,60
-72.7443637,-39.8862514,60
-72.7444275,-39.8862459,60
-72.7444926,-39.8862264,60
-72.7445725,-39.8861981,60
-72.7446684,-39.8861644,60
-72.7447897,-39.8861224,60
-72.7449118,-39.8860805,60
-72.7450404,-39.8860364,60
-72.7451748,-39.8859902,60
-72.745311,-39.8859437,60
-72.7454479,-39.8858974,60
-72.7455836,-39.8858513,60
-72.7457179,-39.8858057,60
-72.7458668,-39.8857546,60
-72.7460007,-39.8857089,60
-72.7461343,-39.8856632,60
-72.7462692,-39.8856179,60
-72.746404,-39.8855719,60
-72.7465386,-39.8855262,60
-72.7466721,-39.8854805,60
-72.7468065,-39.8854339,60
-72.7469412,-39.8853881,60
-72.7470749,-39.8853417,60
-72.7472163,-39.8852957,60
-72.7473032,-39.8852749,60
-72.7473611,-39.885281,60
-72.747405,-39.8853138,60
-72.7474345,-39.88536,60
-72.7474491,-39.8854126,60
-72.7474305,-39.8854572,60
-72.7473815,-39.8854886,60
-72.7473103,-39.8855151,60
-72.7472277,-39.8855442,60
-72.7471281,-39.8855783,60
-72.7470156,-39.8856169,60
-72.7468935,-39.8856587,60
-72.7467647,-39.8857032,60
-72.7466298,-39.8857497,60
-72.746493,-39.8857957,60
-72.7463563,-39.8858415,60
-72.7462216,-39.8858874,60
-72.7460725,-39.8859381,60
-72.7459383,-39.8859835,60
-72.7458043,-39.8860293,60
-72.7456701,-39.886076,60
-72.7455356,-39.8861216,60
-72.7454011,-39.8861674,60
-72.7452664,-39.8862135,60
-72.7451323,-39.8862595,60
-72.7449992,-39.8863056,60
-72.7448496,-39.886356,60
-72.7447152,-39.8864027,60
-72.7446004,-39.8864444,60
-72.7445359,-39.8864773,60
-72.7445108,-39.8865161,60
-72.7445231,-39.8865623,60
-72.744554,-39.8866088,60
-72.7446013,-39.8866479,60
-72.7446616,-39.8866599,60
-72.7447261,-39.8866473,60
-72.7448033,-39.886622,60
-72.7448913,-39.8865912,60
-72.7449942,-39.8865557,60
-72.7451216,-39.8865117,60
-72.7452312,-39.8864737,60
-72.7453609,-39.8864285,60
-72.745498,-39.8863815,60
-72.7456356,-39.886336,60
-72.7457861,-39.8862855,60
-72.7459205,-39.8862402,60
-72.7460546,-39.8861938,60
-72.7461883,-39.8861473,60
-72.7463221,-39.8861015,60
-72.746455,-39.8860564,60
-72.7465896,-39.8860099,60
-72.7467248,-39.8859643,60
-72.7468595,-39.8859179,60
-72.7469939,-39.8858723,60
-72.747106,-39.8858386,60
-72.7471553,-39.885831,60
-72.7471686,-39.8858429,60
-72.7471539,-39.8858596,60
-72.7471244,-39.8858834,60
-72.7470761,-39.8859206,60
-72.7470119,-39.8859682,60
-72.7469361,-39.8860263,60
-72.7468399,-39.8860995,60
-72.7467553,-39.8861625,60
-72.7466336,-39.8862373,60
-72.7465077,-39.8862914,60
-72.7463733,-39.8863383,60
-72.7462375,-39.8863844,60
-72.7461034,-39.8864301,60
-72.7459686,-39.8864762,60
-72.7458344,-39.8865217,60
-72.7457002,-39.8865675,60
-72.7455513,-39.8866185,60
-72.7454173,-39.8866645,60
-72.7452828,-39.8867102,60
-72.7451485,-39.886756,60
-72.7450142,-39.886802,60
-72.7448924,-39.8868447,60
-72.7448197,-39.8868791,60
-72.7447899,-39.8869155,60
-72.7447974,-39.8869618,60
-72.744825,-39.8870074,60
-72.7448751,-39.8870534,60
-72.7449345,-39.8870675,60
-72.7449984,-39.8870563,60
-72.7450665,-39.8870345,60
-72.7451512,-39.887005,60
-72.7452509,-39.8869703,60
-72.7453629,-39.8869318,60
-72.7454845,-39.88689,60
-72.7456099,-39.886847,60
-72.7456916,-39.8868205,60
-72.7457313,-39.8868068,60
-72.745754,-39.886799,60
-72.7457594,-39.8867975,60
</coordinates></LineString>
</Placemark>
<Placemark>
<name>DJI_202603231158_001_PANGAL003_Timestamp.MRK</name>
<description>Equipo: M3E | Fecha: 23-03-2026 | Puntos: 909</description>
<styleUrl>#m3e</styleUrl>
<LineString><altitudeMode>relativeToGround</altitudeMode><coordinates>
-72.7392223,-39.8891294,60
-72.7392224,-39.8891015,60
-72.7392227,-39.8890533,60
-72.7392233,-39.8889887,60
-72.7392221,-39.8889109,60
-72.739222,-39.888822,60
-72.7392219,-39.8887239,60
-72.7392249,-39.8886202,60
-72.7392388,-39.8885367,60
-72.7392835,-39.8884668,60
-72.7393605,-39.8884067,60
-72.7394344,-39.8883608,60
-72.7394798,-39.8883504,60
-72.7395109,-39.8883703,60
-72.73952,-39.8884052,60
-72.7395221,-39.8884483,60
-72.7395221,-39.8885079,60
-72.7395224,-39.8885836,60
-72.7395227,-39.8886602,60
-72.7395226,-39.8887648,60
-72.7395224,-39.8888701,60
-72.7395228,-39.8889818,60
-72.7395224,-39.889097,60
-72.7395229,-39.8892146,60
-72.7395229,-39.8893305,60
-72.7395226,-39.8894453,60
-72.7395226,-39.8895601,60
-72.7395263,-39.8896709,60
-72.7395462,-39.8897669,60
-72.7395958,-39.8898881,60
-72.7396434,-39.8899859,60
-72.7397048,-39.890107,60
-72.7397493,-39.8901872,60
-72.7397921,-39.8902429,60
-72.7398135,-39.8902536,60
-72.7398215,-39.8902362,60
-72.73982,-39.8901988,60
-72.7398203,-39.8901581,60
-72.7398206,-39.8900971,60
-72.7398207,-39.8900215,60
-72.7398213,-39.8899236,60
-72.7398216,-39.8898365,60
-72.7398211,-39.8897325,60
-72.7398221,-39.8896222,60
-72.7398207,-39.8895067,60
-72.7398206,-39.889389,60
-72.7398216,-39.8892716,60
-72.7398205,-39.889157,60
-72.7398204,-39.8890408,60
-72.7398212,-39.8889266,60
-72.7398205,-39.8888115,60
-72.7398206,-39.8886983,60
-72.7398209,-39.8885831,60
-72.7398204,-39.8884684,60
-72.7398214,-39.8883566,60
-72.7398236,-39.8882447,60
-72.7398368,-39.8881596,60
-72.7398823,-39.8880941,60
-72.7399558,-39.8880419,60
-72.7400369,-39.8880016,60
-72.7400758,-39.8879966,60
-72.7401086,-39.8880186,60
-72.74012,-39.8880552,60
-72.7401214,-39.8881009,60
-72.7401213,-39.8881633,60
-72.7401212,-39.8882403,60
-72.7401211,-39.8883286,60
-72.7401212,-39.8884261,60
-72.7401211,-39.8885318,60
-72.7401215,-39.8886432,60
-72.7401211,-39.8887584,60
-72.740121,-39.8888753,60
-72.7401203,-39.8889914,60
-72.7401204,-39.8891065,60
-72.7401209,-39.8892208,60
-72.7401213,-39.8893353,60
-72.740121,-39.8894501,60
-72.740121,-39.8895641,60
-72.7401202,-39.8896789,60
-72.7401207,-39.8897942,60
-72.7401208,-39.8899082,60
-72.7401209,-39.8900223,60
-72.7401213,-39.8901325,60
-72.7401211,-39.8902474,60
-72.7401205,-39.8903649,60
-72.7401246,-39.8904635,60
-72.7401408,-39.8905277,60
-72.7401888,-39.8905692,60
-72.7402565,-39.8905923,60
-72.7403281,-39.8906016,60
-72.7403766,-39.8905939,60
-72.7404125,-39.8905687,60
-72.7404243,-39.8905269,60
-72.7404183,-39.890472,60
-72.7404184,-39.8904089,60
-72.7404188,-39.8903336,60
-72.7404187,-39.8902492,60
-72.7404186,-39.8901622,60
-72.7404192,-39.8900719,60
-72.7404191,-39.8899757,60
-72.7404188,-39.8898734,60
-72.7404192,-39.8897639,60
-72.7404195,-39.8896357,60
-72.7404192,-39.889544,60
-72.7404181,-39.8894151,60
-72.740418,-39.8893128,60
-72.7404175,-39.8891854,60
-72.7404183,-39.8890831,60
-72.7404187,-39.8889683,60
-72.7404182,-39.8888542,60
-72.7404184,-39.88874,60
-72.740419,-39.8886251,60
-72.7404196,-39.8885105,60
-72.7404189,-39.8883943,60
-72.7404186,-39.8882797,60
-72.7404182,-39.8881654,60
-72.7404185,-39.8880531,60
-72.7404199,-39.887937,60
-72.7404283,-39.8878426,60
-72.7404631,-39.8877771,60
-72.7405305,-39.8877247,60
-72.7406091,-39.8876869,60
-72.7406608,-39.8876719,60
-72.7407001,-39.8876878,60
-72.7407157,-39.8877237,60
-72.7407189,-39.8877672,60
-72.7407187,-39.8878247,60
-72.740719,-39.8878983,60
-72.7407188,-39.8879843,60
-72.7407192,-39.8880802,60
-72.740719,-39.8881831,60
-72.7407191,-39.8882926,60
-72.7407191,-39.8884078,60
-72.7407189,-39.888525,60
-72.7407192,-39.8886408,60
-72.7407188,-39.8887559,60
-72.7407187,-39.8888706,60
-72.7407189,-39.8889851,60
-72.7407192,-39.8890992,60
-72.7407189,-39.8892134,60
-72.7407186,-39.8893282,60
-72.7407188,-39.889443,60
-72.7407185,-39.8895576,60
-72.7407181,-39.8896721,60
-72.7407178,-39.8897852,60
-72.7407177,-39.8898862,60
-72.7407186,-39.8899912,60
-72.7407184,-39.8901021,60
-72.7407189,-39.8902107,60
-72.740719,-39.8903012,60
-72.7407188,-39.8903986,60
-72.7407183,-39.8904899,60
-72.7407229,-39.8905762,60
-72.7407369,-39.8906343,60
-72.7407731,-39.8906646,60
-72.740846,-39.8906776,60
-72.7409225,-39.890674,60
-72.7409797,-39.8906558,60
-72.7410079,-39.8906166,60
-72.7410158,-39.8905739,60
-72.7410169,-39.8905115,60
-72.7410169,-39.8904488,60
-72.7410167,-39.8903633,60
-72.7410164,-39.8902669,60
-72.7410163,-39.8901641,60
-72.741016,-39.8900564,60
-72.7410165,-39.8899432,60
-72.7410168,-39.8898125,60
-72.7410165,-39.889696,60
-72.7410162,-39.8895803,60
-72.741016,-39.8894771,60
-72.7410162,-39.8893616,60
-72.7410168,-39.8892472,60
-72.7410166,-39.8891204,60
-72.7410168,-39.8890178,60
-72.7410165,-39.8889029,60
-72.7410167,-39.8887887,60
-72.7410164,-39.8886744,60
-72.7410166,-39.8885603,60
-72.7410165,-39.8884458,60
-72.741016,-39.8883321,60
-72.7410158,-39.8882169,60
-72.7410167,-39.8881014,60
-72.741017,-39.8879867,60
-72.7410158,-39.8878722,60
-72.7410168,-39.8877441,60
-72.7410179,-39.8876288,60
-72.7410266,-39.8875331,60
-72.7410602,-39.8874663,60
-72.7411175,-39.8874183,60
-72.741197,-39.8873772,60
-72.7412533,-39.8873588,60
-72.7412941,-39.8873712,60
-72.7413128,-39.8874054,60
-72.7413168,-39.8874473,60
-72.7413171,-39.8875026,60
-72.7413174,-39.8875741,60
-72.7413172,-39.8876583,60
-72.7413174,-39.887753,60
-72.7413175,-39.8878557,60
-72.7413174,-39.8879651,60
-72.7413174,-39.8880799,60
-72.7413173,-39.8881965,60
-72.7413176,-39.8883127,60
-72.7413174,-39.8884407,60
-72.7413172,-39.8885555,60
-72.741317,-39.8886701,60
-72.7413166,-39.8887717,60
-72.7413166,-39.8888861,60
-72.741317,-39.8890001,60
-72.7413169,-39.8891276,60
-72.7413166,-39.8892293,60
-72.7413168,-39.8893433,60
-72.7413174,-39.8894502,60
-72.7413167,-39.8895651,60
-72.7413169,-39.8896639,60
-72.7413173,-39.8897787,60
-72.7413175,-39.8898797,60
-72.7413166,-39.8899886,60
-72.7413167,-39.890084,60
-72.7413161,-39.8901902,60
-72.7413156,-39.8902763,60
-72.7413164,-39.8903717,60
-72.7413168,-39.8904584,60
-72.7413169,-39.8905386,60
-72.7413246,-39.8906012,60
-72.7413429,-39.8906397,60
-72.7413854,-39.8906526,60
-72.7414361,-39.8906393,60
-72.7414896,-39.8906166,60
-72.7415532,-39.8905782,60
-72.7416014,-39.8905188,60
-72.7416139,-39.8904496,60
-72.7416145,-39.8903806,60
-72.7416157,-39.8903006,60
-72.7416156,-39.8902077,60
-72.7416154,-39.8901074,60
-72.7416152,-39.8900066,60
-72.7416147,-39.8898968,60
-72.7416148,-39.8897812,60
-72.7416151,-39.8896631,60
-72.7416151,-39.8895462,60
-72.7416143,-39.8894306,60
-72.7416148,-39.8893168,60
-72.7416148,-39.8892025,60
-72.7416148,-39.8890883,60
-72.7416155,-39.8889738,60
-72.7416158,-39.8888571,60
-72.7416138,-39.8887407,60
-72.7416136,-39.8886265,60
-72.7416138,-39.8885106,60
-72.7416138,-39.8883974,60
-72.741614,-39.8882829,60
-72.7416145,-39.888169,60
-72.7416146,-39.8880538,60
-72.7416151,-39.8879389,60
-72.7416153,-39.8878245,60
-72.7416157,-39.8877122,60
-72.7416158,-39.8876024,60
-72.7416161,-39.8874861,60
-72.7416161,-39.8873686,60
-72.7416196,-39.8872634,60
-72.741632,-39.887198,60
-72.7416722,-39.8871572,60
-72.7417379,-39.8871333,60
-72.7418136,-39.8871232,60
-72.7418707,-39.8871296,60
-72.7419047,-39.8871615,60
-72.7419144,-39.8872063,60
-72.7419158,-39.8872586,60
-72.7419157,-39.8873185,60
-72.7419155,-39.8874086,60
-72.7419152,-39.8874902,60
-72.7419151,-39.8875915,60
-72.7419146,-39.8877113,60
-72.7419149,-39.8878245,60
-72.7419157,-39.8879412,60
-72.7419158,-39.8880578,60
-72.7419155,-39.8881606,60
-72.7419151,-39.8882882,60
-72.741915,-39.88839,60
-72.7419148,-39.8885045,60
-72.741915,-39.8886182,60
-72.7419143,-39.8887328,60
-72.7419145,-39.8888477,60
-72.7419147,-39.8889622,60
-72.7419143,-39.8890772,60
-72.7419141,-39.8891915,60
-72.7419145,-39.8893022,60
-72.7419146,-39.8894148,60
-72.7419145,-39.8895298,60
-72.7419146,-39.8896477,60
-72.741915,-39.8897635,60
-72.7419152,-39.889864,60
-72.7419145,-39.8899652,60
-72.7419143,-39.8900705,60
-72.7419149,-39.8901753,60
-72.7419156,-39.8902729,60
-72.7419239,-39.8903445,60
-72.7419405,-39.8903824,60
-72.7419718,-39.890385,60
-72.7420134,-39.8903631,60
-72.7420682,-39.8903373,60
-72.7421425,-39.8903095,60
-72.7421943,-39.890284,60
-72.7422106,-39.8902522,60
-72.7422127,-39.8902116,60
-72.7422132,-39.8901568,60
-72.7422131,-39.8900863,60
-72.7422124,-39.8900029,60
-72.7422122,-39.8899091,60
-72.7422128,-39.8897926,60
-72.7422124,-39.8896808,60
-72.7422121,-39.8895705,60
-72.7422123,-39.8894607,60
-72.7422134,-39.8893464,60
-72.7422139,-39.889244,60
-72.7422143,-39.8891161,60
-72.7422134,-39.8890134,60
-72.7422125,-39.8888986,60
-72.7422127,-39.8887829,60
-72.7422134,-39.8886674,60
-72.7422129,-39.8885535,60
-72.7422127,-39.8884396,60
-72.7422118,-39.888326,60
-72.742212,-39.8882117,60
-72.7422125,-39.8880962,60
-72.7422127,-39.8879809,60
-72.7422133,-39.8878662,60
-72.7422129,-39.8877516,60
-72.7422141,-39.8876353,60
-72.7422138,-39.8875201,60
-72.7422133,-39.8874057,60
-72.7422127,-39.8872779,60
-72.7422154,-39.8871926,60
-72.7422282,-39.8871352,60
-72.7422628,-39.8871059,60
-72.7423189,-39.8870995,60
-72.7423809,-39.8871072,60
-72.7424499,-39.8871274,60
-72.7424952,-39.8871672,60
-72.7425103,-39.8872213,60
-72.7425135,-39.8872819,60
-72.7425136,-39.8873554,60
-72.7425139,-39.8874415,60
-72.7425131,-39.8875373,60
-72.7425138,-39.8876415,60
-72.7425136,-39.8877518,60
-72.7425138,-39.8878671,60
-72.7425136,-39.8879835,60
-72.7425135,-39.8880999,60
-72.7425132,-39.8882152,60
-72.7425134,-39.8883299,60
-72.7425132,-39.8884447,60
-72.7425131,-39.8885591,60
-72.7425133,-39.8886735,60
-72.7425136,-39.8887881,60
-72.7425136,-39.8889031,60
-72.7425135,-39.8890179,60
-72.7425129,-39.8891318,60
-72.7425129,-39.8892463,60
-72.7425125,-39.8893555,60
-72.7425124,-39.8894639,60
-72.7425126,-39.889578,60
-72.7425126,-39.8897063,60
-72.7425122,-39.8898043,60
-72.742513,-39.8899038,60
-72.7425132,-39.8899826,60
-72.7425132,-39.8900802,60
-72.7425171,-39.8901679,60
-72.7425266,-39.8902123,60
-72.7425415,-39.8902311,60
-72.7425759,-39.8902282,60
-72.7426166,-39.890229,60
-72.7426782,-39.890235,60
-72.7427438,-39.8902353,60
-72.7427919,-39.8902154,60
-72.7428071,-39.8901826,60
-72.7428102,-39.8901383,60
-72.7428106,-39.8900816,60
-72.7428108,-39.8900116,60
-72.7428107,-39.8899294,60
-72.7428107,-39.8898396,60
-72.742811,-39.889751,60
-72.7428111,-39.8896437,60
-72.7428111,-39.8895532,60
-72.7428112,-39.8894323,60
-72.7428106,-39.88933,60
-72.7428105,-39.8892139,60
-72.7428102,-39.8890974,60
-72.7428106,-39.888982,60
-72.7428108,-39.8888679,60
-72.7428112,-39.8887537,60
-72.7428114,-39.8886386,60
-72.742812,-39.8885233,60
-72.7428114,-39.8884091,60
-72.742811,-39.8882933,60
-72.7428104,-39.8881795,60
-72.7428108,-39.8880644,60
-72.7428111,-39.8879494,60
-72.7428113,-39.887835,60
-72.7428113,-39.8877062,60
-72.7428101,-39.8875929,60
-72.7428112,-39.8874822,60
-72.7428209,-39.8874093,60
-72.7428402,-39.8873755,60
-72.7428804,-39.8873691,60
-72.7429228,-39.8873873,60
-72.7429687,-39.8874147,60
-72.7430283,-39.8874553,60
-72.7430786,-39.887509,60
-72.7431103,-39.8875935,60
-72.7431115,-39.8876672,60
-72.7431118,-39.8877564,60
-72.7431111,-39.8878552,60
-72.7431113,-39.8879615,60
-72.7431107,-39.8880732,60
-72.7431108,-39.888189,60
-72.7431111,-39.8883054,60
-72.7431115,-39.8884197,60
-72.7431118,-39.8885343,60
-72.7431118,-39.8886488,60
-72.7431117,-39.8887635,60
-72.7431115,-39.8888777,60
-72.7431111,-39.8889926,60
-72.7431116,-39.8891074,60
-72.7431114,-39.8892225,60
-72.7431112,-39.8893367,60
-72.7431105,-39.8894519,60
-72.7431104,-39.8895665,60
-72.7431109,-39.8896787,60
-72.743111,-39.8897899,60
-72.7431112,-39.8899051,60
-72.7431117,-39.8900166,60
-72.7431123,-39.8901259,60
-72.7431213,-39.8901964,60
-72.7431416,-39.8902336,60
-72.7431889,-39.8902436,60
-72.7432395,-39.8902275,60
-72.7432951,-39.8902024,60
-72.7433583,-39.8901588,60
-72.7434,-39.8900949,60
-72.7434092,-39.8900231,60
-72.7434086,-39.8899557,60
-72.7434086,-39.8898586,60
-72.7434085,-39.8897727,60
-72.7434094,-39.8896574,60
-72.7434093,-39.889558,60
-72.7434097,-39.8894414,60
-72.7434101,-39.8893243,60
-72.7434091,-39.8892071,60
-72.7434085,-39.889099,60
-72.7434081,-39.8889898,60
-72.7434091,-39.8888747,60
-72.7434098,-39.8887588,60
-72.7434099,-39.8886435,60
-72.743409,-39.8885277,60
-72.7434088,-39.8884119,60
-72.7434097,-39.8882963,60
-72.7434089,-39.888181,60
-72.7434089,-39.8880663,60
-72.743408,-39.8879509,60
-72.7434095,-39.8878359,60
-72.74342,-39.8877421,60
-72.7434584,-39.8876728,60
-72.7435268,-39.887616,60
-72.7436036,-39.8875722,60
-72.7436543,-39.8875551,60
-72.7436924,-39.8875701,60
-72.743707,-39.8876042,60
-72.7437098,-39.8876463,60
-72.7437096,-39.8877038,60
-72.7437092,-39.8877771,60
-72.7437095,-39.8878627,60
-72.7437097,-39.8879582,60
-72.7437097,-39.8880494,60
-72.7437094,-39.8881708,60
-72.7437088,-39.8882845,60
-72.7437091,-39.8884013,60
-72.7437091,-39.8885187,60
-72.7437092,-39.888634,60
-72.7437089,-39.888748,60
-72.7437091,-39.8888625,60
-72.7437094,-39.8889769,60
-72.7437091,-39.8891002,60
-72.7437093,-39.8892037,60
-72.7437088,-39.8893213,60
-72.7437091,-39.8894371,60
-72.7437118,-39.889529,60
-72.7437264,-39.8896101,60
-72.7437528,-39.8896444,60
-72.7437785,-39.889641,60
-72.7437977,-39.8896093,60
-72.7438123,-39.8895766,60
-72.7438438,-39.8895445,60
-72.7438911,-39.8894989,60
-72.7439477,-39.8894383,60
-72.7439904,-39.8893608,60
-72.7440079,-39.8892714,60
-72.7440065,-39.8891742,60
-72.7440072,-39.8890714,60
-72.7440078,-39.8889654,60
-72.7440071,-39.8888543,60
-72.7440078,-39.8887508,60
-72.7440075,-39.8886399,60
-72.7440061,-39.888546,60
-72.7440082,-39.8884203,60
-72.7440082,-39.8883054,60
-72.744008,-39.8882024,60
-72.7440066,-39.8880732,60
-72.7440062,-39.8879702,60
-72.7440069,-39.887856,60
-72.7440066,-39.8877277,60
-72.7440066,-39.8876254,60
-72.7440083,-39.8874973,60
-72.7440133,-39.887403,60
-72.7440387,-39.8873279,60
-72.7440971,-39.8872665,60
-72.7441754,-39.8872166,60
-72.7442351,-39.887189,60
-72.7442762,-39.8871913,60
-72.7443008,-39.8872195,60
-72.7443062,-39.8872583,60
-72.7443072,-39.8873079,60
-72.7443072,-39.8873746,60
-72.7443072,-39.8874549,60
-72.7443074,-39.8875455,60
-72.7443073,-39.8876569,60
-72.7443077,-39.8877648,60
-72.7443076,-39.8878785,60
-72.7443073,-39.8880085,60
-72.7443072,-39.8880995,60
-72.7443072,-39.8882403,60
-72.7443073,-39.8883554,60
-72.7443078,-39.8884576,60
-72.7443074,-39.8885718,60
-72.7443071,-39.8886787,60
-72.7443068,-39.8887863,60
-72.7443065,-39.8888906,60
-72.7443076,-39.8889867,60
-72.744307,-39.8891009,60
-72.7443079,-39.8892183,60
-72.744316,-39.8893062,60
-72.7443441,-39.8893628,60
-72.7444033,-39.8894018,60
-72.7444813,-39.8894252,60
-72.7445498,-39.8894323,60
-72.7445885,-39.889409,60
-72.7446026,-39.8893692,60
-72.7446042,-39.889323,60
-72.7446044,-39.8892638,60
-72.744605,-39.8891899,60
-72.7446054,-39.8891054,60
-72.7446056,-39.8890154,60
-72.7446058,-39.8889166,60
-72.7446059,-39.8888093,60
-72.7446058,-39.8886978,60
-72.7446056,-39.8885948,60
-72.7446062,-39.8884779,60
-72.7446056,-39.8883608,60
-72.7446054,-39.8882444,60
-72.744605,-39.888129,60
-72.7446043,-39.8880026,60
-72.7446037,-39.8879016,60
-72.7446035,-39.8877877,60
-72.7446043,-39.8876722,60
-72.7446049,-39.8875574,60
-72.7446055,-39.8874424,60
-72.744606,-39.8873275,60
-72.7446063,-39.8872126,60
-72.7446074,-39.8870981,60
-72.7446165,-39.8870036,60
-72.7446553,-39.8869338,60
-72.7447241,-39.8868771,60
-72.7448082,-39.8868297,60
-72.744851,-39.8868167,60
-72.7448879,-39.8868315,60
-72.7449032,-39.8868658,60
-72.7449056,-39.8869077,60
-72.7449056,-39.8869647,60
-72.7449052,-39.8870371,60
-72.7449049,-39.887122,60
-72.7449048,-39.8872174,60
-72.744905,-39.8873208,60
-72.7449059,-39.8874303,60
-72.7449057,-39.8875454,60
-72.7449053,-39.887662,60
-72.7449056,-39.8877784,60
-72.7449049,-39.8878941,60
-72.7449048,-39.8880082,60
-72.7449049,-39.8881233,60
-72.7449049,-39.8882381,60
-72.7449052,-39.8883523,60
-72.7449051,-39.8884581,60
-72.7449053,-39.8885616,60
-72.7449048,-39.8886708,60
-72.7449045,-39.8887829,60
-72.7449049,-39.8888774,60
-72.7449054,-39.8889815,60
-72.7449055,-39.8890693,60
-72.7449055,-39.8891588,60
-72.744905,-39.889266,60
-72.7449066,-39.8893671,60
-72.7449113,-39.8894347,60
-72.7449252,-39.8894993,60
-72.7449539,-39.8895268,60
-72.7449985,-39.8895229,60
-72.74504,-39.8894926,60
-72.7450887,-39.8894688,60
-72.7451393,-39.8894435,60
-72.7451866,-39.8893923,60
-72.7452015,-39.8893283,60
-72.7452033,-39.8892603,60
-72.7452034,-39.8891819,60
-72.7452035,-39.8890935,60
-72.7452036,-39.8889947,60
-72.7452031,-39.8888877,60
-72.745203,-39.8887787,60
-72.7452034,-39.888663,60
-72.7452035,-39.8885447,60
-72.745203,-39.8884273,60
-72.7452037,-39.8883111,60
-72.745203,-39.8881963,60
-72.7452032,-39.8880809,60
-72.7452036,-39.8879667,60
-72.7452039,-39.8878521,60
-72.7452032,-39.8877368,60
-72.7452034,-39.8876216,60
-72.7452036,-39.8875065,60
-72.7452033,-39.8873918,60
-72.7452035,-39.8872769,60
-72.7452036,-39.8871617,60
-72.7452036,-39.8870473,60
-72.7452029,-39.8869326,60
-72.7452038,-39.8868178,60
-72.7452063,-39.8867046,60
-72.7452192,-39.8866179,60
-72.7452659,-39.8865519,60
-72.7453383,-39.8864968,60
-72.7454111,-39.8864585,60
-72.7454568,-39.8864482,60
-72.7454884,-39.8864644,60
-72.7455012,-39.8865044,60
-72.7455031,-39.8865488,60
-72.7455034,-39.8866092,60
-72.7455037,-39.8866761,60
-72.7455038,-39.8867625,60
-72.7455037,-39.8868699,60
-72.745504,-39.8869624,60
-72.7455034,-39.8870846,60
-72.7455035,-39.8872001,60
-72.7455037,-39.887304,60
-72.7455037,-39.8874326,60
-72.7455039,-39.8875471,60
-72.745504,-39.8876617,60
-72.7455039,-39.8877759,60
-72.7455037,-39.887877,60
-72.7455034,-39.8880043,60
-72.7455029,-39.8881199,60
-72.7455032,-39.8882347,60
-72.7455033,-39.8883369,60
-72.7455035,-39.8884584,60
-72.7455041,-39.8885596,60
-72.7455038,-39.8886799,60
-72.7455036,-39.8887735,60
-72.7455031,-39.888865,60
-72.7455032,-39.8889516,60
-72.7455026,-39.8890193,60
-72.7455022,-39.8890892,60
-72.7455035,-39.8891753,60
-72.7455109,-39.8892544,60
-72.7455317,-39.8892961,60
-72.7455758,-39.8893093,60
-72.7456322,-39.8892959,60
-72.7456948,-39.8892743,60
-72.7457591,-39.8892342,60
-72.7457925,-39.8891776,60
-72.7457997,-39.8891136,60
-72.7458012,-39.8890434,60
-72.7458012,-39.8889644,60
-72.7458018,-39.888874,60
-72.7458014,-39.8887775,60
-72.7458008,-39.8886732,60
-72.7458013,-39.8885675,60
-72.7458015,-39.8884547,60
-72.7458015,-39.8883248,60
-72.7458016,-39.8882077,60
-72.745802,-39.8880919,60
-72.7458016,-39.887963,60
-72.7458012,-39.8878476,60
-72.7458012,-39.8877464,60
-72.7458012,-39.887631,60
-72.7458013,-39.8875165,60
-72.745801,-39.8874015,60
-72.7458007,-39.8872869,60
-72.7458012,-39.8871726,60
-72.745801,-39.8870456,60
-72.7458007,-39.8869556,60
-72.745802,-39.8868409,60
-72.7458024,-39.8867259,60
-72.7458024,-39.8866103,60
-72.7458023,-39.8864948,60
-72.7458023,-39.8863797,60
-72.7458105,-39.8862702,60
-72.74584,-39.8862076,60
-72.7459136,-39.8861431,60
-72.7459916,-39.8860983,60
-72.7460379,-39.8860789,60
-72.7460775,-39.8860869,60
-72.7460967,-39.8861188,60
-72.7461008,-39.8861596,60
-72.7461018,-39.8862127,60
-72.7461018,-39.8862822,60
-72.7461017,-39.8863648,60
-72.7461012,-39.886458,60
-72.7461014,-39.8865597,60
-72.7461016,-39.8866685,60
-72.7461017,-39.8867822,60
-72.7461019,-39.886898,60
-72.7461019,-39.8870145,60
-72.7461017,-39.8871297,60
-72.7461014,-39.8872446,60
-72.7461015,-39.8873592,60
-72.7461013,-39.8874739,60
-72.746102,-39.8875884,60
-72.7461018,-39.8877027,60
-72.7461016,-39.8878182,60
-72.7461014,-39.8879333,60
-72.7461016,-39.8880472,60
-72.7461012,-39.8881633,60
-72.7461012,-39.8882762,60
-72.7461008,-39.8883886,60
-72.7461011,-39.8884972,60
-72.7461016,-39.8886115,60
-72.7461008,-39.8887284,60
-72.746101,-39.8888449,60
-72.7461015,-39.8889583,60
-72.7461092,-39.8890405,60
-72.7461288,-39.8890831,60
-72.7461572,-39.8890945,60
-72.7461873,-39.889077,60
-72.746221,-39.8890446,60
-72.746267,-39.8890041,60
-72.7463262,-39.8889507,60
-72.7463761,-39.8888796,60
-72.7464008,-39.8887945,60
-72.746399,-39.8887034,60
-72.7463985,-39.8886051,60
-72.7463984,-39.8884985,60
-72.7463985,-39.888387,60
-72.7463987,-39.8882731,60
-72.7463987,-39.8881591,60
-72.7463987,-39.8880576,60
-72.7463991,-39.8879267,60
-72.7463989,-39.887822,60
-72.7463993,-39.8876929,60
-72.746399,-39.8875901,60
-72.7463988,-39.8874624,60
-72.7463995,-39.8873617,60
-72.7463998,-39.8872469,60
-72.7463997,-39.8871195,60
-72.7464002,-39.8870038,60
-72.7464006,-39.8868889,60
-72.7464005,-39.8867862,60
-72.7464001,-39.8866711,60
-72.7464003,-39.8865555,60
-72.7464,-39.8864409,60
-72.7464008,-39.8863271,60
-72.746401,-39.8862127,60
-72.746401,-39.8860974,60
-72.7464019,-39.8859835,60
-72.7464103,-39.8858914,60
-72.7464489,-39.8858227,60
-72.7465206,-39.8857668,60
-72.746598,-39.8857236,60
-72.7466508,-39.8857084,60
-72.7466821,-39.8857237,60
-72.7466957,-39.885759,60
-72.7466978,-39.8858013,60
-72.7466985,-39.8858593,60
-72.7466994,-39.8859326,60
-72.7466995,-39.8860184,60
-72.7466996,-39.8861147,60
-72.7466995,-39.8862181,60
-72.7467001,-39.8863278,60
-72.7467002,-39.8864424,60
-72.7467005,-39.8865595,60
-72.7467002,-39.8866757,60
-72.7467001,-39.8868035,60
-72.7467003,-39.8869054,60
-72.7467003,-39.8870324,60
-72.7467005,-39.8871346,60
-72.7466999,-39.8872489,60
-72.7466993,-39.8873739,60
-72.7466994,-39.887489,60
-72.7466998,-39.8876045,60
-72.7466995,-39.887716,60
-72.7466994,-39.8878273,60
-72.7466998,-39.887941,60
-72.7466994,-39.8880419,60
-72.7466992,-39.8881582,60
-72.7466984,-39.8882748,60
-72.7466989,-39.8883894,60
-72.7467045,-39.8884767,60
-72.7467184,-39.8885243,60
-72.7467408,-39.8885346,60
-72.7467627,-39.8885142,60
-72.7467877,-39.8884808,60
-72.7468224,-39.8884358,60
-72.746867,-39.8883775,60
-72.7469204,-39.888307,60
-72.7469694,-39.8882235,60
-72.746994,-39.8881272,60
-72.7469969,-39.8880091,60
-72.7469979,-39.8879105,60
-72.746998,-39.8877797,60
-72.7469979,-39.8876764,60
-72.7469973,-39.8875494,60
-72.7469977,-39.8874212,60
-72.7469971,-39.8873193,60
-72.7469973,-39.8872045,60
-72.7469971,-39.8870764,60
-72.7469971,-39.8869593,60
-72.7469957,-39.886857,60
-72.7469954,-39.8867444,60
-72.7469959,-39.8866315,60
-72.7469975,-39.8865173,60
-72.7469964,-39.8864182,60
-72.7469969,-39.8863026,60
-72.7469978,-39.8861879,60
-72.7469972,-39.886076,60
-72.7469977,-39.8859501,60
-72.7469979,-39.8858468,60
-72.7469981,-39.8857189,60
-72.7470002,-39.8856161,60
-72.747012,-39.8855161,60
-72.7470548,-39.8854493,60
-72.7471272,-39.8853941,60
-72.7472022,-39.885353,60
-72.7472482,-39.8853394,60
-72.7472837,-39.8853573,60
-72.7472955,-39.8853946,60
-72.7472985,-39.8854337,60
-72.7472983,-39.885492,60
-72.7472982,-39.8855654,60
-72.747298,-39.8856509,60
-72.7472976,-39.8857468,60
-72.7472977,-39.88585,60
-72.7472982,-39.8859724,60
-72.747298,-39.8860746,60
-72.7472981,-39.8861915,60
-72.7472983,-39.8863075,60
-72.7472987,-39.8864225,60
-72.7472984,-39.8865367,60
-72.7472983,-39.8866515,60
-72.7472983,-39.8867661,60
-72.7472983,-39.8868773,60
-72.7472981,-39.8869896,60
-72.7472975,-39.8871177,60
-72.747298,-39.8872202,60
-72.7472974,-39.8873428,60
-72.7472969,-39.8874394,60
-72.7472973,-39.8875536,60
-72.7472989,-39.8876576,60
-72.7473088,-39.8877248,60
-72.7473289,-39.8877561,60
-72.7473462,-39.8877554,60
-72.7473593,-39.8877303,60
-72.7473765,-39.8877025,60
-72.747406,-39.887663,60
-72.7474477,-39.8876093,60
-72.7474966,-39.8875451,60
-72.7475435,-39.8874774,60
-72.7475791,-39.8873922,60
-72.7475918,-39.8873114,60
-72.7475965,-39.887238,60
-72.7475952,-39.8871528,60
-72.7475946,-39.8870656,60
-72.7475947,-39.8869674,60
-72.7475948,-39.8868625,60
-72.747595,-39.8867536,60
-72.7475957,-39.8866408,60
-72.7475952,-39.886525,60
-72.7475951,-39.8864069,60
-72.7475956,-39.8862908,60
-72.7475951,-39.8861784,60
-72.7475949,-39.8860623,60
-72.7475948,-39.8859446,60
-72.747595,-39.8858282,60
-72.747596,-39.8857141,60
-72.7476007,-39.8856257,60
-72.7476137,-39.8855805,60
-72.7476353,-39.8855678,60
-72.7476638,-39.8855846,60
-72.7476881,-39.8856132,60
-72.7477227,-39.8856554,60
-72.7477691,-39.8857121,60
-72.747824,-39.8857819,60
-72.7478712,-39.8858655,60
-72.7478915,-39.8859501,60
-72.7478948,-39.8860544,60
-72.747896,-39.8861773,60
-72.7478959,-39.8862795,60
-72.7478956,-39.8864079,60
-72.7478959,-39.8865222,60
-72.7478959,-39.8866125,60
-72.7478956,-39.8866507,60
-72.7478956,-39.8866666,60
-72.7478959,-39.886671,60
</coordinates></LineString>
</Placemark>
<Placemark>
<name>DJI_202603231233_002_LIPINGE001_Timestamp.MRK</name>
<description>Equipo: M3E | Fecha: 23-03-2026 | Puntos: 521</description>
<styleUrl>#m3e</styleUrl>
<LineString><altitudeMode>relativeToGround</altitudeMode><coordinates>
-72.6793464,-39.9277856,60
-72.6793467,-39.9278122,60
-72.6793468,-39.9278656,60
-72.6793467,-39.9279232,60
-72.6793466,-39.9279995,60
-72.6793409,-39.9280867,60
-72.6793112,-39.9281673,60
-72.6792494,-39.9282223,60
-72.6791689,-39.9282628,60
-72.6791198,-39.9282816,60
-72.6790794,-39.9282779,60
-72.6790537,-39.9282479,60
-72.6790508,-39.9282044,60
-72.6790489,-39.9281472,60
-72.6790482,-39.9280795,60
-72.6790468,-39.9280033,60
-72.679047,-39.9279178,60
-72.679047,-39.9278355,60
-72.6790463,-39.9277254,60
-72.6790426,-39.9276238,60
-72.6790209,-39.9275337,60
-72.6789753,-39.9274684,60
-72.678889,-39.9273953,60
-72.6788202,-39.9273482,60
-72.6787854,-39.9273356,60
-72.6787529,-39.9273525,60
-72.6787475,-39.9273891,60
-72.6787471,-39.927438,60
-72.6787468,-39.9274912,60
-72.6787465,-39.9275659,60
-72.6787468,-39.9276521,60
-72.6787463,-39.9277487,60
-72.6787465,-39.927853,60
-72.6787471,-39.927963,60
-72.6787472,-39.928091,60
-72.6787476,-39.9282075,60
-72.6787472,-39.9283231,60
-72.6787399,-39.9284105,60
-72.6787061,-39.9284877,60
-72.6786417,-39.9285407,60
-72.678561,-39.9285777,60
-72.678514,-39.9285942,60
-72.6784747,-39.9285873,60
-72.678453,-39.9285561,60
-72.6784523,-39.9285118,60
-72.6784504,-39.9284581,60
-72.6784499,-39.9283903,60
-72.6784492,-39.9283033,60
-72.678449,-39.9282159,60
-72.678449,-39.9281303,60
-72.6784495,-39.9280261,60
-72.678449,-39.9279176,60
-72.6784494,-39.9277929,60
-72.6784481,-39.9276772,60
-72.6784473,-39.9275617,60
-72.6784472,-39.927444,60
-72.6784469,-39.9273278,60
-72.6784466,-39.9272138,60
-72.6784388,-39.9270932,60
-72.6784208,-39.9270286,60
-72.6783592,-39.9269512,60
-72.6782892,-39.9268925,60
-72.6782188,-39.9268432,60
-72.6781811,-39.926833,60
-72.6781523,-39.9268545,60
-72.678149,-39.9268873,60
-72.6781487,-39.9269359,60
-72.6781487,-39.926997,60
-72.6781483,-39.9270644,60
-72.6781494,-39.9271517,60
-72.678149,-39.9272482,60
-72.6781493,-39.9273649,60
-72.6781494,-39.9274757,60
-72.6781492,-39.9275781,60
-72.6781485,-39.9277068,60
-72.6781487,-39.9278094,60
-72.6781489,-39.9279365,60
-72.678149,-39.928051,60
-72.6781493,-39.9281527,60
-72.6781492,-39.9282795,60
-72.6781493,-39.928381,60
-72.678149,-39.9284951,60
-72.6781489,-39.9286221,60
-72.6781422,-39.9287205,60
-72.6781143,-39.928789,60
-72.678053,-39.9288446,60
-72.6779715,-39.9288849,60
-72.6779151,-39.9289034,60
-72.6778795,-39.9288956,60
-72.6778569,-39.9288639,60
-72.677852,-39.9288249,60
-72.6778505,-39.9287666,60
-72.6778501,-39.9286981,60
-72.6778492,-39.9286282,60
-72.6778497,-39.9285321,60
-72.6778502,-39.9284354,60
-72.6778503,-39.9283326,60
-72.6778502,-39.928225,60
-72.6778488,-39.928114,60
-72.6778486,-39.9279983,60
-72.677849,-39.9278933,60
-72.6778496,-39.927764,60
-72.6778495,-39.9276489,60
-72.67785,-39.9275347,60
-72.6778497,-39.9274202,60
-72.6778494,-39.927305,60
-72.6778489,-39.9271901,60
-72.677849,-39.9270759,60
-72.6778452,-39.9269872,60
-72.677832,-39.9269284,60
-72.677802,-39.9269027,60
-72.677748,-39.9269083,60
-72.6777007,-39.9269313,60
-72.6776433,-39.9269629,60
-72.677584,-39.9270151,60
-72.6775516,-39.9270845,60
-72.6775503,-39.9271612,60
-72.6775501,-39.9272359,60
-72.677551,-39.9273292,60
-72.677551,-39.9274315,60
-72.6775508,-39.927553,60
-72.677551,-39.9276675,60
-72.6775511,-39.9277837,60
-72.6775518,-39.9278994,60
-72.6775513,-39.9280141,60
-72.6775514,-39.9281285,60
-72.6775507,-39.9282435,60
-72.677551,-39.9283448,60
-72.677551,-39.9284593,60
-72.6775513,-39.9285736,60
-72.677551,-39.9286875,60
-72.6775511,-39.9288012,60
-72.67755,-39.928928,60
-72.6775436,-39.9290273,60
-72.6775209,-39.9290891,60
-72.6774562,-39.9291522,60
-72.6773765,-39.9291942,60
-72.677319,-39.9292145,60
-72.6772793,-39.9292065,60
-72.6772584,-39.9291736,60
-72.6772546,-39.929133,60
-72.6772536,-39.9290799,60
-72.6772525,-39.9290119,60
-72.6772512,-39.9289305,60
-72.677251,-39.9288491,60
-72.6772519,-39.9287378,60
-72.6772526,-39.9286318,60
-72.6772511,-39.92852,60
-72.6772511,-39.9284031,60
-72.677251,-39.9282888,60
-72.6772509,-39.9281867,60
-72.6772492,-39.9280575,60
-72.6772491,-39.9279411,60
-72.6772502,-39.9278382,60
-72.6772505,-39.92771,60
-72.6772517,-39.9275948,60
-72.6772513,-39.9274795,60
-72.6772498,-39.9273652,60
-72.6772463,-39.9272722,60
-72.6772332,-39.9272268,60
-72.6771979,-39.9272022,60
-72.6771497,-39.927209,60
-72.6771017,-39.9272315,60
-72.6770439,-39.9272639,60
-72.6769852,-39.927317,60
-72.6769544,-39.9273868,60
-72.6769527,-39.9274637,60
-72.6769518,-39.9275487,60
-72.6769525,-39.9276323,60
-72.6769527,-39.9277464,60
-72.6769527,-39.927844,60
-72.676953,-39.9279709,60
-72.6769531,-39.9280876,60
-72.6769531,-39.9282034,60
-72.676953,-39.9283184,60
-72.6769535,-39.9284332,60
-72.6769525,-39.9285478,60
-72.6769523,-39.9286622,60
-72.6769523,-39.9287766,60
-72.6769525,-39.9288906,60
-72.6769522,-39.9290046,60
-72.6769522,-39.929119,60
-72.6769522,-39.9292332,60
-72.6769473,-39.9293344,60
-72.6769212,-39.9294046,60
-72.6768621,-39.9294617,60
-72.6767841,-39.9295047,60
-72.6767241,-39.9295251,60
-72.6766834,-39.9295162,60
-72.6766599,-39.9294864,60
-72.6766547,-39.9294474,60
-72.6766532,-39.9293971,60
-72.6766533,-39.929331,60
-72.6766537,-39.9292527,60
-72.6766535,-39.9291672,60
-72.6766535,-39.9290721,60
-72.6766528,-39.9289691,60
-72.6766527,-39.928861,60
-72.6766528,-39.9287489,60
-72.6766525,-39.9286362,60
-72.6766536,-39.9285263,60
-72.6766529,-39.9284173,60
-72.6766528,-39.9283084,60
-72.6766535,-39.9281977,60
-72.6766534,-39.9280858,60
-72.6766525,-39.9279743,60
-72.6766522,-39.9278626,60
-72.6766519,-39.9277514,60
-72.6766513,-39.9276409,60
-72.6766448,-39.9275533,60
-72.6766234,-39.9275082,60
-72.6765792,-39.9274984,60
-72.6765301,-39.927518,60
-72.6764794,-39.9275437,60
-72.6764184,-39.9275836,60
-72.6763693,-39.9276452,60
-72.6763527,-39.9277187,60
-72.6763525,-39.9277984,60
-72.6763528,-39.9278878,60
-72.6763532,-39.9279867,60
-72.6763533,-39.9280925,60
-72.6763536,-39.9282045,60
-72.6763532,-39.9283201,60
-72.6763538,-39.928436,60
-72.6763543,-39.928551,60
-72.6763542,-39.9286663,60
-72.6763544,-39.9287809,60
-72.6763546,-39.9288954,60
-72.6763546,-39.9290091,60
-72.6763542,-39.9291232,60
-72.6763544,-39.9292371,60
-72.676355,-39.9293512,60
-72.676355,-39.9294644,60
-72.6763531,-39.9295779,60
-72.676344,-39.9296698,60
-72.6763064,-39.9297349,60
-72.6762401,-39.9297873,60
-72.6761617,-39.9298248,60
-72.6761107,-39.9298371,60
-72.6760728,-39.9298189,60
-72.6760578,-39.9297851,60
-72.676055,-39.929743,60
-72.676054,-39.9296859,60
-72.6760542,-39.9296144,60
-72.6760548,-39.9295327,60
-72.6760553,-39.9294429,60
-72.6760563,-39.9293445,60
-72.6760554,-39.9292371,60
-72.6760545,-39.9291236,60
-72.6760543,-39.9290058,60
-72.6760545,-39.9288886,60
-72.6760546,-39.9287727,60
-72.6760546,-39.9286591,60
-72.6760537,-39.9285443,60
-72.6760539,-39.92843,60
-72.6760541,-39.9283161,60
-72.6760542,-39.9282016,60
-72.6760551,-39.928087,60
-72.6760546,-39.927972,60
-72.6760501,-39.9278767,60
-72.6760362,-39.9278255,60
-72.676003,-39.9278043,60
-72.6759549,-39.9278094,60
-72.6759068,-39.9278311,60
-72.6758497,-39.9278625,60
-72.6757898,-39.9279143,60
-72.6757571,-39.9279834,60
-72.6757553,-39.9280609,60
-72.6757557,-39.9281453,60
-72.6757559,-39.9282396,60
-72.6757557,-39.9283423,60
-72.6757559,-39.9284515,60
-72.6757557,-39.9285655,60
-72.6757557,-39.928682,60
-72.6757559,-39.9287978,60
-72.6757552,-39.9289132,60
-72.6757551,-39.9290277,60
-72.6757552,-39.9291418,60
-72.6757554,-39.9292558,60
-72.6757554,-39.9293702,60
-72.6757553,-39.9294844,60
-72.675755,-39.9295992,60
-72.675755,-39.9297137,60
-72.6757557,-39.9298285,60
-72.6757516,-39.9299358,60
-72.6757334,-39.9300115,60
-72.6756812,-39.9300715,60
-72.675607,-39.9301177,60
-72.6755399,-39.9301458,60
-72.6754976,-39.9301461,60
-72.6754675,-39.9301198,60
-72.6754593,-39.9300816,60
-72.6754575,-39.9300349,60
-72.6754571,-39.9299722,60
-72.6754567,-39.9298951,60
-72.6754569,-39.9298098,60
-72.6754566,-39.9297172,60
-72.6754559,-39.9296149,60
-72.6754559,-39.9295057,60
-72.6754557,-39.929393,60
-72.6754563,-39.9292776,60
-72.6754558,-39.9291619,60
-72.6754553,-39.9290465,60
-72.675455,-39.9289324,60
-72.6754549,-39.9288197,60
-72.675456,-39.9287064,60
-72.6754559,-39.9285933,60
-72.6754553,-39.9284803,60
-72.6754558,-39.9283663,60
-72.6754552,-39.9282564,60
-72.6754512,-39.9281725,60
-72.6754423,-39.928126,60
-72.6754067,-39.9281024,60
-72.6753549,-39.9281102,60
-72.6753079,-39.9281337,60
-72.675257,-39.9281613,60
-72.6751909,-39.9282184,60
-72.6751601,-39.9282798,60
-72.6751561,-39.9283638,60
-72.6751564,-39.9284485,60
-72.6751571,-39.9285323,60
-72.6751572,-39.9286456,60
-72.6751576,-39.9287553,60
-72.6751579,-39.9288695,60
-72.6751579,-39.9289853,60
-72.6751577,-39.9291012,60
-72.6751574,-39.9292152,60
-72.6751574,-39.9293293,60
-72.6751575,-39.9294306,60
-72.6751575,-39.9295575,60
-72.6751577,-39.9296593,60
-72.6751574,-39.9297866,60
-72.6751577,-39.9299012,60
-72.6751574,-39.9300922,60
-72.6751574,-39.9301433,60
-72.6751539,-39.93024,60
-72.6751375,-39.9303172,60
-72.6750891,-39.9303788,60
-72.6750143,-39.9304259,60
-72.674944,-39.9304552,60
-72.6749007,-39.9304573,60
-72.6748697,-39.9304328,60
-72.6748611,-39.9303955,60
-72.6748593,-39.9303506,60
-72.6748592,-39.9302884,60
-72.6748584,-39.930213,60
-72.6748573,-39.9301298,60
-72.674857,-39.9300376,60
-72.6748571,-39.9299362,60
-72.6748563,-39.9298274,60
-72.674857,-39.9297137,60
-72.6748563,-39.929597,60
-72.6748559,-39.9294808,60
-72.6748567,-39.9293653,60
-72.6748575,-39.9292508,60
-72.6748576,-39.9291372,60
-72.6748573,-39.9290231,60
-72.6748574,-39.9289084,60
-72.6748568,-39.9287963,60
-72.6748566,-39.9286827,60
-72.6748563,-39.9285691,60
-72.6748539,-39.9284788,60
-72.6748446,-39.9284285,60
-72.6748112,-39.9284058,60
-72.6747619,-39.9284097,60
-72.6747199,-39.9284295,60
-72.6746569,-39.9284616,60
-72.6745966,-39.9285122,60
-72.6745607,-39.928581,60
-72.6745576,-39.9286571,60
-72.674558,-39.9287409,60
-72.6745578,-39.9288343,60
-72.674558,-39.9289359,60
-72.6745579,-39.9290443,60
-72.6745586,-39.9291587,60
-72.6745587,-39.9292753,60
-72.6745587,-39.9293911,60
-72.6745589,-39.9295058,60
-72.6745591,-39.9296206,60
-72.674559,-39.9297346,60
-72.6745593,-39.9298486,60
-72.6745589,-39.9299634,60
-72.6745592,-39.9300787,60
-72.6745591,-39.930193,60
-72.6745592,-39.9303073,60
-72.6745591,-39.9304213,60
-72.6745568,-39.9305331,60
-72.6745461,-39.9306245,60
-72.6745092,-39.9306875,60
-72.6744387,-39.9307327,60
-72.6743652,-39.9307631,60
-72.6743209,-39.9307727,60
-72.674279,-39.9307616,60
-72.6742608,-39.9307309,60
-72.674264,-39.9306852,60
-72.6742622,-39.9306291,60
-72.6742613,-39.9305606,60
-72.6742599,-39.9304835,60
-72.6742596,-39.9304005,60
-72.6742589,-39.9303101,60
-72.6742586,-39.9302144,60
-72.6742588,-39.9301114,60
-72.674258,-39.9300065,60
-72.6742581,-39.9298961,60
-72.6742581,-39.9297811,60
-72.6742583,-39.9296642,60
-72.674259,-39.9295476,60
-72.6742585,-39.9294302,60
-72.6742588,-39.9293155,60
-72.6742597,-39.9292096,60
-72.6742583,-39.9291027,60
-72.6742584,-39.9289988,60
-72.6742584,-39.9288909,60
-72.6742547,-39.9287929,60
-72.6742456,-39.928733,60
-72.6742157,-39.9287052,60
-72.6741667,-39.9287067,60
-72.67412,-39.9287292,60
-72.6740645,-39.9287585,60
-72.6740034,-39.9288069,60
-72.6739645,-39.9288746,60
-72.6739596,-39.9289495,60
-72.6739596,-39.9290324,60
-72.6739602,-39.9291254,60
-72.6739607,-39.9292265,60
-72.6739609,-39.9293352,60
-72.673961,-39.9294489,60
-72.6739607,-39.929565,60
-72.6739611,-39.9296809,60
-72.6739605,-39.9297959,60
-72.6739602,-39.9299107,60
-72.6739601,-39.9300253,60
-72.6739601,-39.9301394,60
-72.6739605,-39.9302535,60
-72.6739604,-39.9303669,60
-72.6739613,-39.9304667,60
-72.6739603,-39.9305633,60
-72.6739606,-39.9306587,60
-72.6739607,-39.9307521,60
-72.6739614,-39.9308482,60
-72.6739567,-39.9309236,60
-72.6739196,-39.9309719,60
-72.6738673,-39.9310089,60
-72.6737803,-39.9310433,60
-72.6737222,-39.9310573,60
-72.6736828,-39.9310432,60
-72.6736668,-39.9310026,60
-72.6736633,-39.9309582,60
-72.6736629,-39.9309008,60
-72.6736622,-39.9308277,60
-72.6736621,-39.9307485,60
-72.6736609,-39.9306609,60
-72.6736615,-39.9305695,60
-72.6736603,-39.9304702,60
-72.67366,-39.9303641,60
-72.6736593,-39.9302513,60
-72.6736599,-39.9301346,60
-72.6736603,-39.9300298,60
-72.6736598,-39.9299005,60
-72.6736598,-39.9297848,60
-72.6736596,-39.9296705,60
-72.6736605,-39.9295689,60
-72.6736603,-39.9294541,60
-72.6736606,-39.9293277,60
-72.6736607,-39.9292131,60
-72.6736591,-39.9291072,60
-72.6736497,-39.9290417,60
-72.6736283,-39.9290102,60
-72.6735796,-39.9290061,60
-72.6735311,-39.9290251,60
-72.6734854,-39.9290486,60
-72.6734187,-39.9290942,60
-72.673373,-39.9291596,60
-72.6733608,-39.9292347,60
-72.6733613,-39.9293148,60
-72.6733617,-39.9294053,60
-72.6733622,-39.9295054,60
-72.6733624,-39.9296126,60
-72.6733621,-39.9297254,60
-72.6733622,-39.9298288,60
-72.6733623,-39.9299453,60
-72.6733622,-39.930061,60
-72.6733629,-39.9301883,60
-72.673363,-39.9303024,60
-72.6733621,-39.9304165,60
-72.6733615,-39.9305271,60
-72.6733557,-39.9305991,60
-72.6733363,-39.9306494,60
-72.6733193,-39.9306521,60
-72.6733017,-39.9306262,60
-72.6732792,-39.9305982,60
-72.6732482,-39.9305591,60
-72.6732039,-39.9305033,60
-72.6731569,-39.9304422,60
-72.6731056,-39.9303656,60
-72.6730741,-39.9302811,60
-72.6730667,-39.9302084,60
-72.6730644,-39.9301429,60
-72.6730626,-39.9300551,60
-72.6730619,-39.9299805,60
-72.6730612,-39.9298852,60
-72.6730606,-39.9297997,60
-72.6730606,-39.9296851,60
-72.6730614,-39.9295782,60
-72.6730618,-39.9294702,60
-72.6730583,-39.9293743,60
-72.6730457,-39.9293199,60
-72.6730144,-39.9293021,60
-72.6729638,-39.9293117,60
-72.6729098,-39.9293375,60
-72.6728578,-39.9293648,60
-72.6727981,-39.9294164,60
-72.6727669,-39.9294848,60
-72.6727621,-39.9295636,60
-72.6727627,-39.9296368,60
-72.6727627,-39.9297288,60
-72.6727633,-39.9298245,60
-72.6727642,-39.9298856,60
-72.6727637,-39.9299134,60
-72.6727638,-39.9299289,60
-72.6727639,-39.9299315,60
</coordinates></LineString>
</Placemark>
<Placemark>
<name>DJI_202603231256_003_ELSALTO002_Timestamp.MRK</name>
<description>Equipo: M3E | Fecha: 23-03-2026 | Puntos: 1109</description>
<styleUrl>#m3e</styleUrl>
<LineString><altitudeMode>relativeToGround</altitudeMode><coordinates>
-72.7066179,-39.9746959,60
-72.7066173,-39.9746717,60
-72.7066174,-39.974622,60
-72.7066176,-39.97456,60
-72.7066164,-39.9744773,60
-72.7066153,-39.9743833,60
-72.7066157,-39.9742936,60
-72.7066152,-39.9741843,60
-72.7066162,-39.9740683,60
-72.7066164,-39.9739619,60
-72.7066155,-39.9738569,60
-72.7066114,-39.9737658,60
-72.7065968,-39.9736899,60
-72.7065687,-39.9736282,60
-72.7065453,-39.9735592,60
-72.7065152,-39.9734659,60
-72.7064811,-39.9733627,60
-72.7064469,-39.9732534,60
-72.7064154,-39.973153,60
-72.7063828,-39.9730488,60
-72.7063543,-39.9729716,60
-72.7063385,-39.9729388,60
-72.7063289,-39.9729195,60
-72.7063172,-39.9729335,60
-72.7063172,-39.9729625,60
-72.7063176,-39.9730121,60
-72.7063166,-39.9730846,60
-72.7063175,-39.9731661,60
-72.7063169,-39.9732669,60
-72.706318,-39.9733784,60
-72.7063177,-39.9734792,60
-72.7063174,-39.9735998,60
-72.7063175,-39.9737212,60
-72.7063176,-39.9738292,60
-72.7063176,-39.9739482,60
-72.7063181,-39.9740586,60
-72.7063175,-39.9741574,60
-72.7063176,-39.9742767,60
-72.7063172,-39.9743904,60
-72.7063177,-39.9744947,60
-72.7063161,-39.9746102,60
-72.7063105,-39.9747008,60
-72.706283,-39.9747524,60
-72.706217,-39.9747907,60
-72.7061329,-39.9748112,60
-72.7060747,-39.974812,60
-72.7060323,-39.9747834,60
-72.7060205,-39.9747364,60
-72.7060187,-39.9746848,60
-72.7060186,-39.9746111,60
-72.7060178,-39.974526,60
-72.7060183,-39.9744373,60
-72.7060186,-39.9743327,60
-72.7060187,-39.9742242,60
-72.7060184,-39.974122,60
-72.7060178,-39.9740023,60
-72.7060173,-39.9738803,60
-72.7060168,-39.9737734,60
-72.7060171,-39.9736534,60
-72.706017,-39.9735351,60
-72.7060191,-39.973424,60
-72.7060184,-39.9733304,60
-72.7060172,-39.9732185,60
-72.7060162,-39.9731274,60
-72.7060168,-39.9730421,60
-72.7060171,-39.972971,60
-72.7060168,-39.9729112,60
-72.7060149,-39.9728504,60
-72.706004,-39.9728028,60
-72.7059782,-39.9727732,60
-72.705926,-39.9727528,60
-72.7058556,-39.9727485,60
-72.7057817,-39.9727577,60
-72.7057375,-39.9727876,60
-72.7057159,-39.9728333,60
-72.7057171,-39.9728918,60
-72.7057193,-39.9729713,60
-72.7057188,-39.9730645,60
-72.7057192,-39.973152,60
-72.705719,-39.9732587,60
-72.7057195,-39.9733735,60
-72.7057197,-39.9734822,60
-72.7057196,-39.9736031,60
-72.7057202,-39.9737228,60
-72.7057204,-39.9738299,60
-72.7057211,-39.9739494,60
-72.7057204,-39.9740678,60
-72.70572,-39.9741862,60
-72.7057192,-39.974293,60
-72.7057191,-39.9744118,60
-72.7057188,-39.9745304,60
-72.7057191,-39.974637,60
-72.7057188,-39.9747551,60
-72.7057107,-39.9748503,60
-72.7056802,-39.9749062,60
-72.7056121,-39.9749505,60
-72.7055262,-39.9749769,60
-72.7054735,-39.9749791,60
-72.705433,-39.9749513,60
-72.7054227,-39.9749061,60
-72.7054211,-39.974857,60
-72.7054201,-39.9747844,60
-72.7054193,-39.9746964,60
-72.7054189,-39.9746083,60
-72.7054193,-39.9745002,60
-72.7054192,-39.9743947,60
-72.705419,-39.9742722,60
-72.7054191,-39.9741496,60
-72.7054186,-39.9740412,60
-72.7054185,-39.973923,60
-72.7054166,-39.9738058,60
-72.7054173,-39.9736893,60
-72.7054175,-39.9735828,60
-72.705418,-39.9734711,60
-72.705418,-39.9733709,60
-72.7054183,-39.973283,60
-72.7054186,-39.9732098,60
-72.7054188,-39.9731271,60
-72.7054189,-39.9730673,60
-72.7054186,-39.9729975,60
-72.705419,-39.9729171,60
-72.7054184,-39.9728428,60
-72.7054053,-39.9727664,60
-72.7053644,-39.9727168,60
-72.7052893,-39.9726816,60
-72.7052037,-39.9726663,60
-72.7051532,-39.9726762,60
-72.7051216,-39.9727123,60
-72.7051176,-39.9727586,60
-72.7051196,-39.972817,60
-72.7051201,-39.9728987,60
-72.7051204,-39.9729965,60
-72.7051209,-39.9731064,60
-72.7051206,-39.9732086,60
-72.7051199,-39.9733294,60
-72.7051206,-39.9734496,60
-72.7051207,-39.9735575,60
-72.7051212,-39.9736766,60
-72.7051212,-39.9737954,60
-72.7051208,-39.9739025,60
-72.7051211,-39.9740216,60
-72.7051207,-39.9741286,60
-72.7051205,-39.9742471,60
-72.7051208,-39.9743657,60
-72.7051209,-39.9744839,60
-72.7051207,-39.9745903,60
-72.7051211,-39.9747091,60
-72.7051205,-39.974828,60
-72.7051207,-39.9749344,60
-72.7051141,-39.9750355,60
-72.7050828,-39.9750993,60
-72.7050234,-39.9751408,60
-72.7049372,-39.9751696,60
-72.7048756,-39.9751749,60
-72.7048366,-39.9751515,60
-72.7048235,-39.9751079,60
-72.7048213,-39.9750541,60
-72.7048208,-39.97499,60
-72.7048204,-39.9749023,60
-72.7048207,-39.9748041,60
-72.7048196,-39.9746985,60
-72.7048197,-39.9745942,60
-72.7048186,-39.9744711,60
-72.7048184,-39.9743505,60
-72.7048185,-39.9742425,60
-72.7048191,-39.9741242,60
-72.7048192,-39.9740071,60
-72.7048196,-39.9738993,60
-72.7048201,-39.9737446,60
-72.7048198,-39.9736742,60
-72.7048203,-39.9735572,60
-72.7048204,-39.9734408,60
-72.7048199,-39.9733455,60
-72.7048197,-39.9732372,60
-72.7048199,-39.9731212,60
-72.7048204,-39.9730195,60
-72.7048203,-39.9729346,60
-72.7048202,-39.972839,60
-72.7048161,-39.9727472,60
-72.7048071,-39.9726916,60
-72.7047651,-39.972656,60
-72.7047003,-39.9726465,60
-72.704624,-39.9726501,60
-72.7045577,-39.9726739,60
-72.7045253,-39.9727156,60
-72.70452,-39.9727719,60
-72.7045224,-39.9728402,60
-72.7045218,-39.9729325,60
-72.7045221,-39.9730271,60
-72.7045224,-39.9731397,60
-72.7045223,-39.9732475,60
-72.7045222,-39.9733686,60
-72.7045217,-39.9734884,60
-72.7045222,-39.9735967,60
-72.7045221,-39.9737166,60
-72.7045219,-39.9738356,60
-72.7045217,-39.973943,60
-72.7045218,-39.974062,60
-72.7045227,-39.9741797,60
-72.7045227,-39.9742864,60
-72.7045222,-39.9744055,60
-72.7045221,-39.9745238,60
-72.7045219,-39.9746417,60
-72.704522,-39.9747474,60
-72.7045223,-39.974866,60
-72.7045222,-39.9749732,60
-72.7045224,-39.9750924,60
-72.7045195,-39.9752025,60
-72.7045072,-39.9752682,60
-72.7044619,-39.9753196,60
-72.7043873,-39.9753523,60
-72.7043125,-39.9753915,60
-72.704276,-39.9754412,60
-72.704263,-39.9755087,60
-72.704257,-39.9755866,60
-72.7042515,-39.9756705,60
-72.7042449,-39.9757763,60
-72.7042385,-39.9758807,60
-72.7042306,-39.9759828,60
-72.7042248,-39.9760323,60
-72.7042199,-39.9760372,60
-72.7042227,-39.976008,60
-72.7042238,-39.975966,60
-72.7042225,-39.9759051,60
-72.7042215,-39.9758337,60
-72.7042207,-39.9757417,60
-72.7042207,-39.9756512,60
-72.70422,-39.9755406,60
-72.7042196,-39.9754234,60
-72.7042197,-39.975302,60
-72.7042208,-39.9751926,60
-72.7042206,-39.975073,60
-72.7042203,-39.974955,60
-72.7042198,-39.9748484,60
-72.7042198,-39.9747305,60
-72.7042195,-39.9746128,60
-72.7042196,-39.9745063,60
-72.7042199,-39.9743872,60
-72.7042208,-39.9742799,60
-72.7042208,-39.9741619,60
-72.7042213,-39.9740433,60
-72.7042212,-39.9739244,60
-72.7042209,-39.9738179,60
-72.7042208,-39.9736999,60
-72.7042205,-39.9735811,60
-72.7042202,-39.9734739,60
-72.7042215,-39.9733543,60
-72.7042211,-39.9732513,60
-72.704222,-39.9731318,60
-72.7042226,-39.9730385,60
-72.7042218,-39.9729826,60
-72.7042216,-39.972916,60
-72.7042222,-39.9728596,60
-72.7042224,-39.9728053,60
-72.7042159,-39.9727392,60
-72.7041974,-39.9726924,60
-72.7041457,-39.9726695,60
-72.704075,-39.9726663,60
-72.7039981,-39.9726782,60
-72.7039465,-39.9727095,60
-72.7039251,-39.9727646,60
-72.7039218,-39.9728287,60
-72.7039222,-39.9728993,60
-72.7039223,-39.9729926,60
-72.7039221,-39.9730996,60
-72.7039225,-39.9732044,60
-72.7039226,-39.9733119,60
-72.7039227,-39.9734291,60
-72.7039232,-39.9735494,60
-72.7039235,-39.9736564,60
-72.7039235,-39.9737763,60
-72.7039231,-39.9738832,60
-72.7039235,-39.9740008,60
-72.7039236,-39.9741193,60
-72.7039235,-39.974238,60
-72.7039229,-39.9743454,60
-72.7039226,-39.9744644,60
-72.7039228,-39.9745828,60
-72.703923,-39.9746891,60
-72.7039229,-39.9748071,60
-72.7039235,-39.9749253,60
-72.703923,-39.9750318,60
-72.7039229,-39.9751502,60
-72.7039227,-39.9752693,60
-72.7039222,-39.9753765,60
-72.7039223,-39.9754949,60
-72.7039218,-39.9756135,60
-72.7039221,-39.9757212,60
-72.7039224,-39.9758394,60
-72.7039226,-39.9759575,60
-72.7039227,-39.9760647,60
-72.7039228,-39.9761833,60
-72.703918,-39.9762878,60
-72.703901,-39.9763503,60
-72.7038468,-39.9764016,60
-72.7037631,-39.9764298,60
-72.7036947,-39.9764423,60
-72.7036346,-39.9764099,60
-72.7036259,-39.9763831,60
-72.7036236,-39.9763366,60
-72.7036229,-39.9762694,60
-72.7036217,-39.9761878,60
-72.7036212,-39.9761016,60
-72.703621,-39.9759953,60
-72.7036215,-39.9758805,60
-72.7036218,-39.9757721,60
-72.7036218,-39.9756523,60
-72.7036214,-39.9755335,60
-72.7036213,-39.9754261,60
-72.7036217,-39.9753075,60
-72.7036223,-39.9751892,60
-72.7036221,-39.9750818,60
-72.7036224,-39.9749622,60
-72.7036214,-39.9748437,60
-72.7036224,-39.9747372,60
-72.7036226,-39.9746182,60
-72.7036216,-39.9744987,60
-72.7036214,-39.9743918,60
-72.7036215,-39.9742733,60
-72.7036219,-39.9741547,60
-72.7036218,-39.9740483,60
-72.703622,-39.9739301,60
-72.7036221,-39.973813,60
-72.7036221,-39.9737074,60
-72.7036222,-39.9735868,60
-72.7036216,-39.9734694,60
-72.7036207,-39.9733675,60
-72.7036214,-39.9732841,60
-72.7036215,-39.973202,60
-72.7036219,-39.9731116,60
-72.7036214,-39.973022,60
-72.7036212,-39.9729378,60
-72.7036209,-39.9728524,60
-72.7036152,-39.9727752,60
-72.7035922,-39.9727296,60
-72.7035357,-39.9727119,60
-72.7034639,-39.9727142,60
-72.7033867,-39.9727309,60
-72.7033392,-39.9727743,60
-72.7033252,-39.9728266,60
-72.7033224,-39.9728934,60
-72.7033235,-39.9729681,60
-72.7033237,-39.9730648,60
-72.7033237,-39.9731743,60
-72.7033242,-39.9732927,60
-72.7033244,-39.9734024,60
-72.7033242,-39.9735227,60
-72.7033247,-39.9736426,60
-72.7033251,-39.9737498,60
-72.7033247,-39.9738684,60
-72.7033248,-39.9739866,60
-72.7033249,-39.9740934,60
-72.7033249,-39.9742121,60
-72.7033241,-39.9743305,60
-72.7033239,-39.9744367,60
-72.7033243,-39.9745549,60
-72.7033241,-39.9746731,60
-72.7033247,-39.97478,60
-72.7033241,-39.9748983,60
-72.7033243,-39.9750046,60
-72.703324,-39.9751234,60
-72.7033236,-39.9752419,60
-72.7033231,-39.9753606,60
-72.7033231,-39.9754678,60
-72.7033235,-39.9755868,60
-72.7033235,-39.9757054,60
-72.7033236,-39.975812,60
-72.7033233,-39.9759302,60
-72.7033228,-39.9760485,60
-72.7033242,-39.9761547,60
-72.7033244,-39.9762731,60
-72.7033244,-39.9763927,60
-72.7033189,-39.9764825,60
-72.7032945,-39.9765478,60
-72.7032368,-39.9765885,60
-72.7031541,-39.9766028,60
-72.7030883,-39.9766075,60
-72.703043,-39.9765837,60
-72.703028,-39.9765385,60
-72.7030251,-39.9764906,60
-72.7030234,-39.9764206,60
-72.7030227,-39.9763458,60
-72.7030225,-39.9762492,60
-72.7030229,-39.9761414,60
-72.7030231,-39.9760364,60
-72.7030235,-39.9759145,60
-72.7030226,-39.9757925,60
-72.7030235,-39.9756857,60
-72.7030235,-39.9755666,60
-72.7030245,-39.9754481,60
-72.7030229,-39.9753428,60
-72.7030231,-39.9752249,60
-72.7030234,-39.9751053,60
-72.7030239,-39.9749859,60
-72.7030246,-39.9748803,60
-72.703023,-39.9747617,60
-72.7030222,-39.9746419,60
-72.7030219,-39.9745481,60
-72.7030224,-39.9744546,60
-72.7030225,-39.9743664,60
-72.7030234,-39.9742787,60
-72.7030233,-39.9741817,60
-72.7030239,-39.9740899,60
-72.7030242,-39.9739885,60
-72.7030246,-39.9738844,60
-72.703025,-39.9737726,60
-72.703025,-39.9736713,60
-72.7030254,-39.9735586,60
-72.7030252,-39.9734502,60
-72.7030232,-39.9733536,60
-72.7030238,-39.9732415,60
-72.7030241,-39.9731507,60
-72.7030235,-39.9730861,60
-72.7030228,-39.972996,60
-72.7030235,-39.9729067,60
-72.7030227,-39.9728523,60
-72.703015,-39.9728038,60
-72.7029834,-39.9727678,60
-72.7029308,-39.9727604,60
-72.7028637,-39.9727612,60
-72.702804,-39.9727403,60
-72.7027734,-39.9727051,60
-72.7027528,-39.9726692,60
-72.7027388,-39.972652,60
-72.7027327,-39.9726457,60
-72.7027243,-39.9726673,60
-72.7027249,-39.9727033,60
-72.702725,-39.9727523,60
-72.7027249,-39.972825,60
-72.7027249,-39.972912,60
-72.7027248,-39.9729985,60
-72.7027242,-39.973105,60
-72.7027249,-39.9732089,60
-72.702725,-39.97333,60
-72.7027248,-39.973451,60
-72.702725,-39.9735593,60
-72.7027253,-39.9736794,60
-72.7027253,-39.9737973,60
-72.7027252,-39.9739144,60
-72.7027253,-39.9740216,60
-72.7027256,-39.9741412,60
-72.7027255,-39.9742597,60
-72.7027257,-39.9743642,60
-72.7027256,-39.9744811,60
-72.7027255,-39.9746002,60
-72.7027254,-39.9747032,60
-72.7027255,-39.9748229,60
-72.7027257,-39.9749425,60
-72.7027263,-39.9750495,60
-72.7027257,-39.9751673,60
-72.702726,-39.9752856,60
-72.7027259,-39.9753926,60
-72.7027253,-39.9755121,60
-72.7027247,-39.9756317,60
-72.7027244,-39.9757382,60
-72.7027244,-39.9758567,60
-72.7027248,-39.9759761,60
-72.7027252,-39.9760823,60
-72.7027258,-39.9762008,60
-72.7027257,-39.9763194,60
-72.7027251,-39.9764265,60
-72.7027192,-39.9765232,60
-72.7026978,-39.976574,60
-72.7026512,-39.9765975,60
-72.7025838,-39.9766003,60
-72.7025056,-39.9765882,60
-72.702452,-39.9765606,60
-72.7024276,-39.9765085,60
-72.7024262,-39.9764451,60
-72.7024251,-39.9763772,60
-72.7024247,-39.9762852,60
-72.7024241,-39.9761798,60
-72.7024239,-39.9760768,60
-72.7024247,-39.9759556,60
-72.7024258,-39.975836,60
-72.7024256,-39.9757305,60
-72.7024258,-39.975616,60
-72.7024253,-39.9755007,60
-72.702425,-39.9753972,60
-72.7024249,-39.9752799,60
-72.7024248,-39.9751608,60
-72.7024247,-39.9750514,60
-72.7024246,-39.9749308,60
-72.7024247,-39.9748231,60
-72.7024248,-39.9747041,60
-72.7024244,-39.9745852,60
-72.7024249,-39.9744781,60
-72.7024252,-39.9743629,60
-72.702425,-39.9742736,60
-72.702424,-39.9741893,60
-72.7024234,-39.974121,60
-72.7024243,-39.9740753,60
-72.7024256,-39.9740336,60
-72.7024246,-39.9739809,60
-72.7024242,-39.9739068,60
-72.7024253,-39.9738195,60
-72.7024256,-39.9737303,60
-72.7024261,-39.9736251,60
-72.7024261,-39.9735141,60
-72.7024251,-39.973414,60
-72.7024247,-39.9732996,60
-72.7024253,-39.9731853,60
-72.7024257,-39.9730835,60
-72.7024255,-39.9729654,60
-72.7024258,-39.9728499,60
-72.7024264,-39.9727328,60
-72.7024266,-39.9726259,60
-72.702426,-39.9725085,60
-72.7024256,-39.9724287,60
-72.7024247,-39.9723473,60
-72.7024251,-39.9722529,60
-72.7024258,-39.9721594,60
-72.7024252,-39.9720452,60
-72.702425,-39.9719237,60
-72.7024212,-39.9718203,60
-72.7024034,-39.9717326,60
-72.7023673,-39.9716423,60
-72.702331,-39.9715523,60
-72.7023007,-39.9714748,60
-72.7022748,-39.9714125,60
-72.7022484,-39.9713468,60
-72.7022251,-39.971267,60
-72.7022143,-39.9711813,60
-72.7022097,-39.9711032,60
-72.7022047,-39.971015,60
-72.7022005,-39.9709491,60
-72.7021963,-39.9708806,60
-72.7021913,-39.9707899,60
-72.7021881,-39.9706906,60
-72.7021843,-39.9706009,60
-72.7021776,-39.970494,60
-72.7021723,-39.9703865,60
-72.7021688,-39.9702933,60
-72.7021625,-39.9701871,60
-72.7021574,-39.9700902,60
-72.7021553,-39.9700249,60
-72.7021526,-39.9699736,60
-72.7021487,-39.9698986,60
-72.702145,-39.9698211,60
-72.7021421,-39.9697399,60
-72.7021375,-39.9696378,60
-72.7021337,-39.9695611,60
-72.7021306,-39.9695264,60
-72.702128,-39.9695166,60
-72.7021269,-39.9695318,60
-72.702128,-39.9695653,60
-72.7021291,-39.9696135,60
-72.7021281,-39.9696754,60
-72.7021284,-39.9697614,60
-72.702128,-39.9698612,60
-72.7021276,-39.9699605,60
-72.7021275,-39.9700792,60
-72.7021276,-39.9701982,60
-72.7021282,-39.9702977,60
-72.7021279,-39.9704063,60
-72.7021275,-39.9705051,60
-72.7021279,-39.9706025,60
-72.7021268,-39.970726,60
-72.7021269,-39.9708487,60
-72.702126,-39.9709573,60
-72.7021259,-39.9710789,60
-72.7021261,-39.9712003,60
-72.7021272,-39.9713065,60
-72.7021267,-39.9714175,60
-72.7021268,-39.9715151,60
-72.7021266,-39.9715685,60
-72.7021272,-39.9715941,60
-72.7021282,-39.9716173,60
-72.7021281,-39.9716585,60
-72.7021281,-39.9717188,60
-72.7021274,-39.9718059,60
-72.7021275,-39.9719045,60
-72.7021263,-39.9720029,60
-72.7021257,-39.9721198,60
-72.7021267,-39.9722275,60
-72.7021266,-39.9723481,60
-72.7021264,-39.9724685,60
-72.7021277,-39.9725874,60
-72.7021284,-39.9726777,60
-72.7021266,-39.9727688,60
-72.7021264,-39.9728618,60
-72.7021263,-39.9729396,60
-72.7021265,-39.973036,60
-72.702126,-39.9731335,60
-72.702126,-39.9732537,60
-72.7021261,-39.9733776,60
-72.7021263,-39.9734871,60
-72.7021264,-39.973608,60
-72.7021267,-39.9737274,60
-72.7021265,-39.9738466,60
-72.702126,-39.9739538,60
-72.7021263,-39.9740718,60
-72.7021264,-39.9741767,60
-72.7021269,-39.9742964,60
-72.7021267,-39.9744148,60
-72.7021269,-39.974533,60
-72.7021268,-39.9746411,60
-72.7021253,-39.9747605,60
-72.7021255,-39.9748799,60
-72.7021262,-39.9749871,60
-72.7021261,-39.9751056,60
-72.7021259,-39.9752114,60
-72.7021257,-39.9753306,60
-72.7021253,-39.9754502,60
-72.7021254,-39.9755691,60
-72.7021252,-39.9756754,60
-72.7021261,-39.975794,60
-72.7021272,-39.9759124,60
-72.7021265,-39.9760189,60
-72.7021262,-39.9761375,60
-72.7021257,-39.9762561,60
-72.7021257,-39.9763625,60
-72.7021226,-39.9764703,60
-72.7021006,-39.976529,60
-72.7020539,-39.9765492,60
-72.7019853,-39.9765466,60
-72.7019078,-39.9765317,60
-72.7018543,-39.9764999,60
-72.7018313,-39.9764445,60
-72.701828,-39.9763895,60
-72.7018265,-39.9763158,60
-72.7018261,-39.9762277,60
-72.7018267,-39.9761351,60
-72.7018261,-39.9760405,60
-72.7018265,-39.9759279,60
-72.7018253,-39.9758083,60
-72.7018248,-39.9756993,60
-72.7018253,-39.975579,60
-72.7018265,-39.9754644,60
-72.7018257,-39.9753625,60
-72.7018248,-39.9752452,60
-72.701824,-39.9751378,60
-72.7018239,-39.9750425,60
-72.7018242,-39.9749324,60
-72.7018241,-39.9748171,60
-72.7018258,-39.9747114,60
-72.701827,-39.9745926,60
-72.701827,-39.9744735,60
-72.701827,-39.9743654,60
-72.701827,-39.9742446,60
-72.7018272,-39.9741256,60
-72.7018276,-39.974014,60
-72.7018286,-39.9739174,60
-72.7018286,-39.9738083,60
-72.701827,-39.9736999,60
-72.7018272,-39.9736134,60
-72.7018276,-39.9735165,60
-72.7018279,-39.973425,60
-72.7018284,-39.9733419,60
-72.7018276,-39.9732473,60
-72.7018274,-39.9731586,60
-72.7018251,-39.9730716,60
-72.7018258,-39.9729763,60
-72.7018261,-39.9728794,60
-72.7018273,-39.9727843,60
-72.7018267,-39.972673,60
-72.7018277,-39.9725558,60
-72.7018268,-39.9724527,60
-72.7018267,-39.9723388,60
-72.7018264,-39.9722281,60
-72.7018254,-39.9721234,60
-72.7018254,-39.9720192,60
-72.7018255,-39.9719267,60
-72.701825,-39.9718398,60
-72.7018248,-39.9717478,60
-72.7018262,-39.9716631,60
-72.7018268,-39.9715784,60
-72.701827,-39.9715036,60
-72.7018261,-39.9714107,60
-72.7018257,-39.9713195,60
-72.7018262,-39.971206,60
-72.7018266,-39.9710869,60
-72.7018285,-39.9709792,60
-72.7018271,-39.9708567,60
-72.7018265,-39.9707365,60
-72.7018269,-39.9706354,60
-72.7018272,-39.9705202,60
-72.7018266,-39.9704048,60
-72.7018277,-39.9702886,60
-72.7018275,-39.970208,60
-72.7018261,-39.9701247,60
-72.7018262,-39.9700271,60
-72.7018268,-39.9699407,60
-72.7018254,-39.9698561,60
-72.7018258,-39.9697574,60
-72.7018267,-39.9696705,60
-72.7018258,-39.9695684,60
-72.7018272,-39.9694584,60
-72.7018284,-39.9693522,60
-72.7018283,-39.9692369,60
-72.7018271,-39.9691242,60
-72.7018264,-39.9690265,60
-72.7018271,-39.9689216,60
-72.7018277,-39.9688075,60
-72.7018238,-39.9687004,60
-72.7018023,-39.9685899,60
-72.7017398,-39.9684937,60
-72.7016642,-39.9684059,60
-72.7015992,-39.9683306,60
-72.7015599,-39.9683014,60
-72.7015319,-39.9683108,60
-72.701528,-39.9683459,60
-72.7015285,-39.9683908,60
-72.7015281,-39.9684508,60
-72.7015275,-39.9685328,60
-72.7015279,-39.9686312,60
-72.7015277,-39.9687283,60
-72.7015276,-39.9688468,60
-72.7015276,-39.9689686,60
-72.7015272,-39.9690771,60
-72.7015276,-39.9691933,60
-72.7015275,-39.9693123,60
-72.7015274,-39.9694217,60
-72.7015276,-39.9695418,60
-72.7015275,-39.9696617,60
-72.7015277,-39.9697691,60
-72.7015285,-39.9698837,60
-72.7015279,-39.969997,60
-72.701528,-39.9701049,60
-72.701528,-39.9702251,60
-72.701528,-39.9703446,60
-72.7015281,-39.9704514,60
-72.7015274,-39.9705699,60
-72.7015277,-39.9706884,60
-72.7015275,-39.97079,60
-72.7015271,-39.9709057,60
-72.7015272,-39.9710238,60
-72.7015271,-39.9711464,60
-72.7015276,-39.971256,60
-72.7015274,-39.9713764,60
-72.7015279,-39.9714844,60
-72.7015284,-39.9716037,60
-72.701529,-39.9717223,60
-72.7015275,-39.971842,60
-72.7015274,-39.971945,60
-72.7015278,-39.9720616,60
-72.7015272,-39.9721813,60
-72.701528,-39.9722871,60
-72.7015281,-39.9724061,60
-72.7015277,-39.9725131,60
-72.7015277,-39.9726327,60
-72.7015277,-39.9727521,60
-72.7015276,-39.9728705,60
-72.7015278,-39.9729776,60
-72.7015277,-39.9730961,60
-72.7015272,-39.9732028,60
-72.7015274,-39.9733211,60
-72.7015266,-39.9734401,60
-72.7015272,-39.9735478,60
-72.7015275,-39.9736667,60
-72.7015284,-39.9737811,60
-72.7015287,-39.9739002,60
-72.7015288,-39.9740076,60
-72.701528,-39.9741266,60
-72.7015274,-39.9742454,60
-72.7015272,-39.9743527,60
-72.7015268,-39.9744713,60
-72.701527,-39.9745904,60
-72.7015265,-39.9746974,60
-72.7015272,-39.9748167,60
-72.7015276,-39.9749358,60
-72.7015278,-39.9750426,60
-72.7015274,-39.9751618,60
-72.7015274,-39.9752805,60
-72.7015274,-39.975387,60
-72.7015273,-39.9755061,60
-72.7015267,-39.9756123,60
-72.701527,-39.975731,60
-72.7015276,-39.9758499,60
-72.7015276,-39.9759691,60
-72.701528,-39.9760741,60
-72.7015276,-39.9761894,60
-72.7015272,-39.9763022,60
-72.701522,-39.9763885,60
-72.7015047,-39.9764474,60
-72.7014591,-39.9764718,60
-72.7013997,-39.9764673,60
-72.7013208,-39.9764497,60
-72.7012584,-39.976413,60
-72.7012349,-39.9763631,60
-72.7012291,-39.9763004,60
-72.7012291,-39.9762242,60
-72.7012297,-39.9761457,60
-72.7012303,-39.9760507,60
-72.7012292,-39.9759489,60
-72.7012282,-39.9758488,60
-72.701228,-39.9757332,60
-72.7012274,-39.9756122,60
-72.7012263,-39.9755077,60
-72.7012257,-39.9754206,60
-72.7012261,-39.9753603,60
-72.7012266,-39.9753015,60
-72.7012269,-39.975222,60
-72.7012266,-39.9751303,60
-72.7012268,-39.9750326,60
-72.7012279,-39.974939,60
-72.7012271,-39.9748267,60
-72.7012286,-39.9747213,60
-72.7012286,-39.9746011,60
-72.7012277,-39.9744758,60
-72.7012278,-39.9743543,60
-72.7012274,-39.9742465,60
-72.7012274,-39.974129,60
-72.7012273,-39.9740249,60
-72.7012272,-39.9739139,60
-72.7012273,-39.9737992,60
-72.7012272,-39.973696,60
-72.7012273,-39.9735792,60
-72.7012276,-39.9734635,60
-72.7012281,-39.973362,60
-72.7012276,-39.9732518,60
-72.7012278,-39.9731403,60
-72.7012287,-39.97303,60
-72.7012285,-39.9729316,60
-72.7012282,-39.9728201,60
-72.7012287,-39.9727156,60
-72.701229,-39.9725997,60
-72.7012285,-39.9724829,60
-72.7012287,-39.9723801,60
-72.7012278,-39.9722664,60
-72.7012288,-39.9721065,60
-72.7012283,-39.9720474,60
-72.7012271,-39.9719318,60
-72.7012268,-39.9718154,60
-72.7012283,-39.9716978,60
-72.7012277,-39.9715916,60
-72.7012285,-39.9714735,60
-72.7012282,-39.971369,60
-72.7012277,-39.9712502,60
-72.701228,-39.9711295,60
-72.7012282,-39.9710196,60
-72.7012279,-39.9708975,60
-72.7012277,-39.9707759,60
-72.7012262,-39.9706678,60
-72.7012257,-39.970551,60
-72.7012262,-39.9704351,60
-72.701227,-39.9703291,60
-72.701228,-39.9702074,60
-72.7012289,-39.9700876,60
-72.7012284,-39.9699818,60
-72.7012291,-39.9698657,60
-72.7012287,-39.9697448,60
-72.7012287,-39.9696241,60
-72.7012282,-39.9695167,60
-72.7012289,-39.9693985,60
-72.7012284,-39.9692927,60
-72.7012292,-39.9691746,60
-72.7012293,-39.9690551,60
-72.7012286,-39.9689495,60
-72.701227,-39.968834,60
-72.701228,-39.9687256,60
-72.7012278,-39.9686161,60
-72.701228,-39.9685197,60
-72.7012285,-39.9684163,60
-72.7012297,-39.9683039,60
-72.7012283,-39.9681989,60
-72.7012158,-39.9681031,60
-72.7011743,-39.9680333,60
-72.701096,-39.9679821,60
-72.7010125,-39.9679476,60
-72.7009634,-39.9679494,60
-72.7009347,-39.9679803,60
-72.7009297,-39.9680284,60
-72.7009292,-39.9680892,60
-72.7009293,-39.9681606,60
-72.7009286,-39.9682543,60
-72.7009295,-39.9683599,60
-72.7009293,-39.9684625,60
-72.7009297,-39.9685797,60
-72.7009297,-39.9687026,60
-72.7009291,-39.9688124,60
-72.7009292,-39.9689325,60
-72.700929,-39.9690518,60
-72.7009286,-39.9691595,60
-72.7009288,-39.9692792,60
-72.7009288,-39.9693983,60
-72.7009292,-39.9695058,60
-72.7009288,-39.9696251,60
-72.7009291,-39.969744,60
-72.7009293,-39.9698507,60
-72.7009291,-39.9699688,60
-72.7009294,-39.9700871,60
-72.7009296,-39.9701938,60
-72.7009298,-39.9703126,60
-72.7009293,-39.9704313,60
-72.7009293,-39.9705373,60
-72.7009288,-39.9706557,60
-72.7009295,-39.9707741,60
-72.7009293,-39.9708811,60
-72.7009293,-39.9709997,60
-72.7009295,-39.9711181,60
-72.7009294,-39.971225,60
-72.7009297,-39.9713434,60
-72.7009295,-39.9714623,60
-72.7009295,-39.971569,60
-72.7009295,-39.9716879,60
-72.70093,-39.9718071,60
-72.7009292,-39.9719257,60
-72.7009283,-39.9720327,60
-72.7009286,-39.9721516,60
-72.7009292,-39.9722714,60
-72.7009291,-39.9723793,60
-72.700929,-39.9724985,60
-72.7009287,-39.9726172,60
-72.7009285,-39.972724,60
-72.7009288,-39.9728435,60
-72.7009283,-39.9729621,60
-72.7009285,-39.9730692,60
-72.7009284,-39.9731884,60
-72.7009288,-39.9732954,60
-72.7009284,-39.9734148,60
-72.7009285,-39.9735339,60
-72.7009284,-39.9736529,60
-72.7009281,-39.9737601,60
-72.7009282,-39.9738787,60
-72.7009281,-39.9739854,60
-72.7009285,-39.9741043,60
-72.7009284,-39.974223,60
-72.7009277,-39.9743299,60
-72.700928,-39.9744486,60
-72.7009279,-39.9745673,60
-72.7009285,-39.9746861,60
-72.7009286,-39.974793,60
-72.7009281,-39.9749119,60
-72.7009278,-39.97503,60
-72.7009281,-39.9751367,60
-72.7009278,-39.9752552,60
-72.7009279,-39.9753739,60
-72.7009283,-39.97548,60
-72.7009282,-39.9755981,60
-72.7009278,-39.975695,60
-72.7009281,-39.9757892,60
-72.7009291,-39.9759081,60
-72.7009287,-39.97602,60
-72.7009275,-39.9761115,60
-72.7009188,-39.9761655,60
-72.7009093,-39.9761864,60
-72.7008958,-39.9761769,60
-72.7008836,-39.9761521,60
-72.7008638,-39.9761061,60
-72.700843,-39.9760528,60
-72.7008193,-39.9759935,60
-72.7007988,-39.9759385,60
-72.7007776,-39.9758858,60
-72.7007529,-39.9758237,60
-72.7007282,-39.9757626,60
-72.7007051,-39.9757066,60
-72.700688,-39.9756618,60
-72.7006773,-39.9756359,60
-72.7006656,-39.9756076,60
-72.7006543,-39.9755738,60
-72.7006422,-39.9755283,60
-72.7006335,-39.9754762,60
-72.7006295,-39.9754018,60
-72.7006296,-39.9753151,60
-72.7006285,-39.9752276,60
-72.7006288,-39.975132,60
-72.7006288,-39.9750338,60
-72.7006293,-39.9749262,60
-72.7006289,-39.9748286,60
-72.700629,-39.9747219,60
-72.7006285,-39.9746215,60
-72.7006293,-39.9745115,60
-72.7006297,-39.974401,60
-72.7006301,-39.9743009,60
-72.7006298,-39.97419,60
-72.7006291,-39.9740782,60
-72.7006281,-39.9739751,60
-72.7006283,-39.9738594,60
-72.7006282,-39.9737447,60
-72.7006286,-39.9736287,60
-72.70063,-39.9735226,60
-72.7006298,-39.9734042,60
-72.7006301,-39.9733059,60
-72.7006311,-39.9731969,60
-72.7006313,-39.9730845,60
-72.7006306,-39.9729834,60
-72.7006304,-39.9728722,60
-72.7006282,-39.9727597,60
-72.7006275,-39.9726542,60
-72.7006295,-39.9725397,60
-72.7006296,-39.9724267,60
-72.7006288,-39.9723265,60
-72.7006294,-39.9722138,60
-72.7006295,-39.9721048,60
-72.7006307,-39.9720064,60
-72.7006305,-39.9718949,60
-72.7006274,-39.9717828,60
-72.7006273,-39.971681,60
-72.7006283,-39.9715623,60
-72.7006289,-39.9714403,60
-72.7006281,-39.9713174,60
-72.700629,-39.9712085,60
-72.7006287,-39.9710902,60
-72.7006292,-39.9709724,60
-72.7006297,-39.9708669,60
-72.7006296,-39.970749,60
-72.7006296,-39.9706434,60
-72.7006304,-39.9705266,60
-72.7006307,-39.9704111,60
-72.7006306,-39.9703074,60
-72.700631,-39.9701923,60
-72.7006298,-39.9700751,60
-72.70063,-39.9699683,60
-72.7006292,-39.969847,60
-72.7006291,-39.9697219,60
-72.7006283,-39.969611,60
-72.7006282,-39.969493,60
-72.7006277,-39.9693773,60
-72.7006273,-39.9692667,60
-72.7006285,-39.9691512,60
-72.7006292,-39.969042,60
-72.700629,-39.9689194,60
-72.70063,-39.9688151,60
-72.7006287,-39.968713,60
-72.7006289,-39.9686034,60
-72.7006298,-39.9685077,60
-72.70063,-39.96841,60
-72.7006304,-39.9683085,60
-72.7006302,-39.968203,60
-72.7006248,-39.9681207,60
-72.7006101,-39.968074,60
-72.700563,-39.9680628,60
-72.7005162,-39.9680764,60
-72.7004624,-39.9681057,60
-72.7003958,-39.9681497,60
-72.7003484,-39.9682142,60
-72.7003307,-39.9682992,60
-72.7003289,-39.9683819,60
-72.7003295,-39.9684814,60
-72.7003308,-39.9685904,60
-72.7003306,-39.9687023,60
-72.7003294,-39.9688284,60
-72.7003296,-39.9689519,60
-72.7003301,-39.9690616,60
-72.7003302,-39.9691829,60
-72.7003306,-39.9692921,60
-72.7003304,-39.9694124,60
-72.700331,-39.9695316,60
-72.7003307,-39.9696514,60
-72.7003302,-39.9697591,60
-72.7003303,-39.9698784,60
-72.7003306,-39.969997,60
-72.7003299,-39.9701157,60
-72.7003297,-39.9702224,60
-72.7003297,-39.9703415,60
-72.7003301,-39.970448,60
-72.7003297,-39.9705664,60
-72.7003295,-39.9706848,60
-72.7003298,-39.9708039,60
-72.7003301,-39.970911,60
-72.7003299,-39.9710301,60
-72.7003298,-39.9711369,60
-72.7003304,-39.971256,60
-72.7003306,-39.9713745,60
-72.7003304,-39.9714813,60
-72.700331,-39.9715989,60
-72.700331,-39.9717182,60
-72.7003309,-39.9718255,60
-72.7003312,-39.9719444,60
-72.7003309,-39.9720632,60
-72.7003304,-39.9721823,60
-72.7003308,-39.9722889,60
-72.7003305,-39.9724078,60
-72.7003303,-39.9725145,60
-72.70033,-39.9726332,60
-72.7003302,-39.9727521,60
-72.7003298,-39.9728709,60
-72.7003298,-39.9729775,60
-72.7003297,-39.9730959,60
-72.7003298,-39.9732028,60
-72.7003301,-39.9733216,60
-72.7003302,-39.9734405,60
-72.7003298,-39.9735593,60
-72.7003299,-39.9736664,60
-72.7003299,-39.9737849,60
-72.7003297,-39.9739038,60
-72.7003296,-39.9740105,60
-72.7003297,-39.9741414,60
-72.7003296,-39.9742481,60
-72.7003295,-39.9743548,60
-72.7003298,-39.9744738,60
-72.7003287,-39.9745758,60
-72.7003213,-39.9746442,60
-72.7003112,-39.9746683,60
-72.7002988,-39.9746629,60
-72.7002862,-39.97464,60
-72.7002687,-39.9745979,60
-72.7002489,-39.9745499,60
-72.7002206,-39.9744809,60
-72.7001893,-39.9744021,60
-72.7001542,-39.974314,60
-72.7001214,-39.9742333,60
-72.7000863,-39.9741438,60
-72.7000548,-39.9740557,60
-72.7000364,-39.9739556,60
-72.7000319,-39.9738517,60
-72.700031,-39.9737497,60
-72.7000303,-39.9736544,60
-72.7000295,-39.9735449,60
-72.7000299,-39.9734472,60
-72.7000302,-39.9733375,60
-72.7000304,-39.9732268,60
-72.7000311,-39.9731265,60
-72.7000311,-39.9730172,60
-72.7000309,-39.9729051,60
-72.7000306,-39.9727921,60
-72.7000305,-39.9726883,60
-72.7000301,-39.972573,60
</coordinates></LineString>
</Placemark>
<Placemark>
<name>DJI_202603231317_004_ELSALTO002_Timestamp.MRK</name>
<description>Equipo: M3E | Fecha: 23-03-2026 | Puntos: 197</description>
<styleUrl>#m3e</styleUrl>
<LineString><altitudeMode>relativeToGround</altitudeMode><coordinates>
-72.7000293,-39.9725188,60
-72.7000296,-39.9724955,60
-72.7000298,-39.9724524,60
-72.7000304,-39.9723872,60
-72.7000304,-39.9723126,60
-72.7000305,-39.9722324,60
-72.7000313,-39.9721327,60
-72.7000314,-39.9720231,60
-72.7000308,-39.9719206,60
-72.7000297,-39.9718068,60
-72.7000294,-39.9716931,60
-72.7000303,-39.9715895,60
-72.7000306,-39.9714736,60
-72.700031,-39.9713691,60
-72.7000313,-39.9712534,60
-72.700031,-39.9711359,60
-72.7000305,-39.9710295,60
-72.7000301,-39.9709095,60
-72.7000304,-39.9707871,60
-72.70003,-39.9706681,60
-72.7000305,-39.9705602,60
-72.7000304,-39.9704367,60
-72.7000302,-39.970316,60
-72.7000297,-39.9702085,60
-72.7000301,-39.9700905,60
-72.70003,-39.9699732,60
-72.7000293,-39.9698764,60
-72.700029,-39.9697746,60
-72.7000305,-39.969664,60
-72.700032,-39.9695533,60
-72.7000294,-39.9694591,60
-72.7000309,-39.9693424,60
-72.7000305,-39.9692375,60
-72.7000295,-39.9691285,60
-72.7000289,-39.9690155,60
-72.7000299,-39.9689091,60
-72.7000315,-39.9688011,60
-72.7000305,-39.968691,60
-72.7000316,-39.9685861,60
-72.7000276,-39.9684745,60
-72.7000119,-39.9684087,60
-72.6999826,-39.9683859,60
-72.6999326,-39.9683963,60
-72.6998886,-39.9684172,60
-72.6998324,-39.9684484,60
-72.699776,-39.9684958,60
-72.6997371,-39.9685718,60
-72.6997296,-39.9686596,60
-72.6997305,-39.9687466,60
-72.6997309,-39.9688528,60
-72.699731,-39.968954,60
-72.6997308,-39.9690715,60
-72.6997305,-39.9691914,60
-72.6997308,-39.9693067,60
-72.6997317,-39.9694033,60
-72.6997325,-39.969519,60
-72.699732,-39.9696386,60
-72.699732,-39.9697471,60
-72.6997318,-39.9698665,60
-72.6997316,-39.9699865,60
-72.6997314,-39.9700941,60
-72.6997312,-39.9702131,60
-72.6997314,-39.970332,60
-72.6997311,-39.9704386,60
-72.6997312,-39.970557,60
-72.6997313,-39.9706636,60
-72.6997311,-39.9707825,60
-72.6997311,-39.9709011,60
-72.6997308,-39.9710074,60
-72.6997306,-39.971126,60
-72.6997308,-39.9712444,60
-72.6997308,-39.9713632,60
-72.6997316,-39.9714698,60
-72.6997313,-39.9715883,60
-72.699731,-39.9717064,60
-72.6997309,-39.9718132,60
-72.6997308,-39.9719316,60
-72.6997308,-39.97205,60
-72.6997305,-39.9721568,60
-72.6997303,-39.9722755,60
-72.6997305,-39.972394,60
-72.699731,-39.9725004,60
-72.6997312,-39.9726187,60
-72.6997308,-39.972737,60
-72.6997312,-39.9728434,60
-72.6997315,-39.9729619,60
-72.6997308,-39.9730726,60
-72.6997262,-39.9731373,60
-72.6997152,-39.9731687,60
-72.6997066,-39.9731625,60
-72.6996957,-39.9731405,60
-72.6996792,-39.9731049,60
-72.6996564,-39.9730505,60
-72.6996337,-39.9729921,60
-72.6996005,-39.9729133,60
-72.6995638,-39.9728218,60
-72.6995245,-39.9727215,60
-72.6994867,-39.972626,60
-72.6994502,-39.9725144,60
-72.6994359,-39.9724108,60
-72.6994343,-39.9722959,60
-72.6994347,-39.9721817,60
-72.699434,-39.972067,60
-72.699433,-39.9719651,60
-72.6994324,-39.971852,60
-72.6994332,-39.971738,60
-72.6994303,-39.9716349,60
-72.6994308,-39.971514,60
-72.6994312,-39.9714009,60
-72.699431,-39.9712796,60
-72.6994313,-39.9711622,60
-72.6994315,-39.9710569,60
-72.6994309,-39.9709385,60
-72.6994311,-39.9708177,60
-72.699431,-39.9707102,60
-72.699431,-39.9705936,60
-72.6994311,-39.9704745,60
-72.6994303,-39.9703674,60
-72.6994311,-39.9702492,60
-72.699432,-39.9701309,60
-72.6994322,-39.9700239,60
-72.6994317,-39.969905,60
-72.6994317,-39.9697879,60
-72.6994317,-39.9696837,60
-72.699432,-39.9695705,60
-72.699432,-39.9694535,60
-72.6994316,-39.9693314,60
-72.6994321,-39.9692273,60
-72.6994326,-39.969112,60
-72.6994308,-39.9690009,60
-72.6994311,-39.9688788,60
-72.6994282,-39.9687707,60
-72.699413,-39.9687134,60
-72.6993709,-39.9686862,60
-72.6993127,-39.9686955,60
-72.6992581,-39.9687161,60
-72.6991873,-39.9687563,60
-72.6991412,-39.9688209,60
-72.6991319,-39.9688887,60
-72.6991311,-39.9689716,60
-72.699132,-39.9690688,60
-72.6991323,-39.9691673,60
-72.6991332,-39.9692853,60
-72.6991341,-39.9694057,60
-72.699135,-39.9694984,60
-72.699133,-39.9696009,60
-72.699133,-39.9697139,60
-72.699133,-39.9698205,60
-72.6991333,-39.96994,60
-72.6991328,-39.9700591,60
-72.6991331,-39.9701667,60
-72.6991337,-39.9702857,60
-72.6991336,-39.9704048,60
-72.6991337,-39.9705116,60
-72.6991335,-39.9706227,60
-72.6991331,-39.9707291,60
-72.6991328,-39.9708494,60
-72.699134,-39.9709693,60
-72.6991338,-39.9710889,60
-72.6991342,-39.9711961,60
-72.6991332,-39.9713146,60
-72.6991331,-39.9714338,60
-72.6991317,-39.971538,60
-72.6991265,-39.9716194,60
-72.6991136,-39.9716618,60
-72.6991061,-39.9716594,60
-72.6990972,-39.9716295,60
-72.6990855,-39.9716002,60
-72.6990639,-39.9715507,60
-72.6990415,-39.9714939,60
-72.6990112,-39.9714223,60
-72.6989806,-39.9713424,60
-72.6989498,-39.971265,60
-72.6989124,-39.9711727,60
-72.6988779,-39.9710847,60
-72.6988498,-39.9709934,60
-72.6988356,-39.9708808,60
-72.6988334,-39.9707618,60
-72.6988335,-39.9706553,60
-72.6988328,-39.9705397,60
-72.698833,-39.9704239,60
-72.698833,-39.9703204,60
-72.6988338,-39.9702056,60
-72.6988324,-39.9700875,60
-72.6988322,-39.9699837,60
-72.6988323,-39.9698669,60
-72.698833,-39.9697605,60
-72.6988305,-39.9696457,60
-72.6988318,-39.9695484,60
-72.6988315,-39.9694563,60
-72.6988327,-39.9693483,60
-72.698832,-39.9692383,60
-72.6988326,-39.9691295,60
-72.6988335,-39.969023,60
-72.698837,-39.9689696,60
-72.6988346,-39.9689499,60
-72.6988323,-39.9689502,60
</coordinates></LineString>
</Placemark>
<Placemark>
<name>DJI_202603231359_001_salto005_Timestamp.MRK</name>
<description>Equipo: M3E | Fecha: 23-03-2026 | Puntos: 1081</description>
<styleUrl>#m3e</styleUrl>
<LineString><altitudeMode>relativeToGround</altitudeMode><coordinates>
-72.7005358,-40.0005342,60
-72.7005652,-40.0005269,60
-72.7006279,-40.0005106,60
-72.7007059,-40.0004903,60
-72.7008083,-40.0004646,60
-72.7009249,-40.0004336,60
-72.701045,-40.0004034,60
-72.7011908,-40.0003674,60
-72.7013429,-40.0003304,60
-72.7014796,-40.0002973,60
-72.7016267,-40.0002603,60
-72.7017729,-40.0002229,60
-72.7019023,-40.0001906,60
-72.7020425,-40.000155,60
-72.7021301,-40.0001334,60
-72.7021699,-40.0001207,60
-72.7021856,-40.0001121,60
-72.7021619,-40.0001121,60
-72.70213,-40.0001174,60
-72.7020676,-40.0001257,60
-72.7019753,-40.0001358,60
-72.7018701,-40.0001484,60
-72.7017409,-40.0001646,60
-72.7015998,-40.000182,60
-72.701463,-40.0001985,60
-72.7013058,-40.0002172,60
-72.7011491,-40.0002357,60
-72.7009948,-40.0002548,60
-72.7008553,-40.0002705,60
-72.700707,-40.0002896,60
-72.7005837,-40.000303,60
-72.7005027,-40.0003085,60
-72.70049,-40.0003034,60
-72.7005163,-40.0002968,60
-72.7005622,-40.0002858,60
-72.7006375,-40.0002669,60
-72.700727,-40.0002438,60
-72.7008401,-40.0002149,60
-72.7009726,-40.0001803,60
-72.7011022,-40.0001493,60
-72.7012515,-40.0001116,60
-72.7013948,-40.0000752,60
-72.7015302,-40.0000422,60
-72.7016816,-40.0000038,60
-72.7018286,-39.999968,60
-72.7019737,-39.9999324,60
-72.7021016,-39.9998978,60
-72.7022451,-39.9998639,60
-72.7023744,-39.999831,60
-72.7025231,-39.9997932,60
-72.7026692,-39.9997561,60
-72.7027891,-39.9997274,60
-72.7028884,-39.999702,60
-72.7029857,-39.9996794,60
-72.7030661,-39.9996578,60
-72.7031436,-39.9996383,60
-72.7032363,-39.9996159,60
-72.7033093,-39.9995995,60
-72.7033852,-39.9995805,60
-72.7034855,-39.9995552,60
-72.7035887,-39.99953,60
-72.7037199,-39.999497,60
-72.7038624,-39.9994607,60
-72.7039983,-39.9994285,60
-72.7041383,-39.9993921,60
-72.7042855,-39.9993532,60
-72.7044152,-39.9993097,60
-72.7045428,-39.9992447,60
-72.7046609,-39.9991736,60
-72.7047816,-39.9991014,60
-72.7048909,-39.9990348,60
-72.7049728,-39.9989818,60
-72.7049985,-39.9989562,60
-72.7049842,-39.9989448,60
-72.704946,-39.9989531,60
-72.7048913,-39.9989684,60
-72.7048185,-39.998987,60
-72.7047157,-39.9990128,60
-72.704594,-39.9990433,60
-72.7044719,-39.9990732,60
-72.704325,-39.9991094,60
-72.7041901,-39.9991429,60
-72.7040407,-39.9991796,60
-72.7038919,-39.9992159,60
-72.7037447,-39.9992517,60
-72.703611,-39.9992838,60
-72.7034624,-39.9993201,60
-72.7033137,-39.9993555,60
-72.703182,-39.9993895,60
-72.7030346,-39.9994268,60
-72.7028881,-39.9994646,60
-72.7027568,-39.999498,60
-72.7026082,-39.9995336,60
-72.7024615,-39.9995705,60
-72.7023303,-39.9996037,60
-72.7021825,-39.9996399,60
-72.7020354,-39.9996761,60
-72.7019022,-39.9997085,60
-72.7017646,-39.9997423,60
-72.7016195,-39.9997799,60
-72.7014866,-39.9998137,60
-72.7013393,-39.9998511,60
-72.7011913,-39.9998872,60
-72.7010551,-39.9999192,60
-72.7009064,-39.9999559,60
-72.70078,-39.9999867,60
-72.7006647,-40.0000171,60
-72.7005236,-40.000052,60
-72.7003775,-40.0000856,60
-72.7002826,-40.0001018,60
-72.7002197,-40.0000898,60
-72.7001762,-40.0000498,60
-72.7001377,-40.000004,60
-72.7001031,-39.9999454,60
-72.7000957,-39.9999207,60
-72.7001218,-39.9999096,60
-72.700171,-39.9998994,60
-72.7002407,-39.9998817,60
-72.7003281,-39.9998592,60
-72.7004394,-39.9998322,60
-72.7005718,-39.9997967,60
-72.7006934,-39.9997675,60
-72.7008237,-39.999734,60
-72.7009638,-39.999699,60
-72.7011126,-39.9996618,60
-72.7012482,-39.9996287,60
-72.7013963,-39.9995929,60
-72.7015291,-39.9995601,60
-72.7016776,-39.9995235,60
-72.701825,-39.9994866,60
-72.701956,-39.9994538,60
-72.7021015,-39.9994179,60
-72.7022494,-39.999382,60
-72.702384,-39.9993482,60
-72.7025309,-39.9993111,60
-72.7026664,-39.9992779,60
-72.7027999,-39.9992416,60
-72.7029506,-39.9992054,60
-72.7030998,-39.9991684,60
-72.7032329,-39.9991348,60
-72.7033803,-39.9990975,60
-72.7035268,-39.9990613,60
-72.7036585,-39.999028,60
-72.7038062,-39.9989917,60
-72.7039542,-39.9989549,60
-72.7040944,-39.9989198,60
-72.7042255,-39.9988863,60
-72.7043729,-39.9988494,60
-72.7045217,-39.9988147,60
-72.704655,-39.9987806,60
-72.7048022,-39.998745,60
-72.7049225,-39.9987118,60
-72.7049794,-39.9986838,60
-72.7050029,-39.9986333,60
-72.7049956,-39.9985829,60
-72.7049721,-39.9985254,60
-72.7049268,-39.9984936,60
-72.7048649,-39.9984929,60
-72.7047923,-39.9985099,60
-72.704701,-39.9985326,60
-72.704601,-39.9985582,60
-72.7044738,-39.9985895,60
-72.7043336,-39.9986242,60
-72.7041846,-39.9986616,60
-72.7040483,-39.9986942,60
-72.7038982,-39.9987303,60
-72.7037505,-39.9987675,60
-72.7036176,-39.9988004,60
-72.7034704,-39.9988366,60
-72.7033226,-39.9988735,60
-72.7031897,-39.998906,60
-72.7030426,-39.9989425,60
-72.7028964,-39.9989795,60
-72.7027636,-39.9990124,60
-72.7026158,-39.9990491,60
-72.7024685,-39.9990853,60
-72.7023365,-39.9991178,60
-72.7021884,-39.9991548,60
-72.7020409,-39.9991912,60
-72.7019081,-39.9992245,60
-72.7017605,-39.9992606,60
-72.7016134,-39.9992968,60
-72.7014814,-39.9993305,60
-72.7013339,-39.9993668,60
-72.7011874,-39.9994029,60
-72.7010571,-39.9994363,60
-72.700909,-39.9994738,60
-72.7007604,-39.9995106,60
-72.7006308,-39.9995438,60
-72.7005139,-39.999573,60
-72.7003969,-39.9996008,60
-72.7002844,-39.9996281,60
-72.7001702,-39.999658,60
-72.7000418,-39.9996919,60
-72.6999368,-39.999709,60
-72.6998509,-39.9997009,60
-72.6997799,-39.9996601,60
-72.6997296,-39.9996114,60
-72.6997076,-39.9995702,60
-72.6997317,-39.9995332,60
-72.6997795,-39.9995153,60
-72.6998492,-39.999499,60
-72.6999406,-39.999475,60
-72.7000398,-39.999449,60
-72.7001643,-39.9994169,60
-72.7003011,-39.9993825,60
-72.7004331,-39.9993506,60
-72.7005829,-39.9993126,60
-72.7007334,-39.9992758,60
-72.7008678,-39.9992434,60
-72.7010145,-39.9992053,60
-72.7011611,-39.9991688,60
-72.7013082,-39.9991333,60
-72.70144,-39.9990993,60
-72.7015862,-39.9990628,60
-72.7017127,-39.9990309,60
-72.7018621,-39.9989926,60
-72.7020119,-39.9989555,60
-72.7021571,-39.9989195,60
-72.7022871,-39.9988871,60
-72.7024372,-39.9988484,60
-72.7025704,-39.9988138,60
-72.7027096,-39.9987811,60
-72.7028581,-39.9987444,60
-72.7030071,-39.9987089,60
-72.7031393,-39.9986764,60
-72.7032876,-39.9986391,60
-72.7034372,-39.9986019,60
-72.7035698,-39.9985694,60
-72.7036984,-39.9985379,60
-72.7038309,-39.998503,60
-72.7039605,-39.9984703,60
-72.7041097,-39.9984338,60
-72.704244,-39.9984007,60
-72.7043929,-39.9983638,60
-72.7045407,-39.9983268,60
-72.7046884,-39.99829,60
-72.7047964,-39.99826,60
-72.7048582,-39.9982262,60
-72.7048756,-39.9981797,60
-72.7048671,-39.9981247,60
-72.7048401,-39.9980692,60
-72.7047967,-39.9980429,60
-72.7047282,-39.998045,60
-72.7046559,-39.9980627,60
-72.704563,-39.9980861,60
-72.7044614,-39.9981119,60
-72.7043328,-39.9981444,60
-72.7041915,-39.99818,60
-72.704054,-39.9982121,60
-72.7039008,-39.9982486,60
-72.7037507,-39.9982846,60
-72.7036179,-39.9983175,60
-72.7034706,-39.9983534,60
-72.7033234,-39.9983899,60
-72.7031899,-39.9984232,60
-72.7030412,-39.9984604,60
-72.7028935,-39.9984965,60
-72.7027607,-39.9985298,60
-72.7026131,-39.9985662,60
-72.7024655,-39.998602,60
-72.7023318,-39.9986362,60
-72.702184,-39.9986746,60
-72.7020379,-39.9987119,60
-72.7019066,-39.9987449,60
-72.7017601,-39.9987816,60
-72.701628,-39.9988141,60
-72.7014808,-39.998851,60
-72.7013319,-39.9988866,60
-72.7011836,-39.9989227,60
-72.701052,-39.9989555,60
-72.7009045,-39.9989919,60
-72.7007585,-39.9990285,60
-72.7006239,-39.9990615,60
-72.7004794,-39.9990972,60
-72.7003351,-39.9991342,60
-72.7002197,-39.999163,60
-72.7000809,-39.9991973,60
-72.699933,-39.9992339,60
-72.6998092,-39.9992636,60
-72.6996729,-39.999298,60
-72.699553,-39.9993227,60
-72.6994839,-39.9993217,60
-72.6994249,-39.9992929,60
-72.6993925,-39.999245,60
-72.6993774,-39.9991907,60
-72.6993914,-39.9991457,60
-72.6994389,-39.9991202,60
-72.6995065,-39.9991031,60
-72.6995972,-39.9990793,60
-72.6997026,-39.9990545,60
-72.6998123,-39.9990246,60
-72.6999436,-39.9989899,60
-72.7000842,-39.9989529,60
-72.7002181,-39.9989185,60
-72.7003673,-39.9988818,60
-72.7005153,-39.9988459,60
-72.7006486,-39.9988126,60
-72.7007952,-39.9987763,60
-72.7009418,-39.9987412,60
-72.7010745,-39.9987077,60
-72.701222,-39.9986711,60
-72.7013695,-39.9986341,60
-72.7015026,-39.9986013,60
-72.7016507,-39.9985638,60
-72.7017979,-39.9985274,60
-72.7019443,-39.9984909,60
-72.7020771,-39.9984577,60
-72.7022246,-39.998422,60
-72.7023703,-39.9983877,60
-72.7025039,-39.9983538,60
-72.7026513,-39.9983165,60
-72.7027986,-39.9982801,60
-72.7029306,-39.9982469,60
-72.7030775,-39.9982098,60
-72.7032246,-39.9981726,60
-72.7033577,-39.9981386,60
-72.7035052,-39.9981013,60
-72.7036523,-39.9980652,60
-72.7037723,-39.9980367,60
-72.703894,-39.9980035,60
-72.7040351,-39.9979666,60
-72.7041707,-39.9979341,60
-72.7043213,-39.9978966,60
-72.704471,-39.9978609,60
-72.7045983,-39.9978278,60
-72.7046969,-39.9977961,60
-72.704741,-39.9977551,60
-72.7047456,-39.9977066,60
-72.7047294,-39.9976492,60
-72.7046961,-39.9976026,60
-72.704642,-39.9975882,60
-72.7045713,-39.997599,60
-72.7044924,-39.9976183,60
-72.7044019,-39.997642,60
-72.7042827,-39.9976729,60
-72.7041493,-39.9977069,60
-72.7040173,-39.9977394,60
-72.7038665,-39.9977756,60
-72.7037165,-39.9978128,60
-72.7035823,-39.9978448,60
-72.7034339,-39.9978817,60
-72.7032859,-39.9979182,60
-72.7031523,-39.9979508,60
-72.7030044,-39.9979877,60
-72.7028568,-39.9980242,60
-72.7027242,-39.9980572,60
-72.7025778,-39.9980931,60
-72.702429,-39.9981304,60
-72.7022974,-39.9981639,60
-72.7021488,-39.9982002,60
-72.7020009,-39.9982373,60
-72.7018675,-39.9982696,60
-72.7017207,-39.9983066,60
-72.7015734,-39.998343,60
-72.7014407,-39.9983759,60
-72.7012938,-39.9984126,60
-72.701147,-39.9984492,60
-72.7010138,-39.9984814,60
-72.7008667,-39.9985177,60
-72.700719,-39.9985547,60
-72.7005861,-39.9985877,60
-72.7004411,-39.9986256,60
-72.7002911,-39.9986609,60
-72.7001568,-39.9986939,60
-72.7000115,-39.9987309,60
-72.699899,-39.9987603,60
-72.6998095,-39.9987829,60
-72.6996911,-39.9988114,60
-72.6995994,-39.9988341,60
-72.6995164,-39.9988566,60
-72.6994173,-39.9988814,60
-72.6993191,-39.998903,60
-72.6992482,-39.9989184,60
-72.6991788,-39.9989187,60
-72.6991255,-39.998895,60
-72.6991077,-39.9988488,60
-72.6990912,-39.9987929,60
-72.6990948,-39.9987454,60
-72.6991365,-39.9987147,60
-72.6992019,-39.9986962,60
-72.6992833,-39.9986768,60
-72.6993708,-39.9986566,60
-72.699469,-39.9986283,60
-72.6995762,-39.9986012,60
-72.699684,-39.9985735,60
-72.6998063,-39.9985432,60
-72.6999405,-39.9985071,60
-72.7000731,-39.9984721,60
-72.7002285,-39.9984337,60
-72.7003803,-39.9983975,60
-72.7005142,-39.9983657,60
-72.7006626,-39.9983286,60
-72.7008092,-39.9982913,60
-72.7009414,-39.9982575,60
-72.7010885,-39.99822,60
-72.7012212,-39.9981872,60
-72.701369,-39.998151,60
-72.7015162,-39.9981147,60
-72.7016628,-39.9980774,60
-72.7017949,-39.9980433,60
-72.7019434,-39.998008,60
-72.7020897,-39.9979724,60
-72.7022166,-39.9979401,60
-72.702364,-39.997902,60
-72.7025139,-39.9978653,60
-72.7026482,-39.9978323,60
-72.7027966,-39.9977955,60
-72.7029433,-39.997759,60
-72.703073,-39.9977277,60
-72.7032109,-39.9976928,60
-72.7033594,-39.9976551,60
-72.703492,-39.9976237,60
-72.7036408,-39.9975852,60
-72.7037747,-39.9975507,60
-72.70392,-39.9975147,60
-72.7040694,-39.997478,60
-72.7042175,-39.9974415,60
-72.7043498,-39.997408,60
-72.7044933,-39.9973707,60
-72.7045907,-39.9973376,60
-72.7046328,-39.9972973,60
-72.7046446,-39.9972378,60
-72.7046332,-39.9971754,60
-72.7046094,-39.9971389,60
-72.7045511,-39.9971261,60
-72.7044861,-39.9971394,60
-72.7044156,-39.9971566,60
-72.7043142,-39.9971818,60
-72.7041994,-39.9972106,60
-72.7040875,-39.9972384,60
-72.7039481,-39.9972725,60
-72.7037991,-39.997308,60
-72.7036621,-39.9973415,60
-72.7035132,-39.9973782,60
-72.703366,-39.9974156,60
-72.7032335,-39.9974485,60
-72.7030866,-39.997485,60
-72.7029393,-39.9975217,60
-72.7028072,-39.9975545,60
-72.7026605,-39.9975906,60
-72.7025122,-39.9976272,60
-72.7023798,-39.9976598,60
-72.702233,-39.9976967,60
-72.7020855,-39.9977333,60
-72.7019535,-39.9977665,60
-72.7018063,-39.9978024,60
-72.7016578,-39.9978392,60
-72.7015247,-39.9978729,60
-72.7013778,-39.9979091,60
-72.7012309,-39.9979461,60
-72.7010994,-39.9979796,60
-72.7009527,-39.9980175,60
-72.7008137,-39.9980514,60
-72.7006812,-39.9980843,60
-72.700529,-39.9981213,60
-72.700378,-39.9981578,60
-72.7002445,-39.9981911,60
-72.7000962,-39.9982281,60
-72.6999536,-39.9982644,60
-72.6998508,-39.998291,60
-72.6997308,-39.9983184,60
-72.6995933,-39.9983523,60
-72.6994878,-39.9983793,60
-72.6993894,-39.9984063,60
-72.6992867,-39.9984277,60
-72.6992292,-39.9984427,60
-72.6992064,-39.9984481,60
-72.6991822,-39.9984564,60
-72.6991351,-39.9984682,60
-72.6990656,-39.9984856,60
-72.6989977,-39.9985002,60
-72.6989336,-39.9985095,60
-72.6988747,-39.99849,60
-72.698848,-39.9984388,60
-72.6988233,-39.9983851,60
-72.6988207,-39.9983359,60
-72.6988632,-39.9983004,60
-72.6989215,-39.9982828,60
-72.6990015,-39.9982632,60
-72.6991061,-39.998235,60
-72.6992169,-39.9982056,60
-72.6993443,-39.9981733,60
-72.699484,-39.9981375,60
-72.6996357,-39.9981005,60
-72.6997721,-39.998067,60
-72.6999222,-39.99803,60
-72.7000558,-39.9979966,60
-72.7002035,-39.997959,60
-72.7003495,-39.9979217,60
-72.7004967,-39.9978861,60
-72.7006287,-39.9978526,60
-72.7007759,-39.9978156,60
-72.7009244,-39.9977784,60
-72.7010573,-39.9977455,60
-72.7012055,-39.9977084,60
-72.7013518,-39.9976723,60
-72.7014837,-39.99764,60
-72.7016313,-39.9976029,60
-72.7017788,-39.9975671,60
-72.7019119,-39.9975337,60
-72.7020563,-39.9974971,60
-72.7022007,-39.9974598,60
-72.7023348,-39.9974271,60
-72.7024844,-39.9973902,60
-72.702633,-39.997353,60
-72.7027662,-39.99732,60
-72.7029134,-39.9972843,60
-72.7030614,-39.9972484,60
-72.703191,-39.9972158,60
-72.7033137,-39.9971863,60
-72.7034331,-39.9971534,60
-72.7035811,-39.9971166,60
-72.7037312,-39.9970804,60
-72.7038819,-39.9970435,60
-72.7040153,-39.9970115,60
-72.7041626,-39.9969739,60
-72.7043098,-39.9969368,60
-72.7044393,-39.9969034,60
-72.7045389,-39.9968692,60
-72.7045857,-39.996823,60
-72.7045939,-39.9967695,60
-72.7045833,-39.9967076,60
-72.7045602,-39.9966703,60
-72.7045034,-39.9966557,60
-72.704438,-39.9966667,60
-72.7043606,-39.9966865,60
-72.7042706,-39.9967092,60
-72.7041524,-39.9967388,60
-72.7040338,-39.996769,60
-72.7038987,-39.9968029,60
-72.7037543,-39.9968395,60
-72.7036021,-39.9968775,60
-72.7034666,-39.9969104,60
-72.7033175,-39.9969462,60
-72.703169,-39.9969824,60
-72.7030363,-39.9970152,60
-72.7028883,-39.9970513,60
-72.7027408,-39.997088,60
-72.7026091,-39.997121,60
-72.7024606,-39.9971568,60
-72.702313,-39.9971939,60
-72.7021814,-39.9972269,60
-72.702034,-39.9972637,60
-72.7018856,-39.9973003,60
-72.7017518,-39.997333,60
-72.7016033,-39.99737,60
-72.7014547,-39.9974069,60
-72.701321,-39.9974401,60
-72.7011738,-39.9974761,60
-72.701027,-39.9975127,60
-72.7008948,-39.9975465,60
-72.7007494,-39.9975841,60
-72.7006027,-39.9976212,60
-72.70047,-39.9976542,60
-72.7003224,-39.9976903,60
-72.7001749,-39.9977267,60
-72.7000404,-39.9977589,60
-72.6998936,-39.9977962,60
-72.6997475,-39.9978335,60
-72.6996223,-39.9978651,60
-72.6994766,-39.9979012,60
-72.699323,-39.9979375,60
-72.6991893,-39.9979723,60
-72.6991032,-39.9979922,60
-72.6990462,-39.9980053,60
-72.6990003,-39.998019,60
-72.6989258,-39.9980377,60
-72.6988291,-39.9980611,60
-72.6987241,-39.9980794,60
-72.6986696,-39.9980783,60
-72.6986177,-39.9980594,60
-72.6985802,-39.9980038,60
-72.6985562,-39.9979485,60
-72.6985683,-39.9979032,60
-72.6986202,-39.9978738,60
-72.6986802,-39.9978579,60
-72.6987681,-39.9978361,60
-72.6988652,-39.9978118,60
-72.698971,-39.9977863,60
-72.6990598,-39.9977638,60
-72.6991304,-39.9977445,60
-72.6992119,-39.9977228,60
-72.6993193,-39.9976967,60
-72.6994446,-39.997666,60
-72.6995702,-39.9976329,60
-72.6997199,-39.9975959,60
-72.6998702,-39.9975585,60
-72.7000051,-39.9975261,60
-72.7001538,-39.9974898,60
-72.7003022,-39.9974535,60
-72.7004347,-39.9974196,60
-72.7005806,-39.9973834,60
-72.7007191,-39.9973482,60
-72.7008512,-39.9973137,60
-72.7010039,-39.9972746,60
-72.7011547,-39.9972378,60
-72.7012871,-39.9972059,60
-72.7014342,-39.9971692,60
-72.7015839,-39.9971325,60
-72.7017283,-39.9970969,60
-72.7018575,-39.9970643,60
-72.7020035,-39.9970273,60
-72.7021172,-39.9970005,60
-72.7022502,-39.9969645,60
-72.7023941,-39.9969279,60
-72.702531,-39.996896,60
-72.7026847,-39.9968584,60
-72.7028347,-39.9968203,60
-72.7029662,-39.9967877,60
-72.7031,-39.9967539,60
-72.7032425,-39.9967161,60
-72.7033799,-39.9966827,60
-72.7035334,-39.9966467,60
-72.7036837,-39.9966107,60
-72.7038172,-39.9965772,60
-72.703964,-39.9965414,60
-72.7041107,-39.9965047,60
-72.7042425,-39.9964715,60
-72.7043864,-39.9964343,60
-72.7044858,-39.9964022,60
-72.704529,-39.9963626,60
-72.7045413,-39.9963041,60
-72.7045325,-39.9962407,60
-72.7045123,-39.9962015,60
-72.7044564,-39.9961859,60
-72.7043895,-39.9961974,60
-72.7043207,-39.996214,60
-72.7042216,-39.9962392,60
-72.7041025,-39.9962689,60
-72.7039834,-39.9962989,60
-72.70384,-39.9963335,60
-72.7036875,-39.9963702,60
-72.7035534,-39.9964027,60
-72.7034145,-39.9964406,60
-72.7032675,-39.9964762,60
-72.7031178,-39.996511,60
-72.7030036,-39.9965379,60
-72.7028691,-39.996572,60
-72.7027417,-39.9966056,60
-72.7025938,-39.9966431,60
-72.7024452,-39.9966798,60
-72.7023109,-39.9967126,60
-72.7021685,-39.9967494,60
-72.7020203,-39.9967868,60
-72.7018843,-39.9968184,60
-72.7017344,-39.9968549,60
-72.7015851,-39.9968916,60
-72.7014516,-39.9969251,60
-72.7013037,-39.9969622,60
-72.701157,-39.9969998,60
-72.7010254,-39.9970327,60
-72.7008783,-39.9970697,60
-72.7007307,-39.9971062,60
-72.7005983,-39.9971386,60
-72.7004514,-39.9971752,60
-72.7003033,-39.9972111,60
-72.7001549,-39.9972481,60
-72.7000223,-39.9972813,60
-72.6998746,-39.9973184,60
-72.6997267,-39.997354,60
-72.6995911,-39.9973868,60
-72.6994422,-39.9974239,60
-72.699326,-39.9974542,60
-72.6992199,-39.9974807,60
-72.6990996,-39.997511,60
-72.6989893,-39.9975383,60
-72.6988641,-39.9975706,60
-72.6987372,-39.9976024,60
-72.6986313,-39.9976297,60
-72.6985295,-39.99765,60
-72.6984681,-39.9976494,60
-72.6984229,-39.997619,60
-72.6984097,-39.9975772,60
-72.6984064,-39.9975198,60
-72.69843,-39.9974654,60
-72.6984905,-39.9974257,60
-72.6985712,-39.9974039,60
-72.6986581,-39.9973812,60
-72.6987682,-39.9973514,60
-72.6988876,-39.9973217,60
-72.699001,-39.9972951,60
-72.699135,-39.9972605,60
-72.6992738,-39.9972251,60
-72.699416,-39.9971899,60
-72.6995476,-39.9971567,60
-72.6996959,-39.997121,60
-72.6998438,-39.9970846,60
-72.6999776,-39.9970529,60
-72.700125,-39.9970149,60
-72.7002725,-39.996978,60
-72.700406,-39.9969443,60
-72.7005537,-39.9969072,60
-72.7006978,-39.9968715,60
-72.7008304,-39.9968382,60
-72.700977,-39.9968022,60
-72.7011198,-39.996766,60
-72.7012435,-39.9967323,60
-72.7013888,-39.9966961,60
-72.7015185,-39.9966648,60
-72.7016546,-39.9966301,60
-72.7017881,-39.9965968,60
-72.7019089,-39.9965683,60
-72.7020154,-39.9965436,60
-72.7021439,-39.9965094,60
-72.7022777,-39.9964773,60
-72.7023983,-39.9964473,60
-72.7025374,-39.9964109,60
-72.7026814,-39.9963755,60
-72.7028198,-39.9963411,60
-72.7029541,-39.9963104,60
-72.7030939,-39.9962733,60
-72.7032105,-39.9962441,60
-72.7033149,-39.9962224,60
-72.7034132,-39.9961956,60
-72.7035104,-39.9961698,60
-72.7036256,-39.9961401,60
-72.7037503,-39.9961083,60
-72.7038723,-39.9960784,60
-72.7040194,-39.9960414,60
-72.704173,-39.9960043,60
-72.7043072,-39.9959712,60
-72.7044211,-39.9959369,60
-72.704479,-39.9959012,60
-72.7044955,-39.9958412,60
-72.7044875,-39.9957817,60
-72.7044639,-39.9957338,60
-72.7044088,-39.9957164,60
-72.7043496,-39.9957246,60
-72.7042756,-39.9957426,60
-72.7041781,-39.9957673,60
-72.7040722,-39.9957931,60
-72.7039395,-39.9958261,60
-72.7037952,-39.9958622,60
-72.7036603,-39.9958957,60
-72.7035102,-39.9959326,60
-72.7033625,-39.9959694,60
-72.7032289,-39.9960015,60
-72.7030846,-39.9960382,60
-72.7029518,-39.9960752,60
-72.7028363,-39.9961018,60
-72.7026942,-39.9961333,60
-72.7025883,-39.9961603,60
-72.7024706,-39.9961896,60
-72.7023506,-39.9962185,60
-72.7022437,-39.9962482,60
-72.7021533,-39.9962758,60
-72.7020397,-39.9962997,60
-72.701926,-39.9963285,60
-72.7018094,-39.9963557,60
-72.7017217,-39.9963748,60
-72.7016516,-39.9963929,60
-72.7016014,-39.9964045,60
-72.7015388,-39.9964199,60
-72.7014535,-39.9964426,60
-72.7013592,-39.9964668,60
-72.7012368,-39.9964985,60
-72.7010994,-39.996533,60
-72.7009673,-39.9965664,60
-72.7008169,-39.9966027,60
-72.7006675,-39.9966393,60
-72.7005331,-39.9966713,60
-72.7003866,-39.9967087,60
-72.7002392,-39.9967451,60
-72.7001062,-39.9967777,60
-72.6999606,-39.9968146,60
-72.6998333,-39.9968473,60
-72.6997451,-39.9968674,60
-72.6996343,-39.9968952,60
-72.6995115,-39.9969285,60
-72.6993701,-39.9969644,60
-72.6992372,-39.9969953,60
-72.6991356,-39.9970194,60
-72.6990457,-39.997043,60
-72.6989561,-39.9970662,60
-72.698841,-39.9970933,60
-72.6987429,-39.9971186,60
-72.6986292,-39.997148,60
-72.698515,-39.9971688,60
-72.698453,-39.9971659,60
-72.6984234,-39.997139,60
-72.6984246,-39.9970953,60
-72.6984355,-39.9970406,60
-72.6984657,-39.9969825,60
-72.6985391,-39.996935,60
-72.6986319,-39.9969071,60
-72.698721,-39.9968822,60
-72.6988305,-39.9968561,60
-72.6989506,-39.9968271,60
-72.6990609,-39.9967968,60
-72.6991905,-39.9967637,60
-72.69933,-39.9967278,60
-72.6994654,-39.9966953,60
-72.6996135,-39.9966588,60
-72.6997612,-39.9966231,60
-72.699894,-39.9965901,60
-72.7000417,-39.9965528,60
-72.7001905,-39.9965153,60
-72.7003387,-39.9964787,60
-72.7004659,-39.9964467,60
-72.7006034,-39.9964112,60
-72.7007175,-39.9963824,60
-72.7008519,-39.9963486,60
-72.7009959,-39.9963125,60
-72.7011286,-39.996279,60
-72.7012756,-39.9962425,60
-72.7013868,-39.9962156,60
-72.7015138,-39.9961832,60
-72.7016329,-39.9961559,60
-72.7017292,-39.9961312,60
-72.7018084,-39.9961103,60
-72.7018974,-39.9960892,60
-72.7019823,-39.9960681,60
-72.7020619,-39.9960471,60
-72.7021499,-39.9960272,60
-72.7022402,-39.9960053,60
-72.7023241,-39.9959872,60
-72.7024287,-39.9959582,60
-72.7025369,-39.9959319,60
-72.7026113,-39.9959127,60
-72.7026835,-39.9958949,60
-72.7027356,-39.9958823,60
-72.7027448,-39.9958801,60
-72.7027495,-39.9958775,60
-72.7027841,-39.9958695,60
-72.7028383,-39.9958573,60
-72.7029234,-39.9958367,60
-72.7030307,-39.9958089,60
-72.7031412,-39.9957813,60
-72.7032742,-39.9957494,60
-72.7034167,-39.995714,60
-72.7035494,-39.9956792,60
-72.7037021,-39.9956385,60
-72.703852,-39.9956018,60
-72.7039843,-39.99557,60
-72.7041307,-39.9955338,60
-72.7042757,-39.9954962,60
-72.7043792,-39.9954631,60
-72.7044249,-39.9954251,60
-72.7044401,-39.9953664,60
-72.7044341,-39.9953106,60
-72.7044131,-39.9952641,60
-72.7043584,-39.9952453,60
-72.7042917,-39.995256,60
-72.7042247,-39.9952729,60
-72.7041274,-39.9952975,60
-72.7040239,-39.9953242,60
-72.7038919,-39.995357,60
-72.7037477,-39.9953923,60
-72.7035968,-39.99543,60
-72.7034623,-39.9954637,60
-72.7033143,-39.9954998,60
-72.7031845,-39.9955323,60
-72.7030373,-39.9955674,60
-72.7029012,-39.9955998,60
-72.702802,-39.9956246,60
-72.7027421,-39.9956395,60
-72.7027097,-39.9956487,60
-72.7026849,-39.9956552,60
-72.7026441,-39.9956646,60
-72.7025744,-39.9956806,60
-72.7025104,-39.9956979,60
-72.7024243,-39.9957231,60
-72.7023143,-39.9957474,60
-72.7022061,-39.9957727,60
-72.7020761,-39.9958056,60
-72.7019509,-39.9958398,60
-72.7018529,-39.9958606,60
-72.7017716,-39.9958799,60
-72.7016775,-39.9959045,60
-72.7015782,-39.9959301,60
-72.7014536,-39.99596,60
-72.7013202,-39.9959947,60
-72.701176,-39.9960318,60
-72.7010414,-39.9960647,60
-72.7008924,-39.9961011,60
-72.7007445,-39.9961383,60
-72.7006118,-39.9961704,60
-72.700465,-39.9962074,60
-72.700318,-39.9962442,60
-72.7001855,-39.9962772,60
-72.700039,-39.9963142,60
-72.6998905,-39.9963493,60
-72.6997568,-39.9963822,60
-72.6996137,-39.9964181,60
-72.6994652,-39.9964547,60
-72.6993301,-39.9964881,60
-72.6991858,-39.9965238,60
-72.6990597,-39.9965559,60
-72.6989545,-39.996581,60
-72.6988722,-39.9966024,60
-72.6987665,-39.9966299,60
-72.6986639,-39.9966569,60
-72.698561,-39.9966729,60
-72.6984962,-39.9966629,60
-72.6984603,-39.9966328,60
-72.6984298,-39.9965801,60
-72.6984197,-39.9965248,60
-72.6984459,-39.996481,60
-72.6985002,-39.996457,60
-72.6985726,-39.9964385,60
-72.6986579,-39.9964154,60
-72.6987722,-39.9963864,60
-72.6989035,-39.9963521,60
-72.6990326,-39.9963195,60
-72.6991632,-39.9962882,60
-72.6993001,-39.9962562,60
-72.6994325,-39.9962201,60
-72.6995837,-39.996183,60
-72.6997325,-39.9961472,60
-72.6998814,-39.996111,60
-72.7000152,-39.9960778,60
-72.700163,-39.9960404,60
-72.7002955,-39.9960074,60
-72.700441,-39.9959705,60
-72.7005865,-39.9959339,60
-72.7007187,-39.9959011,60
-72.7008657,-39.9958639,60
-72.701009,-39.9958298,60
-72.7011301,-39.9957966,60
-72.7012694,-39.9957624,60
-72.7014063,-39.99573,60
-72.7015067,-39.9957084,60
-72.7016193,-39.9956751,60
-72.7017005,-39.9956557,60
-72.7017745,-39.9956371,60
-72.7018647,-39.9956156,60
-72.7019414,-39.9955972,60
-72.7020054,-39.9955808,60
-72.7020776,-39.9955648,60
-72.7021598,-39.9955419,60
-72.702243,-39.9955218,60
-72.7023467,-39.9954956,60
-72.702453,-39.9954673,60
-72.7025453,-39.9954461,60
-72.7026151,-39.9954283,60
-72.7026812,-39.9954126,60
-72.7027427,-39.9953954,60
-72.7027981,-39.9953819,60
-72.7028384,-39.9953723,60
-72.702896,-39.995358,60
-72.7029827,-39.9953379,60
-72.7030898,-39.9953114,60
-72.7032021,-39.9952824,60
-72.7033405,-39.9952477,60
-72.7034876,-39.995211,60
-72.7036379,-39.9951736,60
-72.7037723,-39.9951406,60
-72.7039187,-39.9951048,60
-72.704049,-39.995072,60
-72.7041937,-39.9950354,60
-72.7043111,-39.9950007,60
-72.7043752,-39.994966,60
-72.7043964,-39.9949147,60
-72.7043892,-39.9948495,60
-72.7043664,-39.9947977,60
-72.7043209,-39.9947772,60
-72.7042541,-39.994783,60
-72.704181,-39.9948006,60
-72.7040963,-39.9948219,60
-72.7039826,-39.9948507,60
-72.7038674,-39.9948796,60
-72.7037264,-39.9949148,60
-72.7035781,-39.9949521,60
-72.7034283,-39.9949885,60
-72.7032944,-39.9950211,60
-72.703145,-39.9950575,60
-72.7030159,-39.9950896,60
-72.7028765,-39.9951259,60
-72.7027322,-39.9951593,60
-72.7026432,-39.9951815,60
-72.7025797,-39.9951981,60
-72.702513,-39.9952151,60
-72.7024419,-39.9952316,60
-72.7023625,-39.9952521,60
-72.7022793,-39.9952744,60
-72.7021817,-39.9952988,60
-72.702079,-39.9953258,60
-72.7019514,-39.995357,60
-72.7018466,-39.9953798,60
-72.701752,-39.9954046,60
-72.7016887,-39.99542,60
-72.7016761,-39.9954209,60
-72.7016699,-39.9954228,60
-72.7016359,-39.9954331,60
-72.7015752,-39.9954491,60
-72.701495,-39.9954691,60
-72.7013864,-39.995496,60
-72.7012607,-39.9955274,60
-72.7011369,-39.9955586,60
-72.7009887,-39.9955955,60
-72.7008392,-39.9956317,60
-72.7007069,-39.9956646,60
-72.7005597,-39.9957019,60
-72.700415,-39.9957365,60
-72.7003117,-39.995762,60
-72.7001936,-39.9957901,60
-72.7000637,-39.9958246,60
-72.6999449,-39.9958562,60
-72.6998085,-39.9958874,60
-72.699663,-39.9959248,60
-72.6995331,-39.9959587,60
-72.6993816,-39.9959938,60
-72.6992321,-39.9960302,60
-72.6991192,-39.9960591,60
-72.6989854,-39.9960926,60
-72.6987254,-39.9961559,60
-72.698673,-39.9961691,60
-72.6985916,-39.9961904,60
-72.6984545,-39.9962227,60
-72.6983703,-39.9962376,60
-72.6983061,-39.9962386,60
-72.6982544,-39.9962046,60
-72.6982304,-39.9961507,60
-72.6982172,-39.9960914,60
-72.6982447,-39.9960489,60
-72.6982974,-39.9960255,60
-72.6983719,-39.9960053,60
-72.6984685,-39.9959803,60
-72.6985728,-39.9959536,60
-72.6987051,-39.9959204,60
-72.6988472,-39.9958854,60
-72.6989745,-39.9958529,60
-72.6991196,-39.9958164,60
-72.6992651,-39.9957803,60
-72.6993843,-39.9957529,60
-72.6995114,-39.995719,60
-72.6996487,-39.9956842,60
-72.6997805,-39.9956509,60
-72.6999334,-39.9956133,60
-72.7000838,-39.9955762,60
-72.7002325,-39.9955397,60
-72.700365,-39.9955061,60
-72.7005116,-39.99547,60
-72.7006439,-39.9954371,60
-72.7007911,-39.9954003,60
-72.7009342,-39.9953643,60
-72.7010799,-39.9953271,60
-72.7012068,-39.9952951,60
-72.7013482,-39.99526,60
-72.7014739,-39.9952287,60
-72.7016018,-39.995199,60
-72.7017154,-39.99517,60
-72.7017952,-39.995149,60
-72.701852,-39.9951353,60
-72.7019162,-39.9951224,60
-72.701983,-39.9951026,60
-72.7020709,-39.9950801,60
-72.7021718,-39.9950561,60
-72.7022735,-39.9950315,60
-72.7023986,-39.9949987,60
-72.7025369,-39.9949654,60
-72.702652,-39.9949369,60
-72.7027898,-39.9949021,60
-72.7029336,-39.9948659,60
-72.7030844,-39.9948276,60
-72.7032193,-39.9947949,60
-72.7033662,-39.9947596,60
-72.7035118,-39.9947236,60
-72.703644,-39.9946893,60
-72.7037914,-39.9946531,60
-72.7039385,-39.9946173,60
-72.7040726,-39.9945856,60
-72.7042115,-39.9945478,60
-72.7043004,-39.9945177,60
-72.7043415,-39.9944788,60
-72.7043461,-39.9944169,60
-72.7043314,-39.9943576,60
-72.7043013,-39.9943173,60
-72.7042397,-39.9943077,60
-72.7041713,-39.9943215,60
-72.704098,-39.9943398,60
-72.7039951,-39.9943655,60
-72.7038741,-39.9943963,60
-72.7037524,-39.9944268,60
-72.7036051,-39.9944638,60
-72.7034535,-39.9944997,60
-72.7033169,-39.9945329,60
-72.7031686,-39.9945699,60
-72.7030209,-39.9946062,60
-72.7028893,-39.9946386,60
</coordinates></LineString>
</Placemark>
<Placemark>
<name>DJI_202603231420_002_salto005_Timestamp.MRK</name>
<description>Equipo: M3E | Fecha: 23-03-2026 | Puntos: 217</description>
<styleUrl>#m3e</styleUrl>
<LineString><altitudeMode>relativeToGround</altitudeMode><coordinates>
-72.7028549,-39.9946469,60
-72.7028218,-39.9946554,60
-72.7027564,-39.9946714,60
-72.7026758,-39.9946919,60
-72.702568,-39.9947193,60
-72.7024435,-39.9947508,60
-72.7023049,-39.9947859,60
-72.7021713,-39.9948194,60
-72.7020212,-39.9948554,60
-72.701873,-39.9948924,60
-72.7017407,-39.9949252,60
-72.7015935,-39.9949613,60
-72.7014463,-39.9949984,60
-72.7013132,-39.995031,60
-72.7011656,-39.9950669,60
-72.7010186,-39.995103,60
-72.7008863,-39.9951356,60
-72.7007388,-39.995173,60
-72.70059,-39.9952087,60
-72.7004569,-39.9952417,60
-72.7003103,-39.9952788,60
-72.7001633,-39.9953156,60
-72.7000315,-39.9953487,60
-72.6998843,-39.9953848,60
-72.6997373,-39.9954216,60
-72.6996049,-39.9954548,60
-72.699458,-39.9954908,60
-72.6993117,-39.995528,60
-72.6991806,-39.9955615,60
-72.6990324,-39.9955986,60
-72.6988843,-39.9956345,60
-72.6987587,-39.9956668,60
-72.6986211,-39.9956996,60
-72.6985051,-39.9957288,60
-72.698414,-39.9957541,60
-72.6983079,-39.9957785,60
-72.6982273,-39.9957976,60
-72.6981565,-39.9958094,60
-72.6980992,-39.9958062,60
-72.6980508,-39.9957828,60
-72.6980305,-39.995736,60
-72.6980146,-39.9956727,60
-72.6980303,-39.9956237,60
-72.6980708,-39.9955994,60
-72.6981385,-39.9955812,60
-72.6982119,-39.995562,60
-72.6982775,-39.9955439,60
-72.6983683,-39.9955224,60
-72.6984875,-39.995491,60
-72.6986179,-39.9954592,60
-72.6987428,-39.9954278,60
-72.698889,-39.9953903,60
-72.6990216,-39.9953569,60
-72.6991732,-39.9953199,60
-72.6993223,-39.9952832,60
-72.6994686,-39.9952461,60
-72.699602,-39.9952126,60
-72.6997501,-39.9951772,60
-72.6998974,-39.9951409,60
-72.7000297,-39.9951078,60
-72.7001782,-39.9950705,60
-72.7003108,-39.995038,60
-72.7004575,-39.9950005,60
-72.7006035,-39.9949636,60
-72.7007362,-39.9949308,60
-72.7008837,-39.9948945,60
-72.7010309,-39.994858,60
-72.701177,-39.9948212,60
-72.7013086,-39.9947881,60
-72.7014557,-39.9947517,60
-72.7016045,-39.994715,60
-72.7017373,-39.994682,60
-72.7018843,-39.9946461,60
-72.7020319,-39.9946087,60
-72.7021639,-39.9945761,60
-72.70231,-39.9945394,60
-72.7024549,-39.9945037,60
-72.7025877,-39.9944703,60
-72.7027355,-39.9944358,60
-72.702883,-39.9943967,60
-72.7030155,-39.9943638,60
-72.7031632,-39.9943272,60
-72.7032925,-39.9942944,60
-72.7034418,-39.9942579,60
-72.7035901,-39.9942205,60
-72.7037226,-39.9941867,60
-72.7038695,-39.99415,60
-72.7040163,-39.9941145,60
-72.7041441,-39.994081,60
-72.7042413,-39.9940475,60
-72.7042881,-39.9940022,60
-72.7042908,-39.9939466,60
-72.7042771,-39.9938823,60
-72.7042459,-39.9938451,60
-72.7041917,-39.9938363,60
-72.7041247,-39.9938488,60
-72.7040426,-39.9938688,60
-72.7039384,-39.9938953,60
-72.7038295,-39.993924,60
-72.7036941,-39.9939572,60
-72.7035468,-39.9939939,60
-72.7034108,-39.9940275,60
-72.7032603,-39.9940643,60
-72.7031123,-39.9941004,60
-72.7029792,-39.9941328,60
-72.7028322,-39.9941694,60
-72.7026854,-39.9942063,60
-72.7025532,-39.9942392,60
-72.7024064,-39.9942758,60
-72.7022746,-39.9943092,60
-72.7021278,-39.9943461,60
-72.7019805,-39.9943826,60
-72.7018481,-39.9944144,60
-72.7017002,-39.994451,60
-72.7015528,-39.9944883,60
-72.7014065,-39.994525,60
-72.7012747,-39.9945583,60
-72.7011268,-39.9945955,60
-72.7009951,-39.9946276,60
-72.7008482,-39.9946644,60
-72.7006989,-39.9947002,60
-72.7005506,-39.9947366,60
-72.7004178,-39.9947699,60
-72.7002697,-39.9948068,60
-72.7001369,-39.9948397,60
-72.6999892,-39.9948773,60
-72.6998432,-39.9949142,60
-72.6997163,-39.994945,60
-72.6995674,-39.9949825,60
-72.6994383,-39.9950132,60
-72.6993606,-39.9950262,60
-72.6993381,-39.9950227,60
-72.6993661,-39.9950133,60
-72.6994004,-39.9950028,60
-72.6994381,-39.9949849,60
-72.6995045,-39.9949548,60
-72.6995917,-39.994917,60
-72.6996801,-39.9948779,60
-72.6997958,-39.9948274,60
-72.6999229,-39.9947735,60
-72.7000443,-39.9947207,60
-72.7001819,-39.9946626,60
-72.7003044,-39.9946097,60
-72.7004387,-39.9945506,60
-72.7005755,-39.9944976,60
-72.7007034,-39.9944584,60
-72.7008508,-39.9944207,60
-72.700998,-39.9943837,60
-72.7011459,-39.9943468,60
-72.7012788,-39.9943136,60
-72.7014256,-39.9942768,60
-72.7015724,-39.9942404,60
-72.7017044,-39.9942076,60
-72.7018519,-39.9941708,60
-72.7019997,-39.9941348,60
-72.7021314,-39.9941011,60
-72.7022781,-39.9940649,60
-72.7024257,-39.9940283,60
-72.7025583,-39.9939955,60
-72.7027051,-39.9939594,60
-72.702852,-39.9939228,60
-72.7029847,-39.9938901,60
-72.70313,-39.9938543,60
-72.7032762,-39.9938171,60
-72.7034094,-39.9937823,60
-72.7035566,-39.9937461,60
-72.703703,-39.9937093,60
-72.7038353,-39.9936758,60
-72.7039831,-39.9936397,60
-72.7041212,-39.9936038,60
-72.7041968,-39.9935743,60
-72.7042344,-39.9935225,60
-72.7042375,-39.9934619,60
-72.7042249,-39.9934069,60
-72.7041891,-39.9933729,60
-72.7041271,-39.9933685,60
-72.704068,-39.9933813,60
-72.7039836,-39.9934013,60
-72.7038767,-39.9934284,60
-72.7037649,-39.9934566,60
-72.7036281,-39.9934914,60
-72.7034806,-39.9935281,60
-72.7033295,-39.9935645,60
-72.7031939,-39.9935977,60
-72.7030451,-39.9936339,60
-72.702913,-39.9936677,60
-72.7027664,-39.9937048,60
-72.7026203,-39.993742,60
-72.7024734,-39.9937775,60
-72.7023403,-39.9938103,60
-72.7021925,-39.9938454,60
-72.7020871,-39.993868,60
-72.7020326,-39.9938731,60
-72.7020236,-39.9938737,60
-72.7020218,-39.9938743,60
-72.7020382,-39.9938668,60
-72.7020729,-39.9938502,60
-72.7021211,-39.9938293,60
-72.7021991,-39.9937949,60
-72.7022977,-39.9937523,60
-72.7023995,-39.9937082,60
-72.7025243,-39.9936536,60
-72.7026585,-39.9935954,60
-72.7027821,-39.9935424,60
-72.702918,-39.9934838,60
-72.7030533,-39.9934254,60
-72.7031763,-39.9933748,60
-72.703317,-39.9933275,60
-72.703463,-39.9932884,60
-72.7035958,-39.9932552,60
-72.7037424,-39.9932183,60
-72.703889,-39.9931811,60
-72.7040212,-39.9931478,60
-72.7041316,-39.9931219,60
-72.7041795,-39.993109,60
-72.7041977,-39.9931042,60
-72.7042025,-39.9931029,60
</coordinates></LineString>
</Placemark>
<Placemark>
<name>DJI_202603231420_003_salto004_Timestamp.MRK</name>
<description>Equipo: M3E | Fecha: 23-03-2026 | Puntos: 812</description>
<styleUrl>#m3e</styleUrl>
<LineString><altitudeMode>relativeToGround</altitudeMode><coordinates>
-72.6942624,-39.9912428,60
-72.6942516,-39.9912215,60
-72.6942288,-39.9911768,60
-72.694199,-39.9911186,60
-72.6941596,-39.9910386,60
-72.6941179,-39.990953,60
-72.6940768,-39.9908728,60
-72.6940285,-39.9907769,60
-72.693982,-39.990686,60
-72.6939402,-39.9906016,60
-72.6939056,-39.9905332,60
-72.6938813,-39.9904599,60
-72.6938881,-39.9903676,60
-72.6939285,-39.990275,60
-72.693968,-39.9902057,60
-72.6939997,-39.9901717,60
-72.6940392,-39.9901758,60
-72.6940649,-39.9902107,60
-72.694087,-39.9902513,60
-72.6941195,-39.9903158,60
-72.6941546,-39.9903858,60
-72.6941991,-39.990475,60
-72.6942457,-39.9905681,60
-72.6942823,-39.9906397,60
-72.6943169,-39.9907092,60
-72.6943538,-39.9907832,60
-72.6943939,-39.9908637,60
-72.6944408,-39.9909577,60
-72.6944736,-39.9910223,60
-72.6944939,-39.9910624,60
-72.6945165,-39.9911072,60
-72.6945331,-39.9911398,60
-72.6945477,-39.9911694,60
-72.6945648,-39.9912045,60
-72.694589,-39.9912434,60
-72.6946027,-39.991261,60
-72.6946105,-39.9912663,60
-72.6946068,-39.9912491,60
-72.6945978,-39.9912208,60
-72.6945859,-39.9911801,60
-72.6945743,-39.9911367,60
-72.6945657,-39.9911041,60
-72.6945531,-39.9910681,60
-72.6945417,-39.9910296,60
-72.6945337,-39.9910022,60
-72.6945205,-39.9909591,60
-72.6945016,-39.9908943,60
-72.6944773,-39.9908166,60
-72.6944549,-39.9907356,60
-72.6944305,-39.9906524,60
-72.6944103,-39.9905849,60
-72.694392,-39.9905269,60
-72.6943719,-39.9904602,60
-72.6943568,-39.9904075,60
-72.6943436,-39.9903643,60
-72.6943307,-39.9903199,60
-72.6943148,-39.990263,60
-72.6942957,-39.9901978,60
-72.6942697,-39.9901113,60
-72.6942406,-39.9900169,60
-72.6942188,-39.9899326,60
-72.6942096,-39.9898834,60
-72.6942092,-39.9898692,60
-72.6942232,-39.9898843,60
-72.6942365,-39.9899142,60
-72.6942598,-39.98996,60
-72.6942911,-39.9900198,60
-72.6943325,-39.9901017,60
-72.6943801,-39.9901961,60
-72.6944276,-39.9902901,60
-72.6944834,-39.9904001,60
-72.694538,-39.990512,60
-72.6945792,-39.9905948,60
-72.6946074,-39.9906492,60
-72.6946262,-39.9906865,60
-72.6946464,-39.9907289,60
-72.6946803,-39.9907956,60
-72.6947206,-39.9908768,60
-72.694762,-39.9909589,60
-72.6948037,-39.9910432,60
-72.6948298,-39.9910949,60
-72.6948445,-39.9911236,60
-72.694856,-39.9911462,60
-72.6948713,-39.9911766,60
-72.6948872,-39.9912063,60
-72.6949114,-39.9912553,60
-72.6949481,-39.9913291,60
-72.6949869,-39.9914067,60
-72.6950349,-39.9915028,60
-72.6950881,-39.9916083,60
-72.6951385,-39.9917092,60
-72.6951911,-39.9918148,60
-72.6952409,-39.9919134,60
-72.6952962,-39.9920254,60
-72.6953498,-39.9921323,60
-72.6953879,-39.9922085,60
-72.6954128,-39.9922583,60
-72.695434,-39.9922994,60
-72.695461,-39.9923533,60
-72.6954994,-39.9924296,60
-72.6955432,-39.9925177,60
-72.6955833,-39.9926006,60
-72.6956353,-39.9927028,60
-72.69569,-39.992813,60
-72.6957368,-39.9929084,60
-72.6957763,-39.9929894,60
-72.6958108,-39.9930555,60
-72.6958364,-39.993097,60
-72.6958801,-39.9931478,60
-72.6959561,-39.9932016,60
-72.6960495,-39.9932576,60
-72.6961446,-39.9933123,60
-72.6962279,-39.9933492,60
-72.6962708,-39.9933511,60
-72.6962721,-39.9933294,60
-72.6962497,-39.9932937,60
-72.6962254,-39.9932448,60
-72.6961949,-39.9931842,60
-72.6961532,-39.9931021,60
-72.6961114,-39.9930174,60
-72.6960873,-39.9929686,60
-72.6960682,-39.9929304,60
-72.696049,-39.9928928,60
-72.6960305,-39.9928539,60
-72.6960006,-39.9927955,60
-72.6959648,-39.9927231,60
-72.6959272,-39.992649,60
-72.69588,-39.9925564,60
-72.6958334,-39.992466,60
-72.6957777,-39.9923531,60
-72.6957246,-39.9922473,60
-72.6956746,-39.9921488,60
-72.6956369,-39.9920692,60
-72.6956096,-39.9920155,60
-72.6955894,-39.9919753,60
-72.6955683,-39.9919317,60
-72.6955498,-39.9918929,60
-72.695533,-39.9918582,60
-72.6955133,-39.9918181,60
-72.6954926,-39.9917769,60
-72.6954705,-39.9917345,60
-72.695444,-39.9916817,60
-72.6954098,-39.9916114,60
-72.6953687,-39.9915313,60
-72.6953252,-39.9914474,60
-72.6952773,-39.991349,60
-72.6952254,-39.9912489,60
-72.6951813,-39.9911609,60
-72.6951422,-39.9910815,60
-72.6951122,-39.9910211,60
-72.6950991,-39.9909942,60
-72.695098,-39.990992,60
-72.6950983,-39.9909923,60
-72.695097,-39.9909881,60
-72.6950851,-39.9909627,60
-72.6950652,-39.9909223,60
-72.6950324,-39.9908592,60
-72.6949917,-39.9907798,60
-72.6949444,-39.9906861,60
-72.6948974,-39.9905938,60
-72.6948434,-39.9904862,60
-72.6947906,-39.9903813,60
-72.6947414,-39.990284,60
-72.6946869,-39.9901774,60
-72.6946346,-39.9900728,60
-72.69459,-39.9899829,60
-72.694542,-39.9898873,60
-72.6944903,-39.9897844,60
-72.6944397,-39.989683,60
-72.6943851,-39.9895675,60
-72.694353,-39.9894556,60
-72.6943632,-39.9893616,60
-72.6943927,-39.9892601,60
-72.6944214,-39.9891805,60
-72.694441,-39.9891416,60
-72.694457,-39.9891265,60
-72.6944773,-39.9891332,60
-72.6944986,-39.9891589,60
-72.6945195,-39.9891949,60
-72.69455,-39.9892534,60
-72.6945848,-39.9893214,60
-72.6946303,-39.9894104,60
-72.6946807,-39.989511,60
-72.6947303,-39.9896089,60
-72.6947863,-39.9897227,60
-72.6948421,-39.9898357,60
-72.6948934,-39.9899372,60
-72.6949495,-39.9900498,60
-72.6950061,-39.9901621,60
-72.6950572,-39.9902632,60
-72.6951127,-39.9903753,60
-72.6951689,-39.990487,60
-72.6952193,-39.9905872,60
-72.6952755,-39.9906991,60
-72.6953314,-39.99081,60
-72.6953819,-39.99091,60
-72.6954369,-39.9910197,60
-72.6954934,-39.9911308,60
-72.6955488,-39.9912416,60
-72.6955996,-39.9913419,60
-72.6956546,-39.991452,60
-72.6957029,-39.9915479,60
-72.6957451,-39.9916309,60
-72.6957858,-39.9917124,60
-72.6958232,-39.9917878,60
-72.6958612,-39.9918634,60
-72.6958989,-39.9919356,60
-72.6959369,-39.9920121,60
-72.6959794,-39.9920977,60
-72.6960181,-39.9921749,60
-72.6960594,-39.9922561,60
-72.6961104,-39.9923569,60
-72.6961635,-39.9924613,60
-72.6962156,-39.9925654,60
-72.696268,-39.9926728,60
-72.6963074,-39.9927509,60
-72.6963327,-39.9928037,60
-72.6963491,-39.9928349,60
-72.6963569,-39.9928466,60
-72.696368,-39.9928692,60
-72.6963801,-39.9928921,60
-72.6963958,-39.9929234,60
-72.6964132,-39.9929591,60
-72.6964445,-39.993022,60
-72.6964835,-39.9931003,60
-72.6965252,-39.9931821,60
-72.6965762,-39.9932836,60
-72.6966311,-39.9933931,60
-72.6966821,-39.9934954,60
-72.6967373,-39.9936104,60
-72.6967906,-39.9937241,60
-72.6968397,-39.9938269,60
-72.696896,-39.9939401,60
-72.6969526,-39.9940528,60
-72.6970039,-39.9941541,60
-72.6970573,-39.9942625,60
-72.6971007,-39.9943498,60
-72.6971235,-39.9943923,60
-72.697128,-39.9944026,60
-72.6971284,-39.9944036,60
-72.6971358,-39.9944174,60
-72.6971551,-39.9944563,60
-72.6971845,-39.9945143,60
-72.6972125,-39.9945717,60
-72.697239,-39.9946265,60
-72.6972688,-39.9946841,60
-72.6972933,-39.9947326,60
-72.6973185,-39.9947828,60
-72.6973418,-39.9948285,60
-72.6973767,-39.9948995,60
-72.697413,-39.994972,60
-72.6974581,-39.9950624,60
-72.6974975,-39.9951419,60
-72.6975326,-39.995214,60
-72.697566,-39.9952798,60
-72.6976052,-39.9953613,60
-72.6976189,-39.9954106,60
-72.6976101,-39.9954302,60
-72.6975852,-39.9954259,60
-72.6975496,-39.9954001,60
-72.6974979,-39.995361,60
-72.6974415,-39.9953196,60
-72.6973834,-39.9952766,60
-72.6973461,-39.9952486,60
-72.6973248,-39.9952339,60
-72.697307,-39.9952219,60
-72.6972872,-39.9952072,60
-72.6972583,-39.9951863,60
-72.6972292,-39.9951631,60
-72.6972263,-39.9951608,60
-72.6972233,-39.9951589,60
-72.6972085,-39.9951475,60
-72.6971802,-39.9951162,60
-72.6971511,-39.9950776,60
-72.6971146,-39.9950148,60
-72.6970776,-39.994944,60
-72.69703,-39.9948528,60
-72.6969815,-39.9947567,60
-72.6969347,-39.9946641,60
-72.6968851,-39.9945662,60
-72.6968407,-39.9944708,60
-72.6968107,-39.9944119,60
-72.6967956,-39.9943834,60
-72.6967859,-39.9943621,60
-72.6967705,-39.9943283,60
-72.6967543,-39.9942943,60
-72.6967289,-39.9942453,60
-72.6967002,-39.9941891,60
-72.6966731,-39.9941353,60
-72.6966404,-39.9940716,60
-72.6966222,-39.9940379,60
-72.6965883,-39.994009,60
-72.6965229,-39.9940064,60
-72.6964753,-39.9940313,60
-72.6964216,-39.9940712,60
-72.6963824,-39.9941334,60
-72.6963849,-39.9941942,60
-72.6964141,-39.9942631,60
-72.6964546,-39.9943435,60
-72.6964967,-39.9944261,60
-72.6965596,-39.9945238,60
-72.6966506,-39.9946195,60
-72.6967575,-39.9947097,60
-72.6968544,-39.9947883,60
-72.6969622,-39.9948756,60
-72.6970686,-39.9949613,60
-72.6971658,-39.9950393,60
-72.6972702,-39.9951238,60
-72.6973508,-39.9951892,60
-72.6974112,-39.9952374,60
-72.6974316,-39.9952517,60
-72.6974312,-39.9952525,60
-72.6974457,-39.9952647,60
-72.697484,-39.9952958,60
-72.6975321,-39.9953348,60
-72.6975828,-39.9953773,60
-72.6976531,-39.995435,60
-72.697732,-39.9954989,60
-72.6978181,-39.9955686,60
-72.6979214,-39.9956519,60
-72.6980175,-39.9957289,60
-72.6980994,-39.9957865,60
-72.698149,-39.9958088,60
-72.6981657,-39.9958014,60
-72.6981446,-39.9957758,60
-72.6981249,-39.9957525,60
-72.6981031,-39.9957119,60
-72.6980751,-39.9956569,60
-72.6980372,-39.9955816,60
-72.6979988,-39.9955053,60
-72.6979518,-39.9954139,60
-72.6979031,-39.9953178,60
-72.697863,-39.9952328,60
-72.6978123,-39.9951359,60
-72.6977628,-39.995038,60
-72.6977123,-39.9949367,60
-72.6976644,-39.9948396,60
-72.6976102,-39.9947294,60
-72.6975614,-39.9946314,60
-72.6975046,-39.9945185,60
-72.6974512,-39.9944107,60
-72.697395,-39.9943001,60
-72.6973509,-39.9942082,60
-72.6973179,-39.9941431,60
-72.697299,-39.9941067,60
-72.6972793,-39.9940671,60
-72.6972543,-39.9940147,60
-72.6972409,-39.9939904,60
-72.697231,-39.9939713,60
-72.6972113,-39.9939311,60
-72.6971858,-39.9938795,60
-72.6971554,-39.9938183,60
-72.6971151,-39.9937368,60
-72.6970673,-39.9936428,60
-72.69702,-39.9935495,60
-72.6969638,-39.9934387,60
-72.6969077,-39.9933262,60
-72.6968574,-39.9932251,60
-72.6968019,-39.9931149,60
-72.6967522,-39.9930162,60
-72.6966987,-39.9929127,60
-72.6966486,-39.9928113,60
-72.6966145,-39.9927429,60
-72.6965943,-39.9927021,60
-72.6965927,-39.9926967,60
-72.6965936,-39.9926967,60
-72.6965923,-39.9926943,60
-72.6965824,-39.9926739,60
-72.696563,-39.9926364,60
-72.6965324,-39.9925757,60
-72.6964933,-39.9924978,60
-72.6964535,-39.992418,60
-72.6964101,-39.9923299,60
-72.6963595,-39.9922302,60
-72.6963051,-39.992122,60
-72.6962547,-39.9920227,60
-72.6962004,-39.991916,60
-72.6961493,-39.9918167,60
-72.6960957,-39.9917057,60
-72.6960386,-39.9915916,60
-72.6959885,-39.9914886,60
-72.6959337,-39.9913786,60
-72.6958781,-39.9912672,60
-72.6958285,-39.9911672,60
-72.6957728,-39.991055,60
-72.6957177,-39.9909439,60
-72.6956677,-39.9908446,60
-72.6956123,-39.9907341,60
-72.6955571,-39.9906255,60
-72.6955069,-39.9905261,60
-72.6954519,-39.9904142,60
-72.6953964,-39.9903032,60
-72.6953467,-39.9902043,60
-72.695291,-39.9900929,60
-72.6952355,-39.9899818,60
-72.6951888,-39.9898895,60
-72.6951522,-39.9898179,60
-72.6951147,-39.9897452,60
-72.6950735,-39.9896633,60
-72.6950268,-39.9895721,60
-72.6949812,-39.9894795,60
-72.6949407,-39.9893982,60
-72.6948922,-39.9893014,60
-72.6948407,-39.9891997,60
-72.6947901,-39.9890985,60
-72.6947378,-39.9889917,60
-72.6946976,-39.9889095,60
-72.6946619,-39.9888233,60
-72.6946581,-39.9887759,60
-72.6946665,-39.988749,60
-72.6946813,-39.9887374,60
-72.6947271,-39.9887158,60
-72.6947979,-39.9886924,60
-72.6948637,-39.9886877,60
-72.6949112,-39.9887128,60
-72.6949431,-39.988761,60
-72.6949754,-39.9888225,60
-72.6950119,-39.9888932,60
-72.6950586,-39.9889859,60
-72.6951103,-39.9890886,60
-72.69516,-39.9891882,60
-72.6952158,-39.9893017,60
-72.6952718,-39.9894148,60
-72.6953228,-39.9895163,60
-72.6953791,-39.9896287,60
-72.6954354,-39.9897401,60
-72.695485,-39.9898401,60
-72.6955403,-39.9899511,60
-72.6955901,-39.9900509,60
-72.6956455,-39.9901622,60
-72.6957016,-39.9902739,60
-72.6957573,-39.990385,60
-72.6958073,-39.9904848,60
-72.6958629,-39.9905955,60
-72.6959182,-39.9907063,60
-72.6959683,-39.9908068,60
-72.6960241,-39.9909178,60
-72.6960796,-39.9910288,60
-72.6961296,-39.9911286,60
-72.6961851,-39.9912392,60
-72.6962408,-39.9913505,60
-72.6962908,-39.9914505,60
-72.6963463,-39.9915616,60
-72.6963967,-39.9916617,60
-72.6964524,-39.9917727,60
-72.6965079,-39.9918834,60
-72.6965634,-39.9919945,60
-72.6966133,-39.9920944,60
-72.6966695,-39.9922058,60
-72.6967251,-39.9923167,60
-72.6967752,-39.9924169,60
-72.6968308,-39.9925282,60
-72.6968869,-39.9926394,60
-72.6969377,-39.9927392,60
-72.6969852,-39.9928359,60
-72.6970315,-39.9929266,60
-72.6970834,-39.9930283,60
-72.6971329,-39.9931291,60
-72.6971791,-39.9932228,60
-72.6972221,-39.9933073,60
-72.6972766,-39.9934113,60
-72.6973291,-39.9935196,60
-72.6973802,-39.9936221,60
-72.6974362,-39.993737,60
-72.6974931,-39.9938502,60
-72.6975443,-39.9939525,60
-72.6975964,-39.9940587,60
-72.6976517,-39.9941654,60
-72.6977024,-39.9942664,60
-72.6977579,-39.9943791,60
-72.6978136,-39.9944921,60
-72.6978644,-39.9945933,60
-72.6979209,-39.9947054,60
-72.6979769,-39.9948172,60
-72.698027,-39.9949172,60
-72.6980827,-39.9950282,60
-72.6981382,-39.9951393,60
-72.6981883,-39.9952393,60
-72.6982434,-39.9953502,60
-72.698299,-39.9954613,60
-72.6983493,-39.9955614,60
-72.6984029,-39.9956627,60
-72.6984446,-39.9957195,60
-72.6984896,-39.9957405,60
-72.6985514,-39.9957329,60
-72.6986155,-39.9957067,60
-72.6986713,-39.9956628,60
-72.6986848,-39.9956127,60
-72.6986649,-39.9955547,60
-72.6986364,-39.995495,60
-72.6985957,-39.9954146,60
-72.6985476,-39.9953211,60
-72.6985009,-39.9952281,60
-72.6984521,-39.9951268,60
-72.6983963,-39.9950194,60
-72.6983455,-39.9949168,60
-72.6982907,-39.9948033,60
-72.6982348,-39.9946903,60
-72.6981847,-39.9945904,60
-72.6981293,-39.9944794,60
-72.6980735,-39.9943686,60
-72.6980232,-39.9942682,60
-72.6979681,-39.9941579,60
-72.6979123,-39.9940477,60
-72.6978619,-39.9939471,60
-72.6978067,-39.9938366,60
-72.6977513,-39.9937275,60
-72.6977008,-39.9936274,60
-72.6976449,-39.9935154,60
-72.6975902,-39.993405,60
-72.6975396,-39.9933053,60
-72.697485,-39.9931939,60
-72.6974286,-39.9930838,60
-72.6973784,-39.9929849,60
-72.6973235,-39.9928734,60
-72.6972683,-39.9927617,60
-72.6972177,-39.9926617,60
-72.6971624,-39.9925513,60
-72.6971076,-39.9924402,60
-72.6970578,-39.99234,60
-72.6970026,-39.9922307,60
-72.6969525,-39.9921322,60
-72.6968968,-39.9920211,60
-72.6968409,-39.9919088,60
-72.6967852,-39.9917971,60
-72.6967358,-39.9916978,60
-72.6966799,-39.9915871,60
-72.6966251,-39.9914762,60
-72.6965756,-39.9913759,60
-72.69652,-39.9912647,60
-72.6964642,-39.9911541,60
-72.6964146,-39.9910542,60
-72.6963587,-39.9909436,60
-72.696309,-39.9908433,60
-72.6962524,-39.9907335,60
-72.6961971,-39.9906227,60
-72.6961417,-39.9905109,60
-72.6960914,-39.9904104,60
-72.6960365,-39.9902995,60
-72.6959861,-39.9901998,60
-72.6959303,-39.9900891,60
-72.6958742,-39.989978,60
-72.6958183,-39.9898679,60
-72.6957681,-39.9897693,60
-72.6957129,-39.9896582,60
-72.6956629,-39.9895571,60
-72.6956085,-39.9894467,60
-72.6955529,-39.9893366,60
-72.6955031,-39.9892372,60
-72.6954477,-39.9891264,60
-72.6953926,-39.9890158,60
-72.6953427,-39.9889146,60
-72.695287,-39.9888035,60
-72.6952335,-39.9886964,60
-72.6952016,-39.9886206,60
-72.6951977,-39.9885642,60
-72.6952415,-39.9885198,60
-72.6953019,-39.9884934,60
-72.695374,-39.9884769,60
-72.6954344,-39.9884928,60
-72.6954691,-39.9885319,60
-72.6954994,-39.9885877,60
-72.6955359,-39.9886613,60
-72.695581,-39.9887494,60
-72.6956258,-39.9888386,60
-72.6956806,-39.9889465,60
-72.6957309,-39.9890484,60
-72.695787,-39.9891614,60
-72.6958436,-39.9892745,60
-72.6958997,-39.9893871,60
-72.6959503,-39.9894879,60
-72.6960062,-39.9895996,60
-72.6960622,-39.9897117,60
-72.6961126,-39.9898121,60
-72.6961675,-39.9899241,60
-72.6962178,-39.9900246,60
-72.6962734,-39.9901357,60
-72.6963295,-39.9902465,60
-72.6963799,-39.9903464,60
-72.6964353,-39.9904575,60
-72.6964905,-39.9905688,60
-72.6965465,-39.99068,60
-72.6965974,-39.9907811,60
-72.6966527,-39.9908928,60
-72.6967082,-39.9910039,60
-72.6967582,-39.9911034,60
-72.6968143,-39.9912152,60
-72.6968651,-39.9913157,60
-72.6969211,-39.9914278,60
-72.6969774,-39.99154,60
-72.6970325,-39.9916515,60
-72.6970827,-39.991752,60
-72.6971382,-39.9918638,60
-72.697194,-39.9919754,60
-72.6972441,-39.9920747,60
-72.6973001,-39.9921859,60
-72.697356,-39.9922976,60
-72.6974065,-39.9923984,60
-72.6974623,-39.9925097,60
-72.6975182,-39.992621,60
-72.6975682,-39.992721,60
-72.6976242,-39.9928322,60
-72.6976803,-39.9929437,60
-72.6977304,-39.9930436,60
-72.6977865,-39.9931549,60
-72.6978418,-39.9932656,60
-72.6978924,-39.9933666,60
-72.6979481,-39.9934773,60
-72.6980034,-39.993588,60
-72.6980525,-39.9936882,60
-72.6981085,-39.9937994,60
-72.6981645,-39.9939102,60
-72.6982139,-39.994009,60
-72.6982693,-39.9941193,60
-72.6983252,-39.9942309,60
-72.6983752,-39.9943316,60
-72.6984308,-39.9944427,60
-72.6984866,-39.9945528,60
-72.6985369,-39.9946543,60
-72.6985922,-39.9947669,60
-72.6986483,-39.9948788,60
-72.6986982,-39.9949795,60
-72.6987544,-39.9950905,60
-72.698809,-39.9951995,60
-72.6988602,-39.9953005,60
-72.6989161,-39.9954099,60
-72.6989633,-39.9954827,60
-72.6990046,-39.9955131,60
-72.6990609,-39.9955143,60
-72.69912,-39.9954884,60
-72.6991732,-39.9954524,60
-72.699212,-39.9954109,60
-72.6992125,-39.9953573,60
-72.6991792,-39.9953028,60
-72.6991451,-39.9952358,60
-72.6991138,-39.9951704,60
-72.6990723,-39.9950857,60
-72.6990248,-39.9949919,60
-72.6989734,-39.9948912,60
-72.6989228,-39.9947911,60
-72.6988674,-39.9946774,60
-72.6988117,-39.9945643,60
-72.6987619,-39.994464,60
-72.6987058,-39.994353,60
-72.6986513,-39.9942424,60
-72.6986031,-39.9941505,60
-72.6985485,-39.9940449,60
-72.6984954,-39.9939364,60
-72.6984401,-39.9938269,60
-72.6983896,-39.9937231,60
-72.6983333,-39.9936081,60
-72.6982775,-39.9934965,60
-72.6982287,-39.9934029,60
-72.6981723,-39.9932928,60
-72.6981218,-39.9931883,60
-72.6980669,-39.9930735,60
-72.698011,-39.992962,60
-72.6979601,-39.9928622,60
-72.6979051,-39.9927511,60
-72.6978493,-39.9926396,60
-72.6977986,-39.9925396,60
-72.6977431,-39.9924295,60
-72.6976879,-39.9923182,60
-72.6976378,-39.9922181,60
-72.6975823,-39.9921071,60
-72.6975268,-39.9919961,60
-72.6974767,-39.9918945,60
-72.6974212,-39.991784,60
-72.6973646,-39.9916739,60
-72.6973149,-39.9915739,60
-72.697259,-39.9914622,60
-72.6972032,-39.9913508,60
-72.6971529,-39.9912521,60
-72.6970991,-39.9911411,60
-72.6970425,-39.9910302,60
-72.6969932,-39.9909301,60
-72.696937,-39.9908212,60
-72.6968813,-39.9907111,60
-72.6968315,-39.9906123,60
-72.6967756,-39.9905012,60
-72.6967197,-39.9903896,60
-72.6966698,-39.9902886,60
-72.6966148,-39.9901769,60
-72.6965649,-39.9900772,60
-72.6965102,-39.9899667,60
-72.6964548,-39.9898558,60
-72.6963996,-39.9897452,60
-72.6963497,-39.9896453,60
-72.6962935,-39.9895347,60
-72.6962386,-39.9894226,60
-72.6961882,-39.9893223,60
-72.6961322,-39.9892117,60
-72.6960764,-39.9891014,60
-72.6960264,-39.9890018,60
-72.6959708,-39.9888905,60
-72.6959162,-39.9887799,60
-72.6958653,-39.9886801,60
-72.695809,-39.9885676,60
-72.6957612,-39.9884684,60
-72.6957297,-39.9883875,60
-72.6957463,-39.9883361,60
-72.6958027,-39.9882988,60
-72.6958675,-39.9882764,60
-72.695935,-39.9882701,60
-72.6959876,-39.9882994,60
-72.6960161,-39.9883432,60
-72.6960481,-39.9884045,60
-72.6960891,-39.9884828,60
-72.6961307,-39.9885658,60
-72.696182,-39.9886688,60
-72.6962373,-39.9887797,60
-72.6962881,-39.9888819,60
-72.6963439,-39.9889949,60
-72.6964006,-39.9891075,60
-72.6964512,-39.9892085,60
-72.6965077,-39.9893205,60
-72.6965637,-39.9894333,60
-72.6966143,-39.9895341,60
-72.6966702,-39.9896464,60
-72.6967263,-39.9897584,60
-72.6967772,-39.989859,60
-72.6968333,-39.9899704,60
-72.6968889,-39.9900819,60
-72.6969395,-39.9901819,60
-72.6969955,-39.9902935,60
-72.6970513,-39.9904048,60
-72.6971013,-39.990506,60
-72.6971571,-39.9906176,60
-72.6972125,-39.990729,60
-72.6972626,-39.9908292,60
-72.697318,-39.9909402,60
-72.6973739,-39.9910521,60
-72.6974239,-39.9911514,60
-72.69748,-39.9912625,60
-72.6975358,-39.991374,60
-72.6975861,-39.9914745,60
-72.6976422,-39.9915861,60
-72.6976979,-39.9916982,60
-72.6977477,-39.9917986,60
-72.6978029,-39.9919102,60
-72.6978594,-39.9920215,60
-72.6979099,-39.9921213,60
-72.6979653,-39.9922333,60
-72.6980209,-39.9923447,60
-72.6980716,-39.9924444,60
-72.6981273,-39.9925557,60
-72.6981836,-39.9926671,60
-72.6982334,-39.9927672,60
-72.6982892,-39.9928785,60
-72.6983451,-39.9929893,60
-72.6983947,-39.9930893,60
-72.6984504,-39.9932009,60
-72.6985061,-39.9933121,60
-72.6985621,-39.993423,60
-72.6986122,-39.9935232,60
-72.6986675,-39.9936342,60
-72.6987179,-39.9937347,60
-72.6987732,-39.9938456,60
-72.6988293,-39.9939582,60
-72.6988799,-39.9940589,60
-72.6989357,-39.9941709,60
-72.6989918,-39.9942826,60
-72.6990422,-39.9943819,60
-72.6990976,-39.9944928,60
-72.6991532,-39.9946039,60
-72.6992036,-39.9947039,60
-72.6992589,-39.994815,60
-72.6993132,-39.9949228,60
-72.6993641,-39.9950229,60
-72.6994198,-39.9951343,60
-72.6994706,-39.9952256,60
-72.699514,-39.9952713,60
-72.6995637,-39.9952793,60
-72.6996294,-39.9952584,60
-72.6996909,-39.9952254,60
-72.6997314,-39.9951758,60
-72.6997261,-39.9951186,60
-72.6997031,-39.9950655,60
-72.6996669,-39.9949925,60
-72.6996228,-39.9949056,60
-72.6995776,-39.9948165,60
-72.6995232,-39.9947101,60
-72.6994718,-39.9946087,60
-72.6994201,-39.9945036,60
-72.6993701,-39.9944029,60
-72.6993144,-39.9942887,60
-72.6992644,-39.9941894,60
-72.6992105,-39.9940843,60
-72.6991605,-39.9939862,60
-72.6991086,-39.9938831,60
-72.6990633,-39.9937905,60
-72.6990106,-39.9936861,60
-72.6989606,-39.9935847,60
-72.6989141,-39.9934931,60
-72.6988595,-39.9933827,60
-72.6988081,-39.9932787,60
-72.6987531,-39.9931648,60
-72.6986993,-39.9930563,60
-72.6986461,-39.9929548,60
-72.6985973,-39.9928589,60
-72.6985409,-39.9927451,60
-72.698484,-39.9926301,60
-72.6984344,-39.9925286,60
-72.6983794,-39.992417,60
-72.6983354,-39.9923314,60
-72.6982972,-39.9922568,60
-72.6982472,-39.9921601,60
-72.6981932,-39.9920545,60
-72.6981434,-39.9919517,60
-72.6980886,-39.9918387,60
-72.6980331,-39.9917262,60
-72.6979825,-39.9916249,60
</coordinates></LineString>
</Placemark>
<Placemark>
<name>DJI_202603231443_001_salto004_Timestamp.MRK</name>
<description>Equipo: M3E | Fecha: 23-03-2026 | Puntos: 843</description>
<styleUrl>#m3e</styleUrl>
<LineString><altitudeMode>relativeToGround</altitudeMode><coordinates>
-72.6979431,-39.9915487,60
-72.6979321,-39.9915267,60
-72.6979085,-39.9914803,60
-72.6978749,-39.9914132,60
-72.6978333,-39.9913312,60
-72.6977903,-39.9912469,60
-72.6977378,-39.9911429,60
-72.6976829,-39.991034,60
-72.6976271,-39.9909202,60
-72.6975775,-39.9908176,60
-72.6975224,-39.9907076,60
-72.6974718,-39.9906084,60
-72.6974166,-39.9904965,60
-72.6973613,-39.9903865,60
-72.6973132,-39.9902914,60
-72.6972572,-39.9901816,60
-72.6972011,-39.9900678,60
-72.6971506,-39.9899666,60
-72.6970948,-39.9898544,60
-72.6970403,-39.9897422,60
-72.6969908,-39.9896426,60
-72.6969346,-39.9895325,60
-72.6968789,-39.9894222,60
-72.6968286,-39.9893223,60
-72.6967727,-39.9892123,60
-72.6967011,-39.989068,60
-72.6966692,-39.9890009,60
-72.6966129,-39.9888912,60
-72.6965578,-39.9887798,60
-72.6965081,-39.9886803,60
-72.6964537,-39.9885719,60
-72.6964068,-39.9884803,60
-72.6963605,-39.9883931,60
-72.6963079,-39.9882878,60
-72.6962707,-39.9881944,60
-72.6962706,-39.9881432,60
-72.6963179,-39.9881005,60
-72.6963792,-39.9880748,60
-72.6964515,-39.9880584,60
-72.69651,-39.9880755,60
-72.6965429,-39.9881153,60
-72.6965736,-39.9881707,60
-72.6966115,-39.988244,60
-72.6966518,-39.9883232,60
-72.6967013,-39.9884226,60
-72.6967548,-39.9885313,60
-72.6968052,-39.9886333,60
-72.6968619,-39.9887464,60
-72.6969173,-39.9888592,60
-72.6969746,-39.9889721,60
-72.6970249,-39.9890733,60
-72.6970808,-39.9891849,60
-72.6971365,-39.9892962,60
-72.6971873,-39.9893967,60
-72.6972428,-39.9895083,60
-72.6972925,-39.9896091,60
-72.6973482,-39.9897205,60
-72.6974035,-39.9898317,60
-72.6974542,-39.9899317,60
-72.6975104,-39.9900433,60
-72.6975654,-39.9901552,60
-72.697622,-39.9902668,60
-72.6976721,-39.9903673,60
-72.6977287,-39.9904789,60
-72.6977789,-39.9905797,60
-72.6978397,-39.9907022,60
-72.6978959,-39.9908136,60
-72.6979463,-39.990914,60
-72.6979967,-39.9910145,60
-72.6980523,-39.9911255,60
-72.6981083,-39.9912368,60
-72.6981581,-39.9913369,60
-72.6982148,-39.9914484,60
-72.6982702,-39.9915596,60
-72.6983199,-39.9916596,60
-72.6983755,-39.9917709,60
-72.6984311,-39.9918816,60
-72.6984809,-39.9919816,60
-72.6985367,-39.9920927,60
-72.6985922,-39.9922041,60
-72.6986479,-39.9923149,60
-72.6986976,-39.9924147,60
-72.6987527,-39.9925263,60
-72.6988083,-39.9926376,60
-72.6988594,-39.9927378,60
-72.6989151,-39.9928494,60
-72.6989661,-39.9929494,60
-72.6990219,-39.9930609,60
-72.6990773,-39.9931727,60
-72.6991284,-39.9932731,60
-72.6991838,-39.9933841,60
-72.6992395,-39.9934956,60
-72.6992903,-39.9935961,60
-72.6993467,-39.993708,60
-72.6994018,-39.99382,60
-72.6994517,-39.9939205,60
-72.699508,-39.9940316,60
-72.6995634,-39.9941425,60
-72.6996136,-39.9942426,60
-72.6996695,-39.9943532,60
-72.6997252,-39.9944645,60
-72.6997811,-39.9945756,60
-72.6998367,-39.9946869,60
-72.699892,-39.994798,60
-72.6999419,-39.994898,60
-72.6999893,-39.994982,60
-72.7000349,-39.9950334,60
-72.7000892,-39.9950472,60
-72.7001458,-39.9950323,60
-72.7002098,-39.9949978,60
-72.7002535,-39.9949483,60
-72.7002539,-39.9948961,60
-72.70023,-39.9948392,60
-72.7001997,-39.9947771,60
-72.7001591,-39.9946962,60
-72.700114,-39.9946089,60
-72.700072,-39.9945245,60
-72.7000225,-39.9944298,60
-72.6999751,-39.9943326,60
-72.6999286,-39.9942383,60
-72.699883,-39.9941482,60
-72.6998447,-39.9940713,60
-72.6998002,-39.9939794,60
-72.6997615,-39.9939028,60
-72.6997231,-39.9938248,60
-72.6996776,-39.9937327,60
-72.6996345,-39.9936472,60
-72.6995972,-39.9935709,60
-72.6995524,-39.9934804,60
-72.6995097,-39.9933975,60
-72.6994611,-39.9933036,60
-72.6994102,-39.993201,60
-72.6993555,-39.9930901,60
-72.699307,-39.9929921,60
-72.6992556,-39.9928934,60
-72.6992106,-39.9928043,60
-72.6991597,-39.9927019,60
-72.6991077,-39.9925986,60
-72.6990564,-39.9924959,60
-72.6990095,-39.9924029,60
-72.6989584,-39.9922987,60
-72.6989046,-39.9921923,60
-72.6988548,-39.9920927,60
-72.6987984,-39.991979,60
-72.6987421,-39.991862,60
-72.6986923,-39.9917608,60
-72.6986365,-39.9916499,60
-72.6985804,-39.9915388,60
-72.6985311,-39.9914398,60
-72.698477,-39.9913313,60
-72.6984226,-39.9912223,60
-72.6983719,-39.9911226,60
-72.6983151,-39.9910083,60
-72.6982656,-39.9909082,60
-72.6982098,-39.9907975,60
-72.6981538,-39.9906867,60
-72.6980987,-39.990576,60
-72.6980487,-39.9904758,60
-72.697993,-39.9903642,60
-72.6979378,-39.9902535,60
-72.6978864,-39.9901547,60
-72.6978308,-39.9900438,60
-72.6977762,-39.9899321,60
-72.6977263,-39.9898325,60
-72.697671,-39.9897213,60
-72.6976152,-39.98961,60
-72.6975645,-39.9895113,60
-72.6975087,-39.9894007,60
-72.6974548,-39.989294,60
-72.6974058,-39.9891941,60
-72.6973513,-39.9890829,60
-72.6972956,-39.9889752,60
-72.697247,-39.9888789,60
-72.6971922,-39.9887717,60
-72.6971389,-39.988666,60
-72.6970903,-39.9885697,60
-72.6970309,-39.9884495,60
-72.6969813,-39.9883509,60
-72.6969324,-39.9882536,60
-72.6968792,-39.9881456,60
-72.69683,-39.9880404,60
-72.6968002,-39.98797,60
-72.6968083,-39.9879255,60
-72.6968673,-39.9878834,60
-72.6969347,-39.9878576,60
-72.6970029,-39.9878476,60
-72.6970561,-39.987873,60
-72.6970853,-39.987916,60
-72.6971168,-39.9879756,60
-72.6971571,-39.9880529,60
-72.6971985,-39.9881355,60
-72.6972495,-39.9882381,60
-72.6973045,-39.9883487,60
-72.6973548,-39.9884516,60
-72.6974112,-39.988566,60
-72.6974683,-39.9886799,60
-72.6975254,-39.9887933,60
-72.6975827,-39.9889058,60
-72.6976341,-39.989007,60
-72.6976902,-39.9891196,60
-72.6977403,-39.9892202,60
-72.6977961,-39.9893316,60
-72.6978516,-39.9894431,60
-72.6979018,-39.9895431,60
-72.6979577,-39.9896545,60
-72.6980138,-39.9897652,60
-72.6980634,-39.9898654,60
-72.698119,-39.9899764,60
-72.6981696,-39.9900758,60
-72.6982247,-39.990187,60
-72.6982803,-39.990298,60
-72.6983354,-39.9904095,60
-72.6983908,-39.9905208,60
-72.6984403,-39.9906207,60
-72.6984963,-39.9907318,60
-72.6985462,-39.9908314,60
-72.6986023,-39.9909425,60
-72.6986576,-39.9910534,60
-72.6987075,-39.9911535,60
-72.6987634,-39.9912646,60
-72.6988191,-39.9913758,60
-72.6988698,-39.9914756,60
-72.6989258,-39.9915871,60
-72.6989815,-39.991698,60
-72.6990313,-39.9917976,60
-72.6990867,-39.9919084,60
-72.6991422,-39.9920191,60
-72.6991924,-39.9921188,60
-72.6992478,-39.9922295,60
-72.6993033,-39.9923408,60
-72.6993582,-39.9924522,60
-72.6994133,-39.9925633,60
-72.6994636,-39.9926629,60
-72.6995197,-39.9927741,60
-72.6995753,-39.9928855,60
-72.6996258,-39.9929857,60
-72.6996758,-39.9930862,60
-72.6997318,-39.9931976,60
-72.6997875,-39.9933092,60
-72.6998441,-39.9934209,60
-72.699894,-39.9935216,60
-72.6999493,-39.9936339,60
-72.7000056,-39.9937456,60
-72.7000561,-39.9938461,60
-72.7001123,-39.9939574,60
-72.7001681,-39.9940686,60
-72.7002182,-39.9941692,60
-72.7002743,-39.9942807,60
-72.7003294,-39.9943919,60
-72.70038,-39.9944918,60
-72.700436,-39.9946034,60
-72.7004864,-39.9947016,60
-72.7005349,-39.9947778,60
-72.7005823,-39.9948082,60
-72.7006421,-39.9948053,60
-72.7006993,-39.9947831,60
-72.7007615,-39.994742,60
-72.7007832,-39.9946888,60
-72.7007692,-39.9946372,60
-72.7007404,-39.994574,60
-72.700701,-39.994497,60
-72.7006629,-39.9944184,60
-72.7006138,-39.994322,60
-72.7005613,-39.9942199,60
-72.7005139,-39.9941253,60
-72.7004635,-39.9940258,60
-72.7004119,-39.993922,60
-72.7003577,-39.993813,60
-72.7003031,-39.9937016,60
-72.7002535,-39.9936016,60
-72.7001938,-39.9934828,60
-72.7001473,-39.9933927,60
-72.7001026,-39.9933028,60
-72.7000564,-39.9932096,60
-72.7000045,-39.9931062,60
-72.6999503,-39.9929992,60
-72.6999011,-39.992901,60
-72.6998514,-39.9927986,60
-72.6998055,-39.9927133,60
-72.6997666,-39.9926376,60
-72.6997225,-39.9925482,60
-72.6996743,-39.9924526,60
-72.6996314,-39.9923607,60
-72.6995772,-39.9922531,60
-72.6995223,-39.9921422,60
-72.6994746,-39.9920434,60
-72.6994307,-39.9919571,60
-72.6993787,-39.9918554,60
-72.6993277,-39.9917565,60
-72.6992809,-39.9916644,60
-72.699229,-39.9915575,60
-72.6991763,-39.9914523,60
-72.6991273,-39.9913551,60
-72.6990728,-39.9912457,60
-72.6990173,-39.9911347,60
-72.6989662,-39.9910351,60
-72.6989103,-39.990924,60
-72.6988545,-39.9908127,60
-72.6988056,-39.9907107,60
-72.6987493,-39.9905968,60
-72.6986939,-39.9904843,60
-72.6986436,-39.9903825,60
-72.6985878,-39.9902689,60
-72.6985331,-39.9901644,60
-72.6984828,-39.9900672,60
-72.6984374,-39.9899768,60
-72.6983843,-39.9898709,60
-72.698335,-39.9897709,60
-72.6982808,-39.9896629,60
-72.698227,-39.9895567,60
-72.6981774,-39.9894595,60
-72.6981292,-39.9893653,60
-72.6980831,-39.9892704,60
-72.6980377,-39.9891786,60
-72.6979843,-39.9890706,60
-72.6979278,-39.9889582,60
-72.6978763,-39.988854,60
-72.6978209,-39.9887407,60
-72.6977647,-39.9886287,60
-72.6977154,-39.9885292,60
-72.6976604,-39.9884205,60
-72.6976005,-39.9883003,60
-72.6975572,-39.9882165,60
-72.6975013,-39.988108,60
-72.6974447,-39.9879956,60
-72.6973935,-39.987892,60
-72.6973483,-39.9877885,60
-72.6973406,-39.9877244,60
-72.6973761,-39.9876826,60
-72.6974433,-39.9876517,60
-72.6975155,-39.987633,60
-72.6975701,-39.9876452,60
-72.6976112,-39.9876858,60
-72.6976418,-39.9877404,60
-72.697679,-39.9878129,60
-72.6977193,-39.9878912,60
-72.6977684,-39.9879903,60
-72.6978169,-39.988087,60
-72.6978727,-39.9882004,60
-72.6979288,-39.9883142,60
-72.6979795,-39.9884162,60
-72.6980365,-39.9885297,60
-72.6980932,-39.9886426,60
-72.698149,-39.9887552,60
-72.6981997,-39.9888563,60
-72.6982557,-39.9889687,60
-72.6983118,-39.9890805,60
-72.6983622,-39.9891807,60
-72.6984175,-39.9892927,60
-72.6984742,-39.9894044,60
-72.6985233,-39.9895046,60
-72.6985789,-39.9896162,60
-72.6986352,-39.9897282,60
-72.6986857,-39.9898284,60
-72.698742,-39.9899391,60
-72.6987972,-39.9900499,60
-72.6988476,-39.9901501,60
-72.6989028,-39.9902612,60
-72.6989587,-39.9903725,60
-72.6990087,-39.9904728,60
-72.6990638,-39.9905837,60
-72.6991199,-39.9906946,60
-72.6991697,-39.9907948,60
-72.6992248,-39.9909056,60
-72.6992806,-39.9910168,60
-72.699331,-39.9911163,60
-72.6993866,-39.9912273,60
-72.699442,-39.9913388,60
-72.6994918,-39.9914392,60
-72.6995475,-39.9915508,60
-72.6996039,-39.9916621,60
-72.6996544,-39.9917621,60
-72.6997105,-39.9918729,60
-72.6997664,-39.991984,60
-72.6998166,-39.9920835,60
-72.6998719,-39.992195,60
-72.6999276,-39.9923055,60
-72.6999775,-39.9924047,60
-72.7000382,-39.9925273,60
-72.7000885,-39.9926275,60
-72.7001378,-39.9927281,60
-72.7001942,-39.9928396,60
-72.7002506,-39.992951,60
-72.7003011,-39.9930525,60
-72.7003576,-39.993164,60
-72.7004129,-39.9932755,60
-72.7004627,-39.9933756,60
-72.7005185,-39.9934864,60
-72.7005741,-39.9935973,60
-72.7006243,-39.9936977,60
-72.70068,-39.9938088,60
-72.7007352,-39.9939206,60
-72.7007845,-39.9940213,60
-72.7008405,-39.9941332,60
-72.7008962,-39.9942451,60
-72.7009456,-39.9943442,60
-72.7010025,-39.9944542,60
-72.7010529,-39.9945361,60
-72.7010908,-39.994571,60
-72.7011471,-39.9945771,60
-72.7012118,-39.9945545,60
-72.7012704,-39.9945213,60
-72.7013058,-39.994471,60
-72.701298,-39.9944133,60
-72.7012739,-39.9943601,60
-72.7012377,-39.9942877,60
-72.7011964,-39.9942017,60
-72.7011525,-39.9941168,60
-72.7011037,-39.9940221,60
-72.7010535,-39.9939221,60
-72.7010087,-39.9938337,60
-72.7009603,-39.9937367,60
-72.700911,-39.9936393,60
-72.7008653,-39.9935477,60
-72.7008164,-39.9934451,60
-72.7007648,-39.9933404,60
-72.7007088,-39.9932327,60
-72.7006573,-39.9931322,60
-72.7006013,-39.993017,60
-72.7005456,-39.9929034,60
-72.7004956,-39.9928034,60
-72.7004406,-39.9926923,60
-72.7003916,-39.9925931,60
-72.7003363,-39.9924824,60
-72.7002804,-39.992372,60
-72.700224,-39.9922607,60
-72.7001775,-39.9921667,60
-72.7001217,-39.9920595,60
-72.7000716,-39.9919605,60
-72.7000161,-39.9918483,60
-72.6999616,-39.9917386,60
-72.6999132,-39.9916408,60
-72.6998591,-39.9915314,60
-72.6998026,-39.9914183,60
-72.6997521,-39.9913155,60
-72.6996948,-39.9912014,60
-72.6996372,-39.9910897,60
-72.6995865,-39.9909883,60
-72.6995315,-39.9908777,60
-72.6994785,-39.9907726,60
-72.6994232,-39.990663,60
-72.6993725,-39.9905603,60
-72.6993167,-39.9904453,60
-72.6992665,-39.9903454,60
-72.6992109,-39.9902339,60
-72.6991554,-39.9901214,60
-72.6991049,-39.9900214,60
-72.6990486,-39.9899114,60
-72.6989928,-39.9898012,60
-72.6989442,-39.989701,60
-72.6988883,-39.9895893,60
-72.6988325,-39.9894786,60
-72.698777,-39.9893677,60
-72.6987278,-39.9892693,60
-72.6986727,-39.9891599,60
-72.6986217,-39.9890615,60
-72.6985663,-39.9889513,60
-72.6985121,-39.9888408,60
-72.6984626,-39.9887437,60
-72.6984084,-39.9886382,60
-72.6983528,-39.9885284,60
-72.6982975,-39.988413,60
-72.6982481,-39.9883141,60
-72.6981914,-39.9882007,60
-72.6981401,-39.9880981,60
-72.6980837,-39.987986,60
-72.6980274,-39.9878752,60
-72.6979752,-39.9877706,60
-72.6979213,-39.9876689,60
-72.6978839,-39.9875794,60
-72.6978706,-39.9875187,60
-72.6979027,-39.9874752,60
-72.6979661,-39.9874425,60
-72.6980403,-39.9874205,60
-72.6981008,-39.9874292,60
-72.698139,-39.9874639,60
-72.6981689,-39.9875166,60
-72.6981995,-39.9875774,60
-72.6982429,-39.9876614,60
-72.6982924,-39.987758,60
-72.6983401,-39.9878529,60
-72.698396,-39.9879653,60
-72.6984519,-39.9880788,60
-72.698503,-39.9881806,60
-72.6985589,-39.988293,60
-72.698615,-39.9884045,60
-72.6986642,-39.9885036,60
-72.6987202,-39.9886146,60
-72.6987759,-39.9887263,60
-72.6988317,-39.9888373,60
-72.6988808,-39.9889379,60
-72.698936,-39.9890507,60
-72.6989873,-39.989151,60
-72.6990435,-39.9892623,60
-72.6990992,-39.9893738,60
-72.6991499,-39.9894733,60
-72.6992056,-39.9895843,60
-72.6992605,-39.9896952,60
-72.6993106,-39.9897958,60
-72.6993663,-39.9899071,60
-72.6994225,-39.9900188,60
-72.6994729,-39.9901186,60
-72.6995283,-39.9902301,60
-72.699584,-39.9903413,60
-72.6996344,-39.9904413,60
-72.6996898,-39.9905527,60
-72.6997455,-39.9906633,60
-72.6998014,-39.9907741,60
-72.6998521,-39.9908734,60
-72.699907,-39.9909846,60
-72.699963,-39.9910961,60
-72.700013,-39.9911966,60
-72.7000692,-39.9913083,60
-72.7001197,-39.9914086,60
-72.7001748,-39.9915201,60
-72.7002307,-39.9916308,60
-72.7002806,-39.9917302,60
-72.7003361,-39.9918419,60
-72.7003921,-39.9919535,60
-72.7004422,-39.9920538,60
-72.7004975,-39.9921651,60
-72.7005535,-39.9922762,60
-72.7006038,-39.9923759,60
-72.70066,-39.9924871,60
-72.7007157,-39.9925989,60
-72.7007706,-39.9927104,60
-72.7008203,-39.9928118,60
-72.7008824,-39.9929348,60
-72.7009333,-39.9930358,60
-72.7009898,-39.9931472,60
-72.7010456,-39.9932588,60
-72.7010961,-39.9933599,60
-72.7011523,-39.9934714,60
-72.7012081,-39.9935826,60
-72.7012583,-39.993683,60
-72.7013085,-39.9937831,60
-72.7013703,-39.9939059,60
-72.7014197,-39.9940069,60
-72.7014707,-39.9941072,60
-72.7015259,-39.994219,60
-72.7015775,-39.9943141,60
-72.7016155,-39.994363,60
-72.701648,-39.9943741,60
-72.7016741,-39.994355,60
-72.7017212,-39.9943348,60
-72.7017974,-39.9943035,60
-72.7018462,-39.9942707,60
-72.7018475,-39.994234,60
-72.7018301,-39.9941898,60
-72.7018011,-39.9941311,60
-72.7017669,-39.9940645,60
-72.7017267,-39.9939811,60
-72.7016775,-39.9938867,60
-72.7016341,-39.9937999,60
-72.7015907,-39.993712,60
-72.7015465,-39.9936221,60
-72.7015031,-39.9935356,60
-72.7014508,-39.9934318,60
-72.7013988,-39.993328,60
-72.7013507,-39.9932317,60
-72.7012959,-39.9931225,60
-72.7012388,-39.9930084,60
-72.7011891,-39.9929048,60
-72.7011219,-39.9927707,60
-72.701077,-39.9926804,60
-72.7010268,-39.9925808,60
-72.700972,-39.9924701,60
-72.7009161,-39.9923596,60
-72.70086,-39.9922495,60
-72.700806,-39.9921423,60
-72.7007568,-39.9920439,60
-72.7007013,-39.9919306,60
-72.7006467,-39.9918196,60
-72.7005941,-39.9917166,60
-72.7005459,-39.991626,60
-72.7004966,-39.9915272,60
-72.7004559,-39.9914447,60
-72.700412,-39.9913592,60
-72.7003608,-39.9912576,60
-72.700309,-39.9911548,60
-72.7002569,-39.9910513,60
-72.7002103,-39.9909568,60
-72.7001571,-39.9908523,60
-72.7001061,-39.9907465,60
-72.7000631,-39.9906599,60
-72.7000144,-39.9905624,60
-72.6999631,-39.9904612,60
-72.6999151,-39.9903662,60
-72.6998607,-39.9902571,60
-72.6998035,-39.9901452,60
-72.6997525,-39.9900406,60
-72.6996987,-39.9899317,60
-72.699646,-39.9898315,60
-72.6995984,-39.9897362,60
-72.6995431,-39.9896244,60
-72.699489,-39.9895145,60
-72.6994453,-39.9894288,60
-72.699402,-39.9893419,60
-72.6993578,-39.9892528,60
-72.6993155,-39.9891711,60
-72.6992684,-39.9890762,60
-72.6992246,-39.9889879,60
-72.699179,-39.9888984,60
-72.6991367,-39.9888113,60
-72.6990898,-39.9887162,60
-72.6990454,-39.988628,60
-72.6989959,-39.9885308,60
-72.6989497,-39.9884394,60
-72.69891,-39.9883582,60
-72.6988635,-39.9882644,60
-72.6988133,-39.9881641,60
-72.6987656,-39.9880681,60
-72.6987095,-39.9879571,60
-72.6986521,-39.9878422,60
-72.6985964,-39.9877267,60
-72.6985464,-39.9876257,60
-72.6984891,-39.9875137,60
-72.6984401,-39.9874152,60
-72.6984073,-39.987332,60
-72.6984125,-39.9872822,60
-72.6984649,-39.9872461,60
-72.6985356,-39.9872166,60
-72.6986035,-39.9872056,60
-72.6986528,-39.9872267,60
-72.6986882,-39.9872731,60
-72.6987192,-39.987332,60
-72.6987588,-39.9874083,60
-72.698801,-39.9874894,60
-72.6988513,-39.987591,60
-72.6989002,-39.9876896,60
-72.6989563,-39.9878032,60
-72.6990118,-39.987917,60
-72.6990621,-39.9880185,60
-72.6991178,-39.9881312,60
-72.6991739,-39.9882447,60
-72.6992302,-39.9883572,60
-72.6992805,-39.9884583,60
-72.6993307,-39.9885581,60
-72.6993869,-39.9886698,60
-72.6994432,-39.9887815,60
-72.6995057,-39.9889046,60
-72.6995552,-39.9890045,60
-72.6996073,-39.9891059,60
-72.6996639,-39.9892176,60
-72.6997199,-39.9893294,60
-72.6997698,-39.9894294,60
-72.6998301,-39.9895517,60
-72.6998804,-39.9896514,60
-72.6999365,-39.9897624,60
-72.6999924,-39.9898736,60
-72.7000482,-39.9899837,60
-72.7000975,-39.9900837,60
-72.7001533,-39.9901952,60
-72.700209,-39.9903068,60
-72.7002583,-39.9904065,60
-72.7003132,-39.9905173,60
-72.7003642,-39.9906173,60
-72.7004204,-39.9907285,60
-72.7004702,-39.9908286,60
-72.7005254,-39.9909394,60
-72.7005807,-39.9910505,60
-72.7006308,-39.9911506,60
-72.7006865,-39.991262,60
-72.7007421,-39.9913732,60
-72.7007923,-39.9914734,60
-72.7008487,-39.9915846,60
-72.7009047,-39.9916954,60
-72.700955,-39.9917953,60
-72.7010107,-39.991906,60
-72.7010608,-39.9920059,60
-72.7011155,-39.9921171,60
-72.7011703,-39.9922283,60
-72.7012264,-39.9923395,60
-72.7012826,-39.9924507,60
-72.7013328,-39.9925513,60
-72.7013886,-39.9926628,60
-72.701444,-39.992774,60
-72.7014936,-39.9928749,60
-72.7015497,-39.9929868,60
-72.7016056,-39.9930979,60
-72.7016614,-39.9932098,60
-72.7017126,-39.9933101,60
-72.7017689,-39.9934216,60
-72.701825,-39.9935328,60
-72.7018755,-39.993633,60
-72.7019257,-39.993733,60
-72.7019814,-39.9938441,60
-72.7020368,-39.9939556,60
-72.7020917,-39.994061,60
-72.7021321,-39.9941227,60
-72.7021819,-39.9941519,60
-72.7022393,-39.994149,60
-72.7023193,-39.9941208,60
-72.7023703,-39.9940856,60
-72.7023873,-39.9940366,60
-72.702368,-39.993986,60
-72.7023375,-39.9939203,60
-72.7022974,-39.9938409,60
-72.7022494,-39.9937504,60
-72.702205,-39.9936603,60
-72.7021497,-39.9935522,60
-72.7020951,-39.9934408,60
-72.7020453,-39.9933392,60
-72.7019915,-39.993227,60
-72.7019417,-39.9931313,60
-72.701889,-39.9930306,60
-72.7018424,-39.9929344,60
-72.7017872,-39.9928204,60
-72.7017297,-39.9927031,60
-72.70168,-39.9926026,60
-72.7016189,-39.9924822,60
-72.7015714,-39.9923895,60
-72.7015172,-39.9922832,60
-72.7014587,-39.9921695,60
-72.701403,-39.9920561,60
-72.7013534,-39.9919546,60
-72.7012988,-39.9918465,60
-72.7012533,-39.991756,60
-72.7012033,-39.9916559,60
-72.7011531,-39.9915562,60
-72.7011079,-39.9914645,60
-72.7010563,-39.9913596,60
-72.701007,-39.9912634,60
-72.7009511,-39.9911533,60
-72.7008924,-39.9910376,60
-72.7008419,-39.9909342,60
-72.7007819,-39.9908092,60
-72.7007306,-39.9907083,60
-72.7006811,-39.9906091,60
-72.700627,-39.9905008,60
-72.7005738,-39.9903958,60
-72.7005233,-39.9902973,60
-72.7004671,-39.9901864,60
-72.7004124,-39.990078,60
-72.7003569,-39.9899691,60
-72.7003062,-39.9898663,60
-72.7002516,-39.9897541,60
-72.7001976,-39.9896478,60
-72.7001466,-39.9895459,60
-72.7000904,-39.9894319,60
-72.7000424,-39.9893409,60
-72.6999905,-39.9892371,60
-72.6999414,-39.9891376,60
-72.6998946,-39.9890429,60
-72.6998386,-39.9889328,60
-72.6997832,-39.9888178,60
-72.6997333,-39.9887192,60
-72.6996765,-39.9886109,60
-72.69962,-39.9884966,60
-72.6995642,-39.9883815,60
-72.6995091,-39.9882698,60
-72.69946,-39.9881703,60
-72.6994043,-39.9880591,60
-72.699355,-39.9879599,60
-72.6992994,-39.9878479,60
-72.6992438,-39.9877378,60
-72.6991944,-39.9876394,60
-72.699139,-39.9875296,60
-72.69909,-39.98743,60
-72.6990342,-39.9873195,60
-72.6989796,-39.98721,60
-72.6989463,-39.9871321,60
-72.6989507,-39.9870737,60
-72.6989939,-39.9870353,60
-72.6990613,-39.9870053,60
-72.6991246,-39.9869914,60
-72.699183,-39.9870092,60
-72.6992194,-39.9870533,60
-72.6992459,-39.9871053,60
-72.6992835,-39.987179,60
-72.699329,-39.9872675,60
-72.6993745,-39.9873567,60
-72.6994286,-39.9874648,60
-72.6994843,-39.9875782,60
-72.699535,-39.9876798,60
-72.6995912,-39.9877923,60
-72.6996475,-39.9879046,60
-72.699698,-39.9880055,60
-72.6997541,-39.9881177,60
-72.6998104,-39.9882298,60
-72.6998607,-39.9883302,60
-72.6999167,-39.9884417,60
-72.6999722,-39.9885534,60
-72.7000282,-39.9886648,60
-72.700078,-39.9887654,60
-72.7001337,-39.9888771,60
-72.7001893,-39.9889884,60
-72.70024,-39.9890885,60
-72.7002948,-39.9891994,60
-72.7003512,-39.9893105,60
-72.7004013,-39.9894107,60
-72.7004565,-39.9895224,60
-72.700513,-39.989634,60
-72.7005632,-39.989734,60
-72.7006187,-39.9898453,60
-72.7006742,-39.9899564,60
-72.7007247,-39.9900564,60
-72.7007804,-39.9901674,60
-72.7008354,-39.9902787,60
-72.7008859,-39.9903787,60
-72.7009415,-39.9904897,60
-72.7009921,-39.9905895,60
-72.7010531,-39.9907111,60
-72.7011031,-39.990811,60
-72.7011584,-39.9909223,60
-72.7012087,-39.991022,60
-72.7012638,-39.9911331,60
-72.7013201,-39.9912439,60
-72.7013699,-39.9913445,60
-72.7014256,-39.9914562,60
-72.7014815,-39.9915675,60
-72.7015319,-39.9916676,60
-72.7015871,-39.9917793,60
-72.7016429,-39.991891,60
-72.7016937,-39.9919915,60
-72.7017491,-39.9921032,60
-72.7018049,-39.9922158,60
-72.7018559,-39.9923165,60
-72.7019124,-39.9924281,60
-72.7019689,-39.9925392,60
-72.7020193,-39.9926394,60
-72.7020749,-39.9927506,60
-72.7021303,-39.9928618,60
-72.7021864,-39.9929728,60
-72.7022362,-39.9930732,60
-72.7022916,-39.9931848,60
-72.7023416,-39.9932853,60
-72.7023968,-39.9933959,60
-72.7024532,-39.9935068,60
-72.7025036,-39.9936064,60
-72.7025591,-39.9937175,60
-72.7026149,-39.9938284,60
-72.7026595,-39.9939068,60
-72.702703,-39.9939519,60
-72.7027625,-39.9939617,60
-72.7028254,-39.9939457,60
-72.7028952,-39.9939117,60
-72.702929,-39.993865,60
-72.7029202,-39.9938101,60
-72.7028977,-39.9937594,60
-72.7028617,-39.993688,60
-72.7028195,-39.9936037,60
-72.7027775,-39.9935201,60
</coordinates></LineString>
</Placemark>
<Placemark>
<name>DJI_202603231500_002_salto004_Timestamp.MRK</name>
<description>Equipo: M3E | Fecha: 23-03-2026 | Puntos: 1152</description>
<styleUrl>#m3e</styleUrl>
<LineString><altitudeMode>relativeToGround</altitudeMode><coordinates>
-72.7027797,-39.9935203,60
-72.7027681,-39.9934965,60
-72.7027401,-39.9934418,60
-72.70271,-39.9933807,60
-72.702676,-39.9933096,60
-72.7026306,-39.993222,60
-72.7025808,-39.9931229,60
-72.7025299,-39.9930254,60
-72.702475,-39.9929112,60
-72.7024197,-39.9927972,60
-72.7023696,-39.992697,60
-72.7023144,-39.9925865,60
-72.7022645,-39.9924881,60
-72.7022039,-39.9923682,60
-72.7021535,-39.99227,60
-72.7021016,-39.9921632,60
-72.702049,-39.9920612,60
-72.7019919,-39.9919497,60
-72.7019374,-39.9918371,60
-72.7018877,-39.9917363,60
-72.7018326,-39.9916259,60
-72.7017774,-39.9915158,60
-72.7017276,-39.9914157,60
-72.7016709,-39.991306,60
-72.7016157,-39.9911959,60
-72.701566,-39.9910954,60
-72.7015105,-39.9909833,60
-72.7014561,-39.9908721,60
-72.7014058,-39.9907719,60
-72.70135,-39.9906609,60
-72.7012957,-39.9905513,60
-72.7012455,-39.9904507,60
-72.7011897,-39.9903394,60
-72.7011342,-39.9902286,60
-72.7010837,-39.9901288,60
-72.701029,-39.9900174,60
-72.7009736,-39.9899065,60
-72.7009236,-39.9898071,60
-72.700867,-39.9896971,60
-72.7008118,-39.9895875,60
-72.7007622,-39.9894895,60
-72.7007063,-39.9893795,60
-72.7006504,-39.9892706,60
-72.7005994,-39.9891691,60
-72.7005443,-39.9890578,60
-72.7004898,-39.988946,60
-72.7004398,-39.9888456,60
-72.7003848,-39.9887356,60
-72.7003292,-39.988624,60
-72.7002736,-39.9885123,60
-72.7002228,-39.9884116,60
-72.700167,-39.9883012,60
-72.7001111,-39.9881917,60
-72.7000616,-39.9880911,60
-72.7000082,-39.9879844,60
-72.6999543,-39.9878808,60
-72.6999043,-39.9877791,60
-72.699848,-39.9876637,60
-72.6998031,-39.987572,60
-72.699755,-39.9874829,60
-72.6997009,-39.9873783,60
-72.6996458,-39.9872671,60
-72.6995972,-39.9871657,60
-72.6995423,-39.9870526,60
-72.6994967,-39.986951,60
-72.6994798,-39.9868973,60
-72.6995038,-39.986859,60
-72.6995555,-39.9868402,60
-72.6996263,-39.986831,60
-72.6997082,-39.986839,60
-72.6997626,-39.9868737,60
-72.6998018,-39.9869297,60
-72.6998376,-39.9869998,60
-72.6998814,-39.987085,60
-72.6999253,-39.9871727,60
-72.6999788,-39.9872808,60
-72.7000341,-39.987393,60
-72.7000843,-39.9874962,60
-72.7001408,-39.9876099,60
-72.7001969,-39.9877236,60
-72.7002488,-39.9878267,60
-72.7003052,-39.9879393,60
-72.7003562,-39.9880405,60
-72.7004118,-39.9881527,60
-72.7004679,-39.9882639,60
-72.7005238,-39.9883755,60
-72.7005746,-39.9884755,60
-72.7006302,-39.9885868,60
-72.7006803,-39.9886868,60
-72.7007357,-39.9887982,60
-72.7007911,-39.9889091,60
-72.700846,-39.9890204,60
-72.7008968,-39.9891207,60
-72.7009527,-39.9892321,60
-72.7010083,-39.9893429,60
-72.7010591,-39.9894425,60
-72.7011145,-39.9895535,60
-72.7011706,-39.9896642,60
-72.701221,-39.9897646,60
-72.7012765,-39.9898756,60
-72.7013318,-39.9899869,60
-72.7013811,-39.9900866,60
-72.7014369,-39.9901986,60
-72.7014929,-39.9903105,60
-72.7015431,-39.9904106,60
-72.7016,-39.9905226,60
-72.7016571,-39.9906352,60
-72.7017072,-39.9907349,60
-72.7017631,-39.9908467,60
-72.7018188,-39.9909584,60
-72.7018731,-39.9910698,60
-72.7019247,-39.9911706,60
-72.7019806,-39.9912816,60
-72.7020364,-39.9913926,60
-72.7020871,-39.9914931,60
-72.7021421,-39.9916042,60
-72.7021979,-39.9917159,60
-72.7022482,-39.991816,60
-72.7023033,-39.991927,60
-72.7023579,-39.9920386,60
-72.7024086,-39.9921386,60
-72.7024642,-39.9922494,60
-72.7025202,-39.9923603,60
-72.7025708,-39.9924604,60
-72.7026262,-39.9925714,60
-72.7026821,-39.9926825,60
-72.7027378,-39.9927943,60
-72.7027883,-39.9928941,60
-72.7028438,-39.9930046,60
-72.7028936,-39.993105,60
-72.7029486,-39.9932157,60
-72.7030057,-39.9933279,60
-72.7030552,-39.993427,60
-72.7031104,-39.9935394,60
-72.7031667,-39.9936497,60
-72.7032108,-39.9937215,60
-72.703258,-39.9937629,60
-72.7033175,-39.9937683,60
-72.7033815,-39.99375,60
-72.7034488,-39.9937157,60
-72.7034826,-39.9936725,60
-72.7034777,-39.993625,60
-72.7034423,-39.9935671,60
-72.7034083,-39.9934972,60
-72.703363,-39.9934071,60
-72.7033202,-39.9933216,60
-72.7032676,-39.9932199,60
-72.7032181,-39.9931219,60
-72.703167,-39.993018,60
-72.7031123,-39.9929039,60
-72.7030631,-39.9928046,60
-72.7030071,-39.9926933,60
-72.7029525,-39.9925851,60
-72.7029032,-39.9924871,60
-72.7028484,-39.9923776,60
-72.7027922,-39.9922662,60
-72.702742,-39.992165,60
-72.7026871,-39.9920525,60
-72.7026315,-39.991941,60
-72.702582,-39.9918423,60
-72.7025257,-39.9917306,60
-72.7024703,-39.991619,60
-72.7024213,-39.9915222,60
-72.7023664,-39.9914166,60
-72.7023116,-39.9913114,60
-72.7022632,-39.9912135,60
-72.7022084,-39.9911038,60
-72.7021505,-39.9909875,60
-72.7021004,-39.9908825,60
-72.7020444,-39.9907696,60
-72.7019902,-39.9906583,60
-72.7019327,-39.9905468,60
-72.7018829,-39.9904473,60
-72.701828,-39.9903364,60
-72.7017779,-39.9902365,60
-72.7017221,-39.9901246,60
-72.7016661,-39.9900123,60
-72.7016171,-39.9899132,60
-72.7015617,-39.9898035,60
-72.7015061,-39.9896942,60
-72.7014496,-39.9895831,60
-72.7014004,-39.989483,60
-72.7013442,-39.989371,60
-72.7012886,-39.9892606,60
-72.701241,-39.9891654,60
-72.7011875,-39.9890613,60
-72.7011348,-39.9889548,60
-72.7010843,-39.9888555,60
-72.7010261,-39.9887394,60
-72.7009695,-39.9886263,60
-72.7009197,-39.988525,60
-72.7008634,-39.9884129,60
-72.7008079,-39.9883023,60
-72.7007582,-39.9882037,60
-72.7007045,-39.9880939,60
-72.7006491,-39.9879815,60
-72.7005995,-39.9878824,60
-72.7005441,-39.9877712,60
-72.7004877,-39.9876605,60
-72.7004383,-39.9875624,60
-72.7003829,-39.9874534,60
-72.7003283,-39.9873458,60
-72.7002787,-39.9872457,60
-72.7002223,-39.9871329,60
-72.7001717,-39.9870309,60
-72.7001174,-39.9869196,60
-72.7000888,-39.9868436,60
-72.7001007,-39.9868011,60
-72.7001497,-39.9867781,60
-72.7002168,-39.9867694,60
-72.7002986,-39.9867718,60
-72.7003609,-39.9867986,60
-72.7004019,-39.9868539,60
-72.7004339,-39.9869136,60
-72.7004762,-39.9869955,60
-72.7005238,-39.9870904,60
-72.7005764,-39.987196,60
-72.700627,-39.987297,60
-72.7006829,-39.9874111,60
-72.7007334,-39.9875134,60
-72.7007901,-39.9876257,60
-72.7008467,-39.9877387,60
-72.7009028,-39.9878497,60
-72.7009541,-39.9879513,60
-72.7010087,-39.9880614,60
-72.701059,-39.9881623,60
-72.701115,-39.9882732,60
-72.7011705,-39.9883844,60
-72.7012266,-39.9884952,60
-72.7012768,-39.9885965,60
-72.701332,-39.9887075,60
-72.7013818,-39.9888074,60
-72.7014376,-39.9889173,60
-72.7014927,-39.989028,60
-72.7015426,-39.9891279,60
-72.7015982,-39.9892388,60
-72.7016542,-39.9893497,60
-72.7017103,-39.9894606,60
-72.7017655,-39.989571,60
-72.7018153,-39.9896719,60
-72.7018707,-39.9897819,60
-72.7019213,-39.9898823,60
-72.7019768,-39.9899932,60
-72.7020314,-39.9901038,60
-72.702082,-39.9902052,60
-72.7021375,-39.990317,60
-72.7021939,-39.9904286,60
-72.7022447,-39.9905287,60
-72.7023004,-39.99064,60
-72.7023561,-39.9907517,60
-72.7024066,-39.9908525,60
-72.702461,-39.9909635,60
-72.7025116,-39.9910652,60
-72.7025668,-39.9911763,60
-72.7026238,-39.9912875,60
-72.7026739,-39.9913887,60
-72.70273,-39.9915003,60
-72.7027873,-39.9916128,60
-72.7028428,-39.9917227,60
-72.7028928,-39.9918226,60
-72.7029485,-39.9919339,60
-72.7030036,-39.9920449,60
-72.7030534,-39.9921449,60
-72.70311,-39.9922569,60
-72.7031601,-39.9923569,60
-72.7032157,-39.9924675,60
-72.7032723,-39.9925782,60
-72.7033275,-39.9926903,60
-72.7033776,-39.9927911,60
-72.7034329,-39.9929022,60
-72.7034839,-39.9930026,60
-72.7035403,-39.9931147,60
-72.703596,-39.993226,60
-72.7036514,-39.9933378,60
-72.7037021,-39.9934384,60
-72.7037531,-39.9935275,60
-72.7037989,-39.9935753,60
-72.7038478,-39.9935865,60
-72.7039097,-39.9935708,60
-72.703974,-39.9935371,60
-72.7040148,-39.9934981,60
-72.7040195,-39.9934466,60
-72.703994,-39.9933898,60
-72.7039652,-39.9933282,60
-72.7039234,-39.993246,60
-72.7038757,-39.9931524,60
-72.7038295,-39.9930606,60
-72.7037774,-39.9929539,60
-72.7037262,-39.9928535,60
-72.7036703,-39.9927397,60
-72.7036141,-39.9926256,60
-72.7035587,-39.9925133,60
-72.7035085,-39.9924137,60
-72.7034525,-39.9923031,60
-72.7034039,-39.9922027,60
-72.7033484,-39.9920917,60
-72.7032907,-39.9919797,60
-72.703235,-39.9918711,60
-72.7031861,-39.9917706,60
-72.7031312,-39.991658,60
-72.7030768,-39.9915467,60
-72.7030255,-39.9914477,60
-72.7029701,-39.9913365,60
-72.7029152,-39.991227,60
-72.7028648,-39.9911288,60
-72.7028101,-39.9910183,60
-72.7027532,-39.9909072,60
-72.7027045,-39.9908062,60
-72.7026502,-39.9906964,60
-72.702595,-39.990585,60
-72.7025442,-39.990485,60
-72.7024883,-39.9903746,60
-72.7024314,-39.9902641,60
-72.7023815,-39.9901646,60
-72.7023275,-39.9900565,60
-72.7022723,-39.9899436,60
-72.7022168,-39.9898309,60
-72.7021663,-39.9897311,60
-72.7021102,-39.989621,60
-72.7020608,-39.9895214,60
-72.7020072,-39.9894184,60
-72.7019525,-39.989311,60
-72.7019026,-39.9892087,60
-72.7018463,-39.9890921,60
-72.7017891,-39.9889785,60
-72.7017319,-39.9888667,60
-72.7016761,-39.988755,60
-72.7016289,-39.9886601,60
-72.7015732,-39.9885528,60
-72.7015228,-39.9884501,60
-72.7014674,-39.9883374,60
-72.7014181,-39.9882367,60
-72.701371,-39.9881375,60
-72.7013574,-39.9880873,60
-72.7013698,-39.9880716,60
-72.7013989,-39.9880833,60
-72.7014341,-39.9881089,60
-72.7014896,-39.9881492,60
-72.7015564,-39.9881993,60
-72.7016445,-39.9882649,60
-72.7017318,-39.9883334,60
-72.7018207,-39.9884239,60
-72.7018859,-39.9885309,60
-72.7019373,-39.9886326,60
-72.7019925,-39.9887455,60
-72.7020484,-39.9888582,60
-72.7021049,-39.9889697,60
-72.7021556,-39.98907,60
-72.7022109,-39.9891816,60
-72.7022669,-39.9892934,60
-72.7023235,-39.9894054,60
-72.702374,-39.9895057,60
-72.7024299,-39.9896164,60
-72.7024804,-39.9897167,60
-72.7025359,-39.9898283,60
-72.7025857,-39.9899292,60
-72.7026414,-39.9900406,60
-72.7026971,-39.9901522,60
-72.7027524,-39.9902637,60
-72.7028029,-39.990364,60
-72.702859,-39.9904757,60
-72.702915,-39.9905872,60
-72.7029649,-39.9906868,60
-72.7030208,-39.9907976,60
-72.7030766,-39.9909092,60
-72.703127,-39.9910093,60
-72.7031825,-39.9911207,60
-72.7032389,-39.9912321,60
-72.7032894,-39.9913321,60
-72.7033452,-39.9914428,60
-72.7034003,-39.9915537,60
-72.7034494,-39.9916534,60
-72.7035042,-39.9917648,60
-72.7035607,-39.991876,60
-72.7036111,-39.9919767,60
-72.7036673,-39.9920885,60
-72.7037234,-39.9921997,60
-72.7037735,-39.9922992,60
-72.7038284,-39.9924102,60
-72.703885,-39.9925215,60
-72.7039349,-39.9926219,60
-72.7039902,-39.9927331,60
-72.7040461,-39.9928441,60
-72.7040963,-39.9929446,60
-72.7041515,-39.9930559,60
-72.7042077,-39.9931678,60
-72.7042581,-39.9932661,60
-72.7043068,-39.9933453,60
-72.704355,-39.9933808,60
-72.7044115,-39.9933829,60
-72.7044808,-39.9933624,60
-72.7045459,-39.9933271,60
-72.7045709,-39.9932847,60
-72.7045565,-39.9932298,60
-72.7045276,-39.993168,60
-72.7044923,-39.9931011,60
-72.7044485,-39.9930134,60
-72.7044009,-39.9929153,60
-72.7043523,-39.9928205,60
-72.7042917,-39.9927011,60
-72.7042414,-39.9926005,60
-72.704191,-39.9924969,60
-72.7041352,-39.9923836,60
-72.7040787,-39.9922715,60
-72.7040291,-39.9921727,60
-72.7039746,-39.9920627,60
-72.7039191,-39.9919525,60
-72.7038693,-39.9918526,60
-72.7038148,-39.9917427,60
-72.7037601,-39.9916301,60
-72.7037105,-39.9915296,60
-72.703654,-39.9914182,60
-72.7035977,-39.991307,60
-72.7035472,-39.9912069,60
-72.7034914,-39.9910965,60
-72.7034372,-39.9909862,60
-72.7033899,-39.990893,60
-72.7033341,-39.9907841,60
-72.7032764,-39.9906713,60
-72.7032268,-39.9905727,60
-72.7031711,-39.990464,60
-72.7031154,-39.9903497,60
-72.7030647,-39.9902459,60
-72.7030085,-39.9901343,60
-72.7029531,-39.990023,60
-72.7028974,-39.9899119,60
-72.7028479,-39.9898126,60
-72.7027928,-39.989702,60
-72.7027272,-39.9895718,60
-72.7026869,-39.989495,60
-72.7026313,-39.9893819,60
-72.7025765,-39.9892712,60
-72.7025266,-39.9891712,60
-72.702471,-39.9890598,60
-72.7024155,-39.9889493,60
-72.702366,-39.98885,60
-72.7023109,-39.9887412,60
-72.7022549,-39.9886312,60
-72.7022055,-39.9885307,60
-72.7021577,-39.9884266,60
-72.7021409,-39.9883609,60
-72.7021678,-39.9883206,60
-72.7022308,-39.9882954,60
-72.7023061,-39.9882811,60
-72.7023686,-39.9882866,60
-72.7024182,-39.9883245,60
-72.7024474,-39.9883737,60
-72.7024823,-39.9884404,60
-72.702526,-39.9885252,60
-72.7025745,-39.9886229,60
-72.7026284,-39.9887298,60
-72.7026791,-39.9888317,60
-72.7027336,-39.9889461,60
-72.702785,-39.9890477,60
-72.7028419,-39.9891603,60
-72.7028988,-39.989273,60
-72.7029493,-39.9893743,60
-72.7030059,-39.9894863,60
-72.7030616,-39.9895979,60
-72.7031176,-39.9897098,60
-72.7031681,-39.9898101,60
-72.703224,-39.9899216,60
-72.7032738,-39.9900223,60
-72.7033302,-39.9901332,60
-72.7033854,-39.9902448,60
-72.7034408,-39.9903569,60
-72.703491,-39.9904574,60
-72.7035479,-39.9905684,60
-72.7035979,-39.9906687,60
-72.703653,-39.9907802,60
-72.7037091,-39.9908917,60
-72.7037648,-39.9910031,60
-72.7038202,-39.9911143,60
-72.7038704,-39.9912144,60
-72.7039264,-39.991326,60
-72.703977,-39.9914261,60
-72.7040327,-39.9915371,60
-72.7040878,-39.9916486,60
-72.704137,-39.9917491,60
-72.7041937,-39.9918605,60
-72.7042504,-39.9919711,60
-72.7042999,-39.9920713,60
-72.7043565,-39.9921824,60
-72.704412,-39.9922941,60
-72.7044621,-39.9923942,60
-72.7045186,-39.9925054,60
-72.7045685,-39.9926057,60
-72.7046241,-39.9927166,60
-72.7046794,-39.9928279,60
-72.7047294,-39.9929281,60
-72.7047849,-39.9930389,60
-72.7048363,-39.9931321,60
-72.7048747,-39.9931787,60
-72.7049296,-39.993195,60
-72.7049986,-39.9931796,60
-72.70507,-39.9931475,60
-72.7051079,-39.993108,60
-72.705107,-39.9930539,60
-72.705083,-39.9929982,60
-72.7050522,-39.9929363,60
-72.7050118,-39.9928542,60
-72.7049642,-39.9927623,60
-72.7049171,-39.9926701,60
-72.7048618,-39.9925609,60
-72.7048115,-39.9924589,60
-72.7047565,-39.9923448,60
-72.7047018,-39.9922331,60
-72.7046519,-39.9921339,60
-72.7045908,-39.9920121,60
-72.7045412,-39.9919122,60
-72.7044862,-39.9918013,60
-72.7044364,-39.9917018,60
-72.7043815,-39.9915917,60
-72.7043252,-39.9914813,60
-72.7042755,-39.9913819,60
-72.7042201,-39.9912711,60
-72.704165,-39.9911598,60
-72.7041158,-39.99106,60
-72.7040601,-39.99095,60
-72.7040043,-39.9908401,60
-72.7039544,-39.9907414,60
-72.7039,-39.9906354,60
-72.7038509,-39.9905383,60
-72.7037957,-39.9904281,60
-72.7037388,-39.9903141,60
-72.7036835,-39.9902001,60
-72.7036329,-39.9900988,60
-72.7035785,-39.9899887,60
-72.7035224,-39.9898795,60
-72.7034721,-39.9897803,60
-72.7034155,-39.9896693,60
-72.7033611,-39.9895581,60
-72.7033117,-39.9894578,60
-72.7032598,-39.9893557,60
-72.7032057,-39.9892528,60
-72.7031574,-39.9891589,60
-72.7030982,-39.989041,60
-72.7030492,-39.9889421,60
-72.7029999,-39.9888394,60
-72.7029441,-39.9887234,60
-72.7028934,-39.9886205,60
-72.702836,-39.9885082,60
-72.7027806,-39.9883961,60
-72.7027299,-39.9882899,60
-72.7027093,-39.9882265,60
-72.7027309,-39.9881816,60
-72.7027884,-39.988153,60
-72.7028539,-39.9881376,60
-72.7029276,-39.9881377,60
-72.7029799,-39.9881718,60
-72.7030111,-39.9882173,60
-72.7030451,-39.9882823,60
-72.7030872,-39.9883647,60
-72.7031302,-39.9884512,60
-72.703182,-39.9885551,60
-72.7032383,-39.9886666,60
-72.703288,-39.9887694,60
-72.703345,-39.9888823,60
-72.7034008,-39.9889956,60
-72.7034515,-39.9890973,60
-72.703508,-39.9892094,60
-72.7035644,-39.9893211,60
-72.7036144,-39.9894222,60
-72.703676,-39.9895455,60
-72.7037275,-39.9896468,60
-72.7037829,-39.9897588,60
-72.7038342,-39.989859,60
-72.7038896,-39.9899707,60
-72.7039395,-39.9900715,60
-72.7039955,-39.9901825,60
-72.7040516,-39.9902939,60
-72.7041021,-39.9903941,60
-72.7041575,-39.9905059,60
-72.7042133,-39.9906175,60
-72.704269,-39.9907293,60
-72.7043194,-39.9908295,60
-72.7043754,-39.9909409,60
-72.7044261,-39.9910411,60
-72.7044824,-39.9911524,60
-72.704538,-39.9912637,60
-72.7045887,-39.9913638,60
-72.7046438,-39.9914753,60
-72.7046996,-39.9915867,60
-72.7047555,-39.9916974,60
-72.7048059,-39.9917974,60
-72.7048617,-39.9919085,60
-72.7049116,-39.9920093,60
-72.704967,-39.9921213,60
-72.7050225,-39.9922327,60
-72.7050782,-39.992344,60
-72.7051288,-39.9924441,60
-72.7051843,-39.9925549,60
-72.7052341,-39.9926549,60
-72.7052898,-39.9927663,60
-72.7053454,-39.9928746,60
-72.7053881,-39.9929433,60
-72.7054343,-39.99298,60
-72.7054912,-39.9929844,60
-72.7055423,-39.9929657,60
-72.7055986,-39.9929309,60
-72.705638,-39.9928814,60
-72.7056332,-39.9928243,60
-72.7056101,-39.9927719,60
-72.7055751,-39.9927002,60
-72.7055374,-39.9926237,60
-72.7054894,-39.9925306,60
-72.7054373,-39.9924273,60
-72.7053829,-39.9923174,60
-72.7053315,-39.9922148,60
-72.7052752,-39.9921012,60
-72.7052259,-39.9920005,60
-72.7051705,-39.9918913,60
-72.7051154,-39.9917815,60
-72.7050654,-39.9916808,60
-72.7050099,-39.991569,60
-72.7049555,-39.9914573,60
-72.7049014,-39.9913511,60
-72.7048514,-39.9912565,60
-72.7047968,-39.9911499,60
-72.704743,-39.9910407,60
-72.7046929,-39.9909415,60
-72.7046386,-39.9908311,60
-72.7045833,-39.9907185,60
-72.704533,-39.9906169,60
-72.704477,-39.9905048,60
-72.7044213,-39.9903943,60
-72.7043715,-39.990294,60
-72.7043161,-39.9901834,60
-72.7042609,-39.9900713,60
-72.7042103,-39.989971,60
-72.7041569,-39.9898628,60
-72.704107,-39.9897669,60
-72.7040517,-39.9896575,60
-72.7039973,-39.9895476,60
-72.703941,-39.9894367,60
-72.7038907,-39.9893344,60
-72.7038338,-39.9892198,60
-72.7037795,-39.9891135,60
-72.7037317,-39.9890191,60
-72.7036767,-39.9889113,60
-72.7036205,-39.9888009,60
-72.7035703,-39.9886994,60
-72.7035143,-39.9885837,60
-72.7034584,-39.9884655,60
-72.7034061,-39.9883627,60
-72.7033495,-39.9882519,60
-72.7032991,-39.988145,60
-72.7032792,-39.988081,60
-72.7032986,-39.9880357,60
-72.7033587,-39.9880078,60
-72.7034241,-39.9879929,60
-72.7034973,-39.987994,60
-72.7035465,-39.988023,60
-72.7035838,-39.9880793,60
-72.7036154,-39.9881389,60
-72.7036571,-39.9882215,60
-72.7036997,-39.9883065,60
-72.7037523,-39.9884109,60
-72.7038084,-39.9885231,60
-72.7038578,-39.9886253,60
-72.7039141,-39.9887382,60
-72.7039711,-39.9888508,60
-72.7040269,-39.9889629,60
-72.704077,-39.9890644,60
-72.7041336,-39.9891763,60
-72.7041897,-39.9892884,60
-72.7042401,-39.9893898,60
-72.7042958,-39.989502,60
-72.7043467,-39.9896025,60
-72.7044022,-39.9897142,60
-72.704458,-39.9898263,60
-72.7045084,-39.989926,60
-72.7045708,-39.9900485,60
-72.7046206,-39.9901486,60
-72.7046764,-39.9902592,60
-72.704726,-39.9903599,60
-72.7047819,-39.9904711,60
-72.7048316,-39.9905704,60
-72.7048871,-39.9906812,60
-72.704943,-39.9907924,60
-72.7049974,-39.9909042,60
-72.7050485,-39.9910047,60
-72.7051047,-39.9911164,60
-72.705161,-39.9912272,60
-72.7052086,-39.9913226,60
-72.7052603,-39.9914239,60
-72.7053109,-39.9915232,60
-72.7053659,-39.9916354,60
-72.7054119,-39.9917304,60
-72.705456,-39.9918154,60
-72.7054915,-39.9918877,60
-72.7055255,-39.9919573,60
-72.705554,-39.9920142,60
-72.7055739,-39.9920502,60
-72.7055935,-39.9920907,60
-72.7056235,-39.9921516,60
-72.7056587,-39.9922204,60
-72.7057036,-39.9923095,60
-72.7057497,-39.9923994,60
-72.7058045,-39.9925086,60
-72.7058601,-39.9926216,60
-72.7059111,-39.9927101,60
-72.7059513,-39.9927519,60
-72.706005,-39.992763,60
-72.7060592,-39.9927453,60
-72.7061217,-39.9927101,60
-72.7061655,-39.9926613,60
-72.7061668,-39.9926105,60
-72.7061424,-39.9925531,60
-72.7061082,-39.9924828,60
-72.7060646,-39.9923979,60
-72.7060197,-39.9923102,60
-72.705966,-39.9922031,60
-72.7059106,-39.9920893,60
-72.7058606,-39.9919875,60
-72.7058048,-39.9918748,60
-72.7057499,-39.9917643,60
-72.7057011,-39.9916668,60
-72.7056452,-39.991556,60
-72.7055899,-39.9914474,60
-72.7055421,-39.9913497,60
-72.7054931,-39.9912549,60
-72.7054459,-39.9911608,60
-72.7053886,-39.9910499,60
-72.7053326,-39.9909348,60
-72.7052793,-39.990827,60
-72.7052303,-39.9907308,60
-72.7051747,-39.9906245,60
-72.7051196,-39.9905159,60
-72.7050704,-39.9904156,60
-72.7050165,-39.9903016,60
-72.7049614,-39.9901909,60
-72.7049121,-39.9900894,60
-72.704857,-39.9899804,60
-72.7048064,-39.9898824,60
-72.7047594,-39.9897896,60
-72.7047046,-39.9896814,60
-72.7046498,-39.9895745,60
-72.7046028,-39.9894766,60
-72.7045481,-39.9893664,60
-72.7044908,-39.9892527,60
-72.7044405,-39.9891509,60
-72.7043805,-39.9890341,60
-72.7043307,-39.9889355,60
-72.7042788,-39.9888347,60
-72.7042222,-39.9887206,60
-72.7041667,-39.9886082,60
-72.7041158,-39.9885075,60
-72.704063,-39.9884021,60
-72.7040116,-39.9882995,60
-72.7039652,-39.9882051,60
-72.703917,-39.9881082,60
-72.7038762,-39.9880192,60
-72.7038546,-39.9879624,60
-72.7038539,-39.9879219,60
-72.703879,-39.9878888,60
-72.7039266,-39.987866,60
-72.7040016,-39.987847,60
-72.7040736,-39.9878515,60
-72.7041205,-39.9878851,60
-72.7041553,-39.9879385,60
-72.7041902,-39.9880069,60
-72.7042285,-39.9880817,60
-72.7042767,-39.988178,60
-72.7043298,-39.988284,60
-72.7043861,-39.9883966,60
-72.7044363,-39.9884997,60
-72.7044932,-39.9886131,60
-72.7045435,-39.9887146,60
-72.7045997,-39.9888272,60
-72.7046556,-39.9889393,60
-72.7047118,-39.9890514,60
-72.7047621,-39.9891523,60
-72.7048178,-39.9892641,60
-72.7048686,-39.9893644,60
-72.7049247,-39.9894759,60
-72.7049803,-39.989587,60
-72.7050302,-39.989687,60
-72.7050859,-39.9897977,60
-72.7051413,-39.9899082,60
-72.705191,-39.9900075,60
-72.7052472,-39.990118,60
-72.7053033,-39.990228,60
-72.7053532,-39.9903276,60
-72.705408,-39.9904384,60
-72.7054641,-39.9905498,60
-72.7055134,-39.9906504,60
-72.7055689,-39.9907618,60
-72.7056245,-39.9908728,60
-72.7056738,-39.9909726,60
-72.70573,-39.9910836,60
-72.7057853,-39.9911945,60
-72.7058416,-39.9913056,60
-72.7058917,-39.9914059,60
-72.7059475,-39.9915171,60
-72.7059969,-39.9916177,60
-72.7060536,-39.9917289,60
-72.7061083,-39.9918405,60
-72.7061589,-39.9919407,60
-72.7062151,-39.9920516,60
-72.7062712,-39.9921627,60
-72.7063266,-39.9922743,60
-72.7063768,-39.9923749,60
-72.706429,-39.9924702,60
-72.7064734,-39.9925239,60
-72.7065175,-39.9925413,60
-72.7065711,-39.9925328,60
-72.7066222,-39.9925038,60
-72.7066728,-39.992469,60
-72.7067021,-39.9924172,60
-72.7066866,-39.9923605,60
-72.7066583,-39.9923037,60
-72.7066198,-39.9922271,60
-72.7065756,-39.992138,60
-72.7065328,-39.9920479,60
-72.706478,-39.99194,60
-72.7064225,-39.9918264,60
-72.7063723,-39.991725,60
-72.7063161,-39.9916124,60
-72.70626,-39.9915026,60
-72.7062107,-39.991405,60
-72.7061557,-39.991294,60
-72.7061006,-39.9911823,60
-72.7060504,-39.9910827,60
-72.7059947,-39.9909739,60
-72.7059394,-39.9908647,60
-72.7058896,-39.9907655,60
-72.7058346,-39.990655,60
-72.7057792,-39.9905436,60
-72.7057299,-39.9904432,60
-72.7056737,-39.990332,60
-72.7056184,-39.9902202,60
-72.7055691,-39.9901203,60
-72.7055131,-39.99001,60
-72.7054574,-39.9898994,60
-72.7054082,-39.9897986,60
-72.7053531,-39.9896872,60
-72.7052979,-39.9895777,60
-72.7052425,-39.9894674,60
-72.7051924,-39.9893678,60
-72.7051371,-39.9892576,60
-72.7050862,-39.9891571,60
-72.7050305,-39.9890461,60
-72.7049746,-39.9889349,60
-72.7049258,-39.9888367,60
-72.7048724,-39.9887294,60
-72.7048162,-39.9886183,60
-72.7047639,-39.9885178,60
-72.7047089,-39.9884056,60
-72.7046538,-39.9882945,60
-72.704604,-39.9881936,60
-72.7045481,-39.988083,60
-72.7044929,-39.9879717,60
-72.7044446,-39.9878737,60
-72.704417,-39.9877915,60
-72.7044351,-39.9877494,60
-72.7044926,-39.9877204,60
-72.7045579,-39.9877054,60
-72.704632,-39.9877031,60
-72.704683,-39.9877311,60
-72.7047186,-39.9877828,60
-72.7047517,-39.9878469,60
-72.7047882,-39.9879189,60
-72.7048357,-39.9880121,60
-72.704887,-39.9881161,60
-72.7049377,-39.9882168,60
-72.7049937,-39.9883308,60
-72.7050505,-39.9884436,60
-72.705101,-39.988545,60
-72.7051567,-39.9886574,60
-72.7052133,-39.9887698,60
-72.7052635,-39.9888709,60
-72.7053185,-39.9889835,60
-72.7053746,-39.9890951,60
-72.7054308,-39.9892064,60
-72.7054806,-39.9893064,60
-72.7055369,-39.989417,60
-72.705593,-39.9895286,60
-72.7056427,-39.9896287,60
-72.7056987,-39.9897402,60
-72.705754,-39.9898512,60
-72.7058042,-39.9899511,60
-72.7058596,-39.990062,60
-72.7059156,-39.9901731,60
-72.7059659,-39.9902735,60
-72.7060218,-39.9903851,60
-72.7060783,-39.990496,60
-72.706128,-39.9905963,60
-72.7061836,-39.9907072,60
-72.7062396,-39.9908179,60
-72.7062894,-39.9909182,60
-72.7063449,-39.9910293,60
-72.7063999,-39.9911397,60
-72.7064504,-39.9912407,60
-72.7065064,-39.9913526,60
-72.7065624,-39.9914641,60
-72.7066185,-39.9915763,60
-72.7066677,-39.9916757,60
-72.7067219,-39.9917832,60
-72.7067727,-39.9918833,60
-72.7068278,-39.9919957,60
-72.7068841,-39.9921075,60
-72.706931,-39.9921945,60
-72.7069666,-39.9922482,60
-72.7069875,-39.9922635,60
-72.7069874,-39.9922533,60
-72.7069834,-39.9922268,60
-72.7069786,-39.9921852,60
-72.7069729,-39.9921371,60
-72.7069637,-39.9920688,60
-72.7069508,-39.9919858,60
-72.7069392,-39.9919023,60
-72.7069254,-39.9918062,60
-72.7069122,-39.9917044,60
-72.7068968,-39.9915947,60
-72.706877,-39.9915007,60
-72.7068431,-39.991403,60
-72.7067982,-39.9913059,60
-72.7067582,-39.9912214,60
-72.7067161,-39.9911312,60
-72.7066772,-39.991055,60
-72.7066382,-39.9909781,60
-72.7065944,-39.9908901,60
-72.7065488,-39.9907978,60
-72.7065024,-39.9907087,60
-72.706448,-39.9906041,60
-72.7063981,-39.9905039,60
-72.7063438,-39.9903897,60
-72.7062875,-39.9902758,60
-72.706238,-39.9901759,60
-72.7061822,-39.9900655,60
-72.7061267,-39.9899539,60
-72.7060706,-39.9898427,60
-72.7060207,-39.9897423,60
-72.7059654,-39.9896314,60
-72.7059097,-39.9895203,60
-72.7058598,-39.9894199,60
-72.7058042,-39.9893089,60
-72.705749,-39.9891983,60
-72.705698,-39.9890987,60
-72.7056421,-39.9889873,60
-72.7055854,-39.9888761,60
-72.705531,-39.9887671,60
-72.7054811,-39.9886676,60
-72.7054264,-39.9885569,60
-72.7053785,-39.9884639,60
-72.7053237,-39.9883597,60
-72.7052746,-39.988261,60
-72.7052353,-39.9881833,60
-72.7051923,-39.9880977,60
-72.7051474,-39.9880065,60
-72.7050986,-39.9879066,60
-72.7050521,-39.9878116,60
-72.7050045,-39.9877069,60
-72.7049835,-39.9876457,60
-72.7050071,-39.9875992,60
-72.7050674,-39.9875737,60
-72.7051336,-39.9875599,60
-72.7052064,-39.9875616,60
-72.7052591,-39.987597,60
-72.7052919,-39.9876507,60
-72.7053239,-39.9877112,60
-72.7053664,-39.9877937,60
-72.7054149,-39.9878893,60
-72.7054626,-39.9879845,60
-72.7055183,-39.9880973,60
-72.7055743,-39.9882109,60
-72.7056249,-39.9883123,60
-72.7056813,-39.9884242,60
-72.7057379,-39.9885368,60
-72.7057887,-39.9886378,60
-72.7058448,-39.9887496,60
-72.7059005,-39.9888615,60
-72.705951,-39.9889619,60
-72.7060074,-39.9890737,60
-72.7060568,-39.9891743,60
-72.7061117,-39.989286,60
-72.7061681,-39.9893969,60
-72.7062244,-39.9895086,60
-72.7062749,-39.9896088,60
-72.7063311,-39.9897201,60
-72.7063867,-39.9898314,60
-72.7064364,-39.989932,60
-72.7064922,-39.9900438,60
-72.7065478,-39.9901548,60
-72.7065981,-39.990255,60
-72.7066541,-39.9903666,60
-72.7067056,-39.9904614,60
-72.7067498,-39.9905321,60
-72.7067947,-39.9905606,60
-72.7068436,-39.9905529,60
-72.7068852,-39.9905216,60
-72.7069396,-39.9904759,60
-72.7069745,-39.9904133,60
-72.7069633,-39.9903547,60
-72.7069314,-39.990287,60
-72.7068915,-39.9902061,60
-72.7068501,-39.990123,60
-72.7067984,-39.9900205,60
-72.7067434,-39.9899097,60
-72.7066921,-39.9898058,60
-72.7066361,-39.9896912,60
-72.7065803,-39.9895802,60
-72.7065312,-39.98948,60
-72.7064747,-39.9893689,60
-72.7064204,-39.9892601,60
-72.7063661,-39.9891507,60
-72.7063145,-39.989049,60
-72.7062585,-39.9889384,60
-72.706209,-39.9888394,60
-72.7061571,-39.988732,60
-72.7061008,-39.9886213,60
-72.7060432,-39.9885089,60
-72.705995,-39.9884109,60
-72.7059421,-39.9883064,60
-72.705892,-39.9882096,60
-72.7058357,-39.9880997,60
-72.7057767,-39.9879861,60
-72.7057269,-39.9878819,60
-72.7056722,-39.9877674,60
-72.7056173,-39.9876557,60
-72.7055734,-39.9875609,60
-72.7055563,-39.9874934,60
-72.7055871,-39.9874504,60
-72.7056511,-39.9874263,60
-72.7057194,-39.9874136,60
-72.7057889,-39.9874218,60
-72.7058327,-39.9874583,60
-72.7058659,-39.9875134,60
-72.7059021,-39.9875842,60
-72.7059415,-39.9876615,60
-72.7059905,-39.9877587,60
-72.7060443,-39.9878649,60
-72.7060948,-39.9879666,60
-72.7061501,-39.9880801,60
-72.7062065,-39.9881931,60
-72.7062576,-39.9882947,60
-72.7063143,-39.9884073,60
-72.7063709,-39.9885193,60
-72.7064271,-39.988631,60
-72.7064774,-39.9887323,60
-72.7065332,-39.988844,60
-72.7065891,-39.9889552,60
-72.7066391,-39.9890551,60
-72.7066949,-39.9891666,60
-72.7067505,-39.9892777,60
-72.7068006,-39.9893778,60
-72.7068562,-39.9894893,60
-72.7069065,-39.9895888,60
-72.7069621,-39.9896999,60
-72.707018,-39.9898114,60
-72.7070732,-39.9899225,60
-72.7071234,-39.9900225,60
-72.7071795,-39.9901307,60
-72.7072215,-39.9901991,60
-72.7072642,-39.9902355,60
-72.7073146,-39.990237,60
-72.7073642,-39.9902106,60
-72.7074082,-39.9901736,60
-72.70745,-39.9901139,60
-72.707449,-39.9900491,60
-72.7074259,-39.9899908,60
-72.707389,-39.9899151,60
-72.7073434,-39.9898264,60
-72.7072975,-39.9897369,60
-72.7072458,-39.9896338,60
-72.7072002,-39.9895423,60
-72.7071472,-39.9894348,60
-72.7070913,-39.9893219,60
-72.7070356,-39.9892076,60
-72.70698,-39.9890953,60
-72.7069297,-39.9889949,60
-72.7068744,-39.9888842,60
-72.7068236,-39.9887844,60
-72.7067677,-39.988674,60
-72.7067131,-39.9885629,60
-72.7066623,-39.9884636,60
-72.7066065,-39.9883525,60
-72.7065511,-39.9882421,60
-72.7065017,-39.9881431,60
-72.7064475,-39.9880321,60
-72.7063931,-39.9879253,60
-72.7063423,-39.9878254,60
-72.7062856,-39.987713,60
-72.7062301,-39.9876022,60
-72.7061812,-39.9875022,60
-72.7061361,-39.9874036,60
-72.7061245,-39.9873434,60
-72.7061565,-39.9873062,60
-72.7062198,-39.9872823,60
-72.7062964,-39.987269,60
-72.7063644,-39.9872804,60
-72.7064063,-39.9873189,60
-72.7064388,-39.9873757,60
-72.7064715,-39.9874405,60
-72.7065157,-39.9875266,60
-72.7065647,-39.9876246,60
-72.7066134,-39.9877214,60
-72.70667,-39.9878342,60
-72.7067258,-39.9879477,60
-72.7067769,-39.98805,60
-72.7068331,-39.9881629,60
-72.7068893,-39.988275,60
-72.70694,-39.9883764,60
-72.7069963,-39.9884885,60
-72.7070519,-39.9886011,60
-72.7071023,-39.9887016,60
-72.7071586,-39.9888137,60
-72.7072149,-39.9889259,60
-72.7072655,-39.9890261,60
-72.7073209,-39.9891373,60
-72.7073769,-39.989248,60
-72.7074268,-39.9893482,60
-72.707483,-39.9894595,60
-72.7075384,-39.9895705,60
-72.707588,-39.9896705,60
-72.7076443,-39.9897808,60
-72.7076952,-39.9898712,60
-72.7077412,-39.9899207,60
-72.7077852,-39.989932,60
-72.7078252,-39.9899187,60
-72.707855,-39.9898876,60
-72.7079075,-39.9898439,60
-72.7079426,-39.9897932,60
-72.7079435,-39.9897312,60
-72.7079107,-39.9896762,60
-72.7078727,-39.989604,60
-72.7078355,-39.9895303,60
-72.707791,-39.9894398,60
-72.7077438,-39.9893446,60
-72.7076986,-39.9892523,60
-72.7076474,-39.9891508,60
-72.707597,-39.9890556,60
-72.7075465,-39.988954,60
-72.7074974,-39.9888571,60
-72.707443,-39.9887455,60
-72.7073929,-39.9886433,60
-72.7073392,-39.9885358,60
-72.7072873,-39.9884341,60
-72.7072362,-39.9883302,60
-72.7071906,-39.9882408,60
-72.7071426,-39.9881439,60
-72.7071022,-39.9880671,60
-72.7070635,-39.9879852,60
-72.7070196,-39.9878944,60
-72.7069764,-39.987807,60
-72.7069343,-39.9877248,60
-72.7068855,-39.9876288,60
-72.7068388,-39.9875374,60
-72.7067852,-39.9874351,60
-72.7067308,-39.9873253,60
-72.7066878,-39.9872314,60
</coordinates></LineString>
</Placemark>
<Placemark>
<name>DJI_202603231541_003_AGUASNEGRAS001_Timestamp.MRK</name>
<description>Equipo: M3E | Fecha: 23-03-2026 | Puntos: 151</description>
<styleUrl>#m3e</styleUrl>
<LineString><altitudeMode>relativeToGround</altitudeMode><coordinates>
-72.6698752,-40.0359005,60
-72.6698762,-40.0358753,60
-72.6698766,-40.0358291,60
-72.6698747,-40.0357671,60
-72.6698742,-40.0356936,60
-72.6698738,-40.0356136,60
-72.6698746,-40.0355248,60
-72.6698757,-40.0354303,60
-72.669876,-40.0353349,60
-72.6698756,-40.0352446,60
-72.6698753,-40.0351604,60
-72.6698761,-40.035075,60
-72.6698768,-40.0349899,60
-72.6698763,-40.0348993,60
-72.6698756,-40.0348045,60
-72.6698754,-40.0347056,60
-72.6698757,-40.0346075,60
-72.6698745,-40.0345168,60
-72.6698748,-40.0344374,60
-72.6698752,-40.0343429,60
-72.6698753,-40.0342451,60
-72.6698758,-40.0341368,60
-72.6698766,-40.0340455,60
-72.6698772,-40.0339384,60
-72.6698776,-40.0338181,60
-72.669878,-40.0337088,60
-72.6698736,-40.0336034,60
-72.6698637,-40.0335351,60
-72.669837,-40.0335014,60
-72.6697796,-40.033489,60
-72.6697104,-40.0334958,60
-72.669648,-40.0335107,60
-72.6695987,-40.033545,60
-72.6695784,-40.0335943,60
-72.6695759,-40.0336519,60
-72.6695751,-40.0337222,60
-72.669576,-40.0338062,60
-72.669577,-40.0338892,60
-72.6695782,-40.0339906,60
-72.6695773,-40.034112,60
-72.6695769,-40.0342133,60
-72.6695764,-40.0343297,60
-72.6695773,-40.0344583,60
-72.6695775,-40.0345749,60
-72.6695778,-40.0346898,60
-72.6695777,-40.0348048,60
-72.6695772,-40.0349193,60
-72.6695774,-40.0350332,60
-72.6695775,-40.0351477,60
-72.6695776,-40.0352617,60
-72.6695786,-40.0353634,60
-72.6695778,-40.035491,60
-72.6695768,-40.0356055,60
-72.6695772,-40.0357204,60
-72.6695772,-40.0358223,60
-72.6695761,-40.035936,60
-72.6695654,-40.0360249,60
-72.6695261,-40.0360918,60
-72.669459,-40.0361457,60
-72.6693816,-40.0361855,60
-72.6693259,-40.0362029,60
-72.6692899,-40.0361914,60
-72.6692746,-40.0361597,60
-72.6692799,-40.0361193,60
-72.6692796,-40.036059,60
-72.6692787,-40.0359981,60
-72.669279,-40.0359094,60
-72.6692792,-40.035832,60
-72.6692784,-40.0357247,60
-72.6692784,-40.0356205,60
-72.6692769,-40.0355085,60
-72.6692766,-40.0353982,60
-72.6692766,-40.0353005,60
-72.6692771,-40.0351893,60
-72.6692764,-40.0350725,60
-72.6692771,-40.0349567,60
-72.6692774,-40.0348498,60
-72.6692781,-40.0347481,60
-72.6692766,-40.03464,60
-72.6692771,-40.0345565,60
-72.6692772,-40.0344645,60
-72.6692779,-40.0343773,60
-72.6692778,-40.0342923,60
-72.6692775,-40.0342084,60
-72.6692778,-40.034116,60
-72.6692776,-40.0340421,60
-72.6692767,-40.033955,60
-72.6692757,-40.0338655,60
-72.6692771,-40.0337604,60
-72.6692758,-40.0336832,60
-72.6692684,-40.0336197,60
-72.6692562,-40.0335842,60
-72.6692218,-40.0335576,60
-72.6691636,-40.033549,60
-72.6690987,-40.0335556,60
-72.6690338,-40.0335746,60
-72.6689918,-40.0336151,60
-72.6689785,-40.0336692,60
-72.6689763,-40.0337382,60
-72.6689766,-40.0338153,60
-72.6689772,-40.0339026,60
-72.6689775,-40.0339886,60
-72.6689779,-40.0340931,60
-72.6689775,-40.0342164,60
-72.6689771,-40.0343191,60
-72.668977,-40.0344354,60
-72.668977,-40.0345643,60
-72.6689775,-40.0346799,60
-72.6689777,-40.0347826,60
-72.668978,-40.0348977,60
-72.6689781,-40.0350128,60
-72.6689784,-40.0351275,60
-72.6689791,-40.0352423,60
-72.6689793,-40.0353564,60
-72.6689792,-40.0354838,60
-72.6689793,-40.0355858,60
-72.6689792,-40.0357004,60
-72.668979,-40.0358146,60
-72.668979,-40.0359286,60
-72.6689791,-40.0360432,60
-72.6689782,-40.0361484,60
-72.6689665,-40.0362166,60
-72.6689432,-40.0362514,60
-72.6689022,-40.0362628,60
-72.6688486,-40.0362507,60
-72.6687879,-40.0362263,60
-72.6687239,-40.0361818,60
-72.6686868,-40.0361215,60
-72.668682,-40.0360516,60
-72.6686802,-40.0359772,60
-72.6686794,-40.0358969,60
-72.668679,-40.0358102,60
-72.6686791,-40.0357225,60
-72.6686782,-40.0356266,60
-72.6686779,-40.0355263,60
-72.6686783,-40.0354207,60
-72.66868,-40.0353171,60
-72.6686787,-40.035213,60
-72.6686795,-40.0351082,60
-72.6686777,-40.0350018,60
-72.6686769,-40.0348968,60
-72.6686769,-40.0347986,60
-72.6686781,-40.0347033,60
-72.6686776,-40.0346011,60
-72.668676,-40.0344946,60
-72.6686757,-40.0343862,60
-72.668676,-40.0343098,60
-72.6686774,-40.034273,60
-72.6686777,-40.0342555,60
-72.6686766,-40.0342512,60
-72.6686763,-40.0342479,60
</coordinates></LineString>
</Placemark>
<Placemark>
<name>DJI_202603231548_004_AGUASNEGRAS003_Timestamp.MRK</name>
<description>Equipo: M3E | Fecha: 23-03-2026 | Puntos: 508</description>
<styleUrl>#m3e</styleUrl>
<LineString><altitudeMode>relativeToGround</altitudeMode><coordinates>
-72.6779658,-40.0477197,60
-72.6779609,-40.0476933,60
-72.6779549,-40.0476541,60
-72.6779441,-40.0476,60
-72.6779322,-40.0475287,60
-72.6779206,-40.0474543,60
-72.677905,-40.0473589,60
-72.6778881,-40.0472573,60
-72.6778662,-40.0471639,60
-72.6778205,-40.0470854,60
-72.6777342,-40.0470297,60
-72.6776491,-40.0469955,60
-72.677592,-40.0469826,60
-72.6775581,-40.0470022,60
-72.6775532,-40.0470446,60
-72.6775592,-40.0470944,60
-72.6775715,-40.0471643,60
-72.6775844,-40.0472418,60
-72.6776004,-40.0473423,60
-72.6776194,-40.0474526,60
-72.6776366,-40.0475592,60
-72.6776553,-40.0476801,60
-72.6776749,-40.0478,60
-72.6776881,-40.0479065,60
-72.6776756,-40.048007,60
-72.677625,-40.0480943,60
-72.6775571,-40.0481658,60
-72.6775024,-40.0482097,60
-72.6774659,-40.0482154,60
-72.677441,-40.0481951,60
-72.6774305,-40.0481576,60
-72.6774211,-40.0481046,60
-72.6774125,-40.0480474,60
-72.6774004,-40.0479709,60
-72.6773868,-40.0478838,60
-72.6773714,-40.0477952,60
-72.6773534,-40.0476878,60
-72.6773347,-40.0475704,60
-72.677318,-40.0474616,60
-72.6773003,-40.0473419,60
-72.6772799,-40.0472242,60
-72.67726,-40.0471093,60
-72.6772424,-40.0470117,60
-72.6772232,-40.0469439,60
-72.6771906,-40.046922,60
-72.6771432,-40.0469282,60
-72.6770946,-40.046958,60
-72.6770372,-40.0469997,60
-72.6769875,-40.047058,60
-72.6769656,-40.0471393,60
-72.6769774,-40.0472272,60
-72.6769921,-40.0473151,60
-72.6770107,-40.0474234,60
-72.6770298,-40.0475409,60
-72.6770476,-40.0476489,60
-72.6770671,-40.0477688,60
-72.6770856,-40.0478886,60
-72.6771032,-40.0479959,60
-72.6771225,-40.0481152,60
-72.6771411,-40.0482343,60
-72.6771572,-40.0483416,60
-72.6771661,-40.0484391,60
-72.6771507,-40.0484987,60
-72.6771098,-40.048528,60
-72.6770368,-40.0485398,60
-72.6769569,-40.0485388,60
-72.676906,-40.0485176,60
-72.6768811,-40.048468,60
-72.6768682,-40.0484087,60
-72.6768557,-40.0483421,60
-72.6768425,-40.0482552,60
-72.6768257,-40.048158,60
-72.6768087,-40.048061,60
-72.6767895,-40.0479425,60
-72.6767704,-40.0478222,60
-72.6767533,-40.0477134,60
-72.676734,-40.0475937,60
-72.6767142,-40.0475009,60
-72.6766971,-40.0474623,60
-72.6766685,-40.0474564,60
-72.6766453,-40.0474844,60
-72.6766224,-40.0475251,60
-72.6765927,-40.0475781,60
-72.6765486,-40.0476312,60
-72.6764984,-40.0476548,60
-72.6764598,-40.0476777,60
-72.6764533,-40.0477153,60
-72.6764582,-40.047758,60
-72.67647,-40.0478241,60
-72.6764844,-40.0479086,60
-72.6765006,-40.0480077,60
-72.6765165,-40.0481066,60
-72.6765359,-40.0482247,60
-72.6765547,-40.0483451,60
-72.6765706,-40.0484505,60
-72.6765717,-40.0485328,60
-72.6765424,-40.0485793,60
-72.6764879,-40.0486007,60
-72.6764087,-40.0486106,60
-72.6763445,-40.0486039,60
-72.6762991,-40.0485686,60
-72.6762824,-40.0485138,60
-72.6762712,-40.0484563,60
-72.6762578,-40.0483786,60
-72.676244,-40.0482963,60
-72.6762295,-40.0482075,60
-72.676215,-40.0481176,60
-72.6761983,-40.0480114,60
-72.6761796,-40.0478978,60
-72.6761618,-40.0478122,60
-72.6761343,-40.0477631,60
-72.6760741,-40.0477461,60
-72.6760044,-40.0477559,60
-72.6759385,-40.0477773,60
-72.6758872,-40.0478211,60
-72.6758766,-40.0478757,60
-72.6758839,-40.0479425,60
-72.6758981,-40.0480234,60
-72.6759131,-40.0481093,60
-72.675931,-40.0482169,60
-72.6759498,-40.0483335,60
-72.675967,-40.0484413,60
-72.6759841,-40.0485563,60
-72.6759848,-40.0486337,60
-72.6759732,-40.0486654,60
-72.6759323,-40.0486765,60
-72.6758777,-40.0486868,60
-72.6758076,-40.0487004,60
-72.6757422,-40.0487027,60
-72.6757004,-40.0486856,60
-72.6756898,-40.0486554,60
-72.675691,-40.0486056,60
-72.675681,-40.0485411,60
-72.6756696,-40.0484719,60
-72.6756542,-40.0483835,60
-72.6756369,-40.0482881,60
-72.6756234,-40.0481979,60
-72.6756065,-40.0480966,60
-72.6755881,-40.0479922,60
-72.6755693,-40.0479154,60
-72.6755323,-40.0478736,60
-72.6754665,-40.0478692,60
-72.6754034,-40.0478831,60
-72.6753321,-40.0479111,60
-72.6752923,-40.047961,60
-72.6752907,-40.0480161,60
-72.6753021,-40.048086,60
-72.6753175,-40.0481725,60
-72.675333,-40.0482621,60
-72.6753509,-40.0483726,60
-72.675368,-40.0484791,60
-72.6753874,-40.048599,60
-72.6753988,-40.0487056,60
-72.675386,-40.048771,60
-72.675343,-40.0488088,60
-72.6752676,-40.0488321,60
-72.6751908,-40.0488399,60
-72.6751438,-40.0488217,60
-72.675118,-40.0487793,60
-72.6751068,-40.0487231,60
-72.6750943,-40.0486583,60
-72.6750797,-40.0485729,60
-72.6750653,-40.048479,60
-72.6750495,-40.0483851,60
-72.6750296,-40.048273,60
-72.675011,-40.0481518,60
-72.6749934,-40.0480613,60
-72.6749683,-40.0480103,60
-72.6749111,-40.0479908,60
-72.674842,-40.0479992,60
-72.6747745,-40.0480175,60
-72.6747205,-40.0480594,60
-72.6747074,-40.0481122,60
-72.6747131,-40.0481768,60
-72.6747269,-40.0482558,60
-72.6747416,-40.0483405,60
-72.6747592,-40.0484462,60
-72.6747779,-40.0485615,60
-72.6747975,-40.0486827,60
-72.6748145,-40.0487906,60
-72.6748181,-40.0488797,60
-72.6747893,-40.0489331,60
-72.6747328,-40.0489617,60
-72.6746475,-40.0489793,60
-72.6745892,-40.0489773,60
-72.6745449,-40.0489465,60
-72.6745316,-40.048896,60
-72.6745205,-40.0488357,60
-72.6745097,-40.0487685,60
-72.6744956,-40.0486824,60
-72.6744814,-40.0485908,60
-72.6744666,-40.0485022,60
-72.6744489,-40.0484002,60
-72.6744316,-40.0482962,60
-72.6744154,-40.0482102,60
-72.6743971,-40.0481554,60
-72.6743474,-40.0481262,60
-72.674286,-40.0481282,60
-72.6742168,-40.048148,60
-72.6741528,-40.0481851,60
-72.6741265,-40.0482353,60
-72.6741307,-40.0483016,60
-72.6741434,-40.048379,60
-72.6741563,-40.0484611,60
-72.6741741,-40.0485643,60
-72.6741929,-40.0486783,60
-72.6742101,-40.0487859,60
-72.6742283,-40.0489063,60
-72.6742366,-40.0490042,60
-72.6742192,-40.0490579,60
-72.6741656,-40.0490967,60
-72.6740965,-40.0491171,60
-72.6740233,-40.049123,60
-72.6739741,-40.0490979,60
-72.673955,-40.0490498,60
-72.6739444,-40.0489983,60
-72.6739314,-40.0489256,60
-72.6739183,-40.0488523,60
-72.6739036,-40.0487648,60
-72.6738877,-40.0486696,60
-72.6738724,-40.0485785,60
-72.6738589,-40.0484928,60
-72.673844,-40.0484028,60
-72.6738268,-40.0483254,60
-72.6738057,-40.0482867,60
-72.6737461,-40.0482661,60
-72.6736774,-40.0482769,60
-72.673613,-40.0482995,60
-72.6735575,-40.0483428,60
-72.6735455,-40.0484028,60
-72.6735519,-40.0484628,60
-72.6735662,-40.0485426,60
-72.6735818,-40.048639,60
-72.6735977,-40.0487354,60
-72.6736166,-40.048852,60
-72.673636,-40.048973,60
-72.6736512,-40.0490801,60
-72.6736543,-40.0491655,60
-72.6736236,-40.0492177,60
-72.6735641,-40.0492447,60
-72.6734788,-40.0492598,60
-72.6734174,-40.0492532,60
-72.6733813,-40.0492214,60
-72.6733661,-40.0491716,60
-72.6733545,-40.0491076,60
-72.6733435,-40.0490371,60
-72.673329,-40.0489489,60
-72.6733138,-40.04885,60
-72.673296,-40.0487536,60
-72.6732779,-40.048641,60
-72.6732639,-40.048548,60
-72.6732496,-40.0484856,60
-72.6732344,-40.0484448,60
-72.673206,-40.0484234,60
-72.6731533,-40.0484138,60
-72.6730845,-40.0484264,60
-72.6730123,-40.0484539,60
-72.6729673,-40.0485025,60
-72.6729638,-40.048558,60
-72.6729752,-40.0486286,60
-72.672989,-40.0487055,60
-72.6730048,-40.0488043,60
-72.673022,-40.0489138,60
-72.6730413,-40.0490321,60
-72.6730589,-40.0491408,60
-72.6730716,-40.0492486,60
-72.673062,-40.0493186,60
-72.6730301,-40.0493571,60
-72.672968,-40.0493711,60
-72.6729,-40.0493709,60
-72.6728356,-40.0493613,60
-72.6727955,-40.049323,60
-72.6727824,-40.0492771,60
-72.6727694,-40.0492172,60
-72.6727562,-40.0491429,60
-72.6727429,-40.0490696,60
-72.6727325,-40.0490048,60
-72.6727211,-40.0489281,60
-72.672708,-40.0488423,60
-72.6726934,-40.0487549,60
-72.6726744,-40.0486529,60
-72.6726554,-40.0485897,60
-72.6726138,-40.0485585,60
-72.6725458,-40.0485582,60
-72.6724763,-40.0485769,60
-72.6724156,-40.0486081,60
-72.6723838,-40.0486629,60
-72.6723872,-40.0487294,60
-72.6723978,-40.0487978,60
-72.6724129,-40.048889,60
-72.6724305,-40.0489924,60
-72.6724475,-40.0490938,60
-72.6724671,-40.0492128,60
-72.6724824,-40.0493269,60
-72.6724785,-40.0493953,60
-72.6724417,-40.0494404,60
-72.6723746,-40.0494643,60
-72.6723018,-40.0494738,60
-72.6722403,-40.0494619,60
-72.6722051,-40.0494194,60
-72.6721931,-40.049371,60
-72.6721802,-40.0493049,60
-72.6721665,-40.0492225,60
-72.6721526,-40.0491398,60
-72.6721336,-40.0490375,60
-72.6721168,-40.0489312,60
-72.6720979,-40.0488182,60
-72.6720806,-40.0487424,60
-72.6720459,-40.0487027,60
-72.6719882,-40.0486923,60
-72.6719169,-40.0487045,60
-72.6718438,-40.0487283,60
-72.6718044,-40.0487691,60
-72.6718,-40.0488284,60
-72.6718093,-40.0488958,60
-72.6718247,-40.0489801,60
-72.6718389,-40.0490684,60
-72.6718561,-40.0491772,60
-72.6718752,-40.049295,60
-72.6718913,-40.0494018,60
-72.6718954,-40.0494883,60
-72.6718712,-40.0495346,60
-72.671809,-40.0495627,60
-72.6717261,-40.0495754,60
-72.6716656,-40.0495704,60
-72.671622,-40.049536,60
-72.671606,-40.0494846,60
-72.6715943,-40.0494223,60
-72.6715828,-40.0493507,60
-72.6715681,-40.0492624,60
-72.6715544,-40.0491753,60
-72.6715382,-40.0490741,60
-72.6715203,-40.0489679,60
-72.6715025,-40.0488747,60
-72.6714814,-40.0488154,60
-72.6714291,-40.0487957,60
-72.671369,-40.0488019,60
-72.6712949,-40.048812,60
-72.6712335,-40.0488126,60
-72.6712031,-40.0488105,60
-72.6711931,-40.0488265,60
-72.6711981,-40.0488602,60
-72.6712067,-40.0489093,60
-72.6712179,-40.0489716,60
-72.6712323,-40.0490563,60
-72.6712484,-40.049155,60
-72.671265,-40.049253,60
-72.6712843,-40.0493702,60
-72.6712943,-40.0494618,60
-72.671287,-40.0495241,60
-72.6712519,-40.0495504,60
-72.6712039,-40.0495495,60
-72.6711367,-40.0495393,60
-72.6710571,-40.0495293,60
-72.6710141,-40.0495176,60
-72.6710024,-40.0494908,60
-72.6709956,-40.0494477,60
-72.6709857,-40.0493943,60
-72.6709727,-40.0493231,60
-72.6709608,-40.0492401,60
-72.6709462,-40.0491573,60
-72.6709307,-40.04906,60
-72.670915,-40.0489695,60
-72.6709035,-40.0489064,60
-72.67089,-40.0488501,60
-72.6708771,-40.048817,60
-72.6708605,-40.0487936,60
-72.670822,-40.0487695,60
-72.6707617,-40.0487572,60
-72.6706937,-40.0487553,60
-72.6706268,-40.04877,60
-72.6705912,-40.0488107,60
-72.6705929,-40.0488609,60
-72.6706044,-40.0489263,60
-72.670619,-40.0490098,60
-72.6706352,-40.0491079,60
-72.6706518,-40.0492049,60
-72.670671,-40.0493208,60
-72.6706894,-40.0494401,60
-72.6706944,-40.0495243,60
-72.6706717,-40.0495818,60
-72.6706149,-40.0496164,60
-72.6705433,-40.0496316,60
-72.6704743,-40.0496312,60
-72.6704292,-40.0496056,60
-72.6704105,-40.0495546,60
-72.6703974,-40.0494971,60
-72.6703858,-40.0494315,60
-72.6703725,-40.0493501,60
-72.6703592,-40.0492593,60
-72.6703449,-40.0491694,60
-72.6703267,-40.0490607,60
-72.6703103,-40.0489515,60
-72.6702926,-40.0488619,60
-72.6702722,-40.0488019,60
-72.6702213,-40.0487746,60
-72.6701586,-40.0487777,60
-72.6700867,-40.0487971,60
-72.6700236,-40.0488356,60
-72.6700015,-40.0488866,60
-72.6700062,-40.0489518,60
-72.6700189,-40.0490279,60
-72.670033,-40.0491106,60
-72.6700502,-40.0492151,60
-72.6700686,-40.0493299,60
-72.6700867,-40.0494381,60
-72.670105,-40.0495583,60
-72.6701098,-40.049651,60
-72.6700899,-40.0497019,60
-72.6700327,-40.049735,60
-72.6699515,-40.0497518,60
-72.6698884,-40.0497521,60
-72.669841,-40.0497219,60
-72.6698257,-40.049671,60
-72.6698147,-40.0496163,60
-72.6698014,-40.0495397,60
-72.6697866,-40.0494525,60
-72.6697731,-40.0493687,60
-72.6697575,-40.0492771,60
-72.6697401,-40.0491772,60
-72.6697249,-40.0490802,60
-72.669705,-40.0489779,60
-72.6696811,-40.0489258,60
-72.6696291,-40.0489078,60
-72.6695602,-40.0489162,60
-72.6694871,-40.0489377,60
-72.6694364,-40.0489745,60
-72.6694182,-40.0490335,60
-72.6694263,-40.0491019,60
-72.6694406,-40.0491841,60
-72.6694552,-40.0492696,60
-72.669473,-40.049376,60
-72.6694896,-40.0494799,60
-72.6695088,-40.0496002,60
-72.6695249,-40.0497156,60
-72.6695234,-40.0497863,60
-72.6694881,-40.049834,60
-72.6694226,-40.0498616,60
-72.6693419,-40.0498746,60
-72.6692876,-40.0498666,60
-72.6692505,-40.0498253,60
-72.6692376,-40.0497741,60
-72.6692259,-40.0497172,60
-72.6692127,-40.0496453,60
-72.6692006,-40.0495702,60
-72.6691886,-40.0494971,60
-72.6691753,-40.0494191,60
-72.6691611,-40.0493348,60
-72.6691473,-40.0492494,60
-72.6691308,-40.0491482,60
-72.669111,-40.0490781,60
-72.6690753,-40.049054,60
-72.669015,-40.0490535,60
-72.6689505,-40.0490725,60
-72.6688865,-40.0491037,60
-72.6688436,-40.0491574,60
-72.6688427,-40.0492234,60
-72.6688531,-40.0492906,60
-72.6688684,-40.0493789,60
-72.6688853,-40.04948,60
-72.668902,-40.049581,60
-72.6689217,-40.0497014,60
-72.6689382,-40.0498199,60
-72.6689384,-40.0498946,60
-72.6689073,-40.049943,60
-72.668844,-40.0499693,60
-72.6687725,-40.0499815,60
-72.6687058,-40.049975,60
-72.6686662,-40.0499394,60
-72.6686558,-40.0498978,60
-72.6686435,-40.0498406,60
-72.6686294,-40.0497686,60
-72.6686163,-40.049694,60
-72.6686064,-40.049633,60
-72.6685943,-40.0495575,60
-72.6685841,-40.0494898,60
-72.6685716,-40.0494113,60
-72.6685567,-40.0493259,60
-72.6685378,-40.0492685,60
-72.6684937,-40.04924,60
-72.6684259,-40.0492452,60
-72.6683655,-40.0492657,60
-72.6682991,-40.049305,60
-72.6682667,-40.049365,60
-72.6682705,-40.0494274,60
-72.6682831,-40.049506,60
-72.6682994,-40.0495993,60
-72.6683155,-40.0496939,60
-72.6683347,-40.0498081,60
-72.6683509,-40.049924,60
-72.6683488,-40.0499943,60
-72.668315,-40.0500411,60
-72.6682504,-40.0500651,60
-72.6681769,-40.0500747,60
-72.6681128,-40.0500643,60
-72.668075,-40.0500231,60
-72.6680608,-40.04997,60
-72.6680492,-40.0499121,60
-72.6680358,-40.0498384,60
-72.6680239,-40.0497662,60
-72.6680131,-40.0497033,60
-72.6680039,-40.0496402,60
-72.6679939,-40.0495725,60
-72.667984,-40.0495062,60
-72.6679751,-40.049452,60
-72.6679707,-40.0494198,60
-72.6679673,-40.0494014,60
-72.6679648,-40.0493914,60
</coordinates></LineString>
</Placemark>
<Placemark>
<name>DJI_202603231548_005_AGUASNEGRAS002_Timestamp.MRK</name>
<description>Equipo: M3E | Fecha: 23-03-2026 | Puntos: 115</description>
<styleUrl>#m3e</styleUrl>
<LineString><altitudeMode>relativeToGround</altitudeMode><coordinates>
-72.6658675,-40.0478456,60
-72.6658677,-40.047874,60
-72.6658672,-40.0479212,60
-72.6658673,-40.0479925,60
-72.6658667,-40.0480712,60
-72.6658591,-40.0481695,60
-72.6658206,-40.0482543,60
-72.6657541,-40.0483162,60
-72.6656708,-40.0483722,60
-72.6656191,-40.048391,60
-72.6655854,-40.0483786,60
-72.6655699,-40.0483442,60
-72.6655672,-40.0483001,60
-72.6655672,-40.0482444,60
-72.6655672,-40.0481699,60
-72.665568,-40.0480838,60
-72.6655672,-40.048001,60
-72.6655653,-40.0479083,60
-72.6655589,-40.0478203,60
-72.665548,-40.0477769,60
-72.6654992,-40.0477564,60
-72.6654371,-40.0477683,60
-72.6653794,-40.0477905,60
-72.6653092,-40.0478359,60
-72.6652716,-40.0479036,60
-72.6652661,-40.0479828,60
-72.6652656,-40.0480626,60
-72.6652667,-40.0481633,60
-72.6652665,-40.0482636,60
-72.6652667,-40.0483828,60
-72.6652652,-40.0485014,60
-72.6652541,-40.0485779,60
-72.6652136,-40.0486274,60
-72.6651448,-40.0486514,60
-72.6650676,-40.0486589,60
-72.6650079,-40.0486475,60
-72.664976,-40.0486079,60
-72.6649697,-40.0485577,60
-72.6649676,-40.0485003,60
-72.6649673,-40.0484262,60
-72.6649667,-40.0483581,60
-72.6649671,-40.0483011,60
-72.6649685,-40.0482422,60
-72.6649684,-40.0481911,60
-72.6649683,-40.0481327,60
-72.664969,-40.0480768,60
-72.6649652,-40.0480407,60
-72.6649577,-40.0480014,60
-72.6649533,-40.0479856,60
-72.6649369,-40.0479732,60
-72.6649041,-40.0479696,60
-72.6648526,-40.047982,60
-72.6647973,-40.0479984,60
-72.6647174,-40.0480205,60
-72.6646739,-40.0480454,60
-72.6646657,-40.0480787,60
-72.6646655,-40.0481305,60
-72.6646671,-40.0482055,60
-72.6646676,-40.0482864,60
-72.6646679,-40.0483891,60
-72.6646674,-40.0485021,60
-72.6646642,-40.0486135,60
-72.6646461,-40.0486775,60
-72.6645959,-40.048719,60
-72.6645213,-40.0487368,60
-72.6644474,-40.0487399,60
-72.6643955,-40.0487198,60
-72.664375,-40.0486731,60
-72.6643718,-40.0486258,60
-72.66437,-40.0485625,60
-72.6643694,-40.0484944,60
-72.6643684,-40.0484219,60
-72.6643685,-40.0483318,60
-72.6643681,-40.048238,60
-72.6643638,-40.0481652,60
-72.6643535,-40.0481114,60
-72.6643235,-40.0480805,60
-72.6642707,-40.048067,60
-72.6641979,-40.0480714,60
-72.664128,-40.0480868,60
-72.6640776,-40.048129,60
-72.6640657,-40.0481897,60
-72.6640653,-40.0482605,60
-72.664066,-40.048347,60
-72.6640663,-40.048437,60
-72.6640676,-40.0485482,60
-72.6640669,-40.0486532,60
-72.6640527,-40.0487362,60
-72.6640098,-40.048781,60
-72.6639477,-40.0487989,60
-72.6638645,-40.0488022,60
-72.6638091,-40.0487913,60
-72.6637762,-40.0487495,60
-72.6637718,-40.0486951,60
-72.6637703,-40.0486293,60
-72.6637681,-40.0485576,60
-72.6637666,-40.048469,60
-72.6637673,-40.0483787,60
-72.6637681,-40.0482877,60
-72.6637617,-40.0481954,60
-72.6637417,-40.0481479,60
-72.663691,-40.0481327,60
-72.6636195,-40.0481462,60
-72.6635552,-40.0481669,60
-72.6634928,-40.0482102,60
-72.6634705,-40.0482667,60
-72.6634681,-40.0483382,60
-72.6634674,-40.0484232,60
-72.6634673,-40.0485117,60
-72.663468,-40.0486222,60
-72.6634688,-40.048734,60
-72.6634686,-40.0487918,60
-72.6634679,-40.0488249,60
-72.6634682,-40.0488383,60
-72.6634684,-40.0488381,60
</coordinates></LineString>
</Placemark>
</Document>
</kml>