<?xml version="1.0" encoding="UTF-8"?>
<kml xmlns="http://www.opengis.net/kml/2.2">
<Document>
<name>Líneas M3E — 26/03/2026</name>
<description>Líneas de vuelo - Generado por TeMapeo</description>
<Style id="m3e"><LineStyle><color>fff5a521</color><width>3</width></LineStyle></Style>
<Style id="m3m"><LineStyle><color>ff0098ff</color><width>3</width></LineStyle></Style>
<Style id="default"><LineStyle><color>ff0aaed9</color><width>3</width></LineStyle></Style>
<Placemark>
<name>DJI_202603260834_001_ELDESCANSO003_Timestamp.MRK</name>
<description>Equipo: M3E | Fecha: 26-03-2026 | Puntos: 26</description>
<styleUrl>#m3e</styleUrl>
<LineString><altitudeMode>relativeToGround</altitudeMode><coordinates>
-73.3101297,-40.2725868,60
-73.3101296,-40.2726109,60
-73.3101296,-40.2726547,60
-73.3101298,-40.2727246,60
-73.3101294,-40.2728012,60
-73.3101297,-40.2728996,60
-73.31013,-40.2730104,60
-73.3101296,-40.273117,60
-73.3101291,-40.2732386,60
-73.3101301,-40.2733596,60
-73.3101298,-40.2734663,60
-73.31013,-40.2735846,60
-73.3101304,-40.2737027,60
-73.3101299,-40.2738215,60
-73.3101302,-40.2739287,60
-73.3101301,-40.2740472,60
-73.3101303,-40.2741531,60
-73.3101304,-40.274272,60
-73.3101303,-40.2743912,60
-73.3101302,-40.2744978,60
-73.3101298,-40.2746152,60
-73.3101301,-40.2747353,60
-73.3101299,-40.2748425,60
-73.3101296,-40.2749495,60
-73.3101301,-40.2750568,60
-73.3101292,-40.2751599,60
</coordinates></LineString>
</Placemark>
<Placemark>
<name>DJI_202603260850_002_ELDESCANSO028_Timestamp.MRK</name>
<description>Equipo: M3E | Fecha: 26-03-2026 | Puntos: 186</description>
<styleUrl>#m3e</styleUrl>
<LineString><altitudeMode>relativeToGround</altitudeMode><coordinates>
-73.3427441,-40.2566246,60
-73.3427442,-40.2566037,60
-73.3427438,-40.2565554,60
-73.3427437,-40.2564932,60
-73.3427389,-40.2564095,60
-73.3427135,-40.2563463,60
-73.3426575,-40.2563089,60
-73.3425762,-40.2562864,60
-73.3425054,-40.2562824,60
-73.3424608,-40.2563081,60
-73.3424467,-40.2563494,60
-73.3424442,-40.2564037,60
-73.3424447,-40.2564767,60
-73.3424448,-40.2565562,60
-73.3424443,-40.2566576,60
-73.3424445,-40.2567704,60
-73.3424435,-40.2568793,60
-73.3424301,-40.2569905,60
-73.3423859,-40.2570689,60
-73.3423053,-40.2571471,60
-73.3422285,-40.257207,60
-73.3421887,-40.257227,60
-73.3421546,-40.2572132,60
-73.3421441,-40.2571776,60
-73.3421428,-40.2571352,60
-73.3421427,-40.2570682,60
-73.3421429,-40.2569835,60
-73.3421429,-40.256895,60
-73.3421428,-40.2567857,60
-73.3421426,-40.2566677,60
-73.3421422,-40.256546,60
-73.3421417,-40.2564396,60
-73.3421306,-40.2563614,60
-73.3421126,-40.2563267,60
-73.3420845,-40.2563291,60
-73.3420558,-40.2563598,60
-73.3420229,-40.2563966,60
-73.3419716,-40.2564556,60
-73.3419108,-40.256529,60
-73.3418642,-40.2566109,60
-73.3418446,-40.256717,60
-73.3418422,-40.2568245,60
-73.3418423,-40.2569407,60
-73.3418425,-40.2570518,60
-73.3418426,-40.2571723,60
-73.3418424,-40.2572761,60
-73.3418384,-40.2573931,60
-73.3418145,-40.2574756,60
-73.3417495,-40.2575407,60
-73.3416697,-40.2575849,60
-73.341606,-40.2576077,60
-73.341565,-40.2575961,60
-73.3415449,-40.257559,60
-73.3415416,-40.2575114,60
-73.3415415,-40.257453,60
-73.3415414,-40.2573699,60
-73.3415414,-40.257272,60
-73.341541,-40.257175,60
-73.3415388,-40.2570667,60
-73.3415235,-40.2569969,60
-73.3414885,-40.2569733,60
-73.3414331,-40.2569796,60
-73.3413717,-40.2570053,60
-73.3412997,-40.2570475,60
-73.3412513,-40.2571056,60
-73.3412405,-40.257184,60
-73.3412411,-40.25727,60
-73.3412412,-40.2573581,60
-73.3412415,-40.2574573,60
-73.3412416,-40.2575648,60
-73.3412403,-40.2576683,60
-73.3412301,-40.2577608,60
-73.3411844,-40.2578201,60
-73.3411162,-40.2578596,60
-73.3410286,-40.2579022,60
-73.340963,-40.2579238,60
-73.340944,-40.2579257,60
-73.3409382,-40.257912,60
-73.3409395,-40.2578772,60
-73.34094,-40.2578333,60
-73.3409403,-40.2577636,60
-73.3409405,-40.2576864,60
-73.3409403,-40.2575879,60
-73.3409398,-40.2574759,60
-73.3409396,-40.2573611,60
-73.3409332,-40.257276,60
-73.3409053,-40.2572299,60
-73.340863,-40.2572207,60
-73.3408032,-40.2572434,60
-73.3407355,-40.2572739,60
-73.3406713,-40.2573292,60
-73.3406467,-40.2573883,60
-73.3406404,-40.257434,60
-73.3406383,-40.2574866,60
-73.3406387,-40.257542,60
-73.3406395,-40.2576168,60
-73.3406398,-40.2577075,60
-73.3406399,-40.2577965,60
-73.3406398,-40.2579049,60
-73.3406399,-40.2580236,60
-73.3406367,-40.2581183,60
-73.3406235,-40.2581735,60
-73.3405884,-40.2581912,60
-73.3405362,-40.2581805,60
-73.3404831,-40.2581541,60
-73.3404141,-40.2581162,60
-73.340331,-40.2580699,60
-73.3402273,-40.2580119,60
-73.340139,-40.2579698,60
-73.3400947,-40.2579572,60
-73.3400576,-40.2579613,60
-73.3400322,-40.2579892,60
-73.3400364,-40.2580322,60
-73.340038,-40.2580906,60
-73.3400379,-40.2581679,60
-73.3400381,-40.2582515,60
-73.3400382,-40.2583507,60
-73.3400383,-40.2584597,60
-73.3400381,-40.2585661,60
-73.3400389,-40.2586836,60
-73.3400395,-40.2587993,60
-73.340039,-40.2589058,60
-73.3400403,-40.2590295,60
-73.340056,-40.2591365,60
-73.3401017,-40.2592425,60
-73.3401717,-40.2593477,60
-73.3402424,-40.2594523,60
-73.3402892,-40.2595062,60
-73.34032,-40.2595246,60
-73.3403384,-40.2595074,60
-73.3403398,-40.2594737,60
-73.3403398,-40.2594244,60
-73.3403399,-40.2593526,60
-73.3403394,-40.2592721,60
-73.3403393,-40.2591706,60
-73.3403386,-40.2590575,60
-73.3403384,-40.2589494,60
-73.3403385,-40.2588294,60
-73.3403385,-40.2587135,60
-73.3403386,-40.258606,60
-73.3403385,-40.2584866,60
-73.3403381,-40.2583679,60
-73.340338,-40.2582611,60
-73.340338,-40.2581423,60
-73.340338,-40.2580239,60
-73.3403378,-40.2579177,60
-73.3403376,-40.2578,60
-73.3403409,-40.2577159,60
-73.3403479,-40.2576879,60
-73.3403538,-40.2576972,60
-73.3403622,-40.2577285,60
-73.3403721,-40.2577687,60
-73.3403869,-40.2578344,60
-73.3404039,-40.2579178,60
-73.340422,-40.2580042,60
-73.340444,-40.2581125,60
-73.3404674,-40.2582286,60
-73.3404893,-40.2583385,60
-73.340513,-40.2584583,60
-73.3405366,-40.2585757,60
-73.3405588,-40.2586812,60
-73.3405893,-40.2587938,60
-73.340624,-40.2589003,60
-73.3406373,-40.2590063,60
-73.340639,-40.2591284,60
-73.3406391,-40.2592486,60
-73.3406396,-40.2593557,60
-73.3406404,-40.2594738,60
-73.3406405,-40.2595928,60
-73.3406413,-40.2597337,60
-73.3406418,-40.2598174,60
-73.340651,-40.2599111,60
-73.3406825,-40.2599657,60
-73.3407541,-40.2600072,60
-73.3408457,-40.2600285,60
-73.3408971,-40.2600256,60
-73.340933,-40.259999,60
-73.3409387,-40.2599518,60
-73.3409401,-40.2598956,60
-73.3409401,-40.2598157,60
-73.3409399,-40.2597213,60
-73.3409398,-40.2596258,60
-73.340939,-40.2595119,60
-73.3409385,-40.2594301,60
-73.3409391,-40.259399,60
-73.3409389,-40.2593871,60
</coordinates></LineString>
</Placemark>
<Placemark>
<name>DJI_202603260850_003_ELDESCANSO027_Timestamp.MRK</name>
<description>Equipo: M3E | Fecha: 26-03-2026 | Puntos: 286</description>
<styleUrl>#m3e</styleUrl>
<LineString><altitudeMode>relativeToGround</altitudeMode><coordinates>
-73.3517394,-40.257683,60
-73.3517389,-40.2577139,60
-73.3517388,-40.25777,60
-73.3517389,-40.2578437,60
-73.3517392,-40.2579317,60
-73.3517393,-40.2580219,60
-73.35174,-40.2581303,60
-73.3517399,-40.2582463,60
-73.3517402,-40.2583638,60
-73.3517403,-40.2584835,60
-73.3517401,-40.2586029,60
-73.3517407,-40.2587077,60
-73.3517405,-40.2587957,60
-73.3517403,-40.2588658,60
-73.3517397,-40.2589517,60
-73.3517392,-40.2590513,60
-73.3517393,-40.2591515,60
-73.3517387,-40.259271,60
-73.3517293,-40.2593856,60
-73.3516952,-40.2594518,60
-73.351624,-40.2594992,60
-73.3515336,-40.2595335,60
-73.3514811,-40.2595369,60
-73.3514471,-40.2595075,60
-73.3514392,-40.2594635,60
-73.3514378,-40.2594126,60
-73.3514378,-40.2593373,60
-73.3514377,-40.2592458,60
-73.3514377,-40.2591404,60
-73.3514379,-40.2590252,60
-73.3514374,-40.2589051,60
-73.3514376,-40.2587866,60
-73.3514375,-40.2586807,60
-73.3514372,-40.2585642,60
-73.3514371,-40.2584484,60
-73.3514367,-40.2583475,60
-73.3514369,-40.2582567,60
-73.351437,-40.2581388,60
-73.3514372,-40.2580174,60
-73.3514372,-40.2578981,60
-73.3514373,-40.2577797,60
-73.3514374,-40.2576617,60
-73.3514372,-40.257556,60
-73.351429,-40.2574538,60
-73.3513955,-40.2573864,60
-73.3513226,-40.2573399,60
-73.3512362,-40.2573119,60
-73.351184,-40.2573095,60
-73.351146,-40.2573395,60
-73.3511374,-40.2573851,60
-73.3511366,-40.2574423,60
-73.3511365,-40.2575185,60
-73.3511368,-40.2576011,60
-73.3511375,-40.257706,60
-73.3511378,-40.2578207,60
-73.3511378,-40.2579398,60
-73.3511385,-40.2580467,60
-73.3511382,-40.258165,60
-73.351138,-40.2582822,60
-73.3511381,-40.2583994,60
-73.3511383,-40.2585171,60
-73.351139,-40.2586339,60
-73.3511384,-40.2587389,60
-73.3511386,-40.2588557,60
-73.3511392,-40.2589725,60
-73.351139,-40.2590895,60
-73.3511388,-40.259206,60
-73.3511385,-40.2593114,60
-73.3511384,-40.2594288,60
-73.351137,-40.2595419,60
-73.3511259,-40.2596179,60
-73.3510954,-40.2596498,60
-73.3510569,-40.2596547,60
-73.3510065,-40.2596401,60
-73.3509378,-40.2596118,60
-73.350871,-40.2595593,60
-73.3508411,-40.2594877,60
-73.3508365,-40.2594097,60
-73.350836,-40.2593299,60
-73.3508361,-40.2592271,60
-73.3508359,-40.2591121,60
-73.3508361,-40.2589919,60
-73.3508356,-40.2588758,60
-73.3508355,-40.2587692,60
-73.3508349,-40.25865,60
-73.3508348,-40.2585401,60
-73.3508351,-40.2584391,60
-73.3508351,-40.2583221,60
-73.3508351,-40.2582113,60
-73.3508354,-40.2580904,60
-73.3508353,-40.2579717,60
-73.3508357,-40.2578537,60
-73.3508353,-40.2577353,60
-73.3508355,-40.2576292,60
-73.3508352,-40.2575113,60
-73.3508352,-40.2573939,60
-73.350833,-40.2572793,60
-73.3508171,-40.2571968,60
-73.3507728,-40.2571429,60
-73.3506902,-40.2571042,60
-73.3506122,-40.2570838,60
-73.350563,-40.2570958,60
-73.3505396,-40.2571358,60
-73.3505363,-40.2571794,60
-73.3505359,-40.2572435,60
-73.3505363,-40.2573256,60
-73.3505363,-40.2574228,60
-73.3505358,-40.2575328,60
-73.3505361,-40.2576394,60
-73.3505358,-40.25776,60
-73.3505364,-40.2578794,60
-73.3505364,-40.257997,60
-73.350536,-40.2581131,60
-73.3505367,-40.2582297,60
-73.3505363,-40.2583349,60
-73.3505364,-40.2584515,60
-73.3505366,-40.2585685,60
-73.3505367,-40.2586856,60
-73.350537,-40.2587906,60
-73.3505371,-40.2589068,60
-73.3505369,-40.2590236,60
-73.3505367,-40.2591406,60
-73.3505364,-40.2592579,60
-73.3505318,-40.2593438,60
-73.3505134,-40.2593935,60
-73.3504743,-40.2594086,60
-73.3504265,-40.2593948,60
-73.3503711,-40.2593689,60
-73.3503018,-40.2593252,60
-73.3502525,-40.2592637,60
-73.3502344,-40.2591816,60
-73.3502347,-40.2590908,60
-73.3502347,-40.2589897,60
-73.3502345,-40.258879,60
-73.3502345,-40.2587739,60
-73.3502345,-40.2586565,60
-73.3502343,-40.2585369,60
-73.3502336,-40.2584435,60
-73.3502334,-40.2583488,60
-73.3502342,-40.2582476,60
-73.3502345,-40.2581287,60
-73.3502342,-40.2580084,60
-73.350234,-40.2578894,60
-73.3502337,-40.2577707,60
-73.350234,-40.2576644,60
-73.3502338,-40.257547,60
-73.3502337,-40.2574287,60
-73.3502336,-40.2573115,60
-73.3502338,-40.2571956,60
-73.3502297,-40.2570881,60
-73.350212,-40.2570311,60
-73.3501605,-40.2569911,60
-73.3500847,-40.2569755,60
-73.3500068,-40.2569759,60
-73.3499561,-40.257001,60
-73.3499373,-40.2570426,60
-73.349935,-40.2570977,60
-73.3499348,-40.2571692,60
-73.3499351,-40.2572577,60
-73.349935,-40.2573511,60
-73.3499355,-40.257464,60
-73.3499355,-40.2575842,60
-73.3499352,-40.2577039,60
-73.3499356,-40.2578217,60
-73.3499358,-40.2579385,60
-73.3499355,-40.2580438,60
-73.3499352,-40.2581608,60
-73.3499351,-40.258277,60
-73.3499355,-40.2583934,60
-73.3499354,-40.2584982,60
-73.3499352,-40.2586148,60
-73.349935,-40.258731,60
-73.3499351,-40.2588465,60
-73.3499299,-40.2589408,60
-73.3499174,-40.2589811,60
-73.349885,-40.2589961,60
-73.3498434,-40.2589797,60
-73.3498014,-40.2589485,60
-73.3497415,-40.258901,60
-73.3496713,-40.2588401,60
-73.3496379,-40.258797,60
-73.3496332,-40.2587537,60
-73.3496326,-40.258692,60
-73.3496325,-40.2586108,60
-73.3496325,-40.258514,60
-73.3496327,-40.258417,60
-73.3496328,-40.2583006,60
-73.3496327,-40.2581811,60
-73.3496328,-40.2580697,60
-73.3496326,-40.2579764,60
-73.3496329,-40.2578601,60
-73.3496329,-40.2577389,60
-73.3496326,-40.2576196,60
-73.349633,-40.2575018,60
-73.3496333,-40.2573846,60
-73.3496331,-40.2572945,60
-73.3496334,-40.2572029,60
-73.3496331,-40.2571,60
-73.3496274,-40.2570018,60
-73.3496017,-40.2569449,60
-73.3495453,-40.256917,60
-73.3494673,-40.2569047,60
-73.3493933,-40.2569092,60
-73.3493477,-40.2569409,60
-73.3493348,-40.2569914,60
-73.3493331,-40.2570447,60
-73.3493335,-40.2571204,60
-73.3493335,-40.2572121,60
-73.3493337,-40.2573177,60
-73.3493336,-40.257434,60
-73.3493336,-40.2575429,60
-73.3493336,-40.2576616,60
-73.3493343,-40.2577797,60
-73.3493347,-40.2578969,60
-73.3493345,-40.258013,60
-73.349335,-40.2581294,60
-73.3493351,-40.258235,60
-73.3493349,-40.258352,60
-73.3493339,-40.2584616,60
-73.3493274,-40.258531,60
-73.3493129,-40.2585434,60
-73.3492964,-40.2585264,60
-73.3492816,-40.2584958,60
-73.3492588,-40.2584433,60
-73.3492289,-40.2583708,60
-73.3491927,-40.258283,60
-73.3491569,-40.2581954,60
-73.3491121,-40.2580892,60
-73.3490677,-40.2579733,60
-73.3490408,-40.2578631,60
-73.3490313,-40.2577588,60
-73.3490317,-40.2576412,60
-73.3490317,-40.2575326,60
-73.3490322,-40.2574132,60
-73.349032,-40.2572947,60
-73.3490319,-40.2571766,60
-73.3490288,-40.2570689,60
-73.3490148,-40.2570124,60
-73.3489817,-40.2569889,60
-73.348934,-40.2569996,60
-73.3488861,-40.2570274,60
-73.3488216,-40.25707,60
-73.3487645,-40.2571284,60
-73.3487327,-40.2572118,60
-73.348732,-40.257304,60
-73.3487323,-40.2574039,60
-73.3487333,-40.2575147,60
-73.3487414,-40.2576004,60
-73.3487758,-40.2576585,60
-73.348847,-40.2576951,60
-73.3489348,-40.257714,60
-73.3490399,-40.2577338,60
-73.3491643,-40.2577575,60
-73.3492907,-40.2577815,60
-73.3494414,-40.2578092,60
-73.3495947,-40.257837,60
-73.3497453,-40.257864,60
-73.34988,-40.2578888,60
-73.3500286,-40.2579164,60
-73.3501773,-40.2579435,60
-73.3503259,-40.2579706,60
-73.3504745,-40.2579976,60
-73.3506377,-40.2580276,60
-73.3507575,-40.2580497,60
-73.3509067,-40.2580769,60
-73.3510553,-40.2581042,60
-73.3512031,-40.2581309,60
-73.3513368,-40.2581554,60
-73.3514855,-40.2581828,60
-73.3516342,-40.2582102,60
-73.3517832,-40.2582377,60
-73.351915,-40.2582653,60
-73.3519902,-40.258299,60
-73.3520278,-40.2583493,60
-73.3520369,-40.2584171,60
-73.3520381,-40.2584944,60
-73.3520387,-40.2585872,60
-73.3520393,-40.2586936,60
-73.3520394,-40.2587983,60
-73.3520396,-40.2589194,60
-73.3520397,-40.2590391,60
-73.3520393,-40.2591564,60
-73.3520405,-40.2592409,60
-73.3520403,-40.2592762,60
-73.3520399,-40.2592952,60
-73.3520402,-40.2592995,60
</coordinates></LineString>
</Placemark>
<Placemark>
<name>DJI_202603260850_004_ELDESCANSO026_Timestamp.MRK</name>
<description>Equipo: M3E | Fecha: 26-03-2026 | Puntos: 358</description>
<styleUrl>#m3e</styleUrl>
<LineString><altitudeMode>relativeToGround</altitudeMode><coordinates>
-73.3506398,-40.2598063,60
-73.3506395,-40.2598371,60
-73.3506394,-40.2598868,60
-73.3506399,-40.2599611,60
-73.3506396,-40.260041,60
-73.3506401,-40.2601413,60
-73.3506406,-40.2602522,60
-73.3506401,-40.2603608,60
-73.3506317,-40.2604816,60
-73.3505922,-40.2605971,60
-73.3505323,-40.2606956,60
-73.3504632,-40.2608011,60
-73.3504035,-40.2608814,60
-73.3503667,-40.2609137,60
-73.3503428,-40.260905,60
-73.3503397,-40.2608722,60
-73.350339,-40.2608316,60
-73.3503384,-40.2607656,60
-73.3503383,-40.2606821,60
-73.3503381,-40.2605964,60
-73.3503381,-40.2604865,60
-73.350338,-40.2603691,60
-73.3503375,-40.2602594,60
-73.3503377,-40.2601373,60
-73.3503373,-40.2600176,60
-73.350337,-40.2599104,60
-73.350336,-40.2597928,60
-73.3503251,-40.2596956,60
-73.3502857,-40.2596296,60
-73.3502077,-40.2595712,60
-73.3501293,-40.2595342,60
-73.3500837,-40.2595271,60
-73.3500467,-40.2595526,60
-73.3500377,-40.2595944,60
-73.3500372,-40.2596416,60
-73.3500371,-40.2597124,60
-73.3500373,-40.2598003,60
-73.3500376,-40.2598907,60
-73.3500377,-40.2599994,60
-73.3500383,-40.2601165,60
-73.3500385,-40.2602258,60
-73.3500387,-40.2603468,60
-73.3500393,-40.2604662,60
-73.3500392,-40.2605736,60
-73.3500394,-40.2606913,60
-73.3500397,-40.2608105,60
-73.3500402,-40.2609171,60
-73.3500402,-40.2610344,60
-73.3500395,-40.2611528,60
-73.3500323,-40.2612543,60
-73.3499953,-40.2613409,60
-73.3499325,-40.2614075,60
-73.3498602,-40.2614597,60
-73.3497981,-40.2614954,60
-73.34976,-40.2614939,60
-73.3497422,-40.2614617,60
-73.3497388,-40.2614181,60
-73.3497378,-40.2613576,60
-73.3497374,-40.2612873,60
-73.349737,-40.2611945,60
-73.3497369,-40.2610882,60
-73.3497367,-40.2609836,60
-73.3497366,-40.260862,60
-73.349737,-40.2607415,60
-73.3497372,-40.2606336,60
-73.3497366,-40.2605149,60
-73.3497363,-40.2603958,60
-73.3497361,-40.2602896,60
-73.3497359,-40.2601708,60
-73.3497358,-40.2600515,60
-73.3497356,-40.2599443,60
-73.3497356,-40.2598254,60
-73.3497355,-40.2597066,60
-73.3497357,-40.2595996,60
-73.3497354,-40.2594814,60
-73.3497355,-40.2593624,60
-73.3497339,-40.2592557,60
-73.3497126,-40.2591421,60
-73.3496531,-40.2590405,60
-73.3495838,-40.2589507,60
-73.3495121,-40.2588662,60
-73.3494619,-40.2588293,60
-73.3494363,-40.2588361,60
-73.349436,-40.258867,60
-73.3494356,-40.2589108,60
-73.349436,-40.2589671,60
-73.3494364,-40.2590467,60
-73.3494368,-40.259141,60
-73.3494372,-40.259236,60
-73.3494377,-40.2593519,60
-73.3494382,-40.2594744,60
-73.3494376,-40.2595838,60
-73.349438,-40.2597018,60
-73.3494384,-40.2598214,60
-73.3494376,-40.2599282,60
-73.3494379,-40.2600463,60
-73.3494384,-40.2601637,60
-73.3494383,-40.2602821,60
-73.3494376,-40.2603886,60
-73.3494379,-40.2605078,60
-73.3494377,-40.2606149,60
-73.3494376,-40.2607332,60
-73.3494377,-40.2608522,60
-73.3494376,-40.2609596,60
-73.3494381,-40.2610785,60
-73.349437,-40.2611967,60
-73.3494367,-40.2613038,60
-73.3494372,-40.2614223,60
-73.3494372,-40.2615409,60
-73.3494316,-40.2616284,60
-73.349404,-40.2616849,60
-73.3493422,-40.2617159,60
-73.3492702,-40.2617305,60
-73.3491957,-40.2617311,60
-73.3491504,-40.2617006,60
-73.3491375,-40.2616571,60
-73.3491354,-40.2615995,60
-73.349135,-40.2615236,60
-73.349135,-40.2614411,60
-73.349135,-40.261337,60
-73.3491353,-40.261226,60
-73.3491351,-40.2611193,60
-73.3491351,-40.2609949,60
-73.3491351,-40.2608805,60
-73.349135,-40.2607809,60
-73.3491346,-40.2606793,60
-73.3491353,-40.2605595,60
-73.349135,-40.2604425,60
-73.349135,-40.2603341,60
-73.349135,-40.2602136,60
-73.3491351,-40.2601056,60
-73.3491352,-40.2599858,60
-73.349135,-40.2598663,60
-73.3491352,-40.2597589,60
-73.349135,-40.2596395,60
-73.3491345,-40.2595206,60
-73.3491349,-40.2594134,60
-73.349135,-40.2592969,60
-73.3491351,-40.2591771,60
-73.3491349,-40.2590695,60
-73.3491348,-40.2589503,60
-73.3491345,-40.2588341,60
-73.3491339,-40.2587269,60
-73.3491251,-40.2586218,60
-73.3490974,-40.2585479,60
-73.3490327,-40.2584999,60
-73.3489399,-40.2584629,60
-73.348882,-40.2584556,60
-73.3488478,-40.25848,60
-73.3488364,-40.2585223,60
-73.3488351,-40.2585693,60
-73.3488354,-40.2586407,60
-73.3488355,-40.2587293,60
-73.3488358,-40.2588303,60
-73.3488357,-40.2589302,60
-73.3488362,-40.2590508,60
-73.3488364,-40.2591733,60
-73.348836,-40.2592834,60
-73.3488362,-40.2594018,60
-73.3488364,-40.2595204,60
-73.3488361,-40.2596271,60
-73.3488361,-40.2597454,60
-73.3488362,-40.2598634,60
-73.3488362,-40.2599698,60
-73.3488358,-40.2600883,60
-73.3488364,-40.2602071,60
-73.3488361,-40.2603141,60
-73.3488364,-40.2604326,60
-73.3488366,-40.2605496,60
-73.3488359,-40.2606564,60
-73.3488358,-40.2607764,60
-73.3488361,-40.2608952,60
-73.3488359,-40.2610018,60
-73.3488363,-40.26112,60
-73.3488366,-40.2612399,60
-73.3488366,-40.2613588,60
-73.3488369,-40.2614619,60
-73.3488272,-40.261545,60
-73.3488083,-40.2615797,60
-73.3487733,-40.2615888,60
-73.3487232,-40.2615688,60
-73.3486765,-40.2615432,60
-73.3486114,-40.2615002,60
-73.3485579,-40.2614327,60
-73.3485355,-40.2613564,60
-73.3485344,-40.2612717,60
-73.3485338,-40.2611686,60
-73.3485337,-40.2610695,60
-73.348534,-40.2609492,60
-73.3485338,-40.2608275,60
-73.3485339,-40.260707,60
-73.3485339,-40.2605993,60
-73.3485336,-40.2604803,60
-73.3485335,-40.2603734,60
-73.3485338,-40.2602542,60
-73.3485336,-40.2601355,60
-73.3485335,-40.260028,60
-73.3485334,-40.2599088,60
-73.3485331,-40.2597904,60
-73.3485334,-40.2596834,60
-73.3485337,-40.2595648,60
-73.3485339,-40.2594463,60
-73.3485335,-40.2593279,60
-73.3485335,-40.2592093,60
-73.3485339,-40.2591024,60
-73.3485337,-40.2589988,60
-73.3485338,-40.2588784,60
-73.3485338,-40.2587584,60
-73.3485339,-40.2586514,60
-73.3485341,-40.2585322,60
-73.3485327,-40.258415,60
-73.348522,-40.2583313,60
-73.34848,-40.2582649,60
-73.3484019,-40.2582179,60
-73.3483271,-40.2581931,60
-73.3482738,-40.2581934,60
-73.3482413,-40.2582259,60
-73.3482353,-40.2582664,60
-73.3482346,-40.2583235,60
-73.3482348,-40.2584,60
-73.3482351,-40.2584821,60
-73.3482349,-40.2585869,60
-73.3482351,-40.2587029,60
-73.3482348,-40.2588113,60
-73.3482344,-40.2589323,60
-73.3482342,-40.2590517,60
-73.3482341,-40.2591591,60
-73.3482348,-40.259278,60
-73.3482349,-40.2593939,60
-73.3482347,-40.2595014,60
-73.3482352,-40.2596208,60
-73.3482353,-40.2597399,60
-73.3482347,-40.2598585,60
-73.3482349,-40.2599654,60
-73.3482348,-40.2600839,60
-73.3482349,-40.2602023,60
-73.3482353,-40.2603091,60
-73.3482351,-40.2604276,60
-73.3482351,-40.2605343,60
-73.3482351,-40.2606528,60
-73.3482349,-40.2607714,60
-73.3482347,-40.2608769,60
-73.3482348,-40.2609967,60
-73.3482341,-40.2611135,60
-73.3482272,-40.2611883,60
-73.3482111,-40.2612396,60
-73.3481717,-40.2612424,60
-73.3481268,-40.2612194,60
-73.3480756,-40.2611909,60
-73.3480076,-40.2611461,60
-73.3479512,-40.2610761,60
-73.3479319,-40.2609997,60
-73.347932,-40.260907,60
-73.3479321,-40.260815,60
-73.3479318,-40.2607027,60
-73.3479324,-40.2605826,60
-73.3479321,-40.2604723,60
-73.3479321,-40.2603529,60
-73.3479319,-40.2602339,60
-73.347932,-40.2601273,60
-73.347932,-40.2600092,60
-73.3479322,-40.2598902,60
-73.3479325,-40.2597714,60
-73.3479321,-40.2596647,60
-73.3479321,-40.2595493,60
-73.3479322,-40.2594327,60
-73.3479319,-40.2593248,60
-73.347932,-40.2592051,60
-73.3479321,-40.2590866,60
-73.3479322,-40.2589798,60
-73.3479318,-40.2588607,60
-73.3479315,-40.2587615,60
-73.3479318,-40.2586648,60
-73.3479322,-40.2585578,60
-73.3479326,-40.2584442,60
-73.3479315,-40.2583529,60
-73.3479214,-40.258287,60
-73.3479013,-40.2582527,60
-73.3478554,-40.25824,60
-73.3478003,-40.2582455,60
-73.3477279,-40.2582641,60
-73.3476657,-40.2583036,60
-73.3476382,-40.2583651,60
-73.3476328,-40.2584318,60
-73.3476332,-40.2585028,60
-73.3476337,-40.2585966,60
-73.3476337,-40.2587025,60
-73.3476334,-40.258808,60
-73.3476332,-40.2589285,60
-73.3476335,-40.2590502,60
-73.3476333,-40.2591574,60
-73.3476334,-40.2592755,60
-73.3476336,-40.259393,60
-73.3476339,-40.2595009,60
-73.347634,-40.2596191,60
-73.3476336,-40.2597364,60
-73.347633,-40.2598435,60
-73.347633,-40.2599631,60
-73.3476337,-40.2600824,60
-73.3476339,-40.2601896,60
-73.3476335,-40.2603076,60
-73.3476335,-40.2604253,60
-73.3476333,-40.260531,60
-73.3476335,-40.260646,60
-73.3476328,-40.260758,60
-73.3476265,-40.2608358,60
-73.3476141,-40.2608718,60
-73.3475751,-40.2608741,60
-73.3475347,-40.2608528,60
-73.3474893,-40.2608207,60
-73.3474261,-40.2607724,60
-73.3473695,-40.2607102,60
-73.347334,-40.2606218,60
-73.3473314,-40.2605237,60
-73.3473311,-40.2604288,60
-73.3473315,-40.2603145,60
-73.3473311,-40.2601941,60
-73.3473306,-40.2600848,60
-73.3473303,-40.2599652,60
-73.3473306,-40.2598584,60
-73.3473303,-40.2597396,60
-73.3473301,-40.2596217,60
-73.3473304,-40.2595023,60
-73.3473305,-40.2593959,60
-73.3473306,-40.2592768,60
-73.3473303,-40.2591583,60
-73.3473306,-40.2590516,60
-73.347331,-40.2589333,60
-73.3473305,-40.2588137,60
-73.3473303,-40.2587077,60
-73.3473307,-40.2585904,60
-73.3473272,-40.2584879,60
-73.3473148,-40.2584395,60
-73.3472911,-40.2584293,60
-73.3472689,-40.2584501,60
-73.3472469,-40.2584808,60
-73.3472109,-40.2585348,60
-73.3471641,-40.2586061,60
-73.3471138,-40.2586811,60
-73.3470604,-40.2587784,60
-73.3470355,-40.25889,60
-73.3470325,-40.2589972,60
-73.3470317,-40.2591175,60
-73.347032,-40.2592368,60
-73.3470325,-40.2593431,60
-73.3470321,-40.2594626,60
-73.3470318,-40.2595788,60
-73.3470316,-40.2596861,60
-73.3470317,-40.259805,60
-73.347032,-40.2599235,60
-73.3470328,-40.2600295,60
-73.3470323,-40.260148,60
-73.3470321,-40.2602679,60
-73.3470323,-40.2603638,60
-73.3470327,-40.260426,60
-73.3470332,-40.2604516,60
-73.347033,-40.2604661,60
-73.3470325,-40.2604697,60
</coordinates></LineString>
</Placemark>
<Placemark>
<name>DJI_202603260913_005_ELDESCANSO025_Timestamp.MRK</name>
<description>Equipo: M3E | Fecha: 26-03-2026 | Puntos: 544</description>
<styleUrl>#m3e</styleUrl>
<LineString><altitudeMode>relativeToGround</altitudeMode><coordinates>
-73.3492318,-40.2617772,60
-73.3492319,-40.2618042,60
-73.349232,-40.2618586,60
-73.3492325,-40.2619333,60
-73.3492323,-40.2620146,60
-73.3492326,-40.2621159,60
-73.3492328,-40.2622283,60
-73.349233,-40.2623374,60
-73.349233,-40.2624589,60
-73.3492296,-40.2625769,60
-73.3492103,-40.262655,60
-73.3491534,-40.2627268,60
-73.3490652,-40.2627817,60
-73.3490058,-40.2628066,60
-73.3489597,-40.2628027,60
-73.3489359,-40.2627686,60
-73.3489319,-40.2627281,60
-73.3489309,-40.2626678,60
-73.3489308,-40.2625878,60
-73.3489313,-40.2625033,60
-73.3489313,-40.2623973,60
-73.348931,-40.2622821,60
-73.3489308,-40.2621739,60
-73.3489315,-40.2620697,60
-73.3489308,-40.2619708,60
-73.3489302,-40.2618704,60
-73.3489302,-40.2617535,60
-73.3489294,-40.2616321,60
-73.3489297,-40.2615278,60
-73.3489218,-40.261419,60
-73.3488877,-40.2613398,60
-73.3488283,-40.2612833,60
-73.3487404,-40.2612292,60
-73.348677,-40.2612031,60
-73.3486462,-40.2612189,60
-73.348629,-40.2612565,60
-73.3486293,-40.2613011,60
-73.3486301,-40.2613654,60
-73.3486302,-40.2614485,60
-73.3486303,-40.2615465,60
-73.3486309,-40.261645,60
-73.348631,-40.2617636,60
-73.348631,-40.2618856,60
-73.3486305,-40.2619945,60
-73.3486309,-40.2621137,60
-73.3486308,-40.26222,60
-73.3486318,-40.2623384,60
-73.3486312,-40.2624567,60
-73.3486315,-40.262575,60
-73.3486317,-40.2626712,60
-73.3486315,-40.2627446,60
-73.3486312,-40.2627832,60
-73.3486307,-40.2628017,60
-73.3486268,-40.2628303,60
-73.3485895,-40.2628724,60
-73.3485293,-40.2628925,60
-73.3484581,-40.2628976,60
-73.3483863,-40.2628834,60
-73.3483446,-40.2628496,60
-73.3483304,-40.2627964,60
-73.3483284,-40.2627326,60
-73.3483282,-40.2626607,60
-73.3483284,-40.2625696,60
-73.3483291,-40.2624627,60
-73.3483284,-40.2623623,60
-73.3483279,-40.262246,60
-73.348328,-40.2621514,60
-73.3483278,-40.2621025,60
-73.3483275,-40.2620558,60
-73.348327,-40.2619905,60
-73.3483271,-40.261916,60
-73.3483272,-40.2618226,60
-73.3483272,-40.2617177,60
-73.3483275,-40.2616149,60
-73.3483275,-40.2614941,60
-73.3483273,-40.2613732,60
-73.3483276,-40.2612651,60
-73.3483275,-40.2611459,60
-73.3483187,-40.2610362,60
-73.3482892,-40.2609622,60
-73.3482171,-40.2608975,60
-73.3481286,-40.2608491,60
-73.348081,-40.2608334,60
-73.3480415,-40.2608512,60
-73.3480298,-40.2608896,60
-73.348028,-40.2609329,60
-73.3480284,-40.2609993,60
-73.3480283,-40.2610838,60
-73.3480284,-40.261173,60
-73.3480285,-40.2612827,60
-73.348029,-40.2614018,60
-73.3480287,-40.2615117,60
-73.3480284,-40.2616322,60
-73.3480292,-40.2617508,60
-73.3480293,-40.2618561,60
-73.348029,-40.2619566,60
-73.3480294,-40.2620612,60
-73.3480289,-40.262167,60
-73.3480289,-40.2622898,60
-73.3480292,-40.2624094,60
-73.3480292,-40.2625079,60
-73.3480289,-40.2625984,60
-73.3480288,-40.2626651,60
-73.3480293,-40.2627128,60
-73.3480295,-40.2627455,60
-73.348029,-40.2627702,60
-73.348029,-40.2627909,60
-73.3480278,-40.2628282,60
-73.3480031,-40.2628723,60
-73.3479481,-40.2628994,60
-73.3478848,-40.2629084,60
-73.3478154,-40.2629039,60
-73.3477625,-40.2628808,60
-73.3477323,-40.2628344,60
-73.3477276,-40.2627776,60
-73.3477274,-40.262714,60
-73.3477273,-40.2626253,60
-73.3477266,-40.2625427,60
-73.3477265,-40.2624808,60
-73.3477265,-40.2624108,60
-73.3477265,-40.2623266,60
-73.3477266,-40.2622446,60
-73.3477262,-40.2621476,60
-73.3477264,-40.2620611,60
-73.3477265,-40.261958,60
-73.3477264,-40.2618504,60
-73.3477267,-40.2617609,60
-73.3477269,-40.261673,60
-73.3477275,-40.2615569,60
-73.347727,-40.2614464,60
-73.3477267,-40.2613244,60
-73.347727,-40.2612036,60
-73.347727,-40.2610958,60
-73.3477273,-40.2609774,60
-73.3477267,-40.2608603,60
-73.3477264,-40.260756,60
-73.3477156,-40.2606505,60
-73.3476789,-40.2605711,60
-73.3476072,-40.2605155,60
-73.3475211,-40.2604712,60
-73.3474704,-40.2604595,60
-73.3474363,-40.2604838,60
-73.3474286,-40.2605194,60
-73.3474272,-40.2605693,60
-73.3474274,-40.2606322,60
-73.3474276,-40.260719,60
-73.3474276,-40.2608189,60
-73.3474275,-40.2609191,60
-73.3474268,-40.2610381,60
-73.3474272,-40.2611597,60
-73.3474277,-40.261269,60
-73.3474282,-40.2613885,60
-73.3474283,-40.2615066,60
-73.3474279,-40.2616251,60
-73.347428,-40.2617322,60
-73.3474281,-40.2618506,60
-73.3474279,-40.2619573,60
-73.3474279,-40.2620743,60
-73.3474283,-40.2621931,60
-73.3474277,-40.2623,60
-73.3474279,-40.2624188,60
-73.3474278,-40.262538,60
-73.3474276,-40.2626412,60
-73.3474275,-40.2627417,60
-73.3474268,-40.2628105,60
-73.3474201,-40.2628617,60
-73.3474118,-40.2628842,60
-73.3474014,-40.262895,60
-73.3473687,-40.2629118,60
-73.3473011,-40.2629229,60
-73.3472178,-40.2629215,60
-73.3471623,-40.2629036,60
-73.3471326,-40.262858,60
-73.3471265,-40.2628021,60
-73.3471258,-40.2627351,60
-73.3471255,-40.2626559,60
-73.347126,-40.2625576,60
-73.3471257,-40.2624499,60
-73.347126,-40.2623567,60
-73.3471259,-40.2622518,60
-73.3471257,-40.2621549,60
-73.3471253,-40.2620543,60
-73.3471259,-40.2619535,60
-73.3471258,-40.2618391,60
-73.3471262,-40.2617285,60
-73.3471262,-40.2616056,60
-73.3471259,-40.2614852,60
-73.3471258,-40.2613778,60
-73.3471256,-40.2612586,60
-73.3471258,-40.2611396,60
-73.3471259,-40.2610327,60
-73.3471259,-40.2609139,60
-73.3471258,-40.2607953,60
-73.3471262,-40.2606887,60
-73.3471263,-40.2605699,60
-73.347126,-40.2604672,60
-73.3471245,-40.2603486,60
-73.3471097,-40.2602478,60
-73.3470629,-40.2601807,60
-73.3469742,-40.2601231,60
-73.3468998,-40.2600878,60
-73.3468548,-40.2600897,60
-73.3468311,-40.2601175,60
-73.3468265,-40.2601597,60
-73.346826,-40.2602103,60
-73.346826,-40.2602855,60
-73.3468259,-40.2603763,60
-73.3468266,-40.2604696,60
-73.3468262,-40.2605845,60
-73.3468263,-40.2607059,60
-73.3468265,-40.2608153,60
-73.3468266,-40.2609354,60
-73.3468267,-40.2610545,60
-73.3468267,-40.2611605,60
-73.3468268,-40.2612787,60
-73.3468267,-40.2613968,60
-73.3468267,-40.2615035,60
-73.3468266,-40.2616219,60
-73.3468269,-40.2617406,60
-73.3468271,-40.2618471,60
-73.3468275,-40.2619654,60
-73.3468271,-40.2620851,60
-73.3468269,-40.2621918,60
-73.3468266,-40.2623101,60
-73.3468269,-40.262428,60
-73.3468266,-40.2625352,60
-73.3468269,-40.2626538,60
-73.346827,-40.262769,60
-73.3468212,-40.2628491,60
-73.3467976,-40.2628965,60
-73.3467572,-40.2629152,60
-73.3466951,-40.2629138,60
-73.3466209,-40.2629019,60
-73.3465582,-40.2628698,60
-73.3465309,-40.2628209,60
-73.3465251,-40.2627576,60
-73.3465243,-40.2626801,60
-73.3465242,-40.2625969,60
-73.3465249,-40.2624928,60
-73.3465244,-40.26238,60
-73.3465241,-40.2622919,60
-73.3465247,-40.2622043,60
-73.3465247,-40.2621075,60
-73.3465247,-40.262007,60
-73.3465249,-40.2618852,60
-73.3465248,-40.2617626,60
-73.3465249,-40.2616538,60
-73.3465245,-40.261534,60
-73.3465243,-40.2614149,60
-73.3465245,-40.2613073,60
-73.3465243,-40.2611881,60
-73.3465246,-40.2610692,60
-73.3465246,-40.2609626,60
-73.3465246,-40.2608441,60
-73.3465246,-40.2607257,60
-73.3465244,-40.2606187,60
-73.3465246,-40.2604998,60
-73.3465249,-40.2603814,60
-73.3465246,-40.2602752,60
-73.3465247,-40.2601566,60
-73.3465251,-40.2600377,60
-73.3465197,-40.2599352,60
-73.3464916,-40.2598517,60
-73.3464225,-40.2597879,60
-73.3463444,-40.2597442,60
-73.3462849,-40.2597245,60
-73.3462422,-40.2597404,60
-73.3462265,-40.2597742,60
-73.3462248,-40.259821,60
-73.3462251,-40.2598866,60
-73.3462252,-40.2599607,60
-73.3462253,-40.2600579,60
-73.3462251,-40.2601663,60
-73.3462249,-40.2602708,60
-73.3462254,-40.2603942,60
-73.3462254,-40.2605165,60
-73.3462258,-40.2606232,60
-73.3462256,-40.2607411,60
-73.3462253,-40.2608595,60
-73.3462255,-40.2609659,60
-73.3462256,-40.261084,60
-73.3462254,-40.2612024,60
-73.3462253,-40.2613086,60
-73.3462256,-40.2614278,60
-73.3462255,-40.2615356,60
-73.3462253,-40.2616543,60
-73.3462254,-40.2617731,60
-73.3462258,-40.2618917,60
-73.3462258,-40.26201,60
-73.3462262,-40.2621159,60
-73.3462257,-40.2622349,60
-73.3462258,-40.262342,60
-73.3462251,-40.2624608,60
-73.3462252,-40.2625795,60
-73.3462247,-40.2626836,60
-73.3462175,-40.2627676,60
-73.3462002,-40.2628056,60
-73.3461494,-40.2628229,60
-73.3460894,-40.2628108,60
-73.3460203,-40.2627875,60
-73.3459593,-40.2627442,60
-73.345928,-40.2626796,60
-73.3459238,-40.2626144,60
-73.3459233,-40.2625294,60
-73.3459231,-40.2624299,60
-73.345923,-40.2623216,60
-73.3459232,-40.2622355,60
-73.3459224,-40.2621305,60
-73.3459223,-40.262015,60
-73.3459226,-40.2619056,60
-73.3459228,-40.2617892,60
-73.3459225,-40.2616971,60
-73.3459229,-40.2615961,60
-73.3459227,-40.2614775,60
-73.3459228,-40.2613537,60
-73.3459229,-40.2612442,60
-73.345923,-40.2611237,60
-73.3459231,-40.2610033,60
-73.3459233,-40.2608951,60
-73.3459235,-40.2607755,60
-73.3459233,-40.2606679,60
-73.3459236,-40.2605487,60
-73.3459237,-40.2604295,60
-73.3459238,-40.260311,60
-73.3459238,-40.2602043,60
-73.3459236,-40.2600858,60
-73.3459235,-40.2599675,60
-73.345922,-40.2598646,60
-73.3459108,-40.2597862,60
-73.3458809,-40.2597511,60
-73.3458208,-40.2597381,60
-73.3457505,-40.2597442,60
-73.3456755,-40.2597676,60
-73.3456364,-40.2598082,60
-73.3456243,-40.2598673,60
-73.3456242,-40.2599352,60
-73.3456243,-40.2600111,60
-73.3456241,-40.2601096,60
-73.3456242,-40.2602089,60
-73.3456241,-40.2603274,60
-73.3456234,-40.2604493,60
-73.3456237,-40.2605703,60
-73.345624,-40.2606774,60
-73.345624,-40.2607959,60
-73.3456242,-40.2609028,60
-73.3456241,-40.2610208,60
-73.3456246,-40.2611393,60
-73.3456243,-40.2612458,60
-73.3456245,-40.2613642,60
-73.3456243,-40.2614826,60
-73.3456243,-40.2615903,60
-73.3456244,-40.2617084,60
-73.3456245,-40.2618271,60
-73.3456243,-40.2619347,60
-73.3456249,-40.2620531,60
-73.3456241,-40.2621709,60
-73.3456245,-40.2622888,60
-73.3456238,-40.2623945,60
-73.3456155,-40.2624764,60
-73.3455977,-40.2625087,60
-73.3455662,-40.2625095,60
-73.3455325,-40.262489,60
-73.345505,-40.2624596,60
-73.3454541,-40.2624091,60
-73.3453923,-40.2623437,60
-73.3453452,-40.2622672,60
-73.3453225,-40.2621653,60
-73.3453229,-40.2620615,60
-73.345322,-40.2619492,60
-73.3453219,-40.2618402,60
-73.3453221,-40.2617239,60
-73.3453219,-40.2616155,60
-73.3453219,-40.2614962,60
-73.3453217,-40.2613869,60
-73.3453215,-40.2612889,60
-73.3453216,-40.2611723,60
-73.3453221,-40.2610514,60
-73.345322,-40.2609309,60
-73.345322,-40.2608232,60
-73.3453222,-40.2607042,60
-73.3453217,-40.2605979,60
-73.3453216,-40.2604791,60
-73.3453215,-40.2603603,60
-73.3453217,-40.2602416,60
-73.3453213,-40.2601349,60
-73.3453218,-40.2600168,60
-73.3453216,-40.2599097,60
-73.3453216,-40.2597911,60
-73.3453131,-40.2596839,60
-73.3452781,-40.259606,60
-73.3452123,-40.2595501,60
-73.3451273,-40.2595068,60
-73.3450716,-40.2594919,60
-73.3450358,-40.259511,60
-73.3450229,-40.2595514,60
-73.345022,-40.2596014,60
-73.3450222,-40.2596628,60
-73.3450223,-40.2597479,60
-73.3450221,-40.2598472,60
-73.3450221,-40.2599473,60
-73.3450222,-40.2600669,60
-73.3450221,-40.2601764,60
-73.3450221,-40.2602973,60
-73.3450217,-40.2604168,60
-73.3450224,-40.2605228,60
-73.3450222,-40.2606404,60
-73.3450223,-40.2607593,60
-73.3450225,-40.2608664,60
-73.3450225,-40.2609853,60
-73.3450225,-40.2611031,60
-73.3450227,-40.26121,60
-73.3450229,-40.2613285,60
-73.3450228,-40.2614472,60
-73.3450225,-40.2615661,60
-73.3450228,-40.2616727,60
-73.3450218,-40.2617865,60
-73.3450117,-40.261852,60
-73.3449938,-40.2618812,60
-73.3449596,-40.2618769,60
-73.3449296,-40.261849,60
-73.3448892,-40.2618066,60
-73.3448311,-40.2617448,60
-73.3447695,-40.2616789,60
-73.3447277,-40.2616221,60
-73.3447204,-40.261578,60
-73.3447196,-40.261525,60
-73.3447193,-40.2614476,60
-73.3447201,-40.2613543,60
-73.3447199,-40.2612594,60
-73.3447205,-40.2611463,60
-73.3447206,-40.2610258,60
-73.3447204,-40.2609052,60
-73.3447204,-40.2607985,60
-73.3447208,-40.2606791,60
-73.3447204,-40.2605599,60
-73.3447205,-40.2604531,60
-73.3447206,-40.2603345,60
-73.3447208,-40.260216,60
-73.3447209,-40.2601094,60
-73.3447206,-40.2599904,60
-73.3447209,-40.259872,60
-73.3447207,-40.2597656,60
-73.3447206,-40.2596468,60
-73.3447206,-40.2595283,60
-73.3447202,-40.2594219,60
-73.3447099,-40.259332,60
-73.3446776,-40.2592836,60
-73.3446077,-40.2592521,60
-73.3445237,-40.259238,60
-73.3444612,-40.2592438,60
-73.3444293,-40.2592761,60
-73.3444213,-40.2593261,60
-73.3444206,-40.2593871,60
-73.3444205,-40.259458,60
-73.3444209,-40.2595517,60
-73.3444206,-40.2596463,60
-73.344421,-40.2597623,60
-73.3444211,-40.2598848,60
-73.3444214,-40.2599948,60
-73.3444216,-40.2601141,60
-73.3444217,-40.260233,60
-73.3444218,-40.2603509,60
-73.3444217,-40.2604577,60
-73.3444219,-40.2605764,60
-73.3444215,-40.2606832,60
-73.344422,-40.2608014,60
-73.3444217,-40.2609202,60
-73.3444214,-40.2610388,60
-73.3444211,-40.2611459,60
-73.3444199,-40.2612552,60
-73.3444084,-40.2613212,60
-73.344392,-40.2613499,60
-73.3443511,-40.2613445,60
-73.3443065,-40.2613145,60
-73.3442613,-40.261281,60
-73.3441953,-40.2612272,60
-73.3441442,-40.2611591,60
-73.3441166,-40.2610678,60
-73.3441195,-40.260967,60
-73.3441202,-40.2608688,60
-73.3441202,-40.2607526,60
-73.34412,-40.2606315,60
-73.3441195,-40.2605231,60
-73.3441193,-40.2604043,60
-73.3441198,-40.2602852,60
-73.3441195,-40.2601662,60
-73.3441192,-40.2600595,60
-73.3441192,-40.2599411,60
-73.3441191,-40.2598226,60
-73.3441193,-40.2597158,60
-73.3441189,-40.2595977,60
-73.3441189,-40.2594794,60
-73.3441166,-40.2593789,60
-73.3441014,-40.2593062,60
-73.3440566,-40.2592776,60
-73.3439977,-40.2592793,60
-73.3439195,-40.2592963,60
-73.3438525,-40.259332,60
-73.3438244,-40.2593816,60
-73.3438197,-40.2594448,60
-73.3438197,-40.2595208,60
-73.3438194,-40.2596029,60
-73.3438199,-40.2597073,60
-73.3438197,-40.2598224,60
-73.3438196,-40.2599322,60
-73.3438199,-40.2600539,60
-73.3438199,-40.2601744,60
-73.3438199,-40.2602815,60
-73.34382,-40.2603997,60
-73.3438204,-40.260518,60
-73.3438202,-40.2606241,60
-73.3438197,-40.2607417,60
-73.3438129,-40.2608273,60
-73.3438012,-40.2608659,60
-73.3437708,-40.2608676,60
-73.3437406,-40.2608435,60
-73.3437108,-40.2608101,60
-73.3436637,-40.2607544,60
-73.3436049,-40.260683,60
-73.3435531,-40.2606049,60
-73.3435219,-40.2605024,60
-73.3435183,-40.2603876,60
-73.3435178,-40.2602792,60
-73.3435178,-40.2601582,60
-73.3435178,-40.2600383,60
-73.343518,-40.2599305,60
-73.3435181,-40.2598119,60
-73.3435185,-40.2596928,60
-73.3435183,-40.2595865,60
-73.3435151,-40.2594805,60
-73.343495,-40.2594179,60
-73.3434608,-40.2594047,60
-73.3434247,-40.259426,60
-73.3433863,-40.2594601,60
-73.3433272,-40.2595058,60
-73.3432618,-40.2595711,60
-73.3432212,-40.2596577,60
-73.343217,-40.2597447,60
-73.3432183,-40.2598477,60
-73.3432184,-40.2599585,60
-73.3432183,-40.260027,60
-73.3432181,-40.2600626,60
-73.3432186,-40.2600798,60
-73.3432183,-40.2600833,60
</coordinates></LineString>
</Placemark>
<Placemark>
<name>DJI_202603260913_006_ELDESCANSO024_Timestamp.MRK</name>
<description>Equipo: M3E | Fecha: 26-03-2026 | Puntos: 275</description>
<styleUrl>#m3e</styleUrl>
<LineString><altitudeMode>relativeToGround</altitudeMode><coordinates>
-73.3408341,-40.260258,60
-73.3408344,-40.2602355,60
-73.3408341,-40.260187,60
-73.3408338,-40.2601243,60
-73.3408335,-40.2600408,60
-73.3408335,-40.2599412,60
-73.3408334,-40.259832,60
-73.3408336,-40.2597244,60
-73.3408334,-40.2596017,60
-73.3408379,-40.2594949,60
-73.3408639,-40.2594032,60
-73.3409306,-40.259332,60
-73.3410173,-40.2592758,60
-73.3410712,-40.2592513,60
-73.3411127,-40.2592604,60
-73.3411303,-40.2592944,60
-73.3411327,-40.259334,60
-73.3411338,-40.2593948,60
-73.3411341,-40.2594752,60
-73.3411344,-40.2595606,60
-73.3411348,-40.2596673,60
-73.3411353,-40.2597839,60
-73.341135,-40.2598928,60
-73.3411351,-40.2600142,60
-73.3411352,-40.260122,60
-73.3411354,-40.2602408,60
-73.3411368,-40.2603591,60
-73.341147,-40.2604422,60
-73.341187,-40.2605058,60
-73.341254,-40.2605593,60
-73.3413316,-40.2606225,60
-73.3413922,-40.2606622,60
-73.3414229,-40.2606722,60
-73.3414365,-40.2606511,60
-73.3414355,-40.2606096,60
-73.341435,-40.2605478,60
-73.3414351,-40.260467,60
-73.3414352,-40.260382,60
-73.3414353,-40.260276,60
-73.3414355,-40.2601715,60
-73.3414351,-40.2600499,60
-73.341435,-40.2599288,60
-73.3414347,-40.259821,60
-73.3414346,-40.2597021,60
-73.3414347,-40.2595837,60
-73.3414348,-40.2594769,60
-73.3414349,-40.2593583,60
-73.3414347,-40.2592401,60
-73.3414366,-40.259124,60
-73.3414477,-40.2590494,60
-73.3414903,-40.258997,60
-73.341556,-40.2589679,60
-73.3416399,-40.2589521,60
-73.3416944,-40.2589555,60
-73.3417303,-40.2589826,60
-73.3417351,-40.2590369,60
-73.341735,-40.2590992,60
-73.3417356,-40.2591707,60
-73.3417354,-40.2592641,60
-73.3417357,-40.25937,60
-73.3417362,-40.2594743,60
-73.3417363,-40.2595955,60
-73.3417365,-40.2597169,60
-73.3417368,-40.2598248,60
-73.3417366,-40.2599436,60
-73.3417373,-40.2600621,60
-73.3417366,-40.2601686,60
-73.3417366,-40.2602868,60
-73.3417365,-40.2604049,60
-73.3417364,-40.2605234,60
-73.341736,-40.2606296,60
-73.3417359,-40.2607477,60
-73.3417364,-40.2608539,60
-73.3417482,-40.2609673,60
-73.341793,-40.2610619,60
-73.3418636,-40.2611387,60
-73.3419436,-40.2612118,60
-73.341995,-40.2612423,60
-73.3420287,-40.2612318,60
-73.3420368,-40.2612009,60
-73.3420372,-40.2611565,60
-73.342037,-40.261099,60
-73.3420365,-40.2610176,60
-73.3420364,-40.2609204,60
-73.3420362,-40.2608226,60
-73.3420363,-40.260706,60
-73.3420364,-40.2605845,60
-73.3420361,-40.2604756,60
-73.3420361,-40.2603566,60
-73.3420364,-40.2602383,60
-73.3420356,-40.2601319,60
-73.3420364,-40.2600136,60
-73.3420367,-40.2598951,60
-73.3420365,-40.2597889,60
-73.3420367,-40.2596704,60
-73.3420362,-40.2595522,60
-73.3420362,-40.2594458,60
-73.3420364,-40.259327,60
-73.3420391,-40.2592201,60
-73.3420514,-40.2591655,60
-73.3420812,-40.2591439,60
-73.3421252,-40.2591533,60
-73.3421646,-40.2591772,60
-73.3422217,-40.2592169,60
-73.3422889,-40.2592778,60
-73.3423286,-40.2593521,60
-73.3423377,-40.2594449,60
-73.3423369,-40.2595449,60
-73.342337,-40.2596439,60
-73.3423371,-40.2597625,60
-73.3423372,-40.2598835,60
-73.3423376,-40.2599916,60
-73.3423376,-40.2601103,60
-73.3423381,-40.2602163,60
-73.342338,-40.2603345,60
-73.3423385,-40.2604528,60
-73.3423385,-40.2605588,60
-73.3423381,-40.2606776,60
-73.3423381,-40.260796,60
-73.3423381,-40.2609151,60
-73.342338,-40.261022,60
-73.3423381,-40.2611409,60
-73.3423385,-40.2612598,60
-73.3423462,-40.2613453,60
-73.3423798,-40.2614055,60
-73.3424416,-40.2614412,60
-73.3425274,-40.2614638,60
-73.3425913,-40.2614645,60
-73.3426302,-40.2614317,60
-73.3426381,-40.2613881,60
-73.342639,-40.2613289,60
-73.3426382,-40.2612511,60
-73.342638,-40.2611673,60
-73.3426379,-40.2610618,60
-73.3426377,-40.2609464,60
-73.3426378,-40.260838,60
-73.3426378,-40.2607169,60
-73.3426374,-40.260608,60
-73.3426374,-40.2604891,60
-73.3426374,-40.2603704,60
-73.3426372,-40.2602638,60
-73.3426374,-40.2601454,60
-73.3426374,-40.2600268,60
-73.3426374,-40.2599198,60
-73.3426373,-40.2598019,60
-73.3426397,-40.2596951,60
-73.3426528,-40.2596384,60
-73.3426734,-40.2596175,60
-73.3427134,-40.2596255,60
-73.3427503,-40.2596537,60
-73.3427946,-40.2596909,60
-73.3428587,-40.2597488,60
-73.3429111,-40.259819,60
-73.3429399,-40.2599142,60
-73.3429387,-40.2600174,60
-73.3429386,-40.2601279,60
-73.342939,-40.2602333,60
-73.3429387,-40.2603542,60
-73.3429389,-40.2604747,60
-73.3429392,-40.2605822,60
-73.3429388,-40.2607008,60
-73.3429392,-40.2608068,60
-73.3429397,-40.2609248,60
-73.342939,-40.2610431,60
-73.3429391,-40.2611614,60
-73.342939,-40.2612677,60
-73.3429385,-40.261386,60
-73.3429408,-40.261489,60
-73.3429511,-40.2615597,60
-73.3429785,-40.2615906,60
-73.3430242,-40.2616071,60
-73.3430899,-40.2616352,60
-73.3431709,-40.2616658,60
-73.3432122,-40.2616721,60
-73.3432372,-40.2616456,60
-73.3432403,-40.261606,60
-73.3432401,-40.2615489,60
-73.3432395,-40.2614801,60
-73.3432394,-40.2613892,60
-73.3432389,-40.2612851,60
-73.3432389,-40.2611825,60
-73.343239,-40.261062,60
-73.3432389,-40.2609408,60
-73.3432388,-40.2608326,60
-73.3432387,-40.2607138,60
-73.343239,-40.2606082,60
-73.3432389,-40.2604895,60
-73.3432392,-40.2603708,60
-73.3432396,-40.2602651,60
-73.3432478,-40.2601754,60
-73.3432713,-40.2601375,60
-73.3433091,-40.2601393,60
-73.3433424,-40.2601639,60
-73.3433879,-40.2602021,60
-73.343445,-40.2602519,60
-73.3435061,-40.2603255,60
-73.3435387,-40.2604191,60
-73.3435404,-40.2605216,60
-73.3435402,-40.2606206,60
-73.3435402,-40.2607373,60
-73.3435401,-40.2608584,60
-73.3435403,-40.2609669,60
-73.3435402,-40.2610858,60
-73.3435403,-40.2611922,60
-73.3435405,-40.2613108,60
-73.3435404,-40.2614285,60
-73.3435403,-40.2615348,60
-73.3435401,-40.2616534,60
-73.3435458,-40.261765,60
-73.3435747,-40.2618407,60
-73.3436364,-40.2618944,60
-73.3437254,-40.2619369,60
-73.3437816,-40.2619509,60
-73.3438256,-40.2619301,60
-73.3438399,-40.2618874,60
-73.3438415,-40.2618419,60
-73.343841,-40.2617723,60
-73.343841,-40.2616856,60
-73.343841,-40.2615957,60
-73.3438407,-40.2614853,60
-73.3438409,-40.2613654,60
-73.3438404,-40.2612558,60
-73.34384,-40.2611352,60
-73.34384,-40.2610165,60
-73.3438398,-40.2609091,60
-73.3438403,-40.2607934,60
-73.3438463,-40.2607034,60
-73.3438585,-40.2606647,60
-73.3438914,-40.2606528,60
-73.3439294,-40.2606709,60
-73.3439652,-40.2606985,60
-73.3440202,-40.2607459,60
-73.3440864,-40.260811,60
-73.3441287,-40.2608875,60
-73.3441438,-40.2609874,60
-73.3441416,-40.2610927,60
-73.3441409,-40.2611944,60
-73.3441412,-40.2613156,60
-73.3441414,-40.2614371,60
-73.3441416,-40.2615447,60
-73.3441415,-40.2616636,60
-73.3441418,-40.2617813,60
-73.3441426,-40.261899,60
-73.3441506,-40.2619827,60
-73.34418,-40.2620376,60
-73.344239,-40.2620668,60
-73.3443208,-40.2620813,60
-73.3443898,-40.2620787,60
-73.344432,-40.2620444,60
-73.3444419,-40.2619994,60
-73.3444426,-40.2619385,60
-73.3444428,-40.2618679,60
-73.3444422,-40.2617742,60
-73.3444423,-40.261669,60
-73.3444425,-40.2615534,60
-73.3444423,-40.2614445,60
-73.344442,-40.2613242,60
-73.3444464,-40.2612341,60
-73.3444614,-40.261181,60
-73.3444922,-40.2611684,60
-73.3445285,-40.2611867,60
-73.344569,-40.2612188,60
-73.3446256,-40.2612671,60
-73.3446912,-40.2613346,60
-73.344732,-40.2614135,60
-73.3447452,-40.2615127,60
-73.3447425,-40.2616082,60
-73.3447426,-40.2617193,60
-73.3447427,-40.2618382,60
-73.3447427,-40.2619421,60
-73.3447424,-40.2620528,60
-73.3447425,-40.2621145,60
-73.3447431,-40.2621406,60
-73.3447433,-40.2621526,60
-73.3447431,-40.2621542,60
</coordinates></LineString>
</Placemark>
<Placemark>
<name>DJI_202603260913_007_ELDESCANSO023_Timestamp.MRK</name>
<description>Equipo: M3E | Fecha: 26-03-2026 | Puntos: 230</description>
<styleUrl>#m3e</styleUrl>
<LineString><altitudeMode>relativeToGround</altitudeMode><coordinates>
-73.3455209,-40.2627362,60
-73.3455208,-40.2627692,60
-73.3455206,-40.262821,60
-73.3455213,-40.2628959,60
-73.3455214,-40.2629858,60
-73.3455216,-40.2630772,60
-73.3455215,-40.2631895,60
-73.3455217,-40.2633102,60
-73.3455212,-40.2634203,60
-73.3455213,-40.2635403,60
-73.3455212,-40.2636591,60
-73.3455213,-40.2637657,60
-73.3455215,-40.2638843,60
-73.3455218,-40.2640016,60
-73.3455202,-40.2641029,60
-73.3455096,-40.2641805,60
-73.3454728,-40.2642242,60
-73.3454157,-40.2642436,60
-73.3453345,-40.2642501,60
-73.3452655,-40.2642394,60
-73.3452304,-40.2642039,60
-73.3452214,-40.2641507,60
-73.3452202,-40.2640862,60
-73.3452201,-40.2640122,60
-73.3452201,-40.2639155,60
-73.3452201,-40.2638071,60
-73.34522,-40.2637019,60
-73.3452193,-40.2635836,60
-73.345219,-40.2634842,60
-73.3452186,-40.2633746,60
-73.3452189,-40.2632607,60
-73.345219,-40.263141,60
-73.3452192,-40.2630321,60
-73.3452201,-40.2629117,60
-73.3452196,-40.2627922,60
-73.3452196,-40.262684,60
-73.3452193,-40.2625651,60
-73.3452193,-40.2624464,60
-73.3452196,-40.2623405,60
-73.3452193,-40.2622279,60
-73.3452193,-40.2621095,60
-73.3452134,-40.2620278,60
-73.3451975,-40.2619771,60
-73.3451488,-40.2619587,60
-73.3450917,-40.2619385,60
-73.3450082,-40.2619096,60
-73.3449528,-40.2619009,60
-73.3449265,-40.2619216,60
-73.3449198,-40.2619582,60
-73.3449194,-40.2620088,60
-73.3449195,-40.262072,60
-73.3449197,-40.2621589,60
-73.3449191,-40.2622611,60
-73.3449186,-40.262362,60
-73.3449194,-40.2624815,60
-73.3449198,-40.2626031,60
-73.3449202,-40.2627104,60
-73.3449209,-40.2628276,60
-73.3449215,-40.2629443,60
-73.3449208,-40.2630505,60
-73.3449207,-40.2631641,60
-73.3449204,-40.2632829,60
-73.344921,-40.2633911,60
-73.3449211,-40.2635105,60
-73.3449208,-40.2636292,60
-73.3449211,-40.2637362,60
-73.3449208,-40.2638548,60
-73.3449212,-40.2639708,60
-73.3449208,-40.2640679,60
-73.3449172,-40.2641763,60
-73.344903,-40.2642404,60
-73.3448625,-40.2642713,60
-73.3447956,-40.2642807,60
-73.3447174,-40.2642755,60
-73.3446626,-40.2642577,60
-73.3446245,-40.2642135,60
-73.34462,-40.2641538,60
-73.3446198,-40.2640903,60
-73.3446194,-40.2640064,60
-73.3446191,-40.2639077,60
-73.3446187,-40.2638046,60
-73.3446189,-40.2636839,60
-73.3446184,-40.2635624,60
-73.3446186,-40.2634535,60
-73.3446186,-40.2633338,60
-73.3446186,-40.263238,60
-73.3446188,-40.2631323,60
-73.3446189,-40.263015,60
-73.3446189,-40.2629053,60
-73.344619,-40.2627847,60
-73.3446186,-40.2626645,60
-73.3446187,-40.2625446,60
-73.3446186,-40.2624374,60
-73.3446187,-40.2623181,60
-73.3446187,-40.2621993,60
-73.3446191,-40.2620924,60
-73.3446187,-40.2619734,60
-73.3446157,-40.261865,60
-73.3446024,-40.2617939,60
-73.3445525,-40.2617406,60
-73.3444826,-40.2617102,60
-73.3444019,-40.2616924,60
-73.3443494,-40.2617033,60
-73.3443235,-40.261742,60
-73.3443193,-40.2617861,60
-73.3443183,-40.2618494,60
-73.3443184,-40.2619224,60
-73.3443183,-40.2620179,60
-73.3443188,-40.2621257,60
-73.3443184,-40.2622432,60
-73.3443188,-40.2623531,60
-73.3443185,-40.2624735,60
-73.3443193,-40.2625926,60
-73.3443194,-40.2626996,60
-73.3443194,-40.2628184,60
-73.3443191,-40.2629251,60
-73.3443195,-40.2630427,60
-73.3443196,-40.2631577,60
-73.3443195,-40.2632633,60
-73.3443194,-40.2633821,60
-73.3443188,-40.2635018,60
-73.3443188,-40.2636093,60
-73.3443187,-40.2637281,60
-73.3443195,-40.2639653,60
-73.344319,-40.2640125,60
-73.3443169,-40.2640639,60
-73.3443012,-40.264128,60
-73.3442601,-40.2641532,60
-73.3442077,-40.2641506,60
-73.3441433,-40.2641331,60
-73.3440699,-40.2640957,60
-73.3440297,-40.2640423,60
-73.3440186,-40.2639722,60
-73.3440172,-40.2638923,60
-73.3440171,-40.2638071,60
-73.3440172,-40.2637008,60
-73.3440171,-40.2635847,60
-73.3440174,-40.2634756,60
-73.3440175,-40.2633546,60
-73.3440174,-40.2632467,60
-73.3440169,-40.2631272,60
-73.3440172,-40.2630084,60
-73.3440172,-40.2629018,60
-73.3440168,-40.2627832,60
-73.3440169,-40.2626647,60
-73.3440165,-40.2625582,60
-73.3440166,-40.2624396,60
-73.344017,-40.2623211,60
-73.3440173,-40.2622143,60
-73.3440173,-40.262096,60
-73.3440172,-40.261977,60
-73.3440171,-40.2618702,60
-73.3440159,-40.2617531,60
-73.3440055,-40.2616663,60
-73.3439684,-40.2616149,60
-73.3439062,-40.2615886,60
-73.343823,-40.2615749,60
-73.3437643,-40.2615801,60
-73.3437261,-40.2616155,60
-73.3437173,-40.2616649,60
-73.3437164,-40.2617265,60
-73.3437171,-40.261798,60
-73.343717,-40.2618918,60
-73.3437173,-40.2619873,60
-73.3437175,-40.2621032,60
-73.3437176,-40.2622255,60
-73.343718,-40.262334,60
-73.3437181,-40.2624541,60
-73.3437182,-40.2625727,60
-73.343718,-40.2626798,60
-73.3437184,-40.2627983,60
-73.343718,-40.2629158,60
-73.3437179,-40.2630221,60
-73.3437176,-40.2631419,60
-73.3437175,-40.2632599,60
-73.3437175,-40.263366,60
-73.3437177,-40.2634845,60
-73.3437175,-40.2636032,60
-73.3437174,-40.2637096,60
-73.3437148,-40.2638152,60
-73.3437,-40.2638723,60
-73.3436708,-40.2638901,60
-73.3436335,-40.2638768,60
-73.3435937,-40.2638471,60
-73.3435456,-40.2638073,60
-73.3434797,-40.2637464,60
-73.34343,-40.2636632,60
-73.343415,-40.2635649,60
-73.3434157,-40.263471,60
-73.3434161,-40.2633585,60
-73.343416,-40.2632386,60
-73.3434158,-40.2631301,60
-73.3434158,-40.2630109,60
-73.3434156,-40.2629037,60
-73.3434154,-40.2627852,60
-73.3434153,-40.2626664,60
-73.343415,-40.2625597,60
-73.3434153,-40.2624415,60
-73.3434153,-40.2623237,60
-73.3434154,-40.262217,60
-73.3434155,-40.2620991,60
-73.3434156,-40.2619804,60
-73.343416,-40.2618733,60
-73.3434158,-40.2617543,60
-73.3434134,-40.2616471,60
-73.3434055,-40.261593,60
-73.3433891,-40.2615787,60
-73.3433709,-40.2615954,60
-73.3433524,-40.2616284,60
-73.3433282,-40.2616765,60
-73.3432929,-40.2617488,60
-73.3432551,-40.2618251,60
-73.3432065,-40.2619225,60
-73.3431569,-40.2620291,60
-73.3431263,-40.2621334,60
-73.3431173,-40.2622526,60
-73.3431165,-40.2623721,60
-73.3431169,-40.2624799,60
-73.3431169,-40.2625988,60
-73.3431168,-40.2627171,60
-73.3431171,-40.2628356,60
-73.3431169,-40.262942,60
-73.3431168,-40.2630597,60
-73.3431171,-40.2631668,60
-73.3431164,-40.2632844,60
-73.3431166,-40.2633741,60
-73.3431164,-40.2634187,60
-73.3431167,-40.2634379,60
-73.3431165,-40.2634454,60
-73.3431167,-40.2634482,60
</coordinates></LineString>
</Placemark>
<Placemark>
<name>DJI_202603260913_008_ELDESCANSO022_Timestamp.MRK</name>
<description>Equipo: M3E | Fecha: 26-03-2026 | Puntos: 221</description>
<styleUrl>#m3e</styleUrl>
<LineString><altitudeMode>relativeToGround</altitudeMode><coordinates>
-73.3413688,-40.2602002,60
-73.3413689,-40.2601674,60
-73.3413686,-40.2601103,60
-73.3413683,-40.2600414,60
-73.3413664,-40.2599514,60
-73.341347,-40.2598773,60
-73.3412975,-40.2598318,60
-73.3412171,-40.2598033,60
-73.3411455,-40.2597919,60
-73.3410943,-40.2598065,60
-73.3410717,-40.2598481,60
-73.3410685,-40.2598995,60
-73.341069,-40.2599601,60
-73.3410689,-40.2600442,60
-73.3410688,-40.2601433,60
-73.3410692,-40.2602419,60
-73.3410692,-40.2603597,60
-73.3410685,-40.2604812,60
-73.3410688,-40.2605903,60
-73.3410674,-40.2607098,60
-73.3410464,-40.2608265,60
-73.3409994,-40.2609274,60
-73.3409354,-40.2610354,60
-73.3408702,-40.2611404,60
-73.3408227,-40.2612026,60
-73.340792,-40.2612289,60
-73.3407712,-40.2612152,60
-73.3407677,-40.2611869,60
-73.3407675,-40.2611395,60
-73.3407677,-40.2610695,60
-73.3407677,-40.2609919,60
-73.340768,-40.260893,60
-73.3407678,-40.2607834,60
-73.3407679,-40.2606769,60
-73.3407678,-40.2605555,60
-73.3407674,-40.2604352,60
-73.3407677,-40.2603276,60
-73.3407671,-40.2602089,60
-73.3407675,-40.2600914,60
-73.3407675,-40.2599858,60
-73.3407673,-40.2598693,60
-73.34076,-40.259784,60
-73.3407463,-40.2597456,60
-73.3407081,-40.2597337,60
-73.3406635,-40.2597528,60
-73.3406212,-40.2597808,60
-73.3405574,-40.2598273,60
-73.3404973,-40.259896,60
-73.3404667,-40.2599746,60
-73.3404668,-40.2600698,60
-73.340467,-40.2601744,60
-73.3404668,-40.2602871,60
-73.340467,-40.2603952,60
-73.3404676,-40.2605163,60
-73.340468,-40.2606368,60
-73.340468,-40.2607441,60
-73.340468,-40.2608575,60
-73.3404687,-40.2609632,60
-73.3404683,-40.2610672,60
-73.340468,-40.2611769,60
-73.3404684,-40.2612967,60
-73.3404675,-40.2614057,60
-73.3404596,-40.2615225,60
-73.3404211,-40.2616163,60
-73.3403543,-40.261691,60
-73.340272,-40.2617653,60
-73.3402226,-40.2617979,60
-73.3401874,-40.2617987,60
-73.3401688,-40.2617684,60
-73.340166,-40.2617264,60
-73.3401658,-40.2616722,60
-73.3401663,-40.2615934,60
-73.340166,-40.2614993,60
-73.340166,-40.261404,60
-73.3401655,-40.2612923,60
-73.3401657,-40.2611853,60
-73.3401654,-40.2610614,60
-73.3401654,-40.2609419,60
-73.3401648,-40.2608343,60
-73.3401655,-40.2607158,60
-73.3401655,-40.2606015,60
-73.3401656,-40.2605061,60
-73.3401653,-40.2603889,60
-73.340157,-40.2603036,60
-73.3401449,-40.2602684,60
-73.3401126,-40.2602579,60
-73.340079,-40.260282,60
-73.3400437,-40.2603184,60
-73.3399973,-40.2603654,60
-73.339934,-40.2604335,60
-73.3398825,-40.2605211,60
-73.3398642,-40.2606142,60
-73.3398653,-40.2607252,60
-73.3398653,-40.2608301,60
-73.3398654,-40.260951,60
-73.3398659,-40.2610719,60
-73.3398659,-40.2611907,60
-73.3398668,-40.2612972,60
-73.3398668,-40.2614147,60
-73.339867,-40.2615324,60
-73.339867,-40.2616348,60
-73.3398667,-40.2617527,60
-73.3398662,-40.2618724,60
-73.339866,-40.2619799,60
-73.339856,-40.2620941,60
-73.3398129,-40.2621865,60
-73.3397441,-40.2622608,60
-73.3396634,-40.2623322,60
-73.3396131,-40.2623625,60
-73.3395814,-40.2623571,60
-73.3395667,-40.2623246,60
-73.3395645,-40.2622817,60
-73.3395644,-40.2622248,60
-73.3395645,-40.2621441,60
-73.3395646,-40.2620483,60
-73.3395645,-40.2619516,60
-73.3395644,-40.261836,60
-73.3395646,-40.2617273,60
-73.3395642,-40.2616073,60
-73.3395642,-40.2614867,60
-73.3395638,-40.2613683,60
-73.3395642,-40.2612649,60
-73.3395638,-40.2611469,60
-73.3395638,-40.2610273,60
-73.3395598,-40.2609362,60
-73.3395428,-40.2608734,60
-73.339511,-40.2608608,60
-73.3394861,-40.2608827,60
-73.3394535,-40.26092,60
-73.3394053,-40.2609689,60
-73.3393505,-40.2610259,60
-73.3392932,-40.2611098,60
-73.3392659,-40.2612111,60
-73.339265,-40.2613083,60
-73.3392647,-40.2614125,60
-73.3392648,-40.2615208,60
-73.3392643,-40.2616239,60
-73.3392649,-40.2617404,60
-73.3392651,-40.2618622,60
-73.3392645,-40.2619714,60
-73.3392652,-40.2620919,60
-73.3392661,-40.2622108,60
-73.3392654,-40.2623174,60
-73.3392657,-40.2624347,60
-73.3392652,-40.2625531,60
-73.3392532,-40.2626651,60
-73.3392123,-40.2627469,60
-73.3391337,-40.2628295,60
-73.3390557,-40.262898,60
-73.3390107,-40.2629244,60
-73.3389771,-40.2629134,60
-73.3389648,-40.2628792,60
-73.338963,-40.2628384,60
-73.3389629,-40.2627733,60
-73.3389631,-40.262699,60
-73.338963,-40.2626023,60
-73.3389629,-40.2624932,60
-73.338963,-40.262376,60
-73.338963,-40.2622666,60
-73.3389632,-40.2621459,60
-73.3389629,-40.2620308,60
-73.3389629,-40.2619242,60
-73.3389629,-40.261805,60
-73.338963,-40.2616865,60
-73.3389627,-40.2615964,60
-73.3389536,-40.2615138,60
-73.3389325,-40.2614814,60
-73.3388982,-40.2614869,60
-73.3388647,-40.2615219,60
-73.3388207,-40.2615661,60
-73.3387686,-40.26162,60
-73.3387061,-40.2616961,60
-73.3386702,-40.2617797,60
-73.3386619,-40.2618846,60
-73.3386631,-40.2619983,60
-73.3386629,-40.2621051,60
-73.3386631,-40.2622209,60
-73.3386632,-40.2623411,60
-73.3386632,-40.2624641,60
-73.3386633,-40.2625726,60
-73.3386636,-40.2626921,60
-73.3386635,-40.2628109,60
-73.3386631,-40.2629173,60
-73.3386632,-40.2630368,60
-73.3386614,-40.2631548,60
-73.3386444,-40.2632465,60
-73.3385856,-40.2633319,60
-73.3385063,-40.2634041,60
-73.3384436,-40.2634518,60
-73.3384026,-40.2634712,60
-73.3383732,-40.2634498,60
-73.3383638,-40.2634161,60
-73.3383622,-40.2633667,60
-73.3383618,-40.2632963,60
-73.3383617,-40.2632181,60
-73.3383618,-40.2631184,60
-73.3383616,-40.2630072,60
-73.3383614,-40.2629002,60
-73.3383614,-40.2627808,60
-73.3383611,-40.2626609,60
-73.3383616,-40.2625555,60
-73.3383612,-40.2624395,60
-73.3383614,-40.2623205,60
-73.3383608,-40.2622141,60
-73.3383496,-40.2621318,60
-73.3383274,-40.2620985,60
-73.338297,-40.2621035,60
-73.338263,-40.2621355,60
-73.3382189,-40.2621795,60
-73.3381662,-40.2622337,60
-73.3381044,-40.2623091,60
-73.3380668,-40.2624033,60
-73.3380608,-40.2624983,60
-73.3380614,-40.2626088,60
-73.3380617,-40.2627245,60
-73.3380622,-40.2628239,60
-73.3380624,-40.2629338,60
-73.3380626,-40.2630557,60
-73.338062,-40.2631662,60
-73.3380617,-40.2632867,60
-73.3380613,-40.2633885,60
</coordinates></LineString>
</Placemark>
<Placemark>
<name>DJI_202603260938_009_ELDESCANSO022_Timestamp.MRK</name>
<description>Equipo: M3E | Fecha: 26-03-2026 | Puntos: 323</description>
<styleUrl>#m3e</styleUrl>
<LineString><altitudeMode>relativeToGround</altitudeMode><coordinates>
-73.338062,-40.2634141,60
-73.3380623,-40.263446,60
-73.3380622,-40.2634965,60
-73.3380621,-40.2635713,60
-73.3380619,-40.2636613,60
-73.3380481,-40.2637505,60
-73.3380154,-40.2638287,60
-73.3379472,-40.2638849,60
-73.3378731,-40.26394,60
-73.337817,-40.2639709,60
-73.3377785,-40.2639631,60
-73.3377635,-40.2639335,60
-73.3377611,-40.2638903,60
-73.3377605,-40.263828,60
-73.3377607,-40.2637556,60
-73.337761,-40.2636601,60
-73.3377609,-40.2635545,60
-73.3377604,-40.2634487,60
-73.3377605,-40.2633275,60
-73.33776,-40.2632281,60
-73.3377592,-40.2631347,60
-73.3377601,-40.2630343,60
-73.3377599,-40.2629513,60
-73.3377593,-40.2628794,60
-73.3377599,-40.2627948,60
-73.3377598,-40.2627035,60
-73.3377507,-40.262622,60
-73.3377227,-40.2625835,60
-73.3376741,-40.2625849,60
-73.3376276,-40.2626109,60
-73.3375664,-40.2626479,60
-73.3374993,-40.2627069,60
-73.3374642,-40.2627789,60
-73.3374605,-40.2628671,60
-73.33746,-40.2629641,60
-73.3374599,-40.2630605,60
-73.3374597,-40.2631732,60
-73.3374601,-40.2632901,60
-73.3374601,-40.2633987,60
-73.3374602,-40.2635201,60
-73.3374606,-40.2636396,60
-73.3374607,-40.2637443,60
-73.3374607,-40.2638626,60
-73.3374607,-40.2639817,60
-73.337458,-40.2640886,60
-73.33744,-40.2641768,60
-73.33738,-40.2642429,60
-73.3372988,-40.2642919,60
-73.3372287,-40.2643207,60
-73.3371838,-40.2643127,60
-73.3371639,-40.2642822,60
-73.3371598,-40.2642372,60
-73.3371585,-40.264175,60
-73.3371588,-40.2641027,60
-73.337159,-40.2640079,60
-73.3371594,-40.2639009,60
-73.3371593,-40.263795,60
-73.3371591,-40.2636726,60
-73.3371586,-40.2635754,60
-73.337158,-40.2634781,60
-73.3371581,-40.2633881,60
-73.3371587,-40.2632922,60
-73.337159,-40.2631739,60
-73.3371589,-40.263057,60
-73.3371496,-40.2629781,60
-73.3371225,-40.2629352,60
-73.3370761,-40.2629331,60
-73.3370251,-40.2629599,60
-73.3369719,-40.2629914,60
-73.3369044,-40.2630478,60
-73.3368656,-40.2631187,60
-73.3368594,-40.2632156,60
-73.3368592,-40.2633022,60
-73.3368589,-40.2634081,60
-73.3368584,-40.26351,60
-73.3368592,-40.2636246,60
-73.3368597,-40.2637174,60
-73.3368599,-40.2638163,60
-73.3368589,-40.2639174,60
-73.3368582,-40.264034,60
-73.3368589,-40.2641423,60
-73.3368589,-40.2642646,60
-73.3368581,-40.2643852,60
-73.3368497,-40.2644791,60
-73.3368096,-40.2645539,60
-73.3367312,-40.264613,60
-73.3366558,-40.2646514,60
-73.3366009,-40.2646618,60
-73.3365678,-40.2646337,60
-73.3365598,-40.2645954,60
-73.336558,-40.2645415,60
-73.3365577,-40.2644743,60
-73.3365574,-40.2643847,60
-73.3365574,-40.2642822,60
-73.3365574,-40.2641681,60
-73.3365577,-40.264059,60
-73.3365574,-40.2639414,60
-73.3365575,-40.2638335,60
-73.3365571,-40.263746,60
-73.3365575,-40.263653,60
-73.3365574,-40.2635679,60
-73.3365577,-40.2634951,60
-73.3365567,-40.2633994,60
-73.3365485,-40.2633168,60
-73.3365237,-40.2632834,60
-73.3364759,-40.2632803,60
-73.3364262,-40.2633059,60
-73.3363724,-40.2633373,60
-73.3363049,-40.2633924,60
-73.3362636,-40.263463,60
-73.3362575,-40.2635512,60
-73.3362573,-40.2636462,60
-73.3362572,-40.2637482,60
-73.3362578,-40.2638473,60
-73.336258,-40.2639465,60
-73.3362579,-40.2640496,60
-73.3362582,-40.2641402,60
-73.3362581,-40.264241,60
-73.3362578,-40.2643517,60
-73.3362575,-40.2644698,60
-73.3362578,-40.2645784,60
-73.3362574,-40.2646983,60
-73.3362504,-40.2648087,60
-73.3362209,-40.2648795,60
-73.3361486,-40.2649424,60
-73.3360696,-40.2649851,60
-73.3360116,-40.2650028,60
-73.3359719,-40.264984,60
-73.3359588,-40.2649486,60
-73.3359562,-40.2648992,60
-73.3359559,-40.2648304,60
-73.335956,-40.2647531,60
-73.3359562,-40.264654,60
-73.3359562,-40.2645436,60
-73.3359565,-40.2644405,60
-73.3359562,-40.2643227,60
-73.3359561,-40.264201,60
-73.335956,-40.2640803,60
-73.3359565,-40.2639755,60
-73.3359567,-40.2638582,60
-73.3359559,-40.2637518,60
-73.3359515,-40.2636751,60
-73.3359339,-40.2636161,60
-73.3359007,-40.2636002,60
-73.3358584,-40.2636201,60
-73.3358226,-40.2636545,60
-73.335767,-40.2636886,60
-73.3357073,-40.2637365,60
-73.3356612,-40.2638127,60
-73.3356547,-40.2638926,60
-73.3356562,-40.2639889,60
-73.3356559,-40.2640897,60
-73.335656,-40.2642016,60
-73.3356558,-40.2642826,60
-73.3356561,-40.2643564,60
-73.3356575,-40.2644413,60
-73.3356572,-40.2645292,60
-73.3356568,-40.2646365,60
-73.3356564,-40.2647528,60
-73.3356561,-40.2648608,60
-73.335656,-40.2649815,60
-73.3356537,-40.2650999,60
-73.3356402,-40.2651833,60
-73.3355859,-40.265254,60
-73.3355027,-40.2653097,60
-73.335439,-40.2653382,60
-73.335391,-40.2653386,60
-73.3353605,-40.2653083,60
-73.3353549,-40.2652685,60
-73.3353541,-40.2652114,60
-73.335354,-40.2651345,60
-73.3353545,-40.2650507,60
-73.3353541,-40.2649463,60
-73.3353538,-40.2648315,60
-73.3353538,-40.2647282,60
-73.3353544,-40.2646147,60
-73.3353544,-40.2644946,60
-73.3353542,-40.2643848,60
-73.3353543,-40.2642812,60
-73.3353544,-40.2641998,60
-73.3353542,-40.2641192,60
-73.335348,-40.2640273,60
-73.3353269,-40.2639816,60
-73.3352898,-40.2639768,60
-73.3352442,-40.2640029,60
-73.3351933,-40.2640412,60
-73.3351337,-40.2640883,60
-73.3350753,-40.2641621,60
-73.3350531,-40.2642533,60
-73.3350548,-40.2643416,60
-73.3350546,-40.2644473,60
-73.3350549,-40.2645606,60
-73.3350554,-40.2646832,60
-73.3350555,-40.2647936,60
-73.3350556,-40.2649135,60
-73.3350557,-40.2650191,60
-73.3350559,-40.2651157,60
-73.335055,-40.2652296,60
-73.3350552,-40.2653509,60
-73.335055,-40.2654608,60
-73.3350537,-40.2655813,60
-73.3350335,-40.265689,60
-73.3349814,-40.2657727,60
-73.3348995,-40.2658601,60
-73.3348357,-40.2659173,60
-73.3347913,-40.2659461,60
-73.3347639,-40.2659327,60
-73.3347549,-40.2659007,60
-73.3347531,-40.2658549,60
-73.334753,-40.2657884,60
-73.3347531,-40.2657115,60
-73.3347532,-40.2656142,60
-73.3347534,-40.2655054,60
-73.3347531,-40.2653878,60
-73.3347534,-40.2652788,60
-73.3347533,-40.2651615,60
-73.3347534,-40.2650461,60
-73.3347534,-40.2649546,60
-73.3347533,-40.26484,60
-73.3347536,-40.2647174,60
-73.334753,-40.2646132,60
-73.3347454,-40.2645194,60
-73.3347238,-40.2644765,60
-73.3346906,-40.2644721,60
-73.3346606,-40.2645024,60
-73.3346215,-40.2645405,60
-73.334571,-40.2645877,60
-73.3345064,-40.2646564,60
-73.3344617,-40.2647442,60
-73.3344513,-40.2648363,60
-73.3344536,-40.2649449,60
-73.3344536,-40.265059,60
-73.3344532,-40.2651682,60
-73.3344532,-40.2652902,60
-73.3344531,-40.2654102,60
-73.3344532,-40.2655184,60
-73.3344535,-40.2656321,60
-73.3344529,-40.2657351,60
-73.3344532,-40.2658389,60
-73.3344533,-40.2659351,60
-73.3344539,-40.2660353,60
-73.3344533,-40.266135,60
-73.3344453,-40.2662493,60
-73.3344156,-40.2663431,60
-73.3343449,-40.2664324,60
-73.3342634,-40.2665145,60
-73.3342095,-40.2665565,60
-73.3341738,-40.2665616,60
-73.3341544,-40.2665339,60
-73.3341511,-40.2664981,60
-73.3341511,-40.2664414,60
-73.3341515,-40.2663634,60
-73.3341514,-40.2662803,60
-73.3341517,-40.2661765,60
-73.3341518,-40.2660632,60
-73.3341522,-40.2659429,60
-73.3341522,-40.2658352,60
-73.3341519,-40.2657146,60
-73.3341516,-40.2656063,60
-73.3341521,-40.2654891,60
-73.3341517,-40.2653715,60
-73.3341519,-40.2652577,60
-73.3341511,-40.2651557,60
-73.3341449,-40.2650736,60
-73.3341256,-40.2650355,60
-73.3340922,-40.2650353,60
-73.3340547,-40.2650624,60
-73.3340123,-40.2651013,60
-73.3339599,-40.26515,60
-73.333896,-40.2652215,60
-73.3338587,-40.2653032,60
-73.3338507,-40.2654061,60
-73.3338522,-40.2655149,60
-73.3338526,-40.2656314,60
-73.3338527,-40.2657405,60
-73.3338529,-40.2658622,60
-73.3338531,-40.265981,60
-73.333853,-40.2660701,60
-73.3338528,-40.2661698,60
-73.3338525,-40.2662801,60
-73.3338524,-40.2663782,60
-73.3338519,-40.2664914,60
-73.3338521,-40.2666123,60
-73.3338488,-40.2667037,60
-73.3338339,-40.2667561,60
-73.3337932,-40.2667734,60
-73.3337477,-40.266762,60
-73.3336955,-40.266735,60
-73.3336351,-40.2666978,60
-73.3335744,-40.2666326,60
-73.3335505,-40.2665493,60
-73.3335503,-40.2664578,60
-73.3335506,-40.2663672,60
-73.3335506,-40.2662559,60
-73.3335509,-40.2661355,60
-73.3335503,-40.2660166,60
-73.3335506,-40.2659161,60
-73.3335502,-40.2658088,60
-73.33355,-40.2657025,60
-73.3335414,-40.2656143,60
-73.3335178,-40.2655756,60
-73.3334839,-40.2655756,60
-73.33346,-40.2656072,60
-73.3334282,-40.2656386,60
-73.333375,-40.2656879,60
-73.3333099,-40.265754,60
-73.3332624,-40.2658414,60
-73.3332488,-40.2659321,60
-73.3332502,-40.2660389,60
-73.3332501,-40.2661416,60
-73.3332496,-40.2662618,60
-73.3332466,-40.2663655,60
-73.3332331,-40.266415,60
-73.3331943,-40.2664333,60
-73.3331446,-40.2664216,60
-73.3330926,-40.2663943,60
-73.3330314,-40.2663574,60
-73.3329707,-40.2662933,60
-73.3329516,-40.2662147,60
-73.3329491,-40.2661495,60
-73.3329492,-40.2661056,60
-73.332949,-40.2660846,60
-73.3329492,-40.2660797,60
</coordinates></LineString>
</Placemark>
<Placemark>
<name>DJI_202603260938_010_ELDESCANSO021_Timestamp.MRK</name>
<description>Equipo: M3E | Fecha: 26-03-2026 | Puntos: 869</description>
<styleUrl>#m3e</styleUrl>
<LineString><altitudeMode>relativeToGround</altitudeMode><coordinates>
-73.3399692,-40.2642053,60
-73.3399369,-40.2642002,60
-73.3398792,-40.2641913,60
-73.3397891,-40.264181,60
-73.3397072,-40.2641939,60
-73.3396532,-40.2642313,60
-73.339607,-40.2642871,60
-73.3395869,-40.264337,60
-73.3396146,-40.264374,60
-73.339665,-40.2643911,60
-73.3397353,-40.264403,60
-73.3398299,-40.2644189,60
-73.3399328,-40.2644371,60
-73.3400428,-40.2644678,60
-73.3401149,-40.2645211,60
-73.3401541,-40.2645874,60
-73.3401738,-40.2646489,60
-73.340153,-40.2646834,60
-73.3401079,-40.2646938,60
-73.340047,-40.2646871,60
-73.3399775,-40.2646762,60
-73.3398761,-40.2646594,60
-73.3397554,-40.2646395,60
-73.3396172,-40.2646174,60
-73.3394891,-40.2646004,60
-73.3393945,-40.2646029,60
-73.3393274,-40.2646328,60
-73.3392733,-40.2646875,60
-73.3392437,-40.2647412,60
-73.3392613,-40.2647809,60
-73.3393073,-40.2648013,60
-73.3393733,-40.2648133,60
-73.3394619,-40.2648283,60
-73.3395619,-40.2648445,60
-73.3396908,-40.2648656,60
-73.3398323,-40.2648887,60
-73.3399695,-40.2649112,60
-73.3401237,-40.2649367,60
-73.3402418,-40.2649589,60
-73.3403173,-40.2649947,60
-73.3403556,-40.2650539,60
-73.3403659,-40.2651246,60
-73.3403582,-40.2651677,60
-73.3403112,-40.2651912,60
-73.3402496,-40.265189,60
-73.3401832,-40.2651785,60
-73.3400859,-40.2651628,60
-73.3399685,-40.2651433,60
-73.3398488,-40.2651238,60
-73.3397022,-40.2651003,60
-73.3395468,-40.2650755,60
-73.3394069,-40.2650535,60
-73.339254,-40.265029,60
-73.3391199,-40.2650128,60
-73.3390407,-40.2650182,60
-73.33897,-40.2650558,60
-73.3389245,-40.2651076,60
-73.3389004,-40.265159,60
-73.3389227,-40.2651976,60
-73.338978,-40.2652181,60
-73.3390404,-40.2652287,60
-73.3391329,-40.2652442,60
-73.3392351,-40.265261,60
-73.3393653,-40.2652827,60
-73.3395094,-40.2653065,60
-73.3396641,-40.265331,60
-73.3398049,-40.2653529,60
-73.3399585,-40.2653776,60
-73.3400959,-40.2653993,60
-73.340245,-40.2654249,60
-73.3403489,-40.2654514,60
-73.3404043,-40.2654951,60
-73.340425,-40.265551,60
-73.3404274,-40.2656165,60
-73.3404074,-40.2656531,60
-73.3403541,-40.26567,60
-73.3402891,-40.2656638,60
-73.3402068,-40.2656511,60
-73.3401134,-40.2656361,60
-73.3399922,-40.2656165,60
-73.3398554,-40.2655936,60
-73.3397167,-40.2655711,60
-73.3395594,-40.2655467,60
-73.3394046,-40.2655223,60
-73.3392673,-40.2655,60
-73.3391162,-40.2654755,60
-73.3389787,-40.2654531,60
-73.3388326,-40.2654319,60
-73.3387337,-40.265429,60
-73.3386721,-40.2654536,60
-73.3386264,-40.2655058,60
-73.3385984,-40.2655652,60
-73.3386064,-40.265604,60
-73.3386547,-40.265632,60
-73.3387209,-40.2656448,60
-73.3388079,-40.2656598,60
-73.3389058,-40.2656762,60
-73.3390319,-40.2656973,60
-73.3391726,-40.2657205,60
-73.3393105,-40.2657435,60
-73.3394676,-40.2657682,60
-73.3396067,-40.2657898,60
-73.3397593,-40.265814,60
-73.3399112,-40.2658386,60
-73.3400479,-40.2658611,60
-73.340199,-40.2658858,60
-73.3403507,-40.2659107,60
-73.3404838,-40.2659357,60
-73.3405932,-40.2659738,60
-73.3406749,-40.2660384,60
-73.3407307,-40.2661099,60
-73.3407613,-40.2661633,60
-73.3407451,-40.2661925,60
-73.340704,-40.2661993,60
-73.3406479,-40.2661919,60
-73.3405692,-40.2661796,60
-73.340477,-40.2661643,60
-73.3403555,-40.2661448,60
-73.3402189,-40.2661225,60
-73.3400852,-40.2661007,60
-73.3399304,-40.2660761,60
-73.3397751,-40.2660519,60
-73.3396373,-40.2660298,60
-73.339485,-40.2660054,60
-73.3393329,-40.2659807,60
-73.3391812,-40.2659562,60
-73.3390441,-40.2659335,60
-73.338892,-40.2659091,60
-73.3387556,-40.2658869,60
-73.3386156,-40.2658642,60
-73.3385048,-40.2658526,60
-73.3384357,-40.2658619,60
-73.3383761,-40.2659016,60
-73.3383377,-40.2659588,60
-73.3383254,-40.2660056,60
-73.3383533,-40.2660445,60
-73.3384115,-40.266064,60
-73.3384773,-40.2660753,60
-73.3385739,-40.2660913,60
-73.3386904,-40.2661106,60
-73.3388092,-40.2661301,60
-73.3389539,-40.266154,60
-73.3391093,-40.2661792,60
-73.3392504,-40.2662012,60
-73.3394044,-40.2662254,60
-73.3395566,-40.2662506,60
-73.3396934,-40.2662728,60
-73.3398448,-40.266297,60
-73.3399962,-40.266322,60
-73.340148,-40.2663467,60
-73.340285,-40.2663684,60
-73.3404376,-40.2663931,60
-73.3405744,-40.2664156,60
-73.3407252,-40.2664402,60
-73.3408765,-40.2664663,60
-73.3409885,-40.2664949,60
-73.341081,-40.2665494,60
-73.3411513,-40.2666251,60
-73.341215,-40.2667049,60
-73.3412401,-40.266747,60
-73.3412353,-40.2667572,60
-73.3411975,-40.2667515,60
-73.341135,-40.2667399,60
-73.341054,-40.2667269,60
-73.3409595,-40.2667117,60
-73.3408377,-40.2666917,60
-73.3407008,-40.2666695,60
-73.3405513,-40.2666449,60
-73.340411,-40.2666226,60
-73.340256,-40.2665982,60
-73.3401191,-40.2665759,60
-73.339967,-40.2665517,60
-73.3398157,-40.2665271,60
-73.339679,-40.2665052,60
-73.3395273,-40.2664806,60
-73.339376,-40.2664556,60
-73.3392426,-40.2664343,60
-73.339112,-40.2664131,60
-73.3389695,-40.2663896,60
-73.3388374,-40.2663694,60
-73.3387034,-40.2663463,60
-73.3385548,-40.2663216,60
-73.3384182,-40.2662985,60
-73.3382756,-40.2662799,60
-73.338185,-40.2662806,60
-73.3381188,-40.2663131,60
-73.3380794,-40.266361,60
-73.3380548,-40.2664191,60
-73.3380657,-40.2664578,60
-73.3381158,-40.2664841,60
-73.3381831,-40.2664964,60
-73.3382714,-40.2665114,60
-73.3383716,-40.2665278,60
-73.3384987,-40.2665489,60
-73.3386425,-40.2665724,60
-73.3387814,-40.2665947,60
-73.3389371,-40.2666197,60
-73.3390905,-40.2666446,60
-73.3392279,-40.2666664,60
-73.3393795,-40.2666911,60
-73.3395153,-40.2667133,60
-73.3396665,-40.2667379,60
-73.3398187,-40.2667628,60
-73.3399561,-40.2667848,60
-73.3401074,-40.2668094,60
-73.3402601,-40.2668337,60
-73.3403965,-40.2668556,60
-73.3405483,-40.2668806,60
-73.3407007,-40.2669053,60
-73.3408378,-40.266928,60
-73.3409891,-40.2669529,60
-73.3411416,-40.2669778,60
-73.3412756,-40.266999,60
-73.341423,-40.2670227,60
-73.3415512,-40.2670448,60
-73.341667,-40.2670761,60
-73.3417442,-40.2671237,60
-73.3418031,-40.2671964,60
-73.3418337,-40.2672583,60
-73.3418339,-40.2672969,60
-73.3417897,-40.2673117,60
-73.3417388,-40.2673068,60
-73.341669,-40.2672959,60
-73.3415727,-40.2672804,60
-73.3414688,-40.2672633,60
-73.3413361,-40.2672416,60
-73.3411904,-40.2672179,60
-73.3410519,-40.2671955,60
-73.3408969,-40.267171,60
-73.3407437,-40.2671462,60
-73.3406062,-40.2671241,60
-73.3404548,-40.2670998,60
-73.3403027,-40.2670753,60
-73.340166,-40.2670532,60
-73.3400138,-40.2670291,60
-73.3398162,-40.266997,60
-73.3397252,-40.2669826,60
-73.3395739,-40.2669582,60
-73.3394217,-40.2669331,60
-73.3392849,-40.2669107,60
-73.339135,-40.2668863,60
-73.3389825,-40.2668618,60
-73.3388512,-40.2668409,60
-73.3387036,-40.2668163,60
-73.3385538,-40.2667921,60
-73.3384227,-40.2667708,60
-73.3382701,-40.2667459,60
-73.3381222,-40.2667227,60
-73.3380164,-40.266712,60
-73.3379448,-40.2667232,60
-73.3379006,-40.266765,60
-73.3378805,-40.2668156,60
-73.3378768,-40.2668728,60
-73.3379132,-40.2669127,60
-73.3379707,-40.2669307,60
-73.3380484,-40.2669438,60
-73.3381481,-40.2669605,60
-73.3382562,-40.2669783,60
-73.3383928,-40.267001,60
-73.338542,-40.2670254,60
-73.3386822,-40.2670478,60
-73.3388382,-40.2670724,60
-73.338991,-40.2670969,60
-73.3391282,-40.2671193,60
-73.3392786,-40.2671439,60
-73.3394301,-40.2671686,60
-73.3395671,-40.2671906,60
-73.3397189,-40.2672152,60
-73.3398553,-40.2672377,60
-73.3400078,-40.2672624,60
-73.3401606,-40.2672871,60
-73.3403117,-40.2673116,60
-73.3404474,-40.2673337,60
-73.3405996,-40.267358,60
-73.3407524,-40.267383,60
-73.34089,-40.2674055,60
-73.3410417,-40.2674302,60
-73.3411931,-40.2674546,60
-73.3413299,-40.2674767,60
-73.3414823,-40.2675019,60
-73.3416354,-40.2675267,60
-73.3417553,-40.2675485,60
-73.34183,-40.2675776,60
-73.3418648,-40.2676265,60
-73.3418666,-40.2676804,60
-73.3418517,-40.2677406,60
-73.341809,-40.2677724,60
-73.3417555,-40.2677784,60
-73.3416858,-40.2677684,60
-73.3415937,-40.2677531,60
-73.3414932,-40.2677363,60
-73.3413637,-40.2677153,60
-73.3412192,-40.2676917,60
-73.3410823,-40.2676695,60
-73.3409323,-40.2676467,60
-73.3408178,-40.2676285,60
-73.3407334,-40.2676148,60
-73.3406251,-40.2675969,60
-73.3404983,-40.2675762,60
-73.3403722,-40.2675551,60
-73.3402224,-40.2675305,60
-73.3400664,-40.2675058,60
-73.3399286,-40.2674838,60
-73.3397761,-40.2674598,60
-73.3396242,-40.267435,60
-73.3394871,-40.267413,60
-73.3393352,-40.2673884,60
-73.3391989,-40.2673664,60
-73.3390323,-40.2673389,60
-73.338896,-40.2673169,60
-73.3387442,-40.2672925,60
-73.3386084,-40.2672703,60
-73.3384663,-40.2672476,60
-73.3383211,-40.2672233,60
-73.3381834,-40.2672005,60
-73.338032,-40.2671758,60
-73.3378932,-40.2671573,60
-73.3378127,-40.2671556,60
-73.3377551,-40.267184,60
-73.337728,-40.2672303,60
-73.3377122,-40.2672904,60
-73.337728,-40.2673384,60
-73.3377834,-40.2673672,60
-73.3378477,-40.2673799,60
-73.3379368,-40.2673948,60
-73.3380493,-40.2674138,60
-73.3381667,-40.2674332,60
-73.3383098,-40.2674565,60
-73.338464,-40.267482,60
-73.338605,-40.2675039,60
-73.3387593,-40.2675284,60
-73.3389112,-40.2675528,60
-73.3390477,-40.2675753,60
-73.3391997,-40.2676,60
-73.3393513,-40.267625,60
-73.3394879,-40.2676469,60
-73.3396399,-40.2676716,60
-73.3397923,-40.2676963,60
-73.3399436,-40.2677207,60
-73.3400803,-40.2677428,60
-73.3402321,-40.2677678,60
-73.3403687,-40.2677901,60
-73.3405209,-40.267815,60
-73.3406603,-40.2678372,60
-73.3407908,-40.2678591,60
-73.3409457,-40.2678843,60
-73.3411021,-40.2679093,60
-73.3412393,-40.2679311,60
-73.3413785,-40.2679538,60
-73.3415052,-40.2679744,60
-73.3416275,-40.2679956,60
-73.34173,-40.2680185,60
-73.3417754,-40.2680474,60
-73.3417875,-40.2680766,60
-73.3417821,-40.2681114,60
-73.3417611,-40.2681664,60
-73.3417244,-40.2682073,60
-73.3416576,-40.2682268,60
-73.3415822,-40.2682206,60
-73.3415021,-40.2682082,60
-73.3413916,-40.26819,60
-73.3412636,-40.2681689,60
-73.3411375,-40.2681484,60
-73.3409903,-40.2681246,60
-73.3408409,-40.2681004,60
-73.340709,-40.2680786,60
-73.3405596,-40.2680546,60
-73.3404182,-40.2680323,60
-73.340306,-40.2680134,60
-73.3401652,-40.2679902,60
-73.3400246,-40.2679672,60
-73.3398664,-40.2679426,60
-73.3397123,-40.2679185,60
-73.3395595,-40.2678941,60
-73.3394223,-40.2678718,60
-73.3392704,-40.267847,60
-73.339119,-40.2678223,60
-73.3389821,-40.2678002,60
-73.3388301,-40.2677754,60
-73.3386788,-40.2677508,60
-73.3385417,-40.267729,60
-73.3383901,-40.2677043,60
-73.3382387,-40.2676794,60
-73.3381022,-40.2676571,60
-73.3379505,-40.2676325,60
-73.3377987,-40.2676086,60
-73.3376891,-40.2675963,60
-73.3376188,-40.2676083,60
-73.3375743,-40.2676489,60
-73.3375546,-40.2677017,60
-73.3375516,-40.267759,60
-73.3375836,-40.2677957,60
-73.3376474,-40.267816,60
-73.3377261,-40.2678296,60
-73.337828,-40.2678467,60
-73.3379372,-40.2678648,60
-73.3380743,-40.2678877,60
-73.3382218,-40.267912,60
-73.3383628,-40.2679344,60
-73.338518,-40.2679589,60
-73.3386706,-40.2679832,60
-73.3388073,-40.2680053,60
-73.3389596,-40.2680304,60
-73.3391109,-40.2680549,60
-73.339247,-40.2680771,60
-73.339399,-40.2681021,60
-73.3395356,-40.2681243,60
-73.3397034,-40.2681512,60
-73.3398408,-40.2681741,60
-73.3399774,-40.268196,60
-73.3401277,-40.2682207,60
-73.3402809,-40.2682456,60
-73.3404335,-40.2682699,60
-73.3405696,-40.2682917,60
-73.3407197,-40.2683166,60
-73.3408593,-40.268339,60
-73.3410126,-40.2683638,60
-73.3411448,-40.2683844,60
-73.3412424,-40.2684011,60
-73.3413388,-40.2684194,60
-73.3414064,-40.2684411,60
-73.34142,-40.2684784,60
-73.341398,-40.2685113,60
-73.3413562,-40.2685482,60
-73.3412972,-40.2685868,60
-73.3412053,-40.2686165,60
-73.3410987,-40.2686092,60
-73.3409886,-40.2685926,60
-73.34088,-40.2685752,60
-73.3407395,-40.2685525,60
-73.340598,-40.2685308,60
-73.3405014,-40.2685158,60
-73.3404083,-40.2685005,60
-73.3403168,-40.2684854,60
-73.3402,-40.2684666,60
-73.3400656,-40.2684444,60
-73.3399195,-40.2684206,60
-73.3397818,-40.2683981,60
-73.3396267,-40.2683731,60
-73.3394881,-40.2683511,60
-73.3393353,-40.2683263,60
-73.3391829,-40.2683017,60
-73.3390464,-40.2682795,60
-73.3388945,-40.268255,60
-73.338743,-40.2682303,60
-73.3386059,-40.268208,60
-73.3384539,-40.2681833,60
-73.338302,-40.2681588,60
-73.3381659,-40.268136,60
-73.3380152,-40.2681124,60
-73.3378628,-40.2680874,60
-73.3377291,-40.2680667,60
-73.3376268,-40.2680587,60
-73.3375736,-40.268073,60
-73.3375549,-40.2681097,60
-73.3375575,-40.2681585,60
-73.3375777,-40.2682188,60
-73.3376261,-40.2682673,60
-73.3377058,-40.2682947,60
-73.3377995,-40.2683106,60
-73.3379009,-40.2683275,60
-73.3380298,-40.2683492,60
-73.3381734,-40.2683727,60
-73.338312,-40.2683953,60
-73.3384678,-40.2684198,60
-73.3386219,-40.2684445,60
-73.3387595,-40.2684665,60
-73.3389128,-40.2684917,60
-73.3390644,-40.2685163,60
-73.3392004,-40.2685387,60
-73.3393528,-40.2685636,60
-73.3395051,-40.2685882,60
-73.3396409,-40.2686103,60
-73.3397924,-40.2686349,60
-73.3399436,-40.2686597,60
-73.3400976,-40.2686848,60
-73.340217,-40.2687031,60
-73.340348,-40.2687255,60
-73.340479,-40.2687473,60
-73.3406315,-40.268771,60
-73.3407737,-40.2687941,60
-73.3408673,-40.2688102,60
-73.3409339,-40.2688251,60
-73.3409517,-40.26883,60
-73.3409534,-40.2688298,60
-73.3409657,-40.2688429,60
-73.3409724,-40.2688812,60
-73.3409471,-40.2689211,60
-73.3409033,-40.2689666,60
-73.3408287,-40.2690086,60
-73.3407395,-40.2690189,60
-73.3406542,-40.2690079,60
-73.3405449,-40.2689907,60
-73.3404337,-40.2689726,60
-73.3402942,-40.2689498,60
-73.3401482,-40.2689255,60
-73.3400154,-40.2689036,60
-73.3398811,-40.2688842,60
-73.3397527,-40.2688623,60
-73.3396176,-40.2688399,60
-73.3394586,-40.2688143,60
-73.3393018,-40.2687896,60
-73.3391629,-40.2687673,60
-73.3390113,-40.2687427,60
-73.3388593,-40.2687178,60
-73.338707,-40.2686933,60
-73.3385702,-40.2686716,60
-73.3384187,-40.2686469,60
-73.3382823,-40.2686248,60
-73.3381308,-40.2686004,60
-73.3379791,-40.2685754,60
-73.3378427,-40.2685538,60
-73.3377271,-40.268541,60
-73.3376658,-40.2685483,60
-73.3376374,-40.2685799,60
-73.3376365,-40.2686271,60
-73.3376493,-40.268684,60
-73.3376897,-40.2687377,60
-73.3377636,-40.2687714,60
-73.3378529,-40.2687883,60
-73.3379491,-40.2688046,60
-73.3380739,-40.2688255,60
-73.3382089,-40.2688471,60
-73.3383405,-40.2688696,60
-73.3384994,-40.2688953,60
-73.3386574,-40.2689199,60
-73.3387955,-40.2689424,60
-73.3389467,-40.2689669,60
-73.3390981,-40.2689914,60
-73.339235,-40.269014,60
-73.3393872,-40.2690381,60
-73.3395393,-40.2690632,60
-73.3396761,-40.2690851,60
-73.3398275,-40.26911,60
-73.3399799,-40.2691347,60
-73.3401327,-40.2691595,60
-73.3402699,-40.2691813,60
-73.3404197,-40.2692058,60
-73.3405271,-40.2692292,60
-73.340571,-40.2692515,60
-73.3405761,-40.2692854,60
-73.3405499,-40.2693198,60
-73.3405057,-40.2693585,60
-73.3404316,-40.2694008,60
-73.3403363,-40.2694208,60
-73.3402378,-40.2694099,60
-73.3401217,-40.2693911,60
-73.3400047,-40.2693721,60
-73.3398621,-40.2693487,60
-73.3397142,-40.2693244,60
-73.3395768,-40.2693023,60
-73.3394392,-40.2692817,60
-73.3393252,-40.2692629,60
-73.3392066,-40.2692429,60
-73.3390616,-40.2692194,60
-73.3389066,-40.269194,60
-73.3387657,-40.2691723,60
-73.3386114,-40.2691477,60
-73.3384595,-40.2691227,60
-73.3383218,-40.2691005,60
-73.3381694,-40.2690759,60
-73.3380169,-40.269051,60
-73.337869,-40.2690283,60
-73.3377752,-40.269021,60
-73.3377242,-40.2690307,60
-73.337709,-40.2690627,60
-73.3377131,-40.2691073,60
-73.337717,-40.2691674,60
-73.3377175,-40.2692186,60
-73.337731,-40.2692364,60
-73.3377698,-40.2692443,60
-73.337826,-40.2692539,60
-73.3379146,-40.2692687,60
-73.3380277,-40.2692873,60
-73.3381421,-40.2693061,60
-73.3382835,-40.2693289,60
-73.3384373,-40.2693539,60
-73.3385941,-40.2693788,60
-73.338733,-40.2694012,60
-73.3388858,-40.2694257,60
-73.3390231,-40.2694477,60
-73.339175,-40.2694723,60
-73.3393263,-40.2694964,60
-73.3394633,-40.2695188,60
-73.3396142,-40.2695434,60
-73.3397664,-40.2695686,60
-73.3399035,-40.2695911,60
-73.3400424,-40.2696145,60
-73.3401187,-40.2696352,60
-73.3401365,-40.2696434,60
-73.3401399,-40.2696458,60
-73.3401181,-40.2696659,60
-73.3400893,-40.2696933,60
-73.3400431,-40.269738,60
-73.339981,-40.2697876,60
-73.3399201,-40.269815,60
-73.3398328,-40.2698114,60
-73.339742,-40.2697985,60
-73.3396476,-40.2697826,60
-73.3395281,-40.2697633,60
-73.339389,-40.2697409,60
-73.3392601,-40.2697206,60
-73.3391498,-40.2697035,60
-73.3390723,-40.269691,60
-73.3389919,-40.2696777,60
-73.3388834,-40.2696609,60
-73.3387605,-40.2696406,60
-73.3386389,-40.2696206,60
-73.3384918,-40.2695963,60
-73.3383371,-40.2695718,60
-73.3381981,-40.2695494,60
-73.3380449,-40.2695244,60
-73.337909,-40.2695029,60
-73.3377588,-40.26948,60
-73.3376488,-40.2694705,60
-73.3375782,-40.2694885,60
-73.3375389,-40.2695331,60
-73.337512,-40.269596,60
-73.3375155,-40.2696441,60
-73.3375547,-40.2696738,60
-73.337619,-40.2696892,60
-73.3377014,-40.2697027,60
-73.3377969,-40.2697188,60
-73.3379209,-40.269739,60
-73.3380592,-40.2697617,60
-73.3381937,-40.2697839,60
-73.3383506,-40.2698089,60
-73.3385064,-40.2698341,60
-73.3386424,-40.269856,60
-73.3387902,-40.2698795,60
-73.3389437,-40.2699051,60
-73.3390818,-40.2699268,60
-73.3392343,-40.269951,60
-73.3393861,-40.2699758,60
-73.3395227,-40.2699981,60
-73.3396417,-40.2700214,60
-73.3396962,-40.2700453,60
-73.3397057,-40.2700681,60
-73.3397002,-40.2700819,60
-73.3396743,-40.2701112,60
-73.3396293,-40.2701614,60
-73.3395987,-40.2702088,60
-73.339575,-40.2702353,60
-73.3395407,-40.2702352,60
-73.3394893,-40.2702271,60
-73.3394082,-40.2702141,60
-73.3393142,-40.2701994,60
-73.3391926,-40.2701788,60
-73.339058,-40.2701563,60
-73.3389328,-40.2701358,60
-73.3387992,-40.2701161,60
-73.3387064,-40.2701008,60
-73.3386116,-40.270085,60
-73.3384828,-40.2700638,60
-73.3383405,-40.2700408,60
-73.3382034,-40.2700188,60
-73.3380479,-40.2699943,60
-73.3379095,-40.2699716,60
-73.3377556,-40.2699472,60
-73.337605,-40.2699224,60
-73.3374694,-40.2699041,60
-73.337393,-40.2699062,60
-73.337332,-40.2699393,60
-73.3372952,-40.2699934,60
-73.3372782,-40.2700458,60
-73.3372954,-40.2700894,60
-73.3373504,-40.2701132,60
-73.3374136,-40.2701244,60
-73.3375035,-40.2701402,60
-73.3376175,-40.2701588,60
-73.3377339,-40.2701779,60
-73.3378772,-40.2702017,60
-73.3380305,-40.2702267,60
-73.338171,-40.2702488,60
-73.3383246,-40.2702732,60
-73.3384718,-40.2702973,60
-73.3386056,-40.2703197,60
-73.3387522,-40.2703419,60
-73.3389033,-40.2703673,60
-73.3390439,-40.2703897,60
-73.3391964,-40.2704142,60
-73.3393382,-40.2704373,60
-73.3394426,-40.2704558,60
-73.3394906,-40.2704675,60
-73.3395089,-40.2704743,60
-73.3395237,-40.2704856,60
-73.3395443,-40.2705205,60
-73.3395458,-40.2705785,60
-73.3395321,-40.2706347,60
-73.3394988,-40.270673,60
-73.3394319,-40.2706826,60
-73.3393667,-40.2706759,60
-73.3392803,-40.2706625,60
-73.3391757,-40.2706451,60
-73.3390619,-40.2706278,60
-73.3389643,-40.2706116,60
-73.3388451,-40.2705916,60
-73.3387343,-40.2705739,60
-73.3386085,-40.2705543,60
-73.3384843,-40.2705334,60
-73.3383601,-40.2705133,60
-73.3382087,-40.2704889,60
-73.3380524,-40.270464,60
-73.3379129,-40.2704419,60
-73.3377598,-40.2704171,60
-73.3376074,-40.2703927,60
-73.3374701,-40.2703703,60
-73.3373191,-40.2703462,60
-73.3372057,-40.2703365,60
-73.3371434,-40.2703486,60
-73.3370995,-40.2703915,60
-73.3370761,-40.2704495,60
-73.3370754,-40.2704995,60
-73.3371145,-40.270538,60
-73.3371798,-40.2705555,60
-73.3372505,-40.2705675,60
-73.3373521,-40.2705851,60
-73.3374742,-40.2706053,60
-73.3375977,-40.2706255,60
-73.3377471,-40.2706497,60
-73.3379031,-40.2706748,60
-73.3380435,-40.2706967,60
-73.3381966,-40.270722,60
-73.3383488,-40.2707463,60
-73.3384817,-40.2707675,60
-73.3386321,-40.2707922,60
-73.3387786,-40.2708155,60
-73.3389011,-40.2708356,60
-73.3390471,-40.2708599,60
-73.3391841,-40.2708823,60
-73.3392843,-40.2708974,60
-73.3393735,-40.2709137,60
-73.3394275,-40.2709262,60
-73.3394401,-40.2709307,60
-73.3394533,-40.2709375,60
-73.3394684,-40.270952,60
-73.3394826,-40.2709847,60
-73.3394815,-40.2710442,60
-73.3394711,-40.271101,60
-73.3394345,-40.2711306,60
-73.3393706,-40.2711421,60
-73.3392993,-40.2711343,60
-73.3392193,-40.2711218,60
-73.3391179,-40.2711049,60
-73.3390084,-40.2710872,60
-73.3389066,-40.2710713,60
-73.3387887,-40.2710519,60
-73.3386663,-40.2710323,60
-73.3385703,-40.2710171,60
-73.3384664,-40.2709997,60
-73.3383467,-40.2709811,60
-73.3382249,-40.2709611,60
-73.3380814,-40.2709371,60
-73.337929,-40.2709123,60
-73.3377889,-40.2708901,60
-73.3376337,-40.2708657,60
-73.3374819,-40.2708411,60
-73.3373464,-40.2708192,60
-73.3371939,-40.2707942,60
-73.3370726,-40.2707783,60
-73.3369906,-40.2707815,60
-73.3369371,-40.2708166,60
-73.3369092,-40.27087,60
-73.3368986,-40.2709242,60
-73.336924,-40.2709683,60
-73.3369769,-40.2709911,60
-73.3370497,-40.2710046,60
-73.3371448,-40.2710199,60
-73.3372497,-40.2710376,60
-73.3374682,-40.2710737,60
-73.3375278,-40.2710835,60
-73.3376812,-40.2711083,60
-73.3378213,-40.2711303,60
-73.3379751,-40.2711544,60
-73.3381089,-40.2711763,60
-73.33826,-40.2712014,60
-73.3384126,-40.2712259,60
-73.3385399,-40.2712456,60
-73.3386572,-40.2712656,60
-73.3388065,-40.271291,60
-73.3389487,-40.2713139,60
-73.3391046,-40.2713385,60
-73.3392547,-40.2713631,60
-73.33936,-40.2713858,60
-73.3394078,-40.2714068,60
-73.3394156,-40.2714099,60
-73.3394172,-40.2714114,60
-73.3394266,-40.2714239,60
-73.3394399,-40.2714623,60
-73.3394398,-40.2715163,60
-73.3394258,-40.2715763,60
-73.3393918,-40.2716078,60
-73.3393205,-40.2716056,60
-73.3392544,-40.2715961,60
-73.3391587,-40.2715808,60
-73.339043,-40.2715616,60
-73.3389322,-40.2715437,60
-73.3388083,-40.2715234,60
-73.3386803,-40.2715029,60
-73.3385588,-40.2714839,60
-73.3384317,-40.2714634,60
-73.3383143,-40.2714441,60
-73.3381717,-40.2714211,60
-73.3380266,-40.271397,60
-73.3378724,-40.2713721,60
-73.3377332,-40.2713506,60
-73.3375786,-40.2713258,60
-73.3374414,-40.2713036,60
-73.3372905,-40.2712795,60
-73.3371387,-40.2712547,60
-73.3370279,-40.2712413,60
-73.3369634,-40.2712455,60
-73.336939,-40.2712749,60
-73.3369498,-40.2713107,60
-73.3369761,-40.2713549,60
-73.3370214,-40.271414,60
-73.3370924,-40.2714654,60
-73.3371974,-40.2714989,60
-73.3373144,-40.2715171,60
-73.3374472,-40.2715394,60
-73.3375786,-40.2715604,60
-73.3377323,-40.2715849,60
-73.3378869,-40.2716092,60
-73.3380226,-40.2716311,60
-73.3381724,-40.2716557,60
-73.3383257,-40.2716805,60
-73.3384409,-40.2716991,60
-73.3385746,-40.2717212,60
-73.338709,-40.2717435,60
-73.3388637,-40.2717683,60
-73.33901,-40.2717909,60
-73.3391176,-40.2718083,60
-73.3392096,-40.2718239,60
-73.3392649,-40.2718329,60
-73.3393128,-40.2718415,60
-73.3393493,-40.2718489,60
-73.339382,-40.271863,60
-73.3394117,-40.271891,60
-73.3394273,-40.2719394,60
-73.3394248,-40.2720074,60
-73.3394063,-40.2720532,60
-73.3393585,-40.2720725,60
-73.3392921,-40.2720706,60
-73.3392143,-40.2720592,60
-73.3391233,-40.2720446,60
-73.339004,-40.2720247,60
-73.3388741,-40.2720029,60
-73.3387625,-40.271986,60
-73.3386554,-40.271969,60
-73.3385528,-40.2719521,60
-73.3384486,-40.2719354,60
-73.3383158,-40.2719128,60
-73.3381679,-40.2718888,60
-73.3380281,-40.2718665,60
-73.337872,-40.2718423,60
-73.3377179,-40.2718179,60
-73.33758,-40.2717958,60
-73.3374306,-40.2717724,60
-73.3373297,-40.2717626,60
-73.337278,-40.2717748,60
-73.3372648,-40.2718094,60
-73.3372848,-40.2718493,60
-73.3373128,-40.2718943,60
-73.3373685,-40.2719559,60
-73.3374485,-40.2720012,60
-73.3375588,-40.2720263,60
-73.3376804,-40.2720458,60
-73.3378163,-40.2720679,60
-73.3379509,-40.2720903,60
</coordinates></LineString>
</Placemark>
<Placemark>
<name>DJI_202603261002_001_ELDESCANSO021_Timestamp.MRK</name>
<description>Equipo: M3E | Fecha: 26-03-2026 | Puntos: 199</description>
<styleUrl>#m3e</styleUrl>
<LineString><altitudeMode>relativeToGround</altitudeMode><coordinates>
-73.3380555,-40.2721065,60
-73.3380974,-40.2721133,60
-73.3381632,-40.2721246,60
-73.3382597,-40.2721401,60
-73.3383769,-40.2721586,60
-73.3384953,-40.2721784,60
-73.3386403,-40.2722023,60
-73.3387952,-40.2722273,60
-73.3389281,-40.2722473,60
-73.3390794,-40.272273,60
-73.3392333,-40.2722976,60
-73.3393683,-40.2723204,60
-73.3394791,-40.2723443,60
-73.3395593,-40.2723902,60
-73.3396075,-40.2724508,60
-73.3396379,-40.2725174,60
-73.3396432,-40.272559,60
-73.33961,-40.2725791,60
-73.3395536,-40.2725819,60
-73.3394873,-40.2725722,60
-73.3394066,-40.2725594,60
-73.3392956,-40.2725413,60
-73.3391657,-40.2725197,60
-73.3390385,-40.2724993,60
-73.3388889,-40.2724752,60
-73.3387519,-40.2724541,60
-73.3386403,-40.272436,60
-73.3385103,-40.272414,60
-73.3383637,-40.2723903,60
-73.3382225,-40.2723674,60
-73.3380657,-40.272343,60
-73.337913,-40.2723187,60
-73.337775,-40.2722964,60
-73.3376499,-40.2722814,60
-73.3375901,-40.2722897,60
-73.3375776,-40.2723151,60
-73.3375963,-40.2723525,60
-73.337625,-40.2724008,60
-73.3376625,-40.2724668,60
-73.3376945,-40.2725095,60
-73.3377392,-40.2725231,60
-73.3377951,-40.2725331,60
-73.3378822,-40.272548,60
-73.3379923,-40.2725661,60
-73.3381086,-40.2725853,60
-73.3382521,-40.2726086,60
-73.3384027,-40.2726326,60
-73.3385401,-40.2726542,60
-73.3386889,-40.2726783,60
-73.3388421,-40.2727033,60
-73.3389815,-40.2727259,60
-73.3391302,-40.2727491,60
-73.3392818,-40.272774,60
-73.3394082,-40.2727938,60
-73.3395147,-40.2728105,60
-73.3395854,-40.2728228,60
-73.3396192,-40.2728287,60
-73.3396477,-40.272836,60
-73.3396646,-40.2728426,60
-73.3396937,-40.2728617,60
-73.3397207,-40.2728935,60
-73.3397371,-40.2729505,60
-73.3397419,-40.2730052,60
-73.3397257,-40.2730425,60
-73.3396755,-40.2730642,60
-73.3396193,-40.2730619,60
-73.3395447,-40.2730508,60
-73.3394477,-40.2730348,60
-73.339342,-40.2730176,60
-73.3391648,-40.2729882,60
-73.3390628,-40.2729713,60
-73.3389251,-40.2729494,60
-73.3387925,-40.2729294,60
-73.3386879,-40.2729129,60
-73.3386035,-40.2728992,60
-73.3384913,-40.2728805,60
-73.338362,-40.2728601,60
-73.3382219,-40.2728371,60
-73.338087,-40.272815,60
-73.3379346,-40.272792,60
-73.3378276,-40.2727834,60
-73.3377798,-40.2727979,60
-73.3377596,-40.2728376,60
-73.337766,-40.2728803,60
-73.3377872,-40.2729393,60
-73.3378454,-40.2729954,60
-73.3379206,-40.2730212,60
-73.3380165,-40.273038,60
-73.3381299,-40.2730573,60
-73.338249,-40.273077,60
-73.3383932,-40.2731005,60
-73.3385488,-40.2731256,60
-73.3386886,-40.2731476,60
-73.3388396,-40.2731717,60
-73.3389924,-40.2731966,60
-73.3391302,-40.2732188,60
-73.3392783,-40.273243,60
-73.339427,-40.2732673,60
-73.3395405,-40.27329,60
-73.3395904,-40.2733104,60
-73.3396068,-40.2733311,60
-73.3396007,-40.2733577,60
-73.3395652,-40.2733967,60
-73.3395157,-40.2734399,60
-73.3394417,-40.2734752,60
-73.3393436,-40.2734838,60
-73.3392425,-40.2734703,60
-73.3391266,-40.2734514,60
-73.3390065,-40.2734319,60
-73.3388639,-40.2734081,60
-73.3387438,-40.273391,60
-73.3386609,-40.2733774,60
-73.3385751,-40.273363,60
-73.338453,-40.2733428,60
-73.3383299,-40.2733225,60
-73.3381812,-40.2732984,60
-73.3380323,-40.273278,60
-73.3379423,-40.273271,60
-73.3378899,-40.2732877,60
-73.3378774,-40.2733271,60
-73.3378899,-40.2733797,60
-73.3379183,-40.2734414,60
-73.3379759,-40.2734888,60
-73.3380618,-40.2735133,60
-73.3381609,-40.2735303,60
-73.3382659,-40.2735482,60
-73.3383999,-40.2735705,60
-73.338548,-40.2735949,60
-73.3387001,-40.2736191,60
-73.3388181,-40.2736369,60
-73.3389499,-40.273658,60
-73.3390864,-40.2736823,60
-73.3392449,-40.2737075,60
-73.3393807,-40.2737281,60
-73.3394619,-40.2737415,60
-73.3395167,-40.2737506,60
-73.3395691,-40.273761,60
-73.339617,-40.2737824,60
-73.339657,-40.2738299,60
-73.3396679,-40.2738803,60
-73.3396642,-40.2739362,60
-73.3396394,-40.2739759,60
-73.3395839,-40.2739905,60
-73.3395244,-40.2739844,60
-73.3394418,-40.2739722,60
-73.3393363,-40.2739551,60
-73.339227,-40.2739369,60
-73.3390998,-40.2739161,60
-73.3389629,-40.2738936,60
-73.3388208,-40.2738709,60
-73.3387164,-40.2738549,60
-73.3386239,-40.2738396,60
-73.3385262,-40.2738243,60
-73.3384004,-40.2738041,60
-73.338263,-40.2737817,60
-73.3381279,-40.2737631,60
-73.3380508,-40.2737621,60
-73.3380123,-40.2737889,60
-73.3380134,-40.2738296,60
-73.3380317,-40.2738806,60
-73.33807,-40.2739427,60
-73.338137,-40.2739879,60
-73.3382337,-40.2740115,60
-73.3383405,-40.2740289,60
-73.3384533,-40.2740475,60
-73.3385907,-40.2740707,60
-73.3387385,-40.2740943,60
-73.3388894,-40.2741192,60
-73.3390312,-40.2741417,60
-73.3391865,-40.2741659,60
-73.3393376,-40.2741907,60
-73.3394405,-40.274212,60
-73.3394942,-40.2742393,60
-73.3395027,-40.2742746,60
-73.3394799,-40.2743075,60
-73.3394294,-40.2743584,60
-73.3393497,-40.2743999,60
-73.3392672,-40.2744075,60
-73.3391741,-40.2743975,60
-73.3390632,-40.27438,60
-73.338945,-40.2743606,60
-73.3388076,-40.274338,60
-73.3386772,-40.2743172,60
-73.338549,-40.2742977,60
-73.3384458,-40.2742803,60
-73.3383343,-40.274266,60
-73.3382695,-40.2742665,60
-73.3382336,-40.2742943,60
-73.3382356,-40.2743365,60
-73.338254,-40.2743778,60
-73.3382918,-40.2744371,60
-73.3383681,-40.2744924,60
-73.3384599,-40.2745188,60
-73.3385712,-40.2745365,60
-73.3386995,-40.2745571,60
-73.3388032,-40.2745724,60
-73.3388616,-40.2745824,60
-73.3388878,-40.2745865,60
-73.3388953,-40.2745875,60
</coordinates></LineString>
</Placemark>
<Placemark>
<name>DJI_202603261002_002_ELDESCANSO020_Timestamp.MRK</name>
<description>Equipo: M3E | Fecha: 26-03-2026 | Puntos: 548</description>
<styleUrl>#m3e</styleUrl>
<LineString><altitudeMode>relativeToGround</altitudeMode><coordinates>
-73.3390046,-40.2746554,60
-73.3390047,-40.2746883,60
-73.3390048,-40.2747393,60
-73.3390048,-40.2748148,60
-73.3390048,-40.2749052,60
-73.3390037,-40.2749928,60
-73.3389834,-40.2750995,60
-73.3389294,-40.2751986,60
-73.3388602,-40.2752799,60
-73.3387885,-40.2753527,60
-73.3387446,-40.2753828,60
-73.3387155,-40.2753762,60
-73.3387053,-40.2753446,60
-73.3387036,-40.2753021,60
-73.3387028,-40.2752457,60
-73.3387026,-40.2751648,60
-73.3387026,-40.2750702,60
-73.3387025,-40.2749736,60
-73.3387023,-40.2748577,60
-73.3387024,-40.2747353,60
-73.3387028,-40.274626,60
-73.3387027,-40.2745067,60
-73.338702,-40.2743912,60
-73.3387019,-40.2742717,60
-73.3386955,-40.2741625,60
-73.3386752,-40.2740479,60
-73.3386489,-40.2739424,60
-73.3386182,-40.2738238,60
-73.3385888,-40.273708,60
-73.3385578,-40.2735912,60
-73.3385308,-40.273486,60
-73.3385006,-40.273369,60
-73.3384734,-40.2732646,60
-73.3384429,-40.2731542,60
-73.3384177,-40.2730845,60
-73.3383971,-40.2730705,60
-73.3383995,-40.2730882,60
-73.3384035,-40.2731161,60
-73.3384031,-40.2731559,60
-73.3384026,-40.2732213,60
-73.3384028,-40.2733038,60
-73.3384024,-40.273399,60
-73.3384029,-40.2734922,60
-73.3384027,-40.273605,60
-73.3384023,-40.273713,60
-73.3384029,-40.2738346,60
-73.3384027,-40.2739555,60
-73.3384022,-40.2740744,60
-73.338402,-40.2741811,60
-73.3384022,-40.274299,60
-73.3384019,-40.2744059,60
-73.3384019,-40.2745238,60
-73.3384023,-40.2746421,60
-73.3384019,-40.2747607,60
-73.3384024,-40.2748677,60
-73.3384022,-40.2749859,60
-73.3384019,-40.2751057,60
-73.3384023,-40.2752119,60
-73.3384019,-40.2753245,60
-73.3383918,-40.2753891,60
-73.3383764,-40.2754159,60
-73.3383395,-40.2754213,60
-73.3383016,-40.2754423,60
-73.3382642,-40.2754771,60
-73.3382479,-40.2755243,60
-73.3382651,-40.2755671,60
-73.3382974,-40.2756193,60
-73.3383409,-40.2756893,60
-73.3383784,-40.2757654,60
-73.3383982,-40.2758507,60
-73.3384024,-40.2759425,60
-73.3384027,-40.2760464,60
-73.3384023,-40.2761469,60
-73.3384023,-40.2762653,60
-73.3384022,-40.2763764,60
-73.3384027,-40.2764981,60
-73.3384027,-40.2766178,60
-73.3384026,-40.2767309,60
-73.3384056,-40.2768226,60
-73.3384163,-40.2768885,60
-73.3384437,-40.2769147,60
-73.3384802,-40.2769202,60
-73.3384996,-40.2769163,60
-73.3385398,-40.2769009,60
-73.338601,-40.2768761,60
-73.3386743,-40.2768376,60
-73.338716,-40.2768078,60
-73.3387151,-40.2767781,60
-73.3386854,-40.2767673,60
-73.3386634,-40.2767707,60
-73.3386447,-40.2767794,60
-73.3386093,-40.2767986,60
-73.3385586,-40.2768269,60
-73.3384878,-40.2768655,60
-73.3383985,-40.2769152,60
-73.3383068,-40.2769657,60
-73.3382099,-40.277014,60
-73.3381529,-40.2770277,60
-73.338122,-40.2770192,60
-73.3381063,-40.2769836,60
-73.3381026,-40.2769353,60
-73.3381014,-40.2768783,60
-73.3381006,-40.2767965,60
-73.3381006,-40.2767037,60
-73.3381005,-40.276607,60
-73.3381007,-40.2764905,60
-73.3381008,-40.276398,60
-73.3381005,-40.2763276,60
-73.3381005,-40.2762381,60
-73.3381005,-40.276133,60
-73.3381005,-40.2760181,60
-73.3381006,-40.2759098,60
-73.3381001,-40.2757899,60
-73.3380999,-40.2756803,60
-73.3381001,-40.2755742,60
-73.3381005,-40.2754551,60
-73.3381004,-40.275347,60
-73.3381007,-40.2752271,60
-73.3381004,-40.2751076,60
-73.3381005,-40.2749886,60
-73.3381009,-40.2748819,60
-73.3381003,-40.274763,60
-73.3381005,-40.2746559,60
-73.3381009,-40.2745372,60
-73.3381006,-40.2744185,60
-73.3381005,-40.2743122,60
-73.3381003,-40.2741933,60
-73.3381003,-40.274075,60
-73.3381006,-40.273969,60
-73.3381007,-40.2738501,60
-73.3381007,-40.2737311,60
-73.338101,-40.2736127,60
-73.3381011,-40.273508,60
-73.3381007,-40.2733946,60
-73.3381005,-40.2732756,60
-73.3381004,-40.2731674,60
-73.3381007,-40.2730604,60
-73.3381005,-40.2729627,60
-73.3381015,-40.2728484,60
-73.3381016,-40.2727284,60
-73.3381014,-40.2726172,60
-73.3381012,-40.2724962,60
-73.3380971,-40.2723772,60
-73.3380682,-40.2722614,60
-73.3380184,-40.2721607,60
-73.3379588,-40.2720522,60
-73.337896,-40.2719453,60
-73.3378503,-40.2718821,60
-73.3378212,-40.2718581,60
-73.3378043,-40.2718686,60
-73.3378019,-40.2718983,60
-73.3378016,-40.2719453,60
-73.3378013,-40.2720134,60
-73.3378012,-40.2720904,60
-73.3378015,-40.2721898,60
-73.3378011,-40.2722995,60
-73.3378008,-40.2724064,60
-73.3378005,-40.2725287,60
-73.3378012,-40.2726498,60
-73.3378017,-40.2727578,60
-73.3378019,-40.2728765,60
-73.3378015,-40.272983,60
-73.3378015,-40.2731008,60
-73.3378014,-40.2732188,60
-73.3378011,-40.2733367,60
-73.3378012,-40.2734437,60
-73.3378012,-40.2735625,60
-73.3378013,-40.2736807,60
-73.3378014,-40.273788,60
-73.3378021,-40.2739073,60
-73.3378018,-40.2740144,60
-73.3378012,-40.274133,60
-73.337801,-40.2742514,60
-73.3378015,-40.2743697,60
-73.3378016,-40.2744763,60
-73.3378016,-40.274595,60
-73.337801,-40.2747019,60
-73.337801,-40.2748212,60
-73.3378009,-40.2749399,60
-73.3378005,-40.2750458,60
-73.3378008,-40.2751648,60
-73.3378009,-40.2752838,60
-73.3378011,-40.27539,60
-73.3378014,-40.2755086,60
-73.3378013,-40.2756275,60
-73.337801,-40.2757461,60
-73.3378012,-40.2758528,60
-73.3378011,-40.2759713,60
-73.3378008,-40.2760893,60
-73.3378006,-40.2761949,60
-73.3378012,-40.2763139,60
-73.3378011,-40.2764331,60
-73.3378013,-40.276531,60
-73.3378019,-40.2766172,60
-73.3378024,-40.2766695,60
-73.3378017,-40.276722,60
-73.3378006,-40.2767801,60
-73.3378004,-40.2768427,60
-73.3377993,-40.2769282,60
-73.3377904,-40.2769982,60
-73.337771,-40.2770261,60
-73.3377416,-40.2770088,60
-73.337712,-40.2769781,60
-73.3376725,-40.2769335,60
-73.3376245,-40.2768776,60
-73.3375625,-40.2768005,60
-73.3375187,-40.2767172,60
-73.3374998,-40.2766097,60
-73.3374996,-40.2764935,60
-73.3374989,-40.2763843,60
-73.3374991,-40.2762632,60
-73.3374987,-40.2761435,60
-73.3374987,-40.2760367,60
-73.3374991,-40.2759183,60
-73.3374986,-40.2757995,60
-73.3374984,-40.2756929,60
-73.3374986,-40.2755741,60
-73.3374982,-40.2754545,60
-73.3374984,-40.2753471,60
-73.3374986,-40.275228,60
-73.3374987,-40.2751094,60
-73.3374986,-40.2749904,60
-73.3374989,-40.274884,60
-73.3374989,-40.2747659,60
-73.3374989,-40.2746587,60
-73.3374988,-40.2745399,60
-73.3374988,-40.2744216,60
-73.3374987,-40.274315,60
-73.3374983,-40.2741968,60
-73.3374984,-40.2740784,60
-73.3374988,-40.2739719,60
-73.3374988,-40.2738534,60
-73.3374989,-40.2737345,60
-73.337499,-40.2736276,60
-73.3374991,-40.2735088,60
-73.3374988,-40.2733903,60
-73.3374987,-40.2732831,60
-73.3374985,-40.2731653,60
-73.3374987,-40.2730466,60
-73.3374989,-40.2729398,60
-73.3374985,-40.2728211,60
-73.3374989,-40.2727026,60
-73.337499,-40.2725961,60
-73.3374991,-40.2724776,60
-73.3374993,-40.2723596,60
-73.3374991,-40.2722525,60
-73.3374993,-40.2721336,60
-73.3374991,-40.2720152,60
-73.3374991,-40.2718962,60
-73.3374991,-40.2717894,60
-73.3374994,-40.2716711,60
-73.3374997,-40.2715641,60
-73.3374989,-40.2714452,60
-73.337486,-40.2713277,60
-73.3374446,-40.2712264,60
-73.337379,-40.2711177,60
-73.3373113,-40.2710115,60
-73.337259,-40.2709434,60
-73.3372223,-40.2709146,60
-73.3372021,-40.2709267,60
-73.3372,-40.2709557,60
-73.3371992,-40.2710032,60
-73.3371994,-40.2710721,60
-73.3371995,-40.2711482,60
-73.3371996,-40.2712474,60
-73.3371999,-40.2713554,60
-73.3371999,-40.2714618,60
-73.3372003,-40.2715842,60
-73.3372007,-40.2717053,60
-73.3372012,-40.2718249,60
-73.3372014,-40.2719318,60
-73.3372014,-40.2720507,60
-73.3372013,-40.2721572,60
-73.3372003,-40.2722755,60
-73.3372002,-40.2723936,60
-73.3372001,-40.2725004,60
-73.3371997,-40.2726188,60
-73.3371998,-40.2727371,60
-73.3371995,-40.2728441,60
-73.3371991,-40.2729625,60
-73.3371994,-40.2730806,60
-73.3371994,-40.2731881,60
-73.3372001,-40.2733075,60
-73.3371993,-40.273426,60
-73.3371985,-40.273533,60
-73.3371992,-40.273651,60
-73.3371994,-40.2737689,60
-73.3371989,-40.2738751,60
-73.337199,-40.2739938,60
-73.3371992,-40.2741129,60
-73.3371992,-40.2742196,60
-73.3371993,-40.2743379,60
-73.3371994,-40.2744568,60
-73.3372,-40.274564,60
-73.3371997,-40.2746828,60
-73.3371996,-40.2748012,60
-73.3371996,-40.2749074,60
-73.3371995,-40.2750246,60
-73.3371998,-40.2751442,60
-73.3371999,-40.2752513,60
-73.3371996,-40.2753701,60
-73.3372,-40.2754777,60
-73.3372011,-40.2755527,60
-73.3372005,-40.2756384,60
-73.3371998,-40.2757389,60
-73.3371987,-40.2758381,60
-73.337198,-40.2759562,60
-73.3371989,-40.2760775,60
-73.3371997,-40.276161,60
-73.3371964,-40.2762438,60
-73.3371865,-40.2762935,60
-73.337163,-40.2763061,60
-73.3371351,-40.2762894,60
-73.3371069,-40.2762584,60
-73.3370716,-40.2762137,60
-73.3370195,-40.2761472,60
-73.336959,-40.2760664,60
-73.3369165,-40.2759802,60
-73.3368987,-40.2758704,60
-73.3368979,-40.2757511,60
-73.336898,-40.2756419,60
-73.3368977,-40.2755236,60
-73.3368978,-40.2754043,60
-73.3368976,-40.2752974,60
-73.3368981,-40.2751783,60
-73.336898,-40.2750596,60
-73.3368974,-40.2749526,60
-73.3368973,-40.274834,60
-73.3368971,-40.2747162,60
-73.3368968,-40.2746092,60
-73.3368969,-40.2744905,60
-73.3368971,-40.2743721,60
-73.3368972,-40.2742656,60
-73.3368971,-40.2741464,60
-73.3368971,-40.2740275,60
-73.3368972,-40.2739204,60
-73.3368974,-40.2738011,60
-73.3368975,-40.2736827,60
-73.3368975,-40.2735758,60
-73.336897,-40.2734567,60
-73.3368976,-40.2733383,60
-73.3368974,-40.2732313,60
-73.3368979,-40.273114,60
-73.3368974,-40.2729944,60
-73.3368975,-40.2728868,60
-73.3368979,-40.272768,60
-73.3368978,-40.2726493,60
-73.3368978,-40.2725424,60
-73.3368975,-40.2724241,60
-73.3368974,-40.2723051,60
-73.3368978,-40.2721983,60
-73.3368975,-40.2720793,60
-73.3368976,-40.2719609,60
-73.3368976,-40.2718542,60
-73.3368976,-40.271736,60
-73.3368978,-40.2716182,60
-73.336898,-40.2715116,60
-73.3368982,-40.2713931,60
-73.3368981,-40.2712739,60
-73.3368983,-40.2711665,60
-73.3368981,-40.2710481,60
-73.3368984,-40.270929,60
-73.3368975,-40.2708217,60
-73.3368982,-40.270703,60
-73.3368983,-40.2705844,60
-73.3368959,-40.2704843,60
-73.3368812,-40.2704144,60
-73.3368371,-40.2703787,60
-73.3367752,-40.27037,60
-73.3366967,-40.2703739,60
-73.3366317,-40.2703971,60
-73.3366043,-40.2704398,60
-73.336598,-40.2704966,60
-73.3365978,-40.2705668,60
-73.3365981,-40.2706446,60
-73.3365981,-40.2707445,60
-73.3365981,-40.2708449,60
-73.3365978,-40.2709644,60
-73.3365979,-40.2710864,60
-73.3365977,-40.2712067,60
-73.3365983,-40.2713142,60
-73.3365985,-40.271433,60
-73.3365988,-40.2715513,60
-73.3365991,-40.2716578,60
-73.336599,-40.2717766,60
-73.3365988,-40.2718837,60
-73.3365983,-40.2720022,60
-73.3365982,-40.2721202,60
-73.3365981,-40.2722385,60
-73.3365982,-40.2723462,60
-73.336598,-40.2724651,60
-73.3365984,-40.272583,60
-73.3365981,-40.2726898,60
-73.3365987,-40.2728085,60
-73.336599,-40.2729146,60
-73.3365984,-40.2730338,60
-73.3365983,-40.2731537,60
-73.3365979,-40.2732598,60
-73.3365979,-40.2733778,60
-73.3365983,-40.2734967,60
-73.3365979,-40.2736155,60
-73.336598,-40.2737221,60
-73.3365979,-40.2738417,60
-73.3365977,-40.2739606,60
-73.3365978,-40.2740669,60
-73.3365981,-40.2741835,60
-73.3365982,-40.2742909,60
-73.3365981,-40.2744071,60
-73.3365981,-40.2745116,60
-73.3365983,-40.2746087,60
-73.3365981,-40.2747243,60
-73.3365985,-40.2748434,60
-73.3365976,-40.2749655,60
-73.3365977,-40.275074,60
-73.3365976,-40.2751836,60
-73.3365982,-40.275284,60
-73.3365985,-40.2753807,60
-73.3365914,-40.2754657,60
-73.3365777,-40.2754998,60
-73.3365494,-40.275497,60
-73.3365256,-40.2754708,60
-73.3364957,-40.2754302,60
-73.3364559,-40.2753771,60
-73.3364024,-40.2753021,60
-73.3363489,-40.2752231,60
-73.336308,-40.2751209,60
-73.3362971,-40.2750062,60
-73.3362962,-40.2748849,60
-73.3362961,-40.2747755,60
-73.336296,-40.274657,60
-73.3362957,-40.2745508,60
-73.3362956,-40.2744346,60
-73.3362958,-40.2743137,60
-73.3362956,-40.2742052,60
-73.3362956,-40.274086,60
-73.3362956,-40.2739667,60
-73.3362957,-40.2738602,60
-73.336296,-40.2737416,60
-73.3362961,-40.2736229,60
-73.3362963,-40.2735162,60
-73.3362962,-40.2733973,60
-73.3362963,-40.2732782,60
-73.3362963,-40.2731717,60
-73.3362962,-40.2730533,60
-73.3362964,-40.272934,60
-73.3362962,-40.272827,60
-73.3362963,-40.2727089,60
-73.3362961,-40.27259,60
-73.3362968,-40.2724836,60
-73.3362963,-40.2723645,60
-73.3362966,-40.2722461,60
-73.3362965,-40.2721394,60
-73.3362967,-40.2720208,60
-73.3362962,-40.2719017,60
-73.3362964,-40.2717945,60
-73.3362963,-40.2716761,60
-73.3362965,-40.2715576,60
-73.3362961,-40.2714507,60
-73.3362963,-40.2713322,60
-73.3362963,-40.2712141,60
-73.3362968,-40.2710956,60
-73.3362969,-40.2709884,60
-73.3362965,-40.2708697,60
-73.336297,-40.2707627,60
-73.3362967,-40.2706441,60
-73.3362925,-40.2705391,60
-73.3362757,-40.2704873,60
-73.3362294,-40.2704637,60
-73.336168,-40.2704671,60
-73.3361043,-40.2704811,60
-73.3360337,-40.2705187,60
-73.3360016,-40.2705761,60
-73.3359973,-40.2706352,60
-73.3359969,-40.2707133,60
-73.3359969,-40.2708059,60
-73.3359969,-40.2709008,60
-73.335997,-40.2710161,60
-73.3359968,-40.2711383,60
-73.3359967,-40.2712483,60
-73.3359969,-40.2713693,60
-73.3359971,-40.2714878,60
-73.3359971,-40.2715938,60
-73.3359975,-40.2717119,60
-73.3359972,-40.2718297,60
-73.3359967,-40.2719357,60
-73.3359965,-40.272055,60
-73.335997,-40.2721621,60
-73.3359973,-40.2722807,60
-73.3359973,-40.2723999,60
-73.3359971,-40.2725185,60
-73.3359969,-40.2726259,60
-73.3359967,-40.2727444,60
-73.3359969,-40.2728508,60
-73.3359967,-40.2729702,60
-73.3359972,-40.2730885,60
-73.335997,-40.2732073,60
-73.3359968,-40.2733146,60
-73.3359971,-40.2734335,60
-73.3359971,-40.2735514,60
-73.3359969,-40.2736582,60
-73.3359967,-40.2737772,60
-73.3359968,-40.2738838,60
-73.3359966,-40.2740022,60
-73.3359969,-40.2741216,60
-73.3359971,-40.2742274,60
-73.3359972,-40.2743432,60
-73.3359969,-40.2744619,60
-73.3359944,-40.2745544,60
-73.3359834,-40.2746092,60
-73.3359636,-40.2746189,60
-73.3359418,-40.2745974,60
-73.3359232,-40.2745665,60
-73.3358914,-40.274513,60
-73.3358501,-40.2744407,60
-73.3358059,-40.2743633,60
-73.3357519,-40.2742664,60
-73.3357125,-40.2741693,60
-73.3356968,-40.2740508,60
-73.3356952,-40.2739303,60
-73.3356945,-40.2738102,60
-73.3356944,-40.2737029,60
-73.3356948,-40.273584,60
-73.3356948,-40.273465,60
-73.3356948,-40.2733584,60
-73.3356949,-40.2732397,60
-73.3356949,-40.2731323,60
-73.3356948,-40.2730133,60
-73.335695,-40.272895,60
-73.3356949,-40.2727884,60
-73.3356948,-40.2726697,60
-73.3356951,-40.2725514,60
-73.3356952,-40.2724445,60
-73.335695,-40.2723259,60
-73.3356953,-40.2722071,60
-73.3356951,-40.2720999,60
-73.3356948,-40.2719812,60
-73.335695,-40.2718626,60
-73.3356951,-40.2717436,60
-73.3356951,-40.2716365,60
-73.3356949,-40.2715183,60
-73.3356948,-40.2714107,60
-73.3356949,-40.2712919,60
-73.335695,-40.2711742,60
-73.3356946,-40.2710687,60
-73.3356948,-40.2709882,60
-73.3356946,-40.2709519,60
-73.3356944,-40.2709362,60
-73.3356946,-40.2709312,60
</coordinates></LineString>
</Placemark>
<Placemark>
<name>DJI_202603261002_003_ELDESCANSO019_Timestamp.MRK</name>
<description>Equipo: M3E | Fecha: 26-03-2026 | Puntos: 474</description>
<styleUrl>#m3e</styleUrl>
<LineString><altitudeMode>relativeToGround</altitudeMode><coordinates>
-73.3366512,-40.275577,60
-73.3366508,-40.2755546,60
-73.3366511,-40.2755055,60
-73.3366508,-40.2754344,60
-73.3366504,-40.2753564,60
-73.3366504,-40.2752576,60
-73.3366501,-40.2751474,60
-73.3366462,-40.2750415,60
-73.3366202,-40.2749211,60
-73.3365707,-40.2748066,60
-73.3365201,-40.2747065,60
-73.3364639,-40.2745965,60
-73.3364109,-40.274502,60
-73.3363721,-40.2744558,60
-73.3363506,-40.2744566,60
-73.3363496,-40.2744849,60
-73.3363508,-40.2745212,60
-73.3363506,-40.2745789,60
-73.3363507,-40.2746559,60
-73.3363504,-40.2747384,60
-73.3363504,-40.2748425,60
-73.3363501,-40.2749572,60
-73.3363498,-40.2750662,60
-73.3363498,-40.2751885,60
-73.3363499,-40.2753087,60
-73.33635,-40.275428,60
-73.3363501,-40.275534,60
-73.3363502,-40.275652,60
-73.3363478,-40.2757491,60
-73.3363324,-40.2758142,60
-73.3362855,-40.2758458,60
-73.3362241,-40.2758526,60
-73.3361457,-40.2758544,60
-73.3360833,-40.2758744,60
-73.3360554,-40.2759139,60
-73.33605,-40.2759677,60
-73.3360349,-40.2760292,60
-73.3359907,-40.2760728,60
-73.3359166,-40.2760994,60
-73.3358346,-40.2761119,60
-73.3357835,-40.276103,60
-73.3357547,-40.2760634,60
-73.3357495,-40.2760124,60
-73.3357483,-40.2759481,60
-73.3357484,-40.2758726,60
-73.3357485,-40.275774,60
-73.3357481,-40.2756763,60
-73.3357479,-40.275561,60
-73.335748,-40.2754452,60
-73.3357479,-40.2753586,60
-73.3357474,-40.275248,60
-73.3357479,-40.2751259,60
-73.3357478,-40.2750149,60
-73.3357477,-40.2748937,60
-73.3357477,-40.2747738,60
-73.3357476,-40.274666,60
-73.3357472,-40.2745466,60
-73.3357477,-40.2744276,60
-73.3357476,-40.2743202,60
-73.335748,-40.2742012,60
-73.3357483,-40.2740834,60
-73.3357486,-40.2739788,60
-73.3357483,-40.2738596,60
-73.3357483,-40.2737397,60
-73.3357484,-40.2736323,60
-73.3357481,-40.2735157,60
-73.3357482,-40.2734006,60
-73.3357486,-40.2732934,60
-73.3357487,-40.2731732,60
-73.3357487,-40.273054,60
-73.3357486,-40.2729469,60
-73.3357485,-40.2728279,60
-73.3357484,-40.2727097,60
-73.3357482,-40.2725916,60
-73.3357485,-40.2724853,60
-73.3357484,-40.2723669,60
-73.3357481,-40.2722602,60
-73.3357483,-40.2721413,60
-73.3357481,-40.2720225,60
-73.3357482,-40.2719155,60
-73.3357482,-40.2717967,60
-73.335748,-40.2716784,60
-73.3357484,-40.2715714,60
-73.3357484,-40.2714524,60
-73.3357481,-40.271334,60
-73.3357482,-40.2712156,60
-73.3357484,-40.2711089,60
-73.3357485,-40.2709905,60
-73.3357487,-40.2708835,60
-73.3357483,-40.2707649,60
-73.3357486,-40.2706467,60
-73.3357485,-40.2705394,60
-73.3357483,-40.2704209,60
-73.3357485,-40.270302,60
-73.3357465,-40.2701955,60
-73.3357286,-40.2701009,60
-73.3356703,-40.270028,60
-73.3355927,-40.2699762,60
-73.335521,-40.2699419,60
-73.3354767,-40.2699452,60
-73.3354529,-40.2699728,60
-73.3354489,-40.2700154,60
-73.3354491,-40.2700727,60
-73.3354488,-40.2701409,60
-73.3354487,-40.2702322,60
-73.3354489,-40.2703366,60
-73.3354487,-40.2704404,60
-73.3354484,-40.2705636,60
-73.3354484,-40.2706842,60
-73.3354491,-40.2707934,60
-73.3354494,-40.270912,60
-73.3354499,-40.2710312,60
-73.3354496,-40.2711372,60
-73.3354492,-40.2712561,60
-73.3354491,-40.2713748,60
-73.3354492,-40.2714808,60
-73.3354489,-40.2715987,60
-73.3354495,-40.2717173,60
-73.3354491,-40.2718241,60
-73.3354491,-40.2719426,60
-73.3354484,-40.2720608,60
-73.3354487,-40.272167,60
-73.3354483,-40.2722857,60
-73.3354481,-40.2724039,60
-73.3354478,-40.2725108,60
-73.3354481,-40.2726292,60
-73.3354482,-40.2727367,60
-73.3354479,-40.2728555,60
-73.3354487,-40.2729743,60
-73.3354489,-40.2730933,60
-73.3354487,-40.2731998,60
-73.3354485,-40.2733187,60
-73.3354488,-40.2734371,60
-73.3354487,-40.2735435,60
-73.3354486,-40.2736621,60
-73.3354485,-40.2737802,60
-73.3354489,-40.2738868,60
-73.3354488,-40.2740057,60
-73.3354485,-40.2741258,60
-73.3354486,-40.2742319,60
-73.3354482,-40.2743511,60
-73.3354481,-40.27447,60
-73.3354483,-40.2745764,60
-73.3354482,-40.2746943,60
-73.3354479,-40.2747996,60
-73.3354485,-40.2749181,60
-73.3354485,-40.2750367,60
-73.3354485,-40.2751559,60
-73.3354486,-40.2752626,60
-73.3354481,-40.275376,60
-73.3354485,-40.275485,60
-73.3354484,-40.2755798,60
-73.3354484,-40.2756905,60
-73.3354484,-40.2757866,60
-73.335448,-40.2758793,60
-73.3354444,-40.2759794,60
-73.335434,-40.2760323,60
-73.3354151,-40.2760423,60
-73.3353886,-40.2760234,60
-73.3353668,-40.2759948,60
-73.3353323,-40.2759436,60
-73.3352864,-40.2758742,60
-73.3352367,-40.2757996,60
-73.3351819,-40.2757041,60
-73.3351519,-40.2755953,60
-73.3351471,-40.2754888,60
-73.3351464,-40.2753669,60
-73.3351463,-40.2752478,60
-73.3351464,-40.2751284,60
-73.3351458,-40.2750206,60
-73.335146,-40.2749021,60
-73.3351454,-40.2747859,60
-73.3351457,-40.274678,60
-73.3351461,-40.2745588,60
-73.3351461,-40.2744399,60
-73.3351455,-40.2743342,60
-73.3351456,-40.2742152,60
-73.3351461,-40.2740967,60
-73.3351461,-40.2739901,60
-73.3351465,-40.273871,60
-73.3351462,-40.2737521,60
-73.3351462,-40.273645,60
-73.3351462,-40.2735273,60
-73.3351461,-40.2734199,60
-73.3351465,-40.2733006,60
-73.3351464,-40.2731819,60
-73.3351463,-40.2730753,60
-73.3351461,-40.2729563,60
-73.3351463,-40.2728379,60
-73.3351464,-40.2727189,60
-73.3351465,-40.2726122,60
-73.3351467,-40.2724936,60
-73.3351466,-40.2723748,60
-73.3351465,-40.272268,60
-73.3351468,-40.2721497,60
-73.3351468,-40.2720427,60
-73.3351468,-40.2719242,60
-73.3351468,-40.2718057,60
-73.3351471,-40.271687,60
-73.3351472,-40.2715795,60
-73.3351471,-40.2714613,60
-73.3351473,-40.2713548,60
-73.3351475,-40.2712366,60
-73.3351477,-40.2711181,60
-73.3351477,-40.2710122,60
-73.3351474,-40.2708939,60
-73.3351471,-40.2707747,60
-73.3351469,-40.2706679,60
-73.3351466,-40.2705498,60
-73.3351471,-40.270431,60
-73.3351467,-40.2703243,60
-73.335147,-40.2702056,60
-73.335147,-40.2700872,60
-73.3351468,-40.2699688,60
-73.3351462,-40.2698622,60
-73.3351374,-40.269766,60
-73.3351022,-40.2697067,60
-73.33504,-40.2696713,60
-73.3349547,-40.2696495,60
-73.3348981,-40.2696482,60
-73.3348573,-40.269678,60
-73.3348472,-40.2697247,60
-73.3348467,-40.2697757,60
-73.3348467,-40.2698506,60
-73.3348469,-40.2699415,60
-73.3348475,-40.2700344,60
-73.3348472,-40.2701482,60
-73.3348474,-40.2702692,60
-73.3348478,-40.2703799,60
-73.3348473,-40.2705106,60
-73.3348473,-40.2706192,60
-73.334847,-40.270738,60
-73.3348471,-40.2708436,60
-73.3348475,-40.270962,60
-73.3348472,-40.2710678,60
-73.3348472,-40.271186,60
-73.3348474,-40.2713045,60
-73.3348473,-40.2714233,60
-73.3348475,-40.2715301,60
-73.3348475,-40.2716492,60
-73.3348474,-40.2717561,60
-73.3348474,-40.2718747,60
-73.334847,-40.2719928,60
-73.334847,-40.2720993,60
-73.3348469,-40.2722183,60
-73.3348469,-40.2723367,60
-73.3348469,-40.2724437,60
-73.3348472,-40.2725625,60
-73.3348472,-40.2726812,60
-73.3348474,-40.2727882,60
-73.3348476,-40.2729058,60
-73.3348481,-40.2730241,60
-73.3348478,-40.2731313,60
-73.3348472,-40.2732495,60
-73.3348469,-40.2733674,60
-73.3348468,-40.2734744,60
-73.3348465,-40.2735934,60
-73.3348461,-40.2737113,60
-73.3348462,-40.2738181,60
-73.3348467,-40.2739367,60
-73.3348468,-40.2740529,60
-73.334847,-40.274161,60
-73.334847,-40.2742806,60
-73.3348469,-40.2743994,60
-73.334847,-40.2745051,60
-73.3348465,-40.2746247,60
-73.334847,-40.2747324,60
-73.3348463,-40.2748316,60
-73.3348372,-40.2749075,60
-73.3348118,-40.2749383,60
-73.334769,-40.2749385,60
-73.3347217,-40.2749157,60
-73.3346649,-40.2748814,60
-73.334603,-40.2748328,60
-73.3345554,-40.2747552,60
-73.3345453,-40.2746654,60
-73.3345453,-40.2745803,60
-73.3345445,-40.274476,60
-73.334545,-40.2743617,60
-73.3345448,-40.2742513,60
-73.3345451,-40.2741311,60
-73.334545,-40.2740089,60
-73.334545,-40.2739001,60
-73.3345449,-40.273781,60
-73.3345452,-40.2736618,60
-73.3345445,-40.2735553,60
-73.3345447,-40.2734375,60
-73.3345448,-40.2733184,60
-73.3345445,-40.2731994,60
-73.3345443,-40.2730935,60
-73.3345439,-40.2729756,60
-73.3345442,-40.2728679,60
-73.3345442,-40.2727483,60
-73.3345444,-40.2726294,60
-73.3345444,-40.2725231,60
-73.3345445,-40.2724042,60
-73.3345445,-40.2722855,60
-73.3345444,-40.2721788,60
-73.3345446,-40.2720603,60
-73.3345446,-40.2719417,60
-73.334545,-40.2718347,60
-73.334545,-40.2717163,60
-73.3345448,-40.2715971,60
-73.334545,-40.2714907,60
-73.3345453,-40.2713722,60
-73.3345454,-40.2712535,60
-73.3345453,-40.2711471,60
-73.3345452,-40.2710285,60
-73.3345456,-40.2709098,60
-73.334545,-40.2708033,60
-73.3345456,-40.2706847,60
-73.3345455,-40.2705665,60
-73.3345455,-40.2704595,60
-73.3345458,-40.2703405,60
-73.334546,-40.2702222,60
-73.3345429,-40.2701275,60
-73.3345289,-40.2700699,60
-73.3345034,-40.2700575,60
-73.3344772,-40.2700723,60
-73.3344494,-40.2701039,60
-73.3344131,-40.2701479,60
-73.3343578,-40.2702132,60
-73.334287,-40.2702861,60
-73.3342504,-40.2703422,60
-73.3342466,-40.2703929,60
-73.3342466,-40.2704628,60
-73.3342462,-40.2705493,60
-73.3342464,-40.2706389,60
-73.3342467,-40.2707481,60
-73.334246,-40.2708682,60
-73.3342459,-40.2709769,60
-73.3342463,-40.2710977,60
-73.3342458,-40.2712163,60
-73.3342458,-40.2713227,60
-73.3342459,-40.2714411,60
-73.3342464,-40.2715594,60
-73.3342461,-40.2716666,60
-73.3342459,-40.2717847,60
-73.3342458,-40.2719027,60
-73.334246,-40.27201,60
-73.3342464,-40.2721288,60
-73.3342461,-40.2722485,60
-73.3342462,-40.2723552,60
-73.3342456,-40.2724734,60
-73.3342454,-40.272591,60
-73.3342453,-40.2726984,60
-73.3342452,-40.2728174,60
-73.3342454,-40.2729354,60
-73.3342457,-40.2730421,60
-73.3342457,-40.2731614,60
-73.3342456,-40.2732796,60
-73.3342457,-40.2733859,60
-73.334245,-40.2735033,60
-73.3342452,-40.2736232,60
-73.3342455,-40.2737256,60
-73.3342454,-40.273836,60
-73.3342455,-40.2739434,60
-73.3342454,-40.2740431,60
-73.3342454,-40.2741585,60
-73.3342445,-40.2742736,60
-73.334239,-40.2743446,60
-73.3342285,-40.274378,60
-73.3342081,-40.2743738,60
-73.3341908,-40.2743487,60
-73.3341695,-40.2743076,60
-73.3341372,-40.2742447,60
-73.3341018,-40.2741737,60
-73.3340546,-40.2740819,60
-73.3340087,-40.2739902,60
-73.3339636,-40.2738787,60
-73.3339461,-40.2737599,60
-73.3339435,-40.2736399,60
-73.3339432,-40.2735325,60
-73.3339432,-40.2734127,60
-73.3339432,-40.2733053,60
-73.3339432,-40.2731865,60
-73.3339429,-40.2730678,60
-73.3339433,-40.2729493,60
-73.3339432,-40.2728435,60
-73.3339435,-40.2727256,60
-73.3339436,-40.2726172,60
-73.3339432,-40.2724983,60
-73.3339433,-40.272379,60
-73.3339433,-40.2722602,60
-73.333943,-40.2721538,60
-73.3339434,-40.2720358,60
-73.333943,-40.2719289,60
-73.3339438,-40.2718104,60
-73.3339428,-40.2716918,60
-73.3339431,-40.2715731,60
-73.3339432,-40.2714662,60
-73.333944,-40.2713473,60
-73.3339446,-40.2712287,60
-73.3339444,-40.271122,60
-73.3339441,-40.2710037,60
-73.3339445,-40.2708855,60
-73.3339443,-40.2707775,60
-73.3339413,-40.2706734,60
-73.3339297,-40.270618,60
-73.3339036,-40.2706018,60
-73.3338732,-40.2706193,60
-73.3338436,-40.2706528,60
-73.3338052,-40.270698,60
-73.3337492,-40.2707647,60
-73.3336941,-40.2708377,60
-73.3336532,-40.2709349,60
-73.3336431,-40.2710449,60
-73.333644,-40.2711502,60
-73.3336439,-40.2712667,60
-73.3336446,-40.2713899,60
-73.3336447,-40.2714994,60
-73.3336447,-40.271613,60
-73.333645,-40.2717306,60
-73.3336452,-40.2718386,60
-73.3336451,-40.2719583,60
-73.3336448,-40.2720767,60
-73.3336447,-40.2721821,60
-73.3336442,-40.2723011,60
-73.3336435,-40.2724203,60
-73.3336439,-40.2725246,60
-73.3336435,-40.2726382,60
-73.3336432,-40.2727564,60
-73.3336446,-40.2728562,60
-73.3336553,-40.2729285,60
-73.3336891,-40.2729648,60
-73.3337432,-40.2729709,60
-73.3338076,-40.2729556,60
-73.3338828,-40.2729332,60
-73.3339744,-40.2729047,60
-73.3340926,-40.2728694,60
-73.3342265,-40.2728292,60
-73.3343568,-40.2727896,60
-73.3345032,-40.2727465,60
-73.3346513,-40.2727029,60
-73.3347648,-40.2726693,60
-73.3348802,-40.2726332,60
-73.3350181,-40.2725919,60
-73.3351526,-40.272552,60
-73.3353015,-40.2725086,60
-73.3354478,-40.2724645,60
-73.33558,-40.2724248,60
-73.3357218,-40.2723828,60
-73.3358428,-40.2723456,60
-73.3359349,-40.2723148,60
-73.3360076,-40.2722694,60
-73.336045,-40.2722043,60
-73.3360498,-40.2721371,60
-73.33605,-40.2720523,60
-73.33605,-40.2719536,60
-73.3360498,-40.271855,60
-73.3360494,-40.2717355,60
-73.3360493,-40.2716133,60
-73.3360494,-40.2715053,60
-73.3360492,-40.2713861,60
-73.3360491,-40.2712672,60
-73.3360491,-40.2711603,60
-73.3360492,-40.271042,60
-73.3360493,-40.2709238,60
-73.3360492,-40.2708165,60
-73.3360488,-40.2706981,60
-73.336049,-40.2705797,60
-73.3360492,-40.2704613,60
-73.3360539,-40.2703735,60
-73.3360709,-40.2703251,60
-73.3361048,-40.2703101,60
-73.3361521,-40.2703234,60
-73.3362019,-40.2703522,60
-73.3362698,-40.270395,60
-73.3363261,-40.2704451,60
-73.3363474,-40.2705076,60
-73.3363497,-40.2705571,60
-73.3363495,-40.2705881,60
-73.33635,-40.2706005,60
-73.3363503,-40.2706035,60
</coordinates></LineString>
</Placemark>
<Placemark>
<name>DJI_202603261027_004_ELDESCANSO018_Timestamp.MRK</name>
<description>Equipo: M3E | Fecha: 26-03-2026 | Puntos: 353</description>
<styleUrl>#m3e</styleUrl>
<LineString><altitudeMode>relativeToGround</altitudeMode><coordinates>
-73.3377812,-40.2765211,60
-73.3377809,-40.2765522,60
-73.3377811,-40.2766022,60
-73.337781,-40.2766788,60
-73.3377814,-40.2767691,60
-73.3377812,-40.276861,60
-73.3377813,-40.2769741,60
-73.337781,-40.2770932,60
-73.337781,-40.2772039,60
-73.3377813,-40.2773215,60
-73.3377817,-40.2774392,60
-73.3377811,-40.2775457,60
-73.3377816,-40.2776605,60
-73.3377823,-40.2777391,60
-73.3377825,-40.2777785,60
-73.3377816,-40.2778146,60
-73.3377815,-40.2778261,60
-73.337781,-40.277826,60
-73.3377806,-40.2778313,60
-73.3377803,-40.2778591,60
-73.3377805,-40.277913,60
-73.3377734,-40.2779781,60
-73.3377505,-40.2780575,60
-73.3377165,-40.2781203,60
-73.3376685,-40.2781881,60
-73.3376083,-40.2782735,60
-73.3375516,-40.2783464,60
-73.337519,-40.2783789,60
-73.3374931,-40.2783799,60
-73.3374825,-40.2783526,60
-73.3374807,-40.2783189,60
-73.3374804,-40.2782599,60
-73.3374805,-40.2781886,60
-73.3374801,-40.2781309,60
-73.3374795,-40.2780736,60
-73.3374794,-40.2780081,60
-73.3374793,-40.2779393,60
-73.3374793,-40.2778491,60
-73.337479,-40.2777475,60
-73.3374795,-40.2776464,60
-73.3374791,-40.277527,60
-73.3374795,-40.2774062,60
-73.3374793,-40.2772985,60
-73.3374795,-40.2771792,60
-73.3374795,-40.2770597,60
-73.3374795,-40.2769523,60
-73.3374797,-40.2768341,60
-73.3374793,-40.2767157,60
-73.3374792,-40.2765975,60
-73.3374789,-40.276498,60
-73.3374792,-40.276394,60
-73.3374791,-40.2762936,60
-73.3374764,-40.2761785,60
-73.3374444,-40.2760592,60
-73.3373911,-40.2759587,60
-73.3373257,-40.2758631,60
-73.3372621,-40.275775,60
-73.3372099,-40.2757235,60
-73.33718,-40.275721,60
-73.3371763,-40.2757495,60
-73.3371791,-40.2757853,60
-73.3371788,-40.2758402,60
-73.3371791,-40.2759151,60
-73.3371789,-40.2759959,60
-73.3371791,-40.2760986,60
-73.3371794,-40.2762125,60
-73.3371799,-40.2763214,60
-73.3371801,-40.2764438,60
-73.3371797,-40.2765653,60
-73.3371802,-40.2766722,60
-73.3371805,-40.2767906,60
-73.3371808,-40.2769095,60
-73.3371805,-40.2770164,60
-73.3371808,-40.2771354,60
-73.337181,-40.2772532,60
-73.3371803,-40.2773603,60
-73.33718,-40.2774788,60
-73.3371799,-40.277596,60
-73.3371801,-40.2776872,60
-73.33718,-40.2777916,60
-73.3371794,-40.2779019,60
-73.3371789,-40.2780082,60
-73.3371787,-40.2781292,60
-73.337179,-40.2782489,60
-73.3371788,-40.27835,60
-73.3371716,-40.2784459,60
-73.3371446,-40.2785007,60
-73.3370922,-40.2785292,60
-73.3370152,-40.2785394,60
-73.3369393,-40.2785382,60
-73.3368965,-40.278511,60
-73.3368806,-40.2784632,60
-73.3368786,-40.2784053,60
-73.3368782,-40.2783285,60
-73.3368788,-40.2782452,60
-73.3368786,-40.2781412,60
-73.3368783,-40.2780382,60
-73.3368779,-40.277917,60
-73.3368782,-40.2777964,60
-73.336878,-40.2776809,60
-73.3368783,-40.2775775,60
-73.3368783,-40.2774568,60
-73.3368784,-40.2773374,60
-73.3368783,-40.27723,60
-73.3368785,-40.277111,60
-73.3368781,-40.277004,60
-73.336878,-40.2768855,60
-73.3368781,-40.2767669,60
-73.3368783,-40.2766599,60
-73.336878,-40.2765411,60
-73.3368779,-40.2764228,60
-73.3368774,-40.276316,60
-73.3368776,-40.2761971,60
-73.336877,-40.2760782,60
-73.3368772,-40.2759714,60
-73.3368771,-40.2758525,60
-73.3368774,-40.2757338,60
-73.3368777,-40.2756274,60
-73.3368777,-40.2755102,60
-73.3368772,-40.2753957,60
-73.3368709,-40.2752936,60
-73.3368263,-40.2752032,60
-73.3367555,-40.2751453,60
-73.3366791,-40.2750999,60
-73.3366266,-40.2750826,60
-73.336589,-40.2751026,60
-73.3365786,-40.275141,60
-73.3365779,-40.2751853,60
-73.3365781,-40.2752532,60
-73.336578,-40.2753289,60
-73.336578,-40.2754278,60
-73.3365781,-40.2755387,60
-73.3365784,-40.2756458,60
-73.3365781,-40.2757676,60
-73.336579,-40.2758891,60
-73.3365787,-40.2759967,60
-73.3365787,-40.2761067,60
-73.3365791,-40.2762108,60
-73.3365792,-40.2763157,60
-73.3365786,-40.2764379,60
-73.3365783,-40.2765591,60
-73.3365781,-40.276679,60
-73.3365781,-40.276786,60
-73.3365782,-40.2769045,60
-73.3365781,-40.2770236,60
-73.3365784,-40.2771311,60
-73.3365785,-40.2772482,60
-73.3365792,-40.2773386,60
-73.3365791,-40.2774124,60
-73.336579,-40.2774897,60
-73.3365787,-40.2775823,60
-73.3365786,-40.2776762,60
-73.3365783,-40.2777906,60
-73.3365785,-40.2779001,60
-73.3365781,-40.2780218,60
-73.3365779,-40.2781417,60
-73.3365782,-40.2782493,60
-73.3365761,-40.2783613,60
-73.3365608,-40.278428,60
-73.3365245,-40.2784538,60
-73.3364652,-40.2784545,60
-73.3363982,-40.278439,60
-73.3363306,-40.2784083,60
-73.3362875,-40.2783534,60
-73.3362776,-40.2782863,60
-73.3362767,-40.2782167,60
-73.3362769,-40.2781248,60
-73.336277,-40.2780198,60
-73.3362772,-40.277916,60
-73.336277,-40.2777949,60
-73.3362768,-40.2776741,60
-73.3362771,-40.2775661,60
-73.336277,-40.277447,60
-73.3362766,-40.2773398,60
-73.3362765,-40.2772229,60
-73.3362762,-40.2771047,60
-73.3362763,-40.2769994,60
-73.3362771,-40.2768918,60
-73.3362767,-40.2767714,60
-73.3362762,-40.2766513,60
-73.3362761,-40.2765449,60
-73.336276,-40.2764268,60
-73.3362758,-40.2763073,60
-73.3362758,-40.2761999,60
-73.3362761,-40.2760811,60
-73.3362758,-40.2759641,60
-73.3362758,-40.2758587,60
-73.3362762,-40.2757395,60
-73.3362759,-40.2756184,60
-73.3362759,-40.2755109,60
-73.3362755,-40.2753959,60
-73.3362683,-40.2753091,60
-73.3362474,-40.2752674,60
-73.3362051,-40.2752649,60
-73.3361575,-40.2752942,60
-73.3361072,-40.2753266,60
-73.3360395,-40.2753788,60
-73.3359881,-40.2754547,60
-73.3359756,-40.275535,60
-73.3359772,-40.2756305,60
-73.3359773,-40.2757358,60
-73.335977,-40.2758386,60
-73.3359779,-40.2759609,60
-73.3359778,-40.2760708,60
-73.3359777,-40.2761908,60
-73.3359776,-40.2763084,60
-73.3359774,-40.2764046,60
-73.3359768,-40.2764819,60
-73.335977,-40.2765748,60
-73.3359764,-40.2766679,60
-73.3359766,-40.2767582,60
-73.3359768,-40.2768603,60
-73.3359763,-40.2769567,60
-73.3359763,-40.2770522,60
-73.3359766,-40.2771674,60
-73.3359769,-40.2772742,60
-73.3359768,-40.2773972,60
-73.3359769,-40.2775178,60
-73.3359762,-40.2776243,60
-73.3359762,-40.2777551,60
-73.3359766,-40.2778618,60
-73.3359767,-40.2779749,60
-73.3359766,-40.2780471,60
-73.3359767,-40.278127,60
-73.3359733,-40.2782185,60
-73.3359622,-40.2782717,60
-73.3359217,-40.2782965,60
-73.335865,-40.2782907,60
-73.3358112,-40.2782714,60
-73.3357397,-40.2782332,60
-73.3356907,-40.2781765,60
-73.3356769,-40.2781016,60
-73.335676,-40.2780186,60
-73.3356761,-40.2779222,60
-73.3356757,-40.2778251,60
-73.3356751,-40.2777085,60
-73.3356748,-40.2775872,60
-73.3356743,-40.2774787,60
-73.3356743,-40.2773591,60
-73.3356743,-40.2772404,60
-73.335674,-40.2771329,60
-73.3356741,-40.2770145,60
-73.3356743,-40.2768958,60
-73.335674,-40.2767891,60
-73.3356743,-40.27667,60
-73.3356744,-40.2765514,60
-73.3356746,-40.2764444,60
-73.3356745,-40.2763267,60
-73.3356751,-40.2762097,60
-73.3356753,-40.2761132,60
-73.3356749,-40.276001,60
-73.3356756,-40.2758972,60
-73.3356752,-40.2758006,60
-73.3356689,-40.2757091,60
-73.3356514,-40.2756615,60
-73.335615,-40.2756499,60
-73.3355643,-40.2756722,60
-73.3355122,-40.2757055,60
-73.3354518,-40.2757485,60
-73.3353942,-40.2758199,60
-73.3353738,-40.2759073,60
-73.3353753,-40.2759916,60
-73.3353753,-40.2760942,60
-73.335375,-40.2762074,60
-73.3353752,-40.2763164,60
-73.3353757,-40.2764385,60
-73.3353757,-40.2765584,60
-73.3353756,-40.2766654,60
-73.3353757,-40.2767844,60
-73.335376,-40.2769025,60
-73.3353759,-40.2770093,60
-73.3353759,-40.2771277,60
-73.3353758,-40.2772456,60
-73.3353757,-40.2773512,60
-73.3353753,-40.2774697,60
-73.3353754,-40.2775877,60
-73.3353747,-40.2776947,60
-73.3353748,-40.277812,60
-73.3353737,-40.2779252,60
-73.3353649,-40.2779936,60
-73.335336,-40.2780258,60
-73.3352848,-40.2780293,60
-73.3352355,-40.2780113,60
-73.3351715,-40.2779795,60
-73.3351059,-40.2779227,60
-73.3350756,-40.2778541,60
-73.3350744,-40.2777695,60
-73.335074,-40.2776867,60
-73.3350737,-40.2775855,60
-73.3350737,-40.2774712,60
-73.3350744,-40.277347,60
-73.3350743,-40.2772358,60
-73.3350742,-40.2771148,60
-73.3350738,-40.2769947,60
-73.3350739,-40.2768872,60
-73.3350737,-40.276768,60
-73.3350728,-40.2766488,60
-73.335073,-40.2765298,60
-73.3350729,-40.2764225,60
-73.3350726,-40.2763038,60
-73.3350731,-40.2761966,60
-73.3350726,-40.2760794,60
-73.3350647,-40.2759902,60
-73.3350391,-40.2759448,60
-73.3349934,-40.275937,60
-73.334927,-40.2759553,60
-73.3348601,-40.2759808,60
-73.3347979,-40.276034,60
-73.3347762,-40.2761003,60
-73.334774,-40.2761661,60
-73.3347743,-40.2762532,60
-73.3347742,-40.2763535,60
-73.3347743,-40.2764652,60
-73.3347741,-40.2765742,60
-73.3347735,-40.2766972,60
-73.3347738,-40.2768182,60
-73.334774,-40.2769257,60
-73.334774,-40.2770442,60
-73.3347741,-40.2771506,60
-73.3347739,-40.2772631,60
-73.3347742,-40.2773697,60
-73.3347719,-40.2774615,60
-73.3347598,-40.277517,60
-73.3347416,-40.2775311,60
-73.3347167,-40.2775149,60
-73.3346937,-40.2774826,60
-73.3346586,-40.2774318,60
-73.3346182,-40.2773698,60
-73.3345638,-40.2772872,60
-73.3345138,-40.2772022,60
-73.3344789,-40.277095,60
-73.3344733,-40.2769755,60
-73.3344722,-40.2768547,60
-73.3344721,-40.276746,60
-73.3344715,-40.2766261,60
-73.3344718,-40.2765082,60
-73.3344726,-40.2764012,60
-73.3344725,-40.276284,60
-73.3344661,-40.2761915,60
-73.334454,-40.276133,60
-73.3344192,-40.2761074,60
-73.3343666,-40.2761232,60
-73.3343155,-40.2761458,60
-73.3342428,-40.2761781,60
-73.3341883,-40.2762363,60
-73.3341732,-40.2762971,60
-73.3341726,-40.2763727,60
-73.3341729,-40.2764633,60
-73.3341727,-40.276556,60
-73.3341739,-40.2766354,60
-73.334173,-40.2766724,60
-73.3341731,-40.276688,60
-73.3341732,-40.2766918,60
</coordinates></LineString>
</Placemark>
<Placemark>
<name>DJI_202603261027_005_ELDESCANSO016_Timestamp.MRK</name>
<description>Equipo: M3E | Fecha: 26-03-2026 | Puntos: 1069</description>
<styleUrl>#m3e</styleUrl>
<LineString><altitudeMode>relativeToGround</altitudeMode><coordinates>
-73.3347191,-40.2765626,60
-73.3346836,-40.2765551,60
-73.3346159,-40.2765415,60
-73.3345318,-40.2765244,60
-73.33442,-40.2765013,60
-73.3343043,-40.2764776,60
-73.3341652,-40.2764486,60
-73.3340001,-40.2764148,60
-73.3338774,-40.2763899,60
-73.3337251,-40.2763586,60
-73.3335804,-40.2763191,60
-73.3334686,-40.2762627,60
-73.3333589,-40.2761813,60
-73.3332629,-40.2761031,60
-73.333223,-40.2760582,60
-73.3332195,-40.2760327,60
-73.3332523,-40.2760269,60
-73.3332938,-40.2760335,60
-73.3333632,-40.2760472,60
-73.333459,-40.2760671,60
-73.3335616,-40.2760886,60
-73.3336897,-40.276115,60
-73.3338302,-40.2761444,60
-73.3339675,-40.2761729,60
-73.3341238,-40.276204,60
-73.3342779,-40.2762352,60
-73.3344145,-40.276263,60
-73.3345647,-40.2762938,60
-73.3347151,-40.2763245,60
-73.3348505,-40.2763509,60
-73.3349799,-40.2763682,60
-73.3350835,-40.2763529,60
-73.3351653,-40.2763102,60
-73.3352366,-40.2762556,60
-73.3352477,-40.2762229,60
-73.3352167,-40.276193,60
-73.335169,-40.2761792,60
-73.3350976,-40.2761641,60
-73.3350007,-40.2761442,60
-73.3348964,-40.2761225,60
-73.334765,-40.2760956,60
-73.3346354,-40.2760689,60
-73.3344822,-40.2760377,60
-73.3343287,-40.2760072,60
-73.334192,-40.2759799,60
-73.3340418,-40.2759492,60
-73.3338926,-40.2759189,60
-73.3337575,-40.2758908,60
-73.3336073,-40.2758605,60
-73.333458,-40.2758296,60
-73.3333232,-40.2758021,60
-73.3331748,-40.2757713,60
-73.3330356,-40.2757431,60
-73.3329055,-40.2757162,60
-73.3327575,-40.2756812,60
-73.332617,-40.2756275,60
-73.3324907,-40.2755566,60
-73.3323805,-40.2754906,60
-73.3322637,-40.2754195,60
-73.3321992,-40.2753722,60
-73.3321815,-40.2753461,60
-73.3322056,-40.2753392,60
-73.33224,-40.2753433,60
-73.3323034,-40.2753554,60
-73.3323934,-40.2753739,60
-73.332491,-40.2753939,60
-73.3326166,-40.2754204,60
-73.3327575,-40.2754493,60
-73.3328939,-40.275477,60
-73.3330477,-40.2755083,60
-73.3331996,-40.2755385,60
-73.3333508,-40.2755696,60
-73.3334861,-40.2755971,60
-73.3336331,-40.2756273,60
-73.3337671,-40.2756552,60
-73.3339187,-40.2756865,60
-73.3340698,-40.2757175,60
-73.3342048,-40.2757453,60
-73.334354,-40.2757755,60
-73.3345044,-40.2758062,60
-73.3346422,-40.275835,60
-73.3347917,-40.2758654,60
-73.3349415,-40.2758957,60
-73.3350779,-40.2759239,60
-73.3352269,-40.2759545,60
-73.3353755,-40.2759836,60
-73.3354743,-40.2759964,60
-73.3355349,-40.2759848,60
-73.3355688,-40.2759498,60
-73.3355709,-40.275901,60
-73.3355602,-40.2758348,60
-73.3355153,-40.2757857,60
-73.3354488,-40.275762,60
-73.3353612,-40.2757429,60
-73.3352525,-40.2757207,60
-73.3351261,-40.2756944,60
-73.3350005,-40.2756685,60
-73.3348501,-40.2756373,60
-73.3347108,-40.2756103,60
-73.3345591,-40.27558,60
-73.3344086,-40.2755491,60
-73.3342734,-40.275522,60
-73.3341229,-40.2754909,60
-73.3339722,-40.27546,60
-73.3338375,-40.275433,60
-73.3336874,-40.275402,60
-73.3335505,-40.2753738,60
-73.3334014,-40.2753432,60
-73.3332512,-40.2753127,60
-73.3330997,-40.2752813,60
-73.3329664,-40.2752543,60
-73.3328155,-40.2752236,60
-73.332684,-40.2751963,60
-73.3325563,-40.2751702,60
-73.3324202,-40.275142,60
-73.3322743,-40.2751114,60
-73.3321372,-40.2750836,60
-73.3319838,-40.2750528,60
-73.3318312,-40.2750222,60
-73.3316962,-40.2749951,60
-73.3315449,-40.2749641,60
-73.3313951,-40.2749332,60
-73.3312607,-40.2749058,60
-73.3311106,-40.274875,60
-73.33096,-40.2748444,60
-73.3308262,-40.2748168,60
-73.3306766,-40.2747857,60
-73.3305256,-40.274755,60
-73.3303906,-40.2747276,60
-73.3302448,-40.2746914,60
-73.3301354,-40.2746429,60
-73.330034,-40.2745654,60
-73.3299429,-40.2744839,60
-73.3298991,-40.2744305,60
-73.3298985,-40.2744069,60
-73.329931,-40.2743986,60
-73.3299791,-40.2744055,60
-73.3300412,-40.2744177,60
-73.3301361,-40.2744372,60
-73.33025,-40.274461,60
-73.3303681,-40.2744857,60
-73.3305093,-40.2745148,60
-73.3306627,-40.2745467,60
-73.3308013,-40.2745745,60
-73.3309535,-40.274605,60
-73.3310892,-40.2746332,60
-73.3312392,-40.2746634,60
-73.3313895,-40.2746941,60
-73.3315389,-40.2747245,60
-73.3316742,-40.2747519,60
-73.3318167,-40.2747816,60
-73.3319597,-40.2748123,60
-73.3320955,-40.2748404,60
-73.3322509,-40.2748711,60
-73.3324053,-40.2749021,60
-73.3325413,-40.2749299,60
-73.3326922,-40.2749604,60
-73.3328429,-40.2749912,60
-73.332978,-40.2750191,60
-73.3331277,-40.2750495,60
-73.3332777,-40.2750798,60
-73.3334124,-40.2751079,60
-73.3335578,-40.275138,60
-73.3336879,-40.2751642,60
-73.3338194,-40.2751925,60
-73.3339722,-40.2752236,60
-73.3341265,-40.2752549,60
-73.3342644,-40.2752826,60
-73.3344151,-40.2753135,60
-73.3345484,-40.2753407,60
-73.3346985,-40.2753717,60
-73.3348515,-40.2754023,60
-73.3350008,-40.2754329,60
-73.3351351,-40.2754602,60
-73.3352857,-40.2754905,60
-73.3353975,-40.2755065,60
-73.3354511,-40.2755023,60
-73.3354821,-40.2754677,60
-73.3354796,-40.2754255,60
-73.3354636,-40.2753706,60
-73.3354171,-40.2753067,60
-73.3353369,-40.2752658,60
-73.3352506,-40.2752457,60
-73.3351395,-40.2752223,60
-73.3350095,-40.2751958,60
-73.3348824,-40.2751693,60
-73.3347306,-40.2751389,60
-73.3345769,-40.2751088,60
-73.334441,-40.2750809,60
-73.3342907,-40.2750502,60
-73.3341551,-40.2750227,60
-73.3340061,-40.2749921,60
-73.3338595,-40.2749622,60
-73.3337347,-40.2749362,60
-73.3336183,-40.2749116,60
-73.3334693,-40.2748809,60
-73.3333139,-40.2748499,60
-73.3331746,-40.274822,60
-73.333024,-40.274791,60
-73.3328726,-40.27476,60
-73.3327357,-40.2747325,60
-73.332587,-40.2747021,60
-73.33245,-40.2746743,60
-73.3322994,-40.2746433,60
-73.3321497,-40.2746129,60
-73.3320003,-40.2745824,60
-73.331865,-40.274555,60
-73.3317152,-40.274524,60
-73.3315653,-40.2744932,60
-73.33143,-40.2744654,60
-73.3312789,-40.2744344,60
-73.3311288,-40.2744039,60
-73.3309939,-40.2743764,60
-73.3308439,-40.2743459,60
-73.330694,-40.274315,60
-73.3305604,-40.2742878,60
-73.3304098,-40.2742568,60
-73.3302599,-40.2742257,60
-73.3301245,-40.2741976,60
-73.3299873,-40.2741624,60
-73.3299486,-40.2741411,60
-73.3299268,-40.2740938,60
-73.3299398,-40.2740389,60
-73.3299727,-40.2739832,60
-73.3300221,-40.2739564,60
-73.330092,-40.2739549,60
-73.3301613,-40.2739675,60
-73.3302579,-40.2739873,60
-73.3303747,-40.2740123,60
-73.3305082,-40.27404,60
-73.3306396,-40.2740671,60
-73.3307929,-40.2740982,60
-73.3309308,-40.2741253,60
-73.3310828,-40.2741557,60
-73.3312336,-40.2741864,60
-73.3313844,-40.2742173,60
-73.3315192,-40.2742454,60
-73.3316701,-40.2742763,60
-73.3318202,-40.2743069,60
-73.3319547,-40.274334,60
-73.3321045,-40.2743646,60
-73.3322397,-40.2743919,60
-73.3323892,-40.2744229,60
-73.3325379,-40.2744533,60
-73.3326726,-40.274481,60
-73.3328225,-40.2745117,60
-73.3329732,-40.2745428,60
-73.3331238,-40.2745739,60
-73.3332593,-40.2746018,60
-73.3334087,-40.2746328,60
-73.3335444,-40.2746602,60
-73.3336947,-40.2746906,60
-73.333844,-40.2747206,60
-73.3339937,-40.2747519,60
-73.3341304,-40.2747799,60
-73.3342811,-40.2748102,60
-73.3344315,-40.2748414,60
-73.3345667,-40.2748696,60
-73.3347114,-40.2748984,60
-73.3348229,-40.2749217,60
-73.3349585,-40.2749505,60
-73.3351059,-40.2749808,60
-73.3352196,-40.2750004,60
-73.3352953,-40.2750062,60
-73.3353338,-40.2749799,60
-73.3353417,-40.2749418,60
-73.3353291,-40.2748931,60
-73.3352963,-40.2748307,60
-73.3352358,-40.2747798,60
-73.3351414,-40.2747491,60
-73.3350351,-40.2747261,60
-73.3349112,-40.2746999,60
-73.334787,-40.2746743,60
-73.3346381,-40.2746437,60
-73.3344996,-40.2746161,60
-73.3343462,-40.2745854,60
-73.334196,-40.2745554,60
-73.3340464,-40.2745244,60
-73.3339118,-40.2744967,60
-73.3337612,-40.2744669,60
-73.3336266,-40.2744399,60
-73.3335004,-40.2744134,60
-73.3333675,-40.2743853,60
-73.3332151,-40.2743539,60
-73.3330749,-40.2743254,60
-73.3329217,-40.2742953,60
-73.3327856,-40.2742675,60
-73.3326347,-40.274237,60
-73.3324837,-40.2742065,60
-73.3323478,-40.2741789,60
-73.3321983,-40.2741482,60
-73.3320478,-40.2741174,60
-73.3319128,-40.2740898,60
-73.3317628,-40.2740592,60
-73.3316127,-40.2740284,60
-73.3314773,-40.2739999,60
-73.3313271,-40.2739697,60
-73.3311768,-40.2739389,60
-73.3310413,-40.273911,60
-73.3308912,-40.2738807,60
-73.3307411,-40.2738501,60
-73.3306057,-40.2738221,60
-73.3304564,-40.2737914,60
-73.3303059,-40.2737606,60
-73.3301903,-40.2737338,60
-73.3301204,-40.2737045,60
-73.3300953,-40.2736593,60
-73.3301052,-40.27361,60
-73.330134,-40.2735527,60
-73.3301843,-40.2735184,60
-73.3302536,-40.2735143,60
-73.3303215,-40.2735256,60
-73.3304159,-40.273545,60
-73.3305307,-40.2735686,60
-73.3306485,-40.2735937,60
-73.3307922,-40.2736232,60
-73.3309462,-40.2736544,60
-73.3310843,-40.2736821,60
-73.3312358,-40.2737126,60
-73.3313711,-40.2737401,60
-73.3315218,-40.2737713,60
-73.3316711,-40.2738017,60
-73.331806,-40.2738291,60
-73.3319557,-40.2738594,60
-73.3321062,-40.2738898,60
-73.3322409,-40.2739176,60
-73.3323916,-40.2739487,60
-73.3325406,-40.2739793,60
-73.3326753,-40.274007,60
-73.3328246,-40.2740374,60
-73.3329738,-40.2740686,60
-73.3331097,-40.2740961,60
-73.3332614,-40.2741273,60
-73.3334123,-40.274158,60
-73.3335479,-40.2741854,60
-73.3336985,-40.2742168,60
-73.3338486,-40.2742468,60
-73.3339845,-40.2742745,60
-73.3341327,-40.2743051,60
-73.3342768,-40.2743344,60
-73.3343839,-40.2743554,60
-73.3344824,-40.2743762,60
-73.3345975,-40.2743998,60
-73.3347128,-40.2744242,60
-73.3348459,-40.2744486,60
-73.3349232,-40.274455,60
-73.3349524,-40.2744407,60
-73.3349466,-40.2744077,60
-73.3349187,-40.2743732,60
-73.3348784,-40.27433,60
-73.3348172,-40.2742668,60
-73.3347288,-40.2742045,60
-73.3346235,-40.2741658,60
-73.3344916,-40.2741386,60
-73.3343459,-40.2741094,60
-73.3342201,-40.2740848,60
-73.3340761,-40.2740546,60
-73.3339383,-40.2740267,60
-73.333786,-40.2739966,60
-73.3336342,-40.2739662,60
-73.3334899,-40.2739368,60
-73.3333539,-40.2739082,60
-73.3332017,-40.2738776,60
-73.3330505,-40.273847,60
-73.3329001,-40.2738158,60
-73.3327648,-40.2737882,60
-73.3326299,-40.2737605,60
-73.3324799,-40.2737295,60
-73.3323302,-40.2736997,60
-73.3321951,-40.2736724,60
-73.3320452,-40.2736408,60
-73.3318948,-40.2736098,60
-73.3317442,-40.2735791,60
-73.3316085,-40.2735519,60
-73.3314581,-40.273521,60
-73.3313229,-40.2734931,60
-73.3311574,-40.2734595,60
-73.3310225,-40.2734315,60
-73.3308726,-40.273401,60
-73.3307369,-40.2733732,60
-73.3305869,-40.273343,60
-73.3304381,-40.2733121,60
-73.3303341,-40.2732858,60
-73.3302787,-40.2732536,60
-73.330262,-40.2732098,60
-73.3302776,-40.2731537,60
-73.3303122,-40.2730994,60
-73.3303633,-40.2730745,60
-73.3304336,-40.2730747,60
-73.3305122,-40.2730896,60
-73.3306017,-40.2731081,60
-73.3307193,-40.2731324,60
-73.3308523,-40.27316,60
-73.3309998,-40.2731905,60
-73.3311377,-40.2732177,60
-73.3312926,-40.2732491,60
-73.331445,-40.2732804,60
-73.3315805,-40.2733077,60
-73.3317303,-40.2733385,60
-73.3318803,-40.2733691,60
-73.3320156,-40.2733968,60
-73.3321651,-40.2734274,60
-73.332316,-40.2734586,60
-73.3324519,-40.2734856,60
-73.3326026,-40.2735165,60
-73.3327534,-40.2735472,60
-73.3328885,-40.2735754,60
-73.3330387,-40.2736064,60
-73.3331736,-40.2736341,60
-73.3333236,-40.2736644,60
-73.3334737,-40.2736951,60
-73.3336225,-40.273726,60
-73.3337563,-40.2737537,60
-73.3339096,-40.2737848,60
-73.3340438,-40.2738113,60
-73.3341789,-40.2738385,60
-73.3343058,-40.2738621,60
-73.3343818,-40.273869,60
-73.3344111,-40.2738563,60
-73.3344077,-40.2738236,60
-73.3343804,-40.2737893,60
-73.3343416,-40.2737468,60
-73.3342904,-40.2736829,60
-73.3342583,-40.2736353,60
-73.3342227,-40.273612,60
-73.3341699,-40.2735992,60
-73.3341009,-40.2735856,60
-73.3340009,-40.2735645,60
-73.3338806,-40.2735402,60
-73.3337584,-40.2735154,60
-73.3336131,-40.2734851,60
-73.3334625,-40.2734545,60
-73.3333071,-40.2734233,60
-73.3331696,-40.2733956,60
-73.3330184,-40.2733647,60
-73.3328826,-40.2733372,60
-73.3327321,-40.2733061,60
-73.3325815,-40.2732753,60
-73.3324469,-40.2732478,60
-73.332297,-40.2732173,60
-73.3321461,-40.2731867,60
-73.3320114,-40.2731593,60
-73.3318614,-40.273129,60
-73.3317111,-40.2730982,60
-73.3315747,-40.2730702,60
-73.3314248,-40.2730391,60
-73.3312746,-40.2730089,60
-73.3311396,-40.2729808,60
-73.3309889,-40.27295,60
-73.3308389,-40.2729191,60
-73.3307038,-40.2728915,60
-73.3305602,-40.2728605,60
-73.330471,-40.2728312,60
-73.3304304,-40.2728012,60
-73.330432,-40.2727576,60
-73.3304532,-40.2726982,60
-73.3304877,-40.2726525,60
-73.3305495,-40.2726311,60
-73.3306212,-40.272637,60
-73.3306962,-40.2726518,60
-73.3308003,-40.2726734,60
-73.3309232,-40.2726987,60
-73.3310449,-40.2727241,60
-73.3311932,-40.2727553,60
-73.3313239,-40.2727807,60
-73.3314252,-40.2728013,60
-73.3315528,-40.2728279,60
-73.3316973,-40.2728578,60
-73.3318338,-40.2728856,60
-73.3319854,-40.2729161,60
-73.3321382,-40.2729468,60
-73.332274,-40.2729744,60
-73.3324232,-40.2730052,60
-73.3325734,-40.2730361,60
-73.3327089,-40.2730636,60
-73.332859,-40.2730942,60
-73.3330088,-40.2731255,60
-73.3331441,-40.2731529,60
-73.3332942,-40.273184,60
-73.3334441,-40.2732143,60
-73.3335913,-40.2732441,60
-73.3337296,-40.273273,60
-73.3338784,-40.2733036,60
-73.3340081,-40.273329,60
-73.3341085,-40.2733426,60
-73.3341617,-40.2733305,60
-73.334183,-40.2732914,60
-73.3341785,-40.2732482,60
-73.3341608,-40.2731888,60
-73.3341132,-40.273134,60
-73.3340317,-40.2730982,60
-73.3339349,-40.2730767,60
-73.3338339,-40.2730556,60
-73.3337042,-40.2730284,60
-73.3335607,-40.2729985,60
-73.3334229,-40.27297,60
-73.33327,-40.2729394,60
-73.3331192,-40.2729099,60
-73.3329849,-40.2728818,60
-73.3328358,-40.2728521,60
-73.332685,-40.2728212,60
-73.332547,-40.2727938,60
-73.3323961,-40.2727631,60
-73.332262,-40.2727352,60
-73.3321107,-40.2727045,60
-73.3319599,-40.272674,60
-73.3318241,-40.2726464,60
-73.331674,-40.272615,60
-73.3315245,-40.2725844,60
-73.3313741,-40.2725537,60
-73.3312392,-40.2725259,60
-73.3310893,-40.2724952,60
-73.3309388,-40.2724643,60
-73.3308031,-40.2724364,60
-73.3306768,-40.2724062,60
-73.3306157,-40.2723729,60
-73.330601,-40.2723327,60
-73.3306146,-40.2722764,60
-73.3306483,-40.2722189,60
-73.3306985,-40.2721928,60
-73.3307691,-40.2721927,60
-73.3308487,-40.2722073,60
-73.330938,-40.272226,60
-73.3310564,-40.2722507,60
-73.3311757,-40.2722755,60
-73.3313205,-40.2723059,60
-73.3314721,-40.2723365,60
-73.3316267,-40.2723674,60
-73.3317443,-40.2723909,60
-73.3318658,-40.272415,60
-73.3320028,-40.272445,60
-73.3321414,-40.2724739,60
-73.3322979,-40.2725052,60
-73.3324502,-40.272536,60
-73.332585,-40.2725631,60
-73.3327345,-40.2725942,60
-73.33287,-40.2726217,60
-73.3330199,-40.2726525,60
-73.3331701,-40.272683,60
-73.3333206,-40.2727138,60
-73.3334562,-40.2727419,60
-73.3336011,-40.272771,60
-73.3337141,-40.2727928,60
-73.3338093,-40.2728137,60
-73.3339305,-40.2728367,60
-73.3340164,-40.2728449,60
-73.3340577,-40.2728248,60
-73.3340707,-40.2727825,60
-73.3340623,-40.2727327,60
-73.3340394,-40.2726764,60
-73.3339772,-40.2726212,60
-73.3338981,-40.2725951,60
-73.3337992,-40.2725735,60
-73.3336819,-40.2725486,60
-73.3335477,-40.2725205,60
-73.3334136,-40.2724932,60
-73.3332592,-40.2724623,60
-73.3331067,-40.2724321,60
-73.332971,-40.2724043,60
-73.3328204,-40.2723739,60
-73.3326709,-40.2723428,60
-73.3325369,-40.2723158,60
-73.3323868,-40.272285,60
-73.3322356,-40.2722547,60
-73.3321004,-40.2722269,60
-73.331951,-40.2721964,60
-73.3318152,-40.2721689,60
-73.331665,-40.2721384,60
-73.331515,-40.2721076,60
-73.3313798,-40.2720798,60
-73.3312301,-40.2720494,60
-73.3310801,-40.2720185,60
-73.330936,-40.2719883,60
-73.3308509,-40.2719638,60
-73.3308081,-40.2719297,60
-73.3308064,-40.2718812,60
-73.3308279,-40.2718347,60
-73.3308735,-40.2717834,60
-73.330932,-40.2717625,60
-73.3310083,-40.2717667,60
-73.3310941,-40.2717826,60
-73.3312007,-40.2718052,60
-73.3313128,-40.2718287,60
-73.3314508,-40.271857,60
-73.3316005,-40.2718878,60
-73.3317381,-40.271916,60
-73.3318915,-40.2719469,60
-73.3320282,-40.2719743,60
-73.3321787,-40.272005,60
-73.3323288,-40.2720354,60
-73.3324644,-40.2720628,60
-73.3326145,-40.2720937,60
-73.3327645,-40.2721242,60
-73.3329142,-40.2721548,60
-73.3330489,-40.2721823,60
-73.3331985,-40.2722133,60
-73.3333334,-40.272241,60
-73.333486,-40.2722725,60
-73.3336316,-40.2723026,60
-73.3337696,-40.2723302,60
-73.3338702,-40.2723486,60
-73.3339484,-40.2723541,60
-73.3339969,-40.2723298,60
-73.334013,-40.2722873,60
-73.3340143,-40.2722319,60
-73.3339917,-40.2721704,60
-73.3339399,-40.2721327,60
-73.3338614,-40.2721112,60
-73.3337767,-40.2720935,60
-73.3336625,-40.2720699,60
-73.3335314,-40.2720427,60
-73.3334016,-40.2720157,60
-73.3332488,-40.2719849,60
-73.3330946,-40.2719545,60
-73.3329582,-40.2719267,60
-73.3328077,-40.2718959,60
-73.3326576,-40.271865,60
-73.3325234,-40.2718377,60
-73.3323737,-40.2718073,60
-73.3322229,-40.2717766,60
-73.3320879,-40.271749,60
-73.331938,-40.2717188,60
-73.3318021,-40.2716916,60
-73.3316518,-40.2716604,60
-73.3315017,-40.2716297,60
-73.3313523,-40.2715989,60
-73.3312178,-40.271571,60
-73.3311018,-40.2715421,60
-73.3310477,-40.2715107,60
-73.3310358,-40.2714696,60
-73.331055,-40.2714188,60
-73.3310951,-40.2713655,60
-73.3311496,-40.2713374,60
-73.3312397,-40.2713386,60
-73.3313065,-40.2713513,60
-73.3314087,-40.2713725,60
-73.331517,-40.271395,60
-73.3316518,-40.2714231,60
-73.3317844,-40.2714503,60
-73.3319394,-40.2714817,60
-73.332092,-40.271512,60
-73.3322277,-40.2715394,60
-73.3323782,-40.2715704,60
-73.3325126,-40.2715978,60
-73.3326631,-40.2716287,60
-73.3328132,-40.2716595,60
-73.3329481,-40.2716874,60
-73.3330979,-40.2717182,60
-73.3332491,-40.271749,60
-73.3333845,-40.2717761,60
-73.3335335,-40.2718068,60
-73.3336844,-40.2718382,60
-73.3338313,-40.2718672,60
-73.3339287,-40.2718804,60
-73.3339902,-40.2718715,60
-73.3340223,-40.2718323,60
-73.3340283,-40.2717794,60
-73.3340201,-40.2717231,60
-73.3339758,-40.2716718,60
-73.3339102,-40.2716464,60
-73.3338233,-40.2716275,60
-73.3337159,-40.2716056,60
-73.3336027,-40.2715821,60
-73.333464,-40.2715531,60
-73.3333141,-40.2715225,60
-73.333175,-40.2714954,60
-73.3330223,-40.2714644,60
-73.332872,-40.2714336,60
-73.3327366,-40.2714066,60
-73.3325862,-40.2713758,60
-73.3324509,-40.2713484,60
-73.3323013,-40.2713177,60
-73.3321509,-40.2712871,60
-73.3320005,-40.2712567,60
-73.3318651,-40.2712287,60
-73.3317144,-40.2711983,60
-73.3315643,-40.2711674,60
-73.3314315,-40.2711395,60
-73.3313246,-40.2711107,60
-73.3312803,-40.2710816,60
-73.331272,-40.271035,60
-73.3312942,-40.2709845,60
-73.3313392,-40.2709324,60
-73.3313977,-40.2709089,60
-73.331474,-40.2709117,60
-73.3315501,-40.2709262,60
-73.3316536,-40.2709481,60
-73.3317758,-40.2709733,60
-73.3318995,-40.2709992,60
-73.3320487,-40.2710296,60
-73.3322031,-40.2710608,60
-73.3323561,-40.2710913,60
-73.3324924,-40.2711184,60
-73.3326422,-40.2711492,60
-73.3327924,-40.2711802,60
-73.3329274,-40.2712079,60
-73.333077,-40.2712384,60
-73.3332266,-40.2712695,60
-73.333362,-40.2712972,60
-73.3335122,-40.2713282,60
-73.333661,-40.2713583,60
-73.333796,-40.2713866,60
-73.333918,-40.2714066,60
-73.3339826,-40.2714078,60
-73.3340279,-40.2713785,60
-73.3340431,-40.2713299,60
-73.3340429,-40.2712711,60
-73.3340163,-40.2712193,60
-73.3339534,-40.2711827,60
-73.3338719,-40.2711632,60
-73.3337834,-40.2711448,60
-73.3336645,-40.2711203,60
-73.3335435,-40.2710955,60
-73.3333971,-40.2710654,60
-73.333244,-40.2710341,60
-73.3330915,-40.2710033,60
-73.3329561,-40.2709765,60
-73.3328067,-40.2709458,60
-73.3326569,-40.2709146,60
-73.3325224,-40.2708873,60
-73.3323719,-40.2708562,60
-73.332236,-40.2708286,60
-73.3320855,-40.2707982,60
-73.3319357,-40.2707677,60
-73.3318005,-40.2707402,60
-73.3316629,-40.2707108,60
-73.3315835,-40.2706836,60
-73.331556,-40.2706499,60
-73.3315652,-40.2706048,60
-73.3315986,-40.2705571,60
-73.3316507,-40.2705141,60
-73.3317273,-40.2704955,60
-73.3318107,-40.2705048,60
-73.3318954,-40.2705215,60
-73.3320082,-40.2705454,60
-73.332138,-40.2705722,60
-73.3322672,-40.2705988,60
-73.3324205,-40.2706298,60
-73.3325748,-40.2706613,60
-73.3327114,-40.2706892,60
-73.3328625,-40.27072,60
-73.3330127,-40.270751,60
-73.3331473,-40.2707785,60
-73.3332975,-40.270809,60
-73.3334484,-40.2708394,60
-73.3335833,-40.2708669,60
-73.3337343,-40.2708983,60
-73.3338815,-40.2709279,60
-73.3340116,-40.2709554,60
-73.3341442,-40.2709767,60
-73.3342332,-40.2709721,60
-73.3342995,-40.2709376,60
-73.3343552,-40.2708816,60
-73.3343781,-40.2708347,60
-73.3343589,-40.2707995,60
-73.3343064,-40.2707775,60
-73.3342377,-40.2707628,60
-73.3341547,-40.2707455,60
-73.3340413,-40.2707219,60
-73.3339115,-40.2706951,60
-73.3337688,-40.2706655,60
-73.3336351,-40.2706378,60
-73.3334785,-40.2706073,60
-73.3333396,-40.2705796,60
-73.3331886,-40.270549,60
-73.3330376,-40.2705184,60
-73.3329035,-40.2704908,60
-73.3327544,-40.2704599,60
-73.3326048,-40.2704293,60
-73.3324697,-40.2704017,60
-73.3323193,-40.2703707,60
-73.3321691,-40.2703405,60
-73.3320355,-40.2703127,60
-73.3319233,-40.2702848,60
-73.3318757,-40.2702587,60
-73.3318656,-40.2702154,60
-73.3318903,-40.2701692,60
-73.3319355,-40.2701186,60
-73.3320059,-40.270087,60
-73.3320791,-40.2700867,60
-73.3321658,-40.2701017,60
-73.3322596,-40.270121,60
-73.3323823,-40.2701464,60
-73.3325174,-40.270175,60
-73.3326522,-40.2702034,60
-73.3328069,-40.2702339,60
-73.3329594,-40.270265,60
-73.3330964,-40.2702925,60
-73.3332469,-40.2703231,60
-73.3333972,-40.2703538,60
-73.3335318,-40.2703808,60
-73.3336819,-40.2704118,60
-73.333817,-40.27044,60
-73.333967,-40.2704707,60
-73.3341179,-40.2705014,60
-73.3342678,-40.2705316,60
-73.3343987,-40.2705574,60
-73.3345032,-40.270574,60
-73.3345783,-40.2705724,60
-73.3346471,-40.2705373,60
-73.3346976,-40.2704821,60
-73.3347194,-40.270431,60
-73.3346989,-40.2703942,60
-73.3346445,-40.2703719,60
-73.334574,-40.2703561,60
-73.3344898,-40.2703385,60
-73.3343751,-40.2703151,60
-73.3342441,-40.2702883,60
-73.3341147,-40.2702619,60
-73.3339625,-40.2702311,60
-73.3338091,-40.2702005,60
-73.3336575,-40.2701702,60
-73.333522,-40.2701426,60
-73.333372,-40.2701117,60
-73.3332376,-40.2700839,60
-73.3330877,-40.270054,60
-73.332938,-40.2700234,60
-73.3328032,-40.2699951,60
-73.3326536,-40.2699645,60
-73.3325038,-40.2699339,60
-73.3323688,-40.2699059,60
-73.332246,-40.2698769,60
-73.332188,-40.2698489,60
-73.332173,-40.2698132,60
-73.3321936,-40.2697669,60
-73.3322337,-40.2697153,60
-73.3322929,-40.2696798,60
-73.3323732,-40.269673,60
-73.332449,-40.2696853,60
-73.3325483,-40.2697053,60
-73.332667,-40.26973,60
-73.3328026,-40.2697592,60
-73.3329354,-40.269786,60
-73.3330878,-40.2698162,60
-73.3332404,-40.2698475,60
-73.3333775,-40.2698751,60
-73.3335288,-40.2699055,60
-73.3336793,-40.2699367,60
-73.3338143,-40.2699642,60
-73.3339639,-40.2699946,60
-73.3341135,-40.2700251,60
-73.3342492,-40.2700529,60
-73.3343954,-40.2700828,60
-73.3345411,-40.2701129,60
-73.3346787,-40.2701412,60
-73.3348131,-40.2701647,60
-73.3348928,-40.270167,60
-73.3349407,-40.2701412,60
-73.3349676,-40.2700911,60
-73.3349791,-40.2700306,60
-73.3349565,-40.26998,60
-73.3349044,-40.2699506,60
-73.3348306,-40.2699336,60
-73.3347357,-40.2699141,60
-73.3346313,-40.2698926,60
-73.3345008,-40.2698657,60
-73.3343568,-40.2698357,60
-73.3342191,-40.2698082,60
-73.3340654,-40.2697777,60
-73.3339292,-40.269751,60
-73.333779,-40.2697203,60
-73.3336283,-40.2696888,60
-73.3334926,-40.2696615,60
-73.3333425,-40.2696307,60
-73.3331932,-40.2695998,60
-73.3330589,-40.2695726,60
-73.3329093,-40.2695417,60
-73.3327594,-40.2695111,60
-73.3326275,-40.2694834,60
-73.332529,-40.2694556,60
-73.3324876,-40.2694243,60
-73.332488,-40.2693795,60
-73.3325134,-40.2693378,60
-73.3325634,-40.2692879,60
-73.3326278,-40.269262,60
-73.3327102,-40.2692653,60
-73.3327991,-40.2692819,60
-73.3328961,-40.2693019,60
-73.3330205,-40.2693272,60
-73.3331587,-40.2693561,60
-73.3333096,-40.2693872,60
-73.3334497,-40.2694148,60
-73.3336031,-40.269446,60
-73.3337389,-40.269474,60
-73.3338897,-40.2695045,60
-73.3340399,-40.2695351,60
-73.3341753,-40.2695622,60
-73.3343252,-40.2695923,60
-73.3344741,-40.2696226,60
-73.334609,-40.2696509,60
-73.334756,-40.2696813,60
-73.3348888,-40.2697065,60
-73.3349688,-40.2697133,60
-73.335024,-40.2696943,60
-73.3350506,-40.2696479,60
-73.3350594,-40.269591,60
-73.3350446,-40.2695373,60
-73.3349912,-40.2694963,60
-73.3349238,-40.2694772,60
-73.3348334,-40.2694584,60
-73.3347211,-40.2694353,60
-73.3345917,-40.2694092,60
-73.3344623,-40.2693823,60
-73.3343096,-40.2693514,60
-73.3341712,-40.2693238,60
-73.3340202,-40.2692938,60
-73.3338708,-40.2692634,60
-73.3337355,-40.269236,60
-73.3335862,-40.2692053,60
-73.3334358,-40.269175,60
-73.3333008,-40.2691474,60
-73.333151,-40.2691165,60
-73.3330015,-40.2690857,60
-73.3328834,-40.2690592,60
-73.3328142,-40.2690324,60
-73.3327899,-40.2689938,60
-73.332805,-40.2689515,60
-73.3328414,-40.2689031,60
-73.3329034,-40.2688592,60
-73.3329735,-40.2688477,60
-73.3330565,-40.2688592,60
-73.3331539,-40.2688788,60
-73.3332579,-40.2689004,60
-73.3333898,-40.268928,60
-73.3335362,-40.2689583,60
-73.3336744,-40.2689864,60
-73.3338281,-40.2690174,60
-73.3339794,-40.2690474,60
-73.3341137,-40.2690748,60
-73.3342599,-40.2691049,60
-73.3343976,-40.2691324,60
-73.3345254,-40.2691593,60
-73.3346727,-40.2691898,60
-73.3348187,-40.2692202,60
-73.3349444,-40.2692434,60
-73.3350375,-40.2692536,60
-73.3350887,-40.2692312,60
-73.3351076,-40.2691902,60
-73.3351122,-40.2691358,60
-73.335092,-40.2690734,60
-73.335041,-40.2690347,60
-73.3349635,-40.2690108,60
-73.3348709,-40.2689908,60
-73.334771,-40.2689701,60
-73.3346394,-40.2689432,60
-73.3344958,-40.2689135,60
-73.3343603,-40.2688863,60
-73.3342038,-40.2688551,60
-73.3340498,-40.2688248,60
-73.3339132,-40.2687974,60
-73.3337627,-40.268767,60
-73.333612,-40.2687363,60
-73.3334771,-40.268709,60
-73.3333266,-40.2686779,60
-73.3331925,-40.2686476,60
-73.3331254,-40.2686221,60
-73.3330998,-40.2685838,60
-73.3331152,-40.2685381,60
-73.3331471,-40.2684948,60
-73.3332073,-40.2684495,60
-73.333286,-40.2684365,60
-73.333361,-40.2684469,60
-73.3334568,-40.2684661,60
-73.3335722,-40.2684902,60
-73.3336913,-40.2685148,60
-73.3338354,-40.2685445,60
-73.3339737,-40.2685727,60
-73.3341272,-40.2686031,60
-73.3342782,-40.2686337,60
-73.3344068,-40.2686599,60
-73.3345594,-40.2686919,60
-73.3347089,-40.2687222,60
-73.334858,-40.2687528,60
-73.3349748,-40.2687734,60
-73.3350576,-40.2687808,60
-73.3351115,-40.2687646,60
-73.3351326,-40.2687402,60
-73.3351229,-40.2687101,60
-73.3351219,-40.2686654,60
-73.3351062,-40.2686105,60
-73.3350542,-40.2685639,60
-73.3349814,-40.2685395,60
-73.3349068,-40.2685223,60
-73.3348026,-40.2685019,60
-73.3346828,-40.2684786,60
-73.3345683,-40.2684551,60
-73.3344251,-40.268425,60
-73.3342714,-40.2683942,60
-73.3341331,-40.2683664,60
-73.3339823,-40.2683362,60
-73.333847,-40.2683087,60
-73.3336972,-40.2682781,60
-73.3335519,-40.2682476,60
-73.3334543,-40.2682198,60
-73.3334157,-40.2681912,60
-73.3334137,-40.2681468,60
-73.3334422,-40.2681005,60
-73.3334866,-40.2680553,60
-73.3335583,-40.2680266,60
-73.3336405,-40.2680301,60
-73.3337305,-40.2680466,60
-73.333828,-40.2680671,60
-73.3339532,-40.2680932,60
-73.3340786,-40.268119,60
-73.3342284,-40.26815,60
-73.3343669,-40.2681771,60
-73.3345198,-40.2682082,60
-73.3346702,-40.2682389,60
-73.3348215,-40.2682699,60
-73.3349465,-40.2682941,60
-73.335048,-40.2683075,60
-73.3351033,-40.2682917,60
-73.3351262,-40.2682528,60
-73.3351317,-40.2681998,60
-73.3351174,-40.2681373,60
-73.3350732,-40.2680943,60
-73.3349989,-40.2680683,60
-73.3349186,-40.2680508,60
-73.334809,-40.2680282,60
-73.3346816,-40.268002,60
-73.3345389,-40.2679727,60
-73.3344016,-40.2679448,60
-73.3342474,-40.2679149,60
-73.3340965,-40.2678845,60
-73.3339615,-40.2678573,60
-73.3338232,-40.2678272,60
-73.3337498,-40.2678022,60
-73.3337193,-40.2677655,60
-73.3337304,-40.2677198,60
-73.3337641,-40.2676722,60
-73.3338169,-40.2676297,60
-73.3338939,-40.2676119,60
-73.3339778,-40.2676226,60
-73.3340621,-40.2676393,60
-73.3341748,-40.267663,60
-73.334292,-40.2676874,60
-73.3344354,-40.2677166,60
-73.3345867,-40.2677477,60
-73.334725,-40.2677754,60
-73.3348719,-40.2678052,60
-73.334998,-40.267828,60
-73.3350731,-40.2678329,60
-73.3351178,-40.2678129,60
-73.3351373,-40.2677666,60
-73.3351396,-40.2677173,60
-73.3351196,-40.2676546,60
-73.3350628,-40.2676119,60
-73.3349851,-40.2675889,60
-73.3348991,-40.267572,60
-73.3347864,-40.2675489,60
-73.3346717,-40.2675248,60
-73.3345267,-40.2674949,60
-73.3343719,-40.2674636,60
-73.3342342,-40.2674364,60
-73.3341064,-40.2674071,60
-73.3340429,-40.2673793,60
-73.334028,-40.2673413,60
-73.3340467,-40.2672955,60
-73.3340865,-40.2672464,60
-73.3341452,-40.2672101,60
-73.3342249,-40.267202,60
-73.3343089,-40.2672152,60
-73.3343985,-40.2672331,60
-73.3345169,-40.2672581,60
-73.3346458,-40.2672839,60
-73.334725,-40.2672995,60
-73.334759,-40.2673065,60
-73.3347756,-40.2673089,60
-73.3347784,-40.2673101,60
</coordinates></LineString>
</Placemark>
<Placemark>
<name>DJI_202603261102_001_ELDESCANSO014_Timestamp.MRK</name>
<description>Equipo: M3E | Fecha: 26-03-2026 | Puntos: 1022</description>
<styleUrl>#m3e</styleUrl>
<LineString><altitudeMode>relativeToGround</altitudeMode><coordinates>
-73.3346761,-40.2668995,60
-73.3346763,-40.266932,60
-73.334676,-40.2669824,60
-73.334676,-40.2670577,60
-73.3346765,-40.2671488,60
-73.3346758,-40.2672409,60
-73.3346681,-40.2673525,60
-73.3346282,-40.2674623,60
-73.3345623,-40.2675502,60
-73.3344839,-40.2676401,60
-73.3344276,-40.2676882,60
-73.3343973,-40.2676962,60
-73.3343781,-40.267671,60
-73.3343745,-40.2676374,60
-73.334374,-40.2675831,60
-73.3343742,-40.2675075,60
-73.3343745,-40.2674254,60
-73.3343746,-40.2673226,60
-73.3343742,-40.2672091,60
-73.3343745,-40.2670999,60
-73.3343739,-40.2669784,60
-73.3343739,-40.2668587,60
-73.3343726,-40.2667395,60
-73.3343583,-40.2666416,60
-73.3343064,-40.266551,60
-73.334234,-40.2664772,60
-73.3341576,-40.2664127,60
-73.3341111,-40.2663892,60
-73.3340819,-40.2664053,60
-73.3340757,-40.2664381,60
-73.3340729,-40.2664842,60
-73.3340729,-40.2665436,60
-73.3340721,-40.266627,60
-73.3340716,-40.2667221,60
-73.3340713,-40.2668256,60
-73.3340711,-40.2669282,60
-73.3340699,-40.2670489,60
-73.3340692,-40.2671705,60
-73.3340683,-40.2672788,60
-73.3340677,-40.2673976,60
-73.3340672,-40.267516,60
-73.334067,-40.2676226,60
-73.3340661,-40.2677403,60
-73.3340651,-40.2678589,60
-73.3340644,-40.267966,60
-73.3340546,-40.2680844,60
-73.3340127,-40.2681979,60
-73.3339545,-40.2682958,60
-73.3338846,-40.2684,60
-73.3338346,-40.2684617,60
-73.3338021,-40.268489,60
-73.3337793,-40.2684768,60
-73.333775,-40.2684439,60
-73.3337748,-40.2684018,60
-73.3337735,-40.2683338,60
-73.3337738,-40.2682477,60
-73.3337738,-40.2681583,60
-73.3337732,-40.268048,60
-73.3337731,-40.2679301,60
-73.3337735,-40.2678211,60
-73.333773,-40.2677,60
-73.3337726,-40.2675919,60
-73.3337727,-40.267473,60
-73.333772,-40.267359,60
-73.3337722,-40.2672446,60
-73.3337724,-40.2671373,60
-73.3337729,-40.2670182,60
-73.3337731,-40.2668993,60
-73.3337734,-40.2667923,60
-73.3337727,-40.2666739,60
-73.3337736,-40.2665547,60
-73.3337733,-40.2664493,60
-73.3337685,-40.2663442,60
-73.333752,-40.2662701,60
-73.3336995,-40.2662342,60
-73.3336155,-40.2662139,60
-73.333547,-40.2662079,60
-73.3334959,-40.2662234,60
-73.3334732,-40.2662697,60
-73.3334741,-40.2663267,60
-73.3334741,-40.2663898,60
-73.3334741,-40.2664717,60
-73.333474,-40.2665662,60
-73.3334743,-40.2666602,60
-73.3334746,-40.2667741,60
-73.3334748,-40.2668948,60
-73.3334749,-40.2670045,60
-73.3334749,-40.2671244,60
-73.3334745,-40.2672432,60
-73.3334749,-40.2673502,60
-73.3334751,-40.2674675,60
-73.3334743,-40.2675862,60
-73.3334749,-40.2676931,60
-73.3334741,-40.2678107,60
-73.3334741,-40.2679292,60
-73.333474,-40.2680361,60
-73.3334739,-40.2681551,60
-73.3334737,-40.2682742,60
-73.3334736,-40.2683928,60
-73.333473,-40.2685,60
-73.3334736,-40.2686181,60
-73.3334739,-40.2687368,60
-73.3334737,-40.268856,60
-73.333471,-40.2689627,60
-73.3334578,-40.26908,60
-73.3334374,-40.2691856,60
-73.3334133,-40.2693039,60
-73.3333883,-40.2694215,60
-73.3333659,-40.2695272,60
-73.3333408,-40.2696447,60
-73.333316,-40.269762,60
-73.3332943,-40.2698674,60
-73.33327,-40.2699806,60
-73.3332478,-40.2700843,60
-73.3332223,-40.2702012,60
-73.3332016,-40.2702921,60
-73.3331881,-40.2703325,60
-73.3331812,-40.2703488,60
-73.3331753,-40.2703321,60
-73.333174,-40.2702995,60
-73.3331729,-40.2702541,60
-73.3331725,-40.2701831,60
-73.3331717,-40.2700956,60
-73.333172,-40.2700055,60
-73.3331711,-40.2698949,60
-73.3331717,-40.2697881,60
-73.333171,-40.2696665,60
-73.3331714,-40.2695463,60
-73.3331707,-40.2694384,60
-73.3331707,-40.2693195,60
-73.3331708,-40.2692007,60
-73.3331705,-40.2690818,60
-73.333171,-40.2689748,60
-73.3331707,-40.2688559,60
-73.3331708,-40.2687491,60
-73.3331708,-40.2686303,60
-73.333171,-40.2685119,60
-73.333171,-40.2683933,60
-73.3331716,-40.268287,60
-73.3331711,-40.2681684,60
-73.3331721,-40.2680505,60
-73.3331718,-40.2679432,60
-73.3331715,-40.2678239,60
-73.3331718,-40.2677107,60
-73.3331715,-40.267604,60
-73.3331718,-40.2674841,60
-73.3331719,-40.267365,60
-73.3331723,-40.2672622,60
-73.3331723,-40.2671435,60
-73.333172,-40.2670226,60
-73.3331718,-40.2669154,60
-73.3331719,-40.2667962,60
-73.3331718,-40.2666772,60
-73.3331714,-40.2665704,60
-73.3331715,-40.2664517,60
-73.3331713,-40.2663328,60
-73.3331671,-40.2662418,60
-73.333151,-40.2661831,60
-73.3331165,-40.2661666,60
-73.3330713,-40.2661824,60
-73.3330183,-40.2662147,60
-73.3329521,-40.2662606,60
-73.3328978,-40.2663228,60
-73.3328724,-40.2664082,60
-73.3328741,-40.2665012,60
-73.3328738,-40.2665937,60
-73.3328745,-40.2667027,60
-73.3328733,-40.2668198,60
-73.3328731,-40.2669302,60
-73.3328733,-40.2670521,60
-73.3328737,-40.2671723,60
-73.3328729,-40.2672773,60
-73.3328735,-40.2673929,60
-73.3328738,-40.2675128,60
-73.3328739,-40.2676188,60
-73.3328734,-40.2677385,60
-73.3328731,-40.2678582,60
-73.3328731,-40.2679657,60
-73.3328731,-40.2680846,60
-73.3328729,-40.2682032,60
-73.3328726,-40.2683095,60
-73.3328726,-40.2684289,60
-73.3328721,-40.2685474,60
-73.3328724,-40.2686536,60
-73.3328723,-40.2687713,60
-73.3328724,-40.2688906,60
-73.3328728,-40.2689981,60
-73.3328723,-40.2691163,60
-73.3328718,-40.2692351,60
-73.3328716,-40.2693425,60
-73.3328722,-40.2694614,60
-73.3328724,-40.2695801,60
-73.3328722,-40.2696869,60
-73.3328718,-40.2698049,60
-73.332872,-40.2699121,60
-73.3328717,-40.2700308,60
-73.3328717,-40.2701489,60
-73.3328721,-40.2702671,60
-73.3328714,-40.2703732,60
-73.3328689,-40.2704884,60
-73.3328519,-40.2705626,60
-73.3328174,-40.2706064,60
-73.3327569,-40.2706289,60
-73.3326658,-40.2706492,60
-73.3326125,-40.2706456,60
-73.3325796,-40.2706106,60
-73.3325725,-40.2705607,60
-73.3325711,-40.2705047,60
-73.3325705,-40.2704248,60
-73.3325697,-40.2703292,60
-73.3325692,-40.2702325,60
-73.3325696,-40.2701161,60
-73.3325696,-40.2699949,60
-73.3325693,-40.2698862,60
-73.3325691,-40.2697663,60
-73.3325696,-40.2696467,60
-73.33257,-40.2695396,60
-73.3325697,-40.2694208,60
-73.33257,-40.2693021,60
-73.33257,-40.2691954,60
-73.3325696,-40.2690767,60
-73.3325694,-40.2689698,60
-73.3325696,-40.2688506,60
-73.3325697,-40.2687316,60
-73.3325696,-40.2686131,60
-73.3325696,-40.2685061,60
-73.3325704,-40.2683874,60
-73.3325702,-40.2682687,60
-73.3325702,-40.2681619,60
-73.3325701,-40.2680469,60
-73.3325699,-40.2679271,60
-73.33257,-40.2678226,60
-73.3325704,-40.2677211,60
-73.3325701,-40.26761,60
-73.33257,-40.267504,60
-73.3325701,-40.2673904,60
-73.3325708,-40.2672722,60
-73.3325705,-40.2671633,60
-73.3325707,-40.2670449,60
-73.3325705,-40.2669257,60
-73.3325708,-40.2668063,60
-73.3325702,-40.2667021,60
-73.3325595,-40.2666213,60
-73.3325405,-40.2665898,60
-73.3325005,-40.2665867,60
-73.332458,-40.2666106,60
-73.3324135,-40.2666427,60
-73.3323473,-40.2666952,60
-73.3322911,-40.2667688,60
-73.3322693,-40.2668623,60
-73.3322708,-40.2669499,60
-73.3322705,-40.2670576,60
-73.3322711,-40.2671712,60
-73.3322714,-40.2672814,60
-73.3322718,-40.2674038,60
-73.332271,-40.2675066,60
-73.3322714,-40.2676201,60
-73.3322709,-40.26774,60
-73.3322709,-40.2678452,60
-73.3322702,-40.267966,60
-73.3322704,-40.2680868,60
-73.3322705,-40.2682061,60
-73.3322705,-40.2683134,60
-73.3322708,-40.2684324,60
-73.3322705,-40.2685508,60
-73.3322703,-40.2686572,60
-73.3322709,-40.2687757,60
-73.3322707,-40.268893,60
-73.3322706,-40.2689995,60
-73.3322703,-40.2691192,60
-73.3322702,-40.2692383,60
-73.33227,-40.2693456,60
-73.33227,-40.2694646,60
-73.3322699,-40.2695836,60
-73.3322699,-40.2696902,60
-73.33227,-40.2698084,60
-73.3322698,-40.2699275,60
-73.3322699,-40.2700334,60
-73.3322694,-40.2701514,60
-73.3322699,-40.270258,60
-73.3322699,-40.270376,60
-73.3322697,-40.2704952,60
-73.3322704,-40.2706084,60
-73.3322659,-40.2706906,60
-73.3322529,-40.2707409,60
-73.3322157,-40.2707619,60
-73.3321745,-40.270783,60
-73.3321372,-40.2708272,60
-73.3321021,-40.2708749,60
-73.3320497,-40.2709407,60
-73.3320109,-40.2709803,60
-73.3319858,-40.2709826,60
-73.331972,-40.2709564,60
-73.3319696,-40.2709178,60
-73.3319687,-40.2708584,60
-73.3319687,-40.2707877,60
-73.3319681,-40.2706948,60
-73.3319686,-40.2705891,60
-73.3319688,-40.2704861,60
-73.3319686,-40.2703651,60
-73.3319679,-40.2702439,60
-73.3319681,-40.2701358,60
-73.3319686,-40.2700163,60
-73.3319684,-40.2699094,60
-73.3319682,-40.2697904,60
-73.3319688,-40.2696717,60
-73.3319684,-40.2695527,60
-73.3319682,-40.2694461,60
-73.3319685,-40.2693277,60
-73.3319682,-40.2692092,60
-73.331968,-40.2691023,60
-73.3319685,-40.2689836,60
-73.3319683,-40.2688653,60
-73.3319687,-40.2687586,60
-73.331968,-40.2686402,60
-73.3319685,-40.2685216,60
-73.3319688,-40.2684145,60
-73.3319688,-40.2682959,60
-73.3319693,-40.2681903,60
-73.3319696,-40.2680754,60
-73.3319697,-40.2679689,60
-73.3319695,-40.267865,60
-73.3319689,-40.2677493,60
-73.3319697,-40.2676343,60
-73.3319693,-40.2675266,60
-73.3319693,-40.2674064,60
-73.3319693,-40.2672871,60
-73.3319685,-40.2671797,60
-73.331964,-40.267079,60
-73.33195,-40.2670269,60
-73.3319249,-40.2670127,60
-73.331892,-40.2670274,60
-73.3318502,-40.2670565,60
-73.3317854,-40.2670983,60
-73.3317132,-40.2671378,60
-73.3316757,-40.2671733,60
-73.3316702,-40.2672129,60
-73.3316697,-40.2672703,60
-73.33167,-40.267347,60
-73.3316696,-40.2674305,60
-73.3316696,-40.2675343,60
-73.3316699,-40.2676476,60
-73.3316696,-40.2677576,60
-73.3316698,-40.2678799,60
-73.3316697,-40.2679975,60
-73.3316695,-40.2681143,60
-73.3316688,-40.2682146,60
-73.331669,-40.268328,60
-73.3316695,-40.2684485,60
-73.3316698,-40.2685544,60
-73.33167,-40.268676,60
-73.3316696,-40.2687962,60
-73.3316691,-40.2689027,60
-73.3316698,-40.2690202,60
-73.3316696,-40.2691272,60
-73.3316696,-40.2692455,60
-73.3316694,-40.2693616,60
-73.3316693,-40.269482,60
-73.3316694,-40.269589,60
-73.3316697,-40.269708,60
-73.3316699,-40.2698129,60
-73.3316698,-40.2699254,60
-73.3316691,-40.2700348,60
-73.3316693,-40.2701541,60
-73.3316696,-40.270264,60
-73.3316693,-40.2703845,60
-73.3316695,-40.2705035,60
-73.3316701,-40.2706104,60
-73.3316698,-40.2707295,60
-73.3316692,-40.2708363,60
-73.3316689,-40.2709551,60
-73.3316695,-40.2710739,60
-73.3316697,-40.2711803,60
-73.3316696,-40.2713002,60
-73.3316691,-40.2714184,60
-73.331666,-40.2715276,60
-73.3316526,-40.2715877,60
-73.331611,-40.2716255,60
-73.3315431,-40.2716384,60
-73.3314618,-40.2716391,60
-73.3314013,-40.2716188,60
-73.3313736,-40.2715733,60
-73.3313691,-40.2715234,60
-73.3313682,-40.2714528,60
-73.3313677,-40.2713743,60
-73.3313675,-40.2712741,60
-73.331368,-40.2711625,60
-73.3313674,-40.2710558,60
-73.3313671,-40.2709347,60
-73.3313667,-40.2708146,60
-73.3313668,-40.270707,60
-73.3313668,-40.2705872,60
-73.3313671,-40.2704683,60
-73.3313671,-40.2703616,60
-73.3313674,-40.2702427,60
-73.3313669,-40.2701245,60
-73.331367,-40.2700062,60
-73.3313671,-40.2698997,60
-73.3313675,-40.2697809,60
-73.3313672,-40.2696617,60
-73.3313676,-40.2695549,60
-73.3313679,-40.2694364,60
-73.3313682,-40.2693181,60
-73.331368,-40.2692105,60
-73.3313676,-40.2690916,60
-73.3313677,-40.2689848,60
-73.3313677,-40.2688663,60
-73.3313678,-40.2687491,60
-73.3313674,-40.2686289,60
-73.3313672,-40.2685216,60
-73.3313677,-40.2684035,60
-73.3313675,-40.2683012,60
-73.3313677,-40.2682067,60
-73.3313682,-40.2681008,60
-73.3313677,-40.2679871,60
-73.3313684,-40.2678837,60
-73.3313684,-40.2677632,60
-73.3313685,-40.2676596,60
-73.331368,-40.2675408,60
-73.3313677,-40.2674161,60
-73.3313584,-40.2673288,60
-73.3313411,-40.2672883,60
-73.3312944,-40.2672705,60
-73.3312377,-40.2672826,60
-73.331167,-40.2673104,60
-73.3310996,-40.2673604,60
-73.3310724,-40.2674273,60
-73.3310688,-40.267493,60
-73.3310687,-40.2675758,60
-73.331069,-40.2676757,60
-73.3310688,-40.2677762,60
-73.3310695,-40.267896,60
-73.3310688,-40.2680188,60
-73.3310684,-40.2681394,60
-73.3310685,-40.2682466,60
-73.3310684,-40.2683534,60
-73.3310691,-40.2684717,60
-73.3310686,-40.2685904,60
-73.3310687,-40.268709,60
-73.3310681,-40.2688155,60
-73.331068,-40.2689339,60
-73.3310685,-40.2690525,60
-73.3310687,-40.2691592,60
-73.3310687,-40.2692774,60
-73.3310687,-40.2693955,60
-73.3310686,-40.269502,60
-73.3310676,-40.2696219,60
-73.3310677,-40.2697411,60
-73.3310672,-40.2698482,60
-73.3310675,-40.269966,60
-73.3310675,-40.270084,60
-73.3310681,-40.2701918,60
-73.331068,-40.2703109,60
-73.3310683,-40.2704297,60
-73.3310683,-40.2705366,60
-73.3310682,-40.2706552,60
-73.331068,-40.2707733,60
-73.3310684,-40.2708793,60
-73.3310683,-40.2709975,60
-73.331068,-40.2711165,60
-73.3310678,-40.2712355,60
-73.3310676,-40.2713435,60
-73.3310677,-40.2714625,60
-73.3310633,-40.2715662,60
-73.3310454,-40.2716277,60
-73.330998,-40.2716592,60
-73.3309329,-40.2716711,60
-73.3308517,-40.2716696,60
-73.3307944,-40.2716469,60
-73.3307704,-40.2716049,60
-73.3307661,-40.2715478,60
-73.3307656,-40.2714749,60
-73.3307659,-40.2713857,60
-73.330766,-40.2712939,60
-73.3307659,-40.2711818,60
-73.3307658,-40.2710615,60
-73.3307657,-40.2709519,60
-73.3307659,-40.2708311,60
-73.3307655,-40.2707231,60
-73.330766,-40.2706039,60
-73.3307663,-40.2704845,60
-73.3307666,-40.2703773,60
-73.3307667,-40.2702582,60
-73.3307668,-40.2701392,60
-73.330766,-40.27002,60
-73.3307655,-40.2699133,60
-73.3307662,-40.2697947,60
-73.3307661,-40.2696762,60
-73.3307652,-40.2695694,60
-73.3307653,-40.2694504,60
-73.3307659,-40.2693322,60
-73.3307666,-40.2692254,60
-73.3307663,-40.269107,60
-73.3307664,-40.269,60
-73.330766,-40.268881,60
-73.3307656,-40.268762,60
-73.330766,-40.2686432,60
-73.330766,-40.2685277,60
-73.330766,-40.2684204,60
-73.3307656,-40.2683003,60
-73.330766,-40.2681827,60
-73.3307664,-40.2680769,60
-73.3307666,-40.2679556,60
-73.3307669,-40.267854,60
-73.3307672,-40.2677455,60
-73.3307671,-40.267631,60
-73.3307626,-40.2675476,60
-73.330752,-40.2674851,60
-73.3307151,-40.2674596,60
-73.3306679,-40.2674683,60
-73.3306052,-40.267493,60
-73.3305313,-40.2675271,60
-73.3304805,-40.2675866,60
-73.3304683,-40.2676497,60
-73.3304669,-40.2677266,60
-73.3304668,-40.267817,60
-73.3304667,-40.2679107,60
-73.3304665,-40.2680205,60
-73.3304671,-40.268122,60
-73.3304671,-40.268242,60
-73.3304671,-40.2683653,60
-73.3304667,-40.2684736,60
-73.330467,-40.2685921,60
-73.3304671,-40.2687083,60
-73.3304666,-40.2688217,60
-73.3304668,-40.2689233,60
-73.3304672,-40.2690409,60
-73.3304673,-40.2691595,60
-73.3304664,-40.2692686,60
-73.3304661,-40.2693896,60
-73.3304662,-40.2695089,60
-73.330466,-40.269616,60
-73.3304665,-40.2697358,60
-73.3304655,-40.269854,60
-73.3304657,-40.2699517,60
-73.3304653,-40.2700525,60
-73.3304661,-40.2701525,60
-73.3304663,-40.2702699,60
-73.330466,-40.2703906,60
-73.3304656,-40.2704989,60
-73.3304662,-40.2706181,60
-73.330466,-40.2707365,60
-73.3304664,-40.2708431,60
-73.3304662,-40.2709624,60
-73.3304666,-40.2710812,60
-73.3304669,-40.2711998,60
-73.3304663,-40.2713063,60
-73.3304666,-40.2714239,60
-73.3304658,-40.2715414,60
-73.3304588,-40.2716233,60
-73.3304298,-40.2716738,60
-73.3303732,-40.2716973,60
-73.3303008,-40.271705,60
-73.3302243,-40.2716982,60
-73.3301825,-40.271668,60
-73.3301667,-40.2716162,60
-73.3301646,-40.271555,60
-73.330164,-40.2714751,60
-73.3301639,-40.2713901,60
-73.3301644,-40.2712838,60
-73.3301646,-40.2711689,60
-73.3301646,-40.2710593,60
-73.3301646,-40.2709375,60
-73.3301648,-40.2708172,60
-73.3301644,-40.2707109,60
-73.3301651,-40.2705932,60
-73.3301649,-40.2704728,60
-73.3301649,-40.2703652,60
-73.3301651,-40.2702462,60
-73.3301652,-40.2701272,60
-73.3301648,-40.2700204,60
-73.3301644,-40.2699017,60
-73.3301644,-40.2697945,60
-73.3301647,-40.2696761,60
-73.3301645,-40.2695578,60
-73.3301646,-40.2694389,60
-73.3301646,-40.2693321,60
-73.3301647,-40.2692135,60
-73.3301648,-40.269095,60
-73.3301648,-40.2689882,60
-73.3301643,-40.2688697,60
-73.3301647,-40.2687512,60
-73.3301649,-40.2686437,60
-73.3301648,-40.2685246,60
-73.3301646,-40.268418,60
-73.3301651,-40.2682997,60
-73.330165,-40.2681808,60
-73.3301651,-40.2680738,60
-73.3301649,-40.2679446,60
-73.3301647,-40.2678384,60
-73.3301598,-40.2677406,60
-73.3301462,-40.2676859,60
-73.3301076,-40.2676605,60
-73.330049,-40.2676722,60
-73.3299888,-40.2676939,60
-73.3299151,-40.2677344,60
-73.329874,-40.2677971,60
-73.3298677,-40.2678614,60
-73.3298665,-40.2679418,60
-73.3298661,-40.2680358,60
-73.3298659,-40.2681322,60
-73.3298659,-40.268246,60
-73.3298657,-40.2683648,60
-73.3298663,-40.2684758,60
-73.3298662,-40.2685971,60
-73.3298665,-40.2687157,60
-73.3298665,-40.2688225,60
-73.3298665,-40.2689416,60
-73.3298663,-40.2690607,60
-73.3298659,-40.2691673,60
-73.329866,-40.2692844,60
-73.3298654,-40.2694023,60
-73.3298658,-40.2695094,60
-73.3298652,-40.2696286,60
-73.3298651,-40.2697355,60
-73.329865,-40.269855,60
-73.3298651,-40.2699737,60
-73.3298648,-40.2700922,60
-73.3298646,-40.2701992,60
-73.3298645,-40.270318,60
-73.3298651,-40.2704361,60
-73.3298652,-40.270543,60
-73.3298649,-40.2706623,60
-73.3298648,-40.2707694,60
-73.3298653,-40.2708883,60
-73.3298647,-40.2710061,60
-73.3298649,-40.2711133,60
-73.329865,-40.2712325,60
-73.3298647,-40.271351,60
-73.3298648,-40.2714697,60
-73.329865,-40.2715891,60
-73.3298626,-40.2716901,60
-73.3298508,-40.2717662,60
-73.3298283,-40.2717982,60
-73.329784,-40.2718147,60
-73.3297105,-40.2718316,60
-73.329638,-40.2718388,60
-73.3295872,-40.2718189,60
-73.3295689,-40.2717787,60
-73.3295639,-40.2717249,60
-73.3295636,-40.2716542,60
-73.3295637,-40.2715751,60
-73.3295637,-40.2714737,60
-73.3295634,-40.2713617,60
-73.3295633,-40.2712422,60
-73.3295628,-40.2711326,60
-73.3295631,-40.2710124,60
-73.329563,-40.2708928,60
-73.3295632,-40.2707854,60
-73.3295638,-40.2706659,60
-73.3295639,-40.2705468,60
-73.329564,-40.2704397,60
-73.3295643,-40.2703202,60
-73.3295639,-40.2702016,60
-73.3295635,-40.2700948,60
-73.3295636,-40.269976,60
-73.329563,-40.2698695,60
-73.3295636,-40.2697507,60
-73.3295634,-40.2696319,60
-73.3295633,-40.2695135,60
-73.3295636,-40.2694072,60
-73.3295636,-40.269288,60
-73.3295632,-40.2691809,60
-73.3295635,-40.2690621,60
-73.3295631,-40.2689438,60
-73.3295635,-40.2688256,60
-73.3295638,-40.268719,60
-73.3295635,-40.2685998,60
-73.3295638,-40.2684808,60
-73.3295636,-40.268374,60
-73.329563,-40.2682556,60
-73.3295633,-40.2681369,60
-73.329563,-40.2680305,60
-73.3295568,-40.2679374,60
-73.3295399,-40.2678894,60
-73.3295,-40.2678747,60
-73.329444,-40.2678873,60
-73.3293842,-40.2679126,60
-73.3293206,-40.2679535,60
-73.3292703,-40.2680216,60
-73.3292621,-40.2681013,60
-73.329264,-40.2681815,60
-73.3292643,-40.2682817,60
-73.3292642,-40.2683915,60
-73.3292643,-40.2684944,60
-73.3292642,-40.2686079,60
-73.3292641,-40.268717,60
-73.3292635,-40.2688399,60
-73.3292643,-40.2689598,60
-73.3292649,-40.2690789,60
-73.3292649,-40.2691855,60
-73.3292647,-40.269304,60
-73.3292649,-40.2694232,60
-73.3292648,-40.2695426,60
-73.3292649,-40.2696497,60
-73.3292647,-40.2697675,60
-73.3292641,-40.2698738,60
-73.3292642,-40.2699933,60
-73.3292642,-40.2701123,60
-73.3292637,-40.2702192,60
-73.3292636,-40.2703381,60
-73.3292633,-40.2704444,60
-73.3292631,-40.2705631,60
-73.3292641,-40.2706808,60
-73.3292643,-40.2707873,60
-73.3292637,-40.2709064,60
-73.3292641,-40.2710264,60
-73.3292639,-40.2711329,60
-73.3292637,-40.2712512,60
-73.3292635,-40.2713694,60
-73.3292628,-40.271488,60
-73.3292632,-40.2715951,60
-73.3292627,-40.2717123,60
-73.3292569,-40.2718096,60
-73.3292338,-40.2718596,60
-73.3291747,-40.2718907,60
-73.329105,-40.2718998,60
-73.3290268,-40.2718959,60
-73.32898,-40.2718648,60
-73.3289648,-40.2718198,60
-73.3289622,-40.2717611,60
-73.3289615,-40.2716841,60
-73.3289613,-40.2716014,60
-73.3289613,-40.2714971,60
-73.3289607,-40.2713826,60
-73.3289612,-40.2712616,60
-73.3289611,-40.2711527,60
-73.3289614,-40.2710325,60
-73.3289614,-40.2709251,60
-73.3289614,-40.2707943,60
-73.3289619,-40.2706871,60
-73.3289618,-40.2705678,60
-73.3289618,-40.2704607,60
-73.3289615,-40.270342,60
-73.3289615,-40.2702237,60
-73.3289608,-40.2701169,60
-73.3289618,-40.2699976,60
-73.3289626,-40.2698792,60
-73.328962,-40.2697729,60
-73.3289619,-40.2696539,60
-73.3289618,-40.2695354,60
-73.328962,-40.2694289,60
-73.3289621,-40.2693103,60
-73.3289621,-40.2691917,60
-73.328962,-40.2690736,60
-73.3289621,-40.2689664,60
-73.3289625,-40.2688474,60
-73.3289622,-40.2687437,60
-73.3289627,-40.2686516,60
-73.3289623,-40.2685696,60
-73.3289618,-40.2684826,60
-73.3289625,-40.2683843,60
-73.3289614,-40.268276,60
-73.3289557,-40.2681933,60
-73.3289384,-40.2681348,60
-73.3288993,-40.2681238,60
-73.3288568,-40.2681445,60
-73.3288022,-40.2681719,60
-73.3287329,-40.2682118,60
-73.3286796,-40.2682692,60
-73.3286613,-40.2683464,60
-73.3286627,-40.2684321,60
-73.3286627,-40.2685292,60
-73.3286634,-40.2686275,60
-73.3286628,-40.2687373,60
-73.3286631,-40.2688436,60
-73.3286629,-40.2689666,60
-73.3286631,-40.2690884,60
-73.3286622,-40.2691966,60
-73.3286616,-40.2693152,60
-73.3286614,-40.2694326,60
-73.3286616,-40.2695389,60
-73.3286618,-40.2696572,60
-73.3286615,-40.2697754,60
-73.3286614,-40.2698938,60
-73.3286612,-40.2700015,60
-73.3286612,-40.2701197,60
-73.3286614,-40.2702262,60
-73.3286621,-40.2703449,60
-73.3286617,-40.2704632,60
-73.3286618,-40.2705818,60
-73.3286619,-40.2706892,60
-73.3286617,-40.2708079,60
-73.3286617,-40.2709142,60
-73.3286619,-40.2710326,60
-73.3286617,-40.2711509,60
-73.3286619,-40.2712581,60
-73.3286621,-40.2713761,60
-73.328662,-40.2714926,60
-73.3286621,-40.2715996,60
-73.3286621,-40.2717196,60
-73.3286598,-40.2718297,60
-73.328646,-40.2718936,60
-73.3286133,-40.2719279,60
-73.3285484,-40.2719421,60
-73.3284656,-40.2719474,60
-73.3284069,-40.2719369,60
-73.3283684,-40.271897,60
-73.3283609,-40.2718495,60
-73.3283601,-40.2717853,60
-73.32836,-40.2717029,60
-73.3283606,-40.2716163,60
-73.32836,-40.2715082,60
-73.3283605,-40.2713908,60
-73.3283602,-40.2712681,60
-73.3283603,-40.2711597,60
-73.3283603,-40.2710411,60
-73.3283596,-40.2709211,60
-73.3283596,-40.2708135,60
-73.3283604,-40.2706947,60
-73.3283602,-40.2705756,60
-73.3283599,-40.2704681,60
-73.32836,-40.2703493,60
-73.3283598,-40.2702426,60
-73.32836,-40.2701239,60
-73.3283598,-40.2700054,60
-73.3283601,-40.2698864,60
-73.3283605,-40.2697794,60
-73.3283608,-40.2696604,60
-73.3283607,-40.2695417,60
-73.3283606,-40.2694349,60
-73.3283602,-40.2693161,60
-73.3283602,-40.2691973,60
-73.3283602,-40.2690905,60
-73.3283603,-40.2689713,60
-73.3283605,-40.2688644,60
-73.3283606,-40.2687334,60
-73.328361,-40.2686265,60
-73.3283597,-40.2685238,60
-73.3283507,-40.268448,60
-73.328322,-40.2684151,60
-73.3282745,-40.2684125,60
-73.3282183,-40.2684324,60
-73.3281514,-40.2684656,60
-73.3280876,-40.2685227,60
-73.3280598,-40.2685905,60
-73.3280606,-40.2686756,60
-73.3280611,-40.2687699,60
-73.3280617,-40.2688648,60
-73.3280613,-40.2689807,60
-73.3280612,-40.2691027,60
-73.3280605,-40.2692124,60
-73.3280601,-40.269332,60
-73.3280601,-40.269451,60
-73.3280601,-40.2695577,60
-73.3280601,-40.2696764,60
-73.3280612,-40.2697945,60
-73.3280613,-40.2699008,60
-73.3280616,-40.2700204,60
-73.3280606,-40.2701276,60
-73.3280607,-40.270246,60
-73.3280603,-40.2703637,60
-73.3280608,-40.2704816,60
-73.3280601,-40.2705879,60
-73.3280607,-40.270707,60
-73.3280617,-40.2708247,60
-73.3280613,-40.2709317,60
-73.3280608,-40.2710513,60
-73.3280613,-40.27117,60
-73.328061,-40.2712882,60
-73.3280604,-40.271395,60
-73.3280606,-40.2715017,60
-73.3280606,-40.2716193,60
-73.3280599,-40.2717349,60
-73.3280594,-40.2718366,60
-73.328052,-40.271912,60
-73.3280249,-40.2719626,60
-73.3279809,-40.2719863,60
-73.3279025,-40.2719933,60
-73.3278222,-40.271989,60
-73.3277751,-40.2719569,60
-73.3277604,-40.2719114,60
-73.3277585,-40.2718519,60
-73.3277585,-40.271774,60
-73.3277584,-40.2716901,60
-73.3277589,-40.2715847,60
-73.3277589,-40.2714687,60
-73.3277591,-40.2713607,60
-73.3277583,-40.2712401,60
-73.3277581,-40.2711207,60
-73.3277584,-40.2710136,60
-73.3277585,-40.2708941,60
-73.3277591,-40.2707758,60
-73.3277588,-40.270656,60
-73.3277588,-40.2705485,60
-73.3277588,-40.2704299,60
-73.327759,-40.2703231,60
-73.3277589,-40.270204,60
-73.3277588,-40.270085,60
-73.3277593,-40.2699783,60
-73.3277594,-40.2698599,60
-73.3277594,-40.2697417,60
-73.3277591,-40.269635,60
-73.327759,-40.2695166,60
-73.3277586,-40.2693981,60
-73.3277585,-40.2692912,60
-73.3277586,-40.2691722,60
-73.3277587,-40.269053,60
-73.3277584,-40.2689461,60
-73.3277585,-40.2688275,60
-73.3277521,-40.2687432,60
-73.3277319,-40.2686957,60
-73.3276865,-40.2686806,60
-73.3276375,-40.2686931,60
-73.3275776,-40.2687188,60
-73.3275069,-40.2687667,60
-73.3274635,-40.2688384,60
-73.3274586,-40.268911,60
-73.3274593,-40.2689998,60
-73.3274597,-40.2691,60
-73.3274596,-40.2692012,60
-73.3274595,-40.269321,60
-73.3274597,-40.2694436,60
-73.3274599,-40.2695631,60
-73.3274603,-40.2696705,60
-73.3274597,-40.2697891,60
-73.3274603,-40.2698943,60
-73.3274601,-40.2700111,60
-73.3274597,-40.2701294,60
-73.3274596,-40.2702478,60
-73.3274589,-40.2703559,60
-73.3274591,-40.2704748,60
-73.3274592,-40.2705815,60
-73.3274592,-40.270701,60
-73.3274591,-40.2708194,60
-73.3274592,-40.2709264,60
-73.3274591,-40.2710451,60
-73.3274593,-40.2711513,60
-73.3274594,-40.2712686,60
-73.327459,-40.2713868,60
-73.3274594,-40.2715046,60
-73.3274597,-40.2716116,60
-73.3274598,-40.2717318,60
-73.3274591,-40.2718453,60
-73.3274476,-40.2719127,60
-73.3274343,-40.2719365,60
-73.3274044,-40.271926,60
-73.3273829,-40.2718992,60
-73.3273508,-40.2718546,60
-73.3273045,-40.2717891,60
-73.3272554,-40.271718,60
-73.3271984,-40.2716267,60
-73.3271643,-40.2715202,60
-73.3271584,-40.2714142,60
-73.3271569,-40.2712928,60
-73.3271572,-40.2711718,60
-73.3271574,-40.2710642,60
-73.3271577,-40.2709442,60
-73.3271579,-40.2708239,60
-73.3271577,-40.2707046,60
-73.3271574,-40.2705858,60
-73.3271572,-40.2704792,60
-73.3271573,-40.27036,60
-73.3271563,-40.270253,60
-73.3271564,-40.2701342,60
-73.3271567,-40.2700155,60
-73.327157,-40.2699083,60
-73.3271568,-40.26979,60
-73.327157,-40.2696717,60
-73.3271573,-40.2695645,60
-73.3271577,-40.2694457,60
-73.3271576,-40.2693393,60
-73.3271577,-40.2692207,60
-73.3271556,-40.2691088,60
-73.3271422,-40.2690357,60
-73.3271174,-40.2690115,60
-73.327077,-40.2690208,60
-73.3270353,-40.2690535,60
-73.3269862,-40.2690928,60
-73.3269205,-40.2691524,60
-73.3268696,-40.2692322,60
-73.3268543,-40.2693188,60
-73.326857,-40.2694226,60
-73.3268569,-40.2695342,60
-73.3268579,-40.269642,60
-73.3268587,-40.269763,60
-73.3268583,-40.2698834,60
-73.3268585,-40.2699907,60
-73.3268582,-40.2701086,60
-73.3268572,-40.2702259,60
-73.3268574,-40.2703326,60
-73.3268575,-40.2704631,60
-73.326858,-40.270569,60
-73.3268577,-40.2706758,60
-73.3268575,-40.2707942,60
-73.3268566,-40.2709093,60
-73.3268451,-40.2709836,60
-73.3268267,-40.2710099,60
-73.3267888,-40.2710036,60
-73.3267534,-40.2709747,60
-73.3267137,-40.2709379,60
-73.3266531,-40.2708804,60
-73.3265922,-40.2708033,60
-73.3265606,-40.2707175,60
-73.3265555,-40.2706121,60
-73.3265562,-40.2705111,60
-73.3265558,-40.270393,60
-73.3265561,-40.2702723,60
-73.3265561,-40.2701645,60
-73.3265559,-40.2700445,60
-73.3265564,-40.2699247,60
-73.3265568,-40.2698169,60
-73.3265563,-40.2696978,60
-73.3265541,-40.2695868,60
-73.3265404,-40.2695201,60
-73.3265163,-40.2694987,60
-73.326475,-40.2695103,60
-73.3264392,-40.2695358,60
-73.3263861,-40.269578,60
-73.3263202,-40.2696375,60
-73.3262696,-40.2697206,60
-73.3262536,-40.2698068,60
-73.3262559,-40.2699089,60
-73.3262558,-40.2700069,60
-73.3262562,-40.2701243,60
-73.3262569,-40.2702436,60
-73.3262563,-40.2703505,60
-73.3262564,-40.2704711,60
-73.3262561,-40.2705456,60
-73.3262559,-40.2705806,60
-73.3262557,-40.2705958,60
-73.3262556,-40.270601,60
</coordinates></LineString>
</Placemark>
<Placemark>
<name>DJI_202603261102_002_ELDESCANSO015_Timestamp.MRK</name>
<description>Equipo: M3E | Fecha: 26-03-2026 | Puntos: 358</description>
<styleUrl>#m3e</styleUrl>
<LineString><altitudeMode>relativeToGround</altitudeMode><coordinates>
-73.3275341,-40.2734589,60
-73.3275707,-40.2734609,60
-73.3276305,-40.2734645,60
-73.3277252,-40.2734692,60
-73.3278274,-40.2734748,60
-73.3279206,-40.2734785,60
-73.3279741,-40.2734817,60
-73.3279813,-40.273483,60
-73.3279968,-40.2734838,60
-73.3280445,-40.2734863,60
-73.328113,-40.2734895,60
-73.3282111,-40.2734948,60
-73.3283315,-40.2735018,60
-73.3284675,-40.2735085,60
-73.3286029,-40.2735163,60
-73.3287596,-40.2735247,60
-73.3289139,-40.2735322,60
-73.329055,-40.2735403,60
-73.3292111,-40.273548,60
-73.3293665,-40.2735568,60
-73.329493,-40.2735628,60
-73.3296256,-40.2735704,60
-73.329756,-40.2735774,60
-73.3299092,-40.2735861,60
-73.3300684,-40.2735945,60
-73.3302104,-40.2736018,60
-73.3303671,-40.2736105,60
-73.3305219,-40.2736184,60
-73.3306574,-40.2736248,60
-73.3307707,-40.2736228,60
-73.3308485,-40.2735967,60
-73.3308948,-40.2735458,60
-73.3309251,-40.2734814,60
-73.330921,-40.2734381,60
-73.3308773,-40.2734113,60
-73.3308215,-40.2734036,60
-73.3307421,-40.2733989,60
-73.3306382,-40.2733935,60
-73.3305267,-40.2733877,60
-73.330387,-40.2733806,60
-73.3302347,-40.2733725,60
-73.3300913,-40.2733652,60
-73.3299324,-40.2733565,60
-73.3297921,-40.2733497,60
-73.3296408,-40.2733418,60
-73.3294987,-40.2733343,60
-73.3293484,-40.2733261,60
-73.3292085,-40.2733181,60
-73.3290526,-40.2733095,60
-73.3288962,-40.2733018,60
-73.3287554,-40.2732943,60
-73.3285992,-40.2732866,60
-73.3284432,-40.2732783,60
-73.3283053,-40.2732709,60
-73.3281507,-40.2732628,60
-73.3279957,-40.273254,60
-73.3278581,-40.2732475,60
-73.3277127,-40.2732391,60
-73.3275809,-40.2732289,60
-73.3275042,-40.2732111,60
-73.327453,-40.2731627,60
-73.3274311,-40.2730975,60
-73.3274284,-40.273045,60
-73.3274629,-40.2730096,60
-73.3275215,-40.2729994,60
-73.3275869,-40.2730013,60
-73.3276805,-40.2730062,60
-73.3277945,-40.2730128,60
-73.32793,-40.2730205,60
-73.3280626,-40.2730275,60
-73.3282201,-40.2730351,60
-73.3284109,-40.2730453,60
-73.328521,-40.2730512,60
-73.3286768,-40.2730589,60
-73.3288158,-40.2730669,60
-73.3289712,-40.2730757,60
-73.3291102,-40.2730828,60
-73.3292561,-40.2730904,60
-73.3294024,-40.2730986,60
-73.3295567,-40.2731065,60
-73.3296962,-40.2731136,60
-73.3298448,-40.2731223,60
-73.3299932,-40.2731306,60
-73.3301344,-40.2731381,60
-73.3302928,-40.273147,60
-73.3304519,-40.2731548,60
-73.3305926,-40.2731622,60
-73.3307461,-40.2731709,60
-73.3309005,-40.2731781,60
-73.3310247,-40.2731782,60
-73.3310991,-40.2731585,60
-73.3311541,-40.2731061,60
-73.3311845,-40.2730473,60
-73.3311884,-40.2729999,60
-73.3311561,-40.2729703,60
-73.3310971,-40.2729586,60
-73.3310218,-40.2729536,60
-73.3309227,-40.2729483,60
-73.3308147,-40.2729426,60
-73.330678,-40.2729352,60
-73.3305285,-40.2729282,60
-73.3303858,-40.2729206,60
-73.3302255,-40.2729122,60
-73.3300684,-40.2729043,60
-73.3299314,-40.2728971,60
-73.3297789,-40.2728891,60
-73.3296239,-40.272881,60
-73.3294854,-40.2728735,60
-73.3293296,-40.2728649,60
-73.3291746,-40.2728569,60
-73.3290201,-40.2728485,60
-73.3288807,-40.2728413,60
-73.3287248,-40.272833,60
-73.3285851,-40.2728256,60
-73.3284296,-40.272817,60
-73.3282744,-40.2728085,60
-73.3281201,-40.2728009,60
-73.3279807,-40.2727934,60
-73.3278466,-40.2727865,60
-73.3277188,-40.2727802,60
-73.327568,-40.2727715,60
-73.3274413,-40.2727596,60
-73.3273691,-40.2727398,60
-73.3273243,-40.2726878,60
-73.3273057,-40.2726217,60
-73.3273104,-40.2725687,60
-73.3273508,-40.2725373,60
-73.3274068,-40.2725315,60
-73.3274826,-40.2725352,60
-73.3275697,-40.27254,60
-73.3276889,-40.2725476,60
-73.3278102,-40.2725541,60
-73.3279567,-40.2725617,60
-73.3281179,-40.2725702,60
-73.3282782,-40.2725784,60
-73.3284199,-40.2725858,60
-73.3285753,-40.2725939,60
-73.3287149,-40.2726019,60
-73.3288696,-40.2726099,60
-73.3290246,-40.2726182,60
-73.3291639,-40.2726256,60
-73.3293185,-40.2726342,60
-73.329473,-40.2726426,60
-73.3296268,-40.2726503,60
-73.3297603,-40.2726575,60
-73.3299122,-40.2726651,60
-73.3300739,-40.2726745,60
-73.3302089,-40.2726815,60
-73.3303582,-40.2726897,60
-73.3305129,-40.2726982,60
-73.3306527,-40.2727052,60
-73.3308104,-40.2727136,60
-73.3309535,-40.2727216,60
-73.331104,-40.2727293,60
-73.331234,-40.2727331,60
-73.3313192,-40.2727263,60
-73.331389,-40.2726892,60
-73.3314347,-40.2726284,60
-73.3314556,-40.2725712,60
-73.3314384,-40.2725339,60
-73.3313861,-40.2725141,60
-73.3313262,-40.272509,60
-73.3312383,-40.2725049,60
-73.3311265,-40.2724992,60
-73.3310102,-40.2724932,60
-73.330867,-40.2724858,60
-73.3307115,-40.2724777,60
-73.3305518,-40.2724697,60
-73.3304113,-40.2724621,60
-73.3302545,-40.2724543,60
-73.3301045,-40.2724462,60
-73.3299692,-40.272439,60
-73.3298155,-40.2724307,60
-73.3296759,-40.2724233,60
-73.3295208,-40.2724154,60
-73.3293652,-40.2724064,60
-73.3292254,-40.2723993,60
-73.3290542,-40.27239,60
-73.328914,-40.2723822,60
-73.3287609,-40.2723741,60
-73.3286224,-40.2723665,60
-73.3284747,-40.2723595,60
-73.3283223,-40.2723518,60
-73.328181,-40.2723439,60
-73.3280241,-40.2723359,60
-73.3278698,-40.2723269,60
-73.3277324,-40.2723187,60
-73.3275792,-40.2723108,60
-73.3274379,-40.2723028,60
-73.3273111,-40.2722913,60
-73.3272368,-40.2722632,60
-73.3271989,-40.2722136,60
-73.3271795,-40.2721473,60
-73.3271858,-40.2720962,60
-73.3272319,-40.2720681,60
-73.327289,-40.2720644,60
-73.3273672,-40.2720683,60
-73.3274709,-40.2720744,60
-73.3275805,-40.2720802,60
-73.3277155,-40.2720874,60
-73.3278673,-40.2720965,60
-73.3280118,-40.2721038,60
-73.328171,-40.2721122,60
-73.3283277,-40.2721204,60
-73.3284686,-40.2721285,60
-73.3286243,-40.2721374,60
-73.3287795,-40.2721452,60
-73.3289177,-40.2721521,60
-73.3290718,-40.2721609,60
-73.3292267,-40.2721693,60
-73.3293659,-40.2721761,60
-73.329521,-40.2721847,60
-73.32966,-40.2721922,60
-73.3298149,-40.2722008,60
-73.3299657,-40.2722088,60
-73.3301214,-40.2722166,60
-73.3302681,-40.2722246,60
-73.3304072,-40.272232,60
-73.3305622,-40.2722407,60
-73.3307014,-40.272248,60
-73.3308591,-40.2722568,60
-73.3310145,-40.2722642,60
-73.3311534,-40.2722709,60
-73.3313078,-40.2722792,60
-73.3314482,-40.2722866,60
-73.3315625,-40.272284,60
-73.3316394,-40.2722561,60
-73.3316888,-40.2721978,60
-73.3317156,-40.2721407,60
-73.3317079,-40.2720965,60
-73.3316615,-40.2720708,60
-73.3316044,-40.272064,60
-73.3315208,-40.2720595,60
-73.3314143,-40.272054,60
-73.3313021,-40.2720482,60
-73.3311616,-40.2720411,60
-73.3310085,-40.2720332,60
-73.330867,-40.2720253,60
-73.330709,-40.2720178,60
-73.3305525,-40.2720097,60
-73.3304134,-40.272002,60
-73.3302641,-40.2719948,60
-73.3301112,-40.2719873,60
-73.3299737,-40.27198,60
-73.3298172,-40.2719713,60
-73.3296617,-40.2719629,60
-73.3295069,-40.271955,60
-73.3293677,-40.2719475,60
-73.3292135,-40.2719391,60
-73.3290746,-40.2719316,60
-73.3289205,-40.2719228,60
-73.3287644,-40.2719146,60
-73.3286235,-40.2719071,60
-73.3284687,-40.2718988,60
-73.3283135,-40.27189,60
-73.3281737,-40.2718832,60
-73.328019,-40.2718744,60
-73.3278641,-40.2718663,60
-73.3277247,-40.2718593,60
-73.32757,-40.2718511,60
-73.32743,-40.2718426,60
-73.3273499,-40.2718298,60
-73.3273109,-40.2717998,60
-73.3273127,-40.2717549,60
-73.3273319,-40.271711,60
-73.3273798,-40.2716543,60
-73.3274561,-40.2716227,60
-73.3275443,-40.2716186,60
-73.3276329,-40.2716228,60
-73.3277517,-40.2716295,60
-73.3278883,-40.2716371,60
-73.3280228,-40.2716444,60
-73.32818,-40.2716527,60
-73.3283231,-40.2716605,60
-73.3284801,-40.2716688,60
-73.3286199,-40.2716759,60
-73.3287746,-40.2716839,60
-73.3289296,-40.2716924,60
-73.3290849,-40.2717013,60
-73.3292393,-40.2717095,60
-73.3293774,-40.2717166,60
-73.3295307,-40.2717252,60
-73.3296737,-40.2717333,60
-73.3298284,-40.2717413,60
-73.3299839,-40.2717497,60
-73.3301234,-40.2717567,60
-73.3302738,-40.2717648,60
-73.3304245,-40.2717729,60
-73.3305666,-40.2717801,60
-73.3307245,-40.2717885,60
-73.3308659,-40.2717955,60
-73.3310215,-40.2718043,60
-73.331176,-40.2718124,60
-73.3313266,-40.2718212,60
-73.3314658,-40.2718289,60
-73.331624,-40.2718376,60
-73.3317557,-40.2718392,60
-73.3318224,-40.2718256,60
-73.3318677,-40.2717825,60
-73.3318848,-40.2717242,60
-73.3318817,-40.2716705,60
-73.331843,-40.2716307,60
-73.3317782,-40.2716146,60
-73.3317086,-40.2716101,60
-73.3316083,-40.2716043,60
-73.3314873,-40.2715978,60
-73.3313645,-40.2715917,60
-73.3312152,-40.2715842,60
-73.3310721,-40.2715771,60
-73.3309125,-40.2715692,60
-73.3307553,-40.2715606,60
-73.330601,-40.2715523,60
-73.3304468,-40.2715438,60
-73.3303075,-40.271537,60
-73.3301535,-40.2715285,60
-73.330013,-40.2715216,60
-73.3298575,-40.2715135,60
-73.3297031,-40.2715047,60
-73.3295828,-40.2714978,60
-73.3294468,-40.2714912,60
-73.3292963,-40.2714832,60
-73.329153,-40.2714749,60
-73.3290096,-40.2714671,60
-73.3289361,-40.2714591,60
-73.3289195,-40.2714529,60
-73.3289176,-40.2714506,60
-73.3289543,-40.2714441,60
-73.3290064,-40.2714396,60
-73.3290779,-40.2714339,60
-73.3291816,-40.2714266,60
-73.3293044,-40.2714177,60
-73.3294284,-40.2714089,60
-73.3295785,-40.2713981,60
-73.329736,-40.2713862,60
-73.3298782,-40.2713766,60
-73.3300342,-40.2713652,60
-73.3301744,-40.2713557,60
-73.3303291,-40.2713444,60
-73.3304843,-40.2713338,60
-73.33064,-40.2713287,60
-73.3307788,-40.2713319,60
-73.3309336,-40.2713396,60
-73.3310877,-40.2713481,60
-73.3312278,-40.271356,60
-73.3313819,-40.2713639,60
-73.3315372,-40.2713722,60
-73.3316767,-40.2713795,60
-73.3318059,-40.2713904,60
-73.331878,-40.2714093,60
-73.3319032,-40.2714453,60
-73.3318921,-40.2714957,60
-73.3318669,-40.2715509,60
-73.3318346,-40.2716153,60
-73.3317912,-40.2717012,60
-73.3317412,-40.2717999,60
-73.3316933,-40.2718958,60
-73.3316362,-40.2720088,60
-73.3315807,-40.2721214,60
</coordinates></LineString>
</Placemark>
<Placemark>
<name>DJI_202603261129_003_ELDESCANSO015_Timestamp.MRK</name>
<description>Equipo: M3E | Fecha: 26-03-2026 | Puntos: 708</description>
<styleUrl>#m3e</styleUrl>
<LineString><altitudeMode>relativeToGround</altitudeMode><coordinates>
-73.3315536,-40.2721775,60
-73.3315437,-40.272199,60
-73.331521,-40.2722446,60
-73.3314877,-40.2723101,60
-73.3314513,-40.2723824,60
-73.3314043,-40.2724743,60
-73.3313579,-40.2725661,60
-73.3313021,-40.2726773,60
-73.3312465,-40.272791,60
-73.3311969,-40.2728913,60
-73.3311422,-40.2730021,60
-73.331086,-40.2731142,60
-73.331036,-40.2732146,60
-73.3309807,-40.2733252,60
-73.3309307,-40.2734245,60
-73.3308751,-40.2735338,60
-73.330819,-40.2736437,60
-73.3307686,-40.2737395,60
-73.3307145,-40.273812,60
-73.3306472,-40.2738417,60
-73.3305658,-40.2738476,60
-73.3304675,-40.2738425,60
-73.3303503,-40.2738366,60
-73.3302158,-40.2738301,60
-73.3300651,-40.2738229,60
-73.329922,-40.2738152,60
-73.3297633,-40.2738075,60
-73.329628,-40.2737998,60
-73.3294691,-40.2737923,60
-73.3293274,-40.273785,60
-73.3291943,-40.2737783,60
-73.3290401,-40.2737693,60
-73.3288827,-40.2737614,60
-73.3287464,-40.2737537,60
-73.3286092,-40.2737476,60
-73.3284608,-40.2737393,60
-73.3283208,-40.2737311,60
-73.32817,-40.2737231,60
-73.328005,-40.2737146,60
-73.3278864,-40.2737086,60
-73.3277459,-40.2737014,60
-73.3276484,-40.2737033,60
-73.3276037,-40.2737268,60
-73.3275941,-40.2737757,60
-73.3276048,-40.2738304,60
-73.3276335,-40.2738832,60
-73.3276955,-40.2739212,60
-73.3277761,-40.2739324,60
-73.327861,-40.2739362,60
-73.3279749,-40.2739419,60
-73.328098,-40.2739487,60
-73.3282294,-40.2739563,60
-73.328383,-40.2739646,60
-73.3285412,-40.2739721,60
-73.328683,-40.27398,60
-73.3288383,-40.2739874,60
-73.328994,-40.273996,60
-73.3291335,-40.2740034,60
-73.3292883,-40.2740117,60
-73.3294434,-40.2740199,60
-73.3295828,-40.2740273,60
-73.329738,-40.2740356,60
-73.3298929,-40.2740441,60
-73.3300476,-40.274052,60
-73.3301876,-40.2740601,60
-73.3303429,-40.2740684,60
-73.3304649,-40.2740773,60
-73.3305381,-40.2740915,60
-73.3305565,-40.2741112,60
-73.3305451,-40.2741388,60
-73.3305287,-40.2741839,60
-73.3305182,-40.2742491,60
-73.3305065,-40.2742883,60
-73.3304651,-40.274302,60
-73.3304099,-40.2743007,60
-73.3303414,-40.2742968,60
-73.33024,-40.2742916,60
-73.3301179,-40.2742854,60
-73.3299789,-40.2742782,60
-73.3297164,-40.2742647,60
-73.3296526,-40.2742615,60
-73.3295261,-40.2742556,60
-73.3293858,-40.274248,60
-73.3292329,-40.2742395,60
-73.3290996,-40.2742328,60
-73.3289453,-40.274224,60
-73.3287888,-40.274216,60
-73.328648,-40.2742086,60
-73.3284931,-40.2742009,60
-73.3283384,-40.2741923,60
-73.3281853,-40.2741832,60
-73.3280551,-40.2741772,60
-73.3279085,-40.2741697,60
-73.3277749,-40.2741665,60
-73.3276898,-40.2741697,60
-73.3276369,-40.2741994,60
-73.3276256,-40.2742493,60
-73.327623,-40.2743125,60
-73.3276429,-40.2743604,60
-73.3276922,-40.2743837,60
-73.3277627,-40.2743912,60
-73.3278512,-40.2743958,60
-73.327949,-40.2744006,60
-73.3280784,-40.274408,60
-73.3282259,-40.2744154,60
-73.3283809,-40.2744239,60
-73.3285241,-40.274431,60
-73.3286817,-40.2744397,60
-73.3288376,-40.2744479,60
-73.328977,-40.2744554,60
-73.3291313,-40.2744637,60
-73.3292795,-40.2744719,60
-73.3294145,-40.2744799,60
-73.32957,-40.2744876,60
-73.3297264,-40.2744958,60
-73.3298674,-40.2745033,60
-73.3300226,-40.2745112,60
-73.3301771,-40.2745199,60
-73.3303171,-40.274528,60
-73.3304354,-40.2745409,60
-73.3304981,-40.2745603,60
-73.3305322,-40.2746066,60
-73.3305346,-40.2746692,60
-73.3305203,-40.2747253,60
-73.3304779,-40.274754,60
-73.3304118,-40.2747601,60
-73.3303416,-40.2747574,60
-73.3302413,-40.274752,60
-73.3301197,-40.2747455,60
-73.3299826,-40.2747386,60
-73.3298467,-40.2747313,60
-73.329688,-40.2747234,60
-73.3295277,-40.2747153,60
-73.3293897,-40.2747079,60
-73.329234,-40.2746999,60
-73.329094,-40.2746921,60
-73.3289392,-40.2746838,60
-73.328784,-40.2746755,60
-73.3286439,-40.2746681,60
-73.3284922,-40.2746604,60
-73.3283361,-40.2746514,60
-73.3281797,-40.2746431,60
-73.3280408,-40.2746362,60
-73.3278826,-40.2746285,60
-73.3277426,-40.2746214,60
-73.3276091,-40.2746191,60
-73.3275192,-40.2746357,60
-73.3274648,-40.2746862,60
-73.3274396,-40.2747493,60
-73.327435,-40.2747974,60
-73.3274727,-40.2748283,60
-73.327528,-40.2748375,60
-73.3276022,-40.274842,60
-73.3277026,-40.2748481,60
-73.3278096,-40.2748539,60
-73.327944,-40.274861,60
-73.3280962,-40.2748695,60
-73.3282406,-40.2748769,60
-73.3283991,-40.2748852,60
-73.3285363,-40.2748923,60
-73.3286597,-40.2748986,60
-73.3288146,-40.2749078,60
-73.3289752,-40.2749159,60
-73.3291175,-40.2749238,60
-73.3292734,-40.2749322,60
-73.3294239,-40.27494,60
-73.3295284,-40.274945,60
-73.3296328,-40.2749513,60
-73.3297561,-40.2749577,60
-73.3298779,-40.2749638,60
-73.3300292,-40.2749724,60
-73.330189,-40.2749806,60
-73.3304167,-40.2749944,60
-73.3304715,-40.2750012,60
-73.3305427,-40.2750265,60
-73.3305741,-40.2750729,60
-73.3305845,-40.2751296,60
-73.3305774,-40.2751859,60
-73.3305399,-40.2752155,60
-73.3304769,-40.2752243,60
-73.3304012,-40.275221,60
-73.330313,-40.2752163,60
-73.3301946,-40.27521,60
-73.3300588,-40.2752029,60
-73.3299096,-40.2751949,60
-73.3297676,-40.2751869,60
-73.3296079,-40.2751786,60
-73.3294668,-40.2751716,60
-73.3293122,-40.2751632,60
-73.3291626,-40.2751559,60
-73.3290228,-40.2751479,60
-73.3288677,-40.2751392,60
-73.328712,-40.2751311,60
-73.3285563,-40.2751231,60
-73.3284156,-40.2751159,60
-73.32826,-40.2751079,60
-73.3281046,-40.2750993,60
-73.3279651,-40.2750921,60
-73.3278101,-40.2750843,60
-73.3276709,-40.2750766,60
-73.3275195,-40.275069,60
-73.3273933,-40.2750676,60
-73.32733,-40.2750809,60
-73.3272931,-40.2751228,60
-73.3272822,-40.2751764,60
-73.3272888,-40.275231,60
-73.327327,-40.2752725,60
-73.3273956,-40.2752893,60
-73.3274674,-40.2752945,60
-73.3275667,-40.2752996,60
-73.3276872,-40.2753061,60
-73.3278139,-40.2753131,60
-73.3279665,-40.2753216,60
-73.3281252,-40.2753299,60
-73.3282671,-40.2753377,60
-73.3284222,-40.2753459,60
-73.3285771,-40.2753542,60
-73.3287163,-40.2753615,60
-73.3288714,-40.27537,60
-73.3290262,-40.2753784,60
-73.3291681,-40.2753854,60
-73.3292931,-40.2753931,60
-73.3294444,-40.2754008,60
-73.3296,-40.2754087,60
-73.3297413,-40.2754165,60
-73.3298986,-40.2754246,60
-73.3300385,-40.2754319,60
-73.3301937,-40.2754404,60
-73.3303486,-40.2754486,60
-73.330487,-40.2754565,60
-73.3306271,-40.2754705,60
-73.3307249,-40.2755077,60
-73.3307931,-40.2755617,60
-73.3308483,-40.275631,60
-73.3308601,-40.2756722,60
-73.3308268,-40.2756974,60
-73.3307792,-40.2757007,60
-73.3307128,-40.2756978,60
-73.33063,-40.2756934,60
-73.3305168,-40.275687,60
-73.3303846,-40.27568,60
-73.3302535,-40.2756729,60
-73.3300973,-40.2756653,60
-73.3299393,-40.2756572,60
-73.3297822,-40.2756484,60
-73.3296422,-40.2756412,60
-73.329486,-40.2756333,60
-73.3293486,-40.2756262,60
-73.3291945,-40.2756176,60
-73.3290454,-40.2756097,60
-73.3289094,-40.2756019,60
-73.3287703,-40.2755949,60
-73.3286214,-40.275587,60
-73.3284803,-40.2755794,60
-73.328323,-40.2755708,60
-73.3281667,-40.2755631,60
-73.3280112,-40.275555,60
-73.3278722,-40.2755477,60
-73.327716,-40.2755396,60
-73.3275758,-40.2755323,60
-73.3274266,-40.275526,60
-73.3273215,-40.2755289,60
-73.3272705,-40.2755515,60
-73.3272495,-40.2756025,60
-73.3272464,-40.2756629,60
-73.3272632,-40.2757111,60
-73.3273185,-40.2757415,60
-73.327391,-40.2757505,60
-73.3274701,-40.2757547,60
-73.3275807,-40.2757608,60
-73.3277054,-40.2757674,60
-73.3278328,-40.2757741,60
-73.3279868,-40.2757825,60
-73.3281458,-40.2757909,60
-73.3283041,-40.2757994,60
-73.3284445,-40.2758067,60
-73.3286001,-40.2758154,60
-73.328755,-40.2758234,60
-73.3288869,-40.2758302,60
-73.3290374,-40.2758391,60
-73.3291919,-40.2758468,60
-73.3293316,-40.2758547,60
-73.3294875,-40.2758632,60
-73.3296274,-40.2758704,60
-73.329783,-40.2758786,60
-73.3299378,-40.2758871,60
-73.3300915,-40.2758955,60
-73.3302314,-40.2759033,60
-73.3303871,-40.2759116,60
-73.3305424,-40.2759198,60
-73.3306827,-40.2759273,60
-73.3308373,-40.2759358,60
-73.3309565,-40.2759481,60
-73.3310132,-40.2759751,60
-73.3310429,-40.2760252,60
-73.3310474,-40.2760866,60
-73.3310337,-40.2761342,60
-73.3309849,-40.2761638,60
-73.3309172,-40.2761677,60
-73.3308455,-40.2761637,60
-73.3307431,-40.2761583,60
-73.3306193,-40.2761523,60
-73.3304942,-40.2761455,60
-73.3303416,-40.2761376,60
-73.3301983,-40.2761303,60
-73.33004,-40.2761218,60
-73.3298843,-40.2761144,60
-73.3297449,-40.2761073,60
-73.3295899,-40.2760997,60
-73.3294348,-40.2760904,60
-73.3292793,-40.2760824,60
-73.3291407,-40.2760749,60
-73.3289894,-40.2760665,60
-73.32886,-40.2760599,60
-73.3287088,-40.2760521,60
-73.3285536,-40.2760433,60
-73.3284127,-40.2760365,60
-73.3282557,-40.2760279,60
-73.3281,-40.2760194,60
-73.3279626,-40.2760116,60
-73.327805,-40.2760041,60
-73.3276548,-40.2759956,60
-73.3275354,-40.27599,60
-73.3274007,-40.2759841,60
-73.3272924,-40.2759838,60
-73.3272389,-40.2760025,60
-73.327217,-40.2760514,60
-73.3272191,-40.2761143,60
-73.3272359,-40.2761659,60
-73.3272889,-40.2761986,60
-73.3273636,-40.2762085,60
-73.3274531,-40.2762135,60
-73.3275524,-40.276219,60
-73.3276813,-40.2762264,60
-73.3278257,-40.2762344,60
-73.3279619,-40.2762416,60
-73.3281209,-40.2762498,60
-73.3282634,-40.2762575,60
-73.3284194,-40.2762654,60
-73.3285734,-40.2762742,60
-73.3287291,-40.2762826,60
-73.3288673,-40.2762898,60
-73.3290159,-40.2762984,60
-73.3291546,-40.2763053,60
-73.3293111,-40.2763141,60
-73.3294666,-40.2763223,60
-73.3296069,-40.2763295,60
-73.3297626,-40.2763375,60
-73.3299179,-40.2763457,60
-73.3300727,-40.2763547,60
-73.3302118,-40.276362,60
-73.3303674,-40.2763697,60
-73.3305224,-40.2763782,60
-73.3306625,-40.2763856,60
-73.3308182,-40.2763939,60
-73.3309371,-40.2764036,60
-73.3310122,-40.2764221,60
-73.3310338,-40.2764606,60
-73.3310209,-40.2765039,60
-73.3309924,-40.2765556,60
-73.3309341,-40.2766053,60
-73.3308614,-40.2766219,60
-73.3307712,-40.27662,60
-73.3306657,-40.2766154,60
-73.3305529,-40.2766092,60
-73.330413,-40.2766017,60
-73.3302588,-40.2765931,60
-73.3300995,-40.2765857,60
-73.3299573,-40.2765783,60
-73.3298023,-40.2765698,60
-73.3296636,-40.2765623,60
-73.3295086,-40.2765542,60
-73.3293539,-40.2765465,60
-73.3292055,-40.2765386,60
-73.3290991,-40.2765329,60
-73.3289725,-40.2765264,60
-73.328848,-40.2765188,60
-73.3286948,-40.27651,60
-73.3285341,-40.2765018,60
-73.328391,-40.2764946,60
-73.3282364,-40.2764858,60
-73.3280789,-40.2764781,60
-73.3279385,-40.2764708,60
-73.3277868,-40.2764629,60
-73.3276704,-40.2764568,60
-73.3275695,-40.2764516,60
-73.3274428,-40.2764441,60
-73.3273136,-40.2764419,60
-73.3272442,-40.2764522,60
-73.3272053,-40.2764929,60
-73.327194,-40.2765461,60
-73.327202,-40.2766065,60
-73.3272361,-40.2766453,60
-73.3273019,-40.2766644,60
-73.327372,-40.2766687,60
-73.3274702,-40.2766744,60
-73.3275898,-40.2766813,60
-73.3277107,-40.2766881,60
-73.3278636,-40.2766966,60
-73.3280197,-40.2767046,60
-73.3281752,-40.2767125,60
-73.3283156,-40.27672,60
-73.3284657,-40.2767282,60
-73.3285858,-40.2767342,60
-73.3286988,-40.27674,60
-73.3288442,-40.276749,60
-73.3289845,-40.2767565,60
-73.3291437,-40.276765,60
-73.3293007,-40.2767733,60
-73.3294442,-40.2767806,60
-73.3295779,-40.2767877,60
-73.329712,-40.2767945,60
-73.3298543,-40.2768024,60
-73.3299916,-40.2768102,60
-73.3301366,-40.2768169,60
-73.3302568,-40.2768238,60
-73.3303764,-40.2768303,60
-73.3305168,-40.276838,60
-73.3306418,-40.2768469,60
-73.3307182,-40.276861,60
-73.330748,-40.2768931,60
-73.3307379,-40.2769367,60
-73.3307103,-40.2769775,60
-73.3306572,-40.2770305,60
-73.330574,-40.2770632,60
-73.3304891,-40.277066,60
-73.3303883,-40.2770596,60
-73.3302667,-40.2770536,60
-73.330142,-40.2770474,60
-73.329999,-40.2770402,60
-73.3298477,-40.2770321,60
-73.3297302,-40.2770255,60
-73.3295991,-40.2770194,60
-73.3294555,-40.2770115,60
-73.3293164,-40.2770041,60
-73.3291587,-40.2769959,60
-73.3290024,-40.2769876,60
-73.3288613,-40.2769801,60
-73.3287057,-40.2769717,60
-73.3285568,-40.2769634,60
-73.3284193,-40.2769561,60
-73.3282628,-40.276948,60
-73.3281054,-40.2769395,60
-73.3279657,-40.2769321,60
-73.3278173,-40.2769241,60
-73.3277062,-40.2769188,60
-73.3276023,-40.276914,60
-73.3274715,-40.2769065,60
-73.3273306,-40.2769004,60
-73.3272443,-40.2769045,60
-73.3271915,-40.2769335,60
-73.3271722,-40.2769833,60
-73.3271707,-40.2770363,60
-73.3271923,-40.2770906,60
-73.3272511,-40.2771188,60
-73.3273179,-40.2771262,60
-73.3274062,-40.2771313,60
-73.3275059,-40.2771367,60
-73.3276373,-40.2771443,60
-73.3277767,-40.2771518,60
-73.3279121,-40.277159,60
-73.3280713,-40.2771669,60
-73.3282565,-40.2771768,60
-73.328379,-40.2771833,60
-73.3285298,-40.2771919,60
-73.3286231,-40.2771973,60
-73.3287193,-40.2772023,60
-73.3288261,-40.2772081,60
-73.3289644,-40.277216,60
-73.3291144,-40.2772241,60
-73.3292572,-40.2772316,60
-73.3294154,-40.2772397,60
-73.3295581,-40.2772472,60
-73.3297143,-40.2772552,60
-73.3298691,-40.2772633,60
-73.3300153,-40.2772706,60
-73.330169,-40.2772794,60
-73.3302973,-40.2772875,60
-73.3303942,-40.2772998,60
-73.3304306,-40.2773234,60
-73.3304314,-40.2773661,60
-73.3304038,-40.2774113,60
-73.3303638,-40.2774586,60
-73.3302861,-40.2774998,60
-73.3302011,-40.277509,60
-73.3301395,-40.2775066,60
-73.3300737,-40.2775036,60
-73.3300133,-40.2775001,60
-73.3299448,-40.2774972,60
-73.329864,-40.2774932,60
-73.3297865,-40.2774888,60
-73.3296996,-40.2774846,60
-73.3296062,-40.2774803,60
-73.3295051,-40.2774747,60
-73.3293765,-40.2774673,60
-73.3292335,-40.27746,60
-73.3290783,-40.2774515,60
-73.3289351,-40.2774441,60
-73.3287778,-40.2774355,60
-73.3286222,-40.2774267,60
-73.3284836,-40.2774191,60
-73.3283306,-40.2774115,60
-73.3281757,-40.2774031,60
-73.328035,-40.2773962,60
-73.3278798,-40.2773878,60
-73.3277332,-40.2773796,60
-73.3275944,-40.2773726,60
-73.3274408,-40.2773644,60
-73.3273026,-40.2773597,60
-73.3272191,-40.2773638,60
-73.3271665,-40.2773929,60
-73.3271468,-40.2774434,60
-73.3271427,-40.2774968,60
-73.3271652,-40.2775505,60
-73.3272172,-40.2775764,60
-73.3272992,-40.2775866,60
-73.32738,-40.2775904,60
-73.3274933,-40.2775966,60
-73.32761,-40.2776027,60
-73.3277432,-40.2776099,60
-73.3278832,-40.2776175,60
-73.3280082,-40.277624,60
-73.3281568,-40.2776322,60
-73.3282958,-40.2776401,60
-73.3284536,-40.2776481,60
-73.3285811,-40.2776545,60
-73.328705,-40.2776612,60
-73.328837,-40.2776689,60
-73.3289938,-40.2776773,60
-73.3291538,-40.2776856,60
-73.3292948,-40.2776932,60
-73.3294486,-40.2777014,60
-73.3295836,-40.2777084,60
-73.3296913,-40.2777142,60
-73.3297711,-40.2777183,60
-73.3298422,-40.2777221,60
-73.3299281,-40.2777267,60
-73.3300397,-40.2777353,60
-73.3301073,-40.2777519,60
-73.3301307,-40.2777856,60
-73.3301189,-40.27783,60
-73.3300894,-40.2778797,60
-73.330037,-40.2779272,60
-73.3299547,-40.2779515,60
-73.3298634,-40.2779519,60
-73.3297686,-40.2779474,60
-73.3296471,-40.277941,60
-73.3295055,-40.2779337,60
-73.3293693,-40.2779262,60
-73.329209,-40.277918,60
-73.3290488,-40.2779098,60
-73.3289086,-40.2779021,60
-73.3287536,-40.2778938,60
-73.3285996,-40.2778861,60
-73.328462,-40.277879,60
-73.3283083,-40.2778706,60
-73.3281687,-40.2778631,60
-73.3280136,-40.2778547,60
-73.3278514,-40.277846,60
-73.3277367,-40.2778403,60
-73.3276191,-40.2778343,60
-73.3274756,-40.2778259,60
-73.3273233,-40.2778185,60
-73.3272108,-40.2778177,60
-73.3271285,-40.2778274,60
-73.3270918,-40.2778623,60
-73.3270969,-40.2779153,60
-73.3271033,-40.2779693,60
-73.3271341,-40.2780162,60
-73.3271888,-40.278037,60
-73.3272634,-40.278044,60
-73.3273588,-40.278049,60
-73.3274633,-40.2780548,60
-73.3275982,-40.2780618,60
-73.3277459,-40.2780695,60
-73.3278604,-40.2780755,60
-73.3279953,-40.2780831,60
-73.3281417,-40.2780908,60
-73.3282979,-40.2780991,60
-73.3284398,-40.2781069,60
-73.3285965,-40.2781153,60
-73.328736,-40.2781227,60
-73.3288892,-40.2781314,60
-73.3290374,-40.2781391,60
-73.3291721,-40.2781464,60
-73.3293079,-40.2781538,60
-73.329443,-40.2781608,60
-73.3295632,-40.278167,60
-73.3296913,-40.2781736,60
-73.3298035,-40.2781847,60
-73.3298533,-40.2782066,60
-73.3298636,-40.2782473,60
-73.3298397,-40.2782954,60
-73.3298051,-40.2783436,60
-73.3297355,-40.2783883,60
-73.3296488,-40.2784008,60
-73.3295535,-40.2783961,60
-73.3294777,-40.2783915,60
-73.3294162,-40.2783886,60
-73.3293647,-40.2783867,60
-73.3293307,-40.2783851,60
-73.3293188,-40.2783839,60
-73.3293021,-40.2783838,60
-73.3292934,-40.2783831,60
-73.3292574,-40.2783816,60
-73.3291879,-40.2783777,60
-73.3291036,-40.2783733,60
-73.3289886,-40.2783667,60
-73.328857,-40.2783598,60
-73.328726,-40.278353,60
-73.3285705,-40.2783445,60
-73.3284273,-40.278337,60
-73.3282703,-40.2783287,60
-73.3281148,-40.2783205,60
-73.3279601,-40.2783126,60
-73.3278241,-40.2783049,60
-73.3277041,-40.2782984,60
-73.3276065,-40.2782939,60
-73.3274822,-40.2782874,60
-73.3273456,-40.2782795,60
-73.3272042,-40.2782754,60
-73.3271294,-40.2782815,60
-73.3270792,-40.2783126,60
-73.3270625,-40.27836,60
-73.3270603,-40.2784212,60
-73.3270862,-40.2784702,60
-73.3271396,-40.2784936,60
-73.3272139,-40.2785007,60
-73.3273057,-40.2785059,60
-73.3274207,-40.2785121,60
-73.3275402,-40.2785184,60
-73.3276857,-40.2785269,60
-73.3278446,-40.2785353,60
-73.3279893,-40.2785427,60
-73.3281459,-40.2785508,60
-73.3283005,-40.2785593,60
-73.3284399,-40.2785674,60
-73.328594,-40.2785754,60
-73.3287329,-40.2785832,60
-73.3289017,-40.2785923,60
-73.3290343,-40.2785994,60
-73.3291802,-40.2786076,60
-73.3292699,-40.2786124,60
-73.3293379,-40.2786153,60
-73.3294192,-40.2786198,60
-73.3294893,-40.2786259,60
-73.3295413,-40.2786364,60
-73.3295651,-40.2786605,60
-73.3295428,-40.2786937,60
-73.3294982,-40.2787252,60
-73.3294385,-40.2787661,60
-73.3293591,-40.2788083,60
-73.3292506,-40.278834,60
-73.329172,-40.278836,60
-73.3291049,-40.2788325,60
-73.329068,-40.2788304,60
-73.3290477,-40.2788294,60
-73.3289991,-40.2788271,60
-73.3289194,-40.2788229,60
-73.3288176,-40.2788176,60
-73.3287328,-40.2788136,60
-73.3286325,-40.2788082,60
-73.3285129,-40.2788015,60
-73.3283933,-40.2787949,60
-73.3282467,-40.2787863,60
-73.3280956,-40.2787785,60
-73.3279521,-40.2787714,60
-73.3277939,-40.2787626,60
-73.3276532,-40.2787559,60
-73.3274972,-40.2787473,60
-73.327345,-40.2787384,60
-73.3272019,-40.2787337,60
-73.3271168,-40.2787363,60
-73.3270698,-40.2787594,60
-73.3270599,-40.2788028,60
-73.3270719,-40.2788465,60
-73.3271043,-40.278904,60
-73.3271711,-40.2789472,60
-73.3272466,-40.2789635,60
-73.3273434,-40.278969,60
-73.3274611,-40.2789753,60
-73.3275773,-40.2789813,60
-73.3277244,-40.2789894,60
-73.3278835,-40.2789978,60
-73.3280279,-40.2790049,60
-73.3281796,-40.2790131,60
-73.3283195,-40.2790207,60
-73.3284761,-40.2790291,60
-73.3286232,-40.2790374,60
-73.3287583,-40.279045,60
-73.328836,-40.2790533,60
-73.3288784,-40.2790636,60
-73.32887,-40.2790874,60
-73.3288346,-40.2791065,60
-73.3287835,-40.279127,60
-73.3287048,-40.2791582,60
-73.3286147,-40.2791931,60
-73.3284956,-40.2792319,60
-73.3283574,-40.2792496,60
-73.3282283,-40.2792455,60
-73.3280836,-40.2792369,60
-73.3279365,-40.2792287,60
-73.327798,-40.2792216,60
-73.3276517,-40.2792146,60
-73.3275735,-40.2792108,60
-73.327524,-40.2792083,60
-73.3275017,-40.2792075,60
-73.3274968,-40.2792076,60
</coordinates></LineString>
</Placemark>
<Placemark>
<name>DJI_202603261129_004_Crear-ruta-de-zona1_Timestamp.MRK</name>
<description>Equipo: M3E | Fecha: 26-03-2026 | Puntos: 378</description>
<styleUrl>#m3e</styleUrl>
<LineString><altitudeMode>relativeToGround</altitudeMode><coordinates>
-73.3298976,-40.2747424,60
-73.3299254,-40.2747265,60
-73.3299744,-40.2746987,60
-73.3300504,-40.274656,60
-73.3301116,-40.2746293,60
-73.3301426,-40.274629,60
-73.330147,-40.2746537,60
-73.3301365,-40.2746833,60
-73.3301165,-40.2747239,60
-73.3300873,-40.2747812,60
-73.3300534,-40.2748506,60
-73.3300372,-40.2749012,60
-73.3300442,-40.2749224,60
-73.3300804,-40.2749215,60
-73.3301156,-40.2749041,60
-73.3301625,-40.2748779,60
-73.3302286,-40.2748402,60
-73.3303102,-40.2747931,60
-73.3304035,-40.2747394,60
-73.3305067,-40.27468,60
-73.3306175,-40.2746158,60
-73.3307468,-40.2745517,60
-73.330862,-40.2745232,60
-73.3309837,-40.2745181,60
-73.3311015,-40.2745193,60
-73.3311719,-40.2745282,60
-73.331198,-40.2745418,60
-73.3311919,-40.2745664,60
-73.3311623,-40.274588,60
-73.331119,-40.2746144,60
-73.3310551,-40.2746511,60
-73.3309665,-40.2747029,60
-73.3308739,-40.274756,60
-73.3307751,-40.2748146,60
-73.3306637,-40.2748798,60
-73.3305319,-40.2749557,60
-73.330424,-40.2750167,60
-73.3302916,-40.2750927,60
-73.3301979,-40.27515,60
-73.3301321,-40.275206,60
-73.3301149,-40.2752619,60
-73.3301294,-40.2753212,60
-73.3301598,-40.2753743,60
-73.3301981,-40.2753993,60
-73.3302508,-40.2753957,60
-73.3303013,-40.275372,60
-73.3303663,-40.275336,60
-73.3304332,-40.2752971,60
-73.3305218,-40.2752467,60
-73.3306327,-40.2751828,60
-73.3307406,-40.2751198,60
-73.3308552,-40.2750539,60
-73.330975,-40.2749853,60
-73.3310946,-40.2749169,60
-73.3312144,-40.2748477,60
-73.3313343,-40.2747789,60
-73.3314396,-40.2747225,60
-73.3315166,-40.2746965,60
-73.3315867,-40.2747038,60
-73.3316594,-40.2747385,60
-73.3317106,-40.2747776,60
-73.3317228,-40.2748154,60
-73.3316987,-40.2748517,60
-73.3316542,-40.2748814,60
-73.3315945,-40.2749157,60
-73.3315174,-40.2749611,60
-73.3314281,-40.2750128,60
-73.3313156,-40.2750776,60
-73.3312051,-40.2751416,60
-73.3310885,-40.2752083,60
-73.3309688,-40.2752773,60
-73.3308503,-40.2753451,60
-73.330732,-40.2754131,60
-73.3306136,-40.2754815,60
-73.3304952,-40.2755496,60
-73.3303887,-40.2756139,60
-73.3303229,-40.2756696,60
-73.3303067,-40.2757196,60
-73.3303207,-40.2757857,60
-73.3303508,-40.2758391,60
-73.3303899,-40.2758634,60
-73.3304428,-40.2758602,60
-73.3304928,-40.2758361,60
-73.3305504,-40.275804,60
-73.3306248,-40.2757614,60
-73.3307131,-40.2757105,60
-73.3308239,-40.2756465,60
-73.3309322,-40.2755845,60
-73.331047,-40.2755178,60
-73.3311663,-40.2754489,60
-73.331286,-40.2753807,60
-73.331402,-40.2753136,60
-73.3315194,-40.275246,60
-73.3316384,-40.2751771,60
-73.3317593,-40.2751082,60
-73.3318885,-40.2750353,60
-73.33198,-40.2749914,60
-73.3320511,-40.2749825,60
-73.3321182,-40.2750054,60
-73.3321811,-40.2750458,60
-73.3322186,-40.275083,60
-73.3322118,-40.2751224,60
-73.3321752,-40.275155,60
-73.3321246,-40.2751856,60
-73.3320567,-40.2752254,60
-73.3319622,-40.27528,60
-73.3318655,-40.2753359,60
-73.3317597,-40.275397,60
-73.3316473,-40.2754619,60
-73.3315291,-40.2755297,60
-73.3314094,-40.2755988,60
-73.3312909,-40.275667,60
-73.3311726,-40.2757351,60
-73.3310549,-40.2758027,60
-73.3309368,-40.2758708,60
-73.3308045,-40.2759463,60
-73.3306861,-40.2760144,60
-73.330568,-40.2760833,60
-73.3304699,-40.276148,60
-73.3304106,-40.2762112,60
-73.3303852,-40.2762898,60
-73.3303778,-40.2763588,60
-73.3303779,-40.2764028,60
-73.3304014,-40.276428,60
-73.3304483,-40.2764311,60
-73.3304919,-40.2764114,60
-73.3305423,-40.2763839,60
-73.3306116,-40.2763447,60
-73.330695,-40.2762965,60
-73.3307899,-40.2762413,60
-73.3308937,-40.2761809,60
-73.331005,-40.2761168,60
-73.3311188,-40.2760509,60
-73.3312512,-40.2759741,60
-73.3313543,-40.2759154,60
-73.3314572,-40.2758558,60
-73.3315723,-40.2757888,60
-73.3316936,-40.2757206,60
-73.3318137,-40.2756515,60
-73.3319341,-40.2755825,60
-73.3320678,-40.2755051,60
-73.3321742,-40.275444,60
-73.3323068,-40.2753681,60
-73.3324146,-40.2753093,60
-73.3324908,-40.2752798,60
-73.3325618,-40.2752773,60
-73.3326285,-40.2753026,60
-73.3326884,-40.2753428,60
-73.3327157,-40.2753789,60
-73.3327036,-40.2754179,60
-73.3326644,-40.2754491,60
-73.3326118,-40.2754801,60
-73.3325402,-40.2755221,60
-73.3324432,-40.2755786,60
-73.3323445,-40.275635,60
-73.3322384,-40.2756969,60
-73.3321247,-40.2757625,60
-73.3320081,-40.27583,60
-73.3318902,-40.275898,60
-73.3317692,-40.2759666,60
-73.3316522,-40.2760341,60
-73.331533,-40.2761027,60
-73.331402,-40.2761785,60
-73.3312923,-40.2762411,60
-73.3311748,-40.2763094,60
-73.3310501,-40.2763808,60
-73.3309295,-40.2764493,60
-73.3308113,-40.2765176,60
-73.3306957,-40.2765839,60
-73.3305944,-40.2766427,60
-73.3304986,-40.2766978,60
-73.3304091,-40.276758,60
-73.3303427,-40.2768272,60
-73.3303212,-40.2769026,60
-73.3303162,-40.2769814,60
-73.3303214,-40.2770277,60
-73.3303522,-40.2770467,60
-73.3303951,-40.2770402,60
-73.3304357,-40.2770191,60
-73.33049,-40.276988,60
-73.3305694,-40.2769419,60
-73.330658,-40.2768904,60
-73.3307588,-40.2768327,60
-73.330867,-40.2767711,60
-73.3309816,-40.276705,60
-73.3311007,-40.2766363,60
-73.3312208,-40.2765673,60
-73.3313403,-40.2764979,60
-73.3314595,-40.2764296,60
-73.3315716,-40.2763649,60
-73.3317028,-40.2762879,60
-73.3318268,-40.2762178,60
-73.331947,-40.2761494,60
-73.332066,-40.2760812,60
-73.3321855,-40.2760126,60
-73.3323043,-40.2759443,60
-73.332423,-40.2758758,60
-73.3325418,-40.2758072,60
-73.3326603,-40.2757389,60
-73.3327929,-40.2756636,60
-73.3329034,-40.275602,60
-73.332983,-40.2755696,60
-73.3330537,-40.2755671,60
-73.3331211,-40.2755909,60
-73.3331814,-40.2756299,60
-73.3332115,-40.2756664,60
-73.3331984,-40.2757093,60
-73.3331629,-40.2757367,60
-73.3331044,-40.2757721,60
-73.3330415,-40.2758085,60
-73.3329449,-40.2758648,60
-73.3328463,-40.2759213,60
-73.3327409,-40.2759821,60
-73.3326275,-40.2760473,60
-73.3325102,-40.2761147,60
-73.3323945,-40.2761808,60
-73.3322723,-40.2762509,60
-73.3321437,-40.2763249,60
-73.3320377,-40.2763865,60
-73.3319053,-40.2764628,60
-73.3317865,-40.2765314,60
-73.3316679,-40.2765996,60
-73.3315501,-40.2766678,60
-73.3314319,-40.2767359,60
-73.331313,-40.2768036,60
-73.331194,-40.2768716,60
-73.3310623,-40.2769476,60
-73.3309438,-40.2770153,60
-73.3308254,-40.2770832,60
-73.3307074,-40.2771512,60
-73.3305881,-40.27722,60
-73.3304704,-40.2772877,60
-73.3303601,-40.2773559,60
-73.3302874,-40.2774125,60
-73.3302588,-40.2774549,60
-73.3302579,-40.2774685,60
-73.3302568,-40.2774687,60
-73.3302557,-40.2774698,60
-73.3302522,-40.2774842,60
-73.3302461,-40.2775218,60
-73.3302396,-40.2775766,60
-73.3302425,-40.2776333,60
-73.3302604,-40.2776615,60
-73.3303017,-40.2776645,60
-73.3303434,-40.2776467,60
-73.3303913,-40.2776199,60
-73.3304646,-40.2775771,60
-73.3305472,-40.2775294,60
-73.3306418,-40.2774745,60
-73.3307453,-40.2774147,60
-73.3308546,-40.2773518,60
-73.3309695,-40.2772846,60
-73.3310856,-40.2772182,60
-73.3311746,-40.2771681,60
-73.3312627,-40.2771167,60
-73.3313782,-40.2770497,60
-73.331491,-40.2769852,60
-73.3316084,-40.2769182,60
-73.3317279,-40.2768498,60
-73.3318467,-40.2767817,60
-73.3319638,-40.2767146,60
-73.3320958,-40.2766385,60
-73.3322017,-40.2765773,60
-73.3323211,-40.2765091,60
-73.3324533,-40.2764327,60
-73.3325726,-40.2763645,60
-73.3326921,-40.2762959,60
-73.332811,-40.2762273,60
-73.3329296,-40.2761597,60
-73.3330486,-40.2760908,60
-73.3331678,-40.276022,60
-73.3332988,-40.2759474,60
-73.3333964,-40.2758968,60
-73.3334636,-40.2758764,60
-73.3335251,-40.2758864,60
-73.333579,-40.2759193,60
-73.3336251,-40.2759637,60
-73.3336411,-40.2760061,60
-73.3336168,-40.2760463,60
-73.3335697,-40.2760788,60
-73.333502,-40.2761178,60
-73.3334327,-40.2761584,60
-73.3333404,-40.2762117,60
-73.3332279,-40.2762769,60
-73.3331183,-40.2763399,60
-73.3330027,-40.276407,60
-73.3328817,-40.2764759,60
-73.3327653,-40.2765432,60
-73.3326458,-40.2766121,60
-73.3325136,-40.2766878,60
-73.3324084,-40.2767489,60
-73.3322896,-40.2768164,60
-73.3321709,-40.2768844,60
-73.3320533,-40.2769521,60
-73.3319678,-40.2770014,60
-73.3318706,-40.2770583,60
-73.3317651,-40.2771189,60
-73.3316528,-40.2771839,60
-73.3315366,-40.2772507,60
-73.3314162,-40.2773208,60
-73.331295,-40.2773891,60
-73.3311756,-40.2774582,60
-73.3310429,-40.277534,60
-73.3309242,-40.2776016,60
-73.3308085,-40.277668,60
-73.3306889,-40.2777373,60
-73.3305694,-40.277806,60
-73.3304535,-40.2778721,60
-73.3303585,-40.2779268,60
-73.3302897,-40.2779685,60
-73.3302554,-40.2779898,60
-73.3302342,-40.2780076,60
-73.3302148,-40.27804,60
-73.3302088,-40.2780935,60
-73.330222,-40.2781543,60
-73.3302461,-40.2782076,60
-73.3302849,-40.2782302,60
-73.3303348,-40.2782237,60
-73.3303829,-40.2781994,60
-73.3304387,-40.2781675,60
-73.3304971,-40.2781335,60
-73.33057,-40.2780911,60
-73.3306223,-40.2780606,60
-73.3306831,-40.2780261,60
-73.3307597,-40.277982,60
-73.3308498,-40.2779299,60
-73.3309502,-40.2778719,60
-73.3310581,-40.2778098,60
-73.3311709,-40.2777453,60
-73.3312634,-40.2776922,60
-73.3313566,-40.277638,60
-73.3314762,-40.277568,60
-73.3315928,-40.2775017,60
-73.3317127,-40.2774333,60
-73.3318323,-40.2773641,60
-73.3319518,-40.2772953,60
-73.3320666,-40.2772297,60
-73.3321748,-40.2771685,60
-73.3323001,-40.2770957,60
-73.332401,-40.2770366,60
-73.3325337,-40.2769601,60
-73.3326567,-40.2768899,60
-73.3327772,-40.2768218,60
-73.3328964,-40.2767533,60
-73.3330153,-40.276685,60
-73.3331341,-40.2766164,60
-73.3332536,-40.2765482,60
-73.3333718,-40.2764798,60
-73.3335039,-40.2764039,60
-73.3336103,-40.276343,60
-73.3337247,-40.2762776,60
-73.3338248,-40.2762275,60
-73.3338898,-40.2762118,60
-73.3339504,-40.2762274,60
-73.3340095,-40.2762667,60
-73.3340461,-40.2763073,60
-73.3340535,-40.2763497,60
-73.3340249,-40.2763881,60
-73.3339704,-40.2764228,60
-73.3339058,-40.276461,60
-73.3338239,-40.2765083,60
-73.3337314,-40.2765619,60
-73.3336301,-40.2766209,60
-73.3335168,-40.2766868,60
-73.3333979,-40.2767549,60
-73.3332768,-40.276824,60
-73.3331576,-40.2768924,60
-73.3330403,-40.2769601,60
-73.3329199,-40.2770301,60
-73.3328016,-40.2770988,60
-73.3326767,-40.2771713,60
-73.332554,-40.2772401,60
-73.3324362,-40.2773074,60
-73.3323206,-40.2773747,60
-73.3321875,-40.277451,60
-73.3320824,-40.277511,60
-73.3319634,-40.2775796,60
-73.3318454,-40.2776473,60
</coordinates></LineString>
</Placemark>
<Placemark>
<name>DJI_202603261152_005_Crear-ruta-de-zona1_Timestamp.MRK</name>
<description>Equipo: M3E | Fecha: 26-03-2026 | Puntos: 765</description>
<styleUrl>#m3e</styleUrl>
<LineString><altitudeMode>relativeToGround</altitudeMode><coordinates>
-73.3317816,-40.2776817,60
-73.3317526,-40.2776994,60
-73.331705,-40.2777272,60
-73.3316347,-40.2777678,60
-73.3315518,-40.2778152,60
-73.3314571,-40.2778697,60
-73.331353,-40.2779302,60
-73.3312305,-40.278001,60
-73.3311113,-40.2780693,60
-73.3309936,-40.2781361,60
-73.3308744,-40.2782049,60
-73.3307529,-40.278275,60
-73.3306467,-40.2783362,60
-73.3305695,-40.2783812,60
-73.3304955,-40.2784239,60
-73.3304221,-40.2784731,60
-73.3303656,-40.2785246,60
-73.3303509,-40.2785799,60
-73.3303671,-40.2786557,60
-73.3303949,-40.2787037,60
-73.330439,-40.2787202,60
-73.3304913,-40.2787102,60
-73.3305398,-40.2786834,60
-73.330609,-40.2786442,60
-73.3306724,-40.2786078,60
-73.330748,-40.2785642,60
-73.3308526,-40.2785036,60
-73.3309553,-40.2784446,60
-73.3310661,-40.2783806,60
-73.3311843,-40.2783119,60
-73.3313045,-40.2782435,60
-73.3314233,-40.2781754,60
-73.3315407,-40.2781077,60
-73.3316608,-40.2780384,60
-73.331793,-40.2779623,60
-73.3319111,-40.2778947,60
-73.3320298,-40.2778264,60
-73.3321437,-40.2777606,60
-73.332244,-40.2777025,60
-73.3323548,-40.2776388,60
-73.3324716,-40.2775716,60
-73.3325914,-40.2775029,60
-73.3327097,-40.2774352,60
-73.3328418,-40.2773586,60
-73.332947,-40.2772979,60
-73.3330801,-40.2772217,60
-73.3331996,-40.277153,60
-73.333318,-40.2770848,60
-73.333436,-40.2770173,60
-73.333555,-40.2769487,60
-73.3336741,-40.2768804,60
-73.3337914,-40.2768129,60
-73.3339095,-40.2767455,60
-73.3340199,-40.2766825,60
-73.3341352,-40.2766164,60
-73.3342421,-40.2765604,60
-73.3343112,-40.2765401,60
-73.3343659,-40.276557,60
-73.3344193,-40.2765979,60
-73.3344624,-40.276646,60
-73.3344676,-40.2766881,60
-73.3344385,-40.276725,60
-73.3343895,-40.2767565,60
-73.3343174,-40.2767986,60
-73.3342341,-40.2768468,60
-73.3341416,-40.2768994,60
-73.3340426,-40.2769575,60
-73.3339309,-40.2770214,60
-73.3338253,-40.2770825,60
-73.3337164,-40.2771461,60
-73.3336387,-40.277191,60
-73.3335634,-40.2772341,60
-73.3334649,-40.2772913,60
-73.3333615,-40.2773501,60
-73.3332535,-40.2774125,60
-73.3331383,-40.2774786,60
-73.3330172,-40.2775485,60
-73.332897,-40.2776171,60
-73.3327781,-40.2776853,60
-73.3326599,-40.2777533,60
-73.3325416,-40.2778214,60
-73.3324232,-40.277889,60
-73.3322916,-40.2779645,60
-73.3321733,-40.2780326,60
-73.3320655,-40.2780956,60
-73.3319546,-40.2781595,60
-73.3318373,-40.2782275,60
-73.3317138,-40.2782968,60
-73.3315935,-40.2783659,60
-73.3314747,-40.278434,60
-73.3313453,-40.2785085,60
-73.3312337,-40.2785724,60
-73.3311272,-40.278635,60
-73.3310142,-40.2786991,60
-73.330896,-40.2787668,60
-73.3307894,-40.2788277,60
-73.3307204,-40.2788687,60
-73.3306807,-40.2788922,60
-73.3306418,-40.2789142,60
-73.3306024,-40.2789361,60
-73.3305646,-40.2789574,60
-73.3305307,-40.2789846,60
-73.3305041,-40.2790261,60
-73.3304958,-40.2790805,60
-73.3305146,-40.2791428,60
-73.3305418,-40.2791927,60
-73.3305839,-40.2792143,60
-73.3306371,-40.2792017,60
-73.3306898,-40.2791719,60
-73.3307302,-40.2791487,60
-73.3307759,-40.2791226,60
-73.3308331,-40.2790895,60
-73.3309086,-40.2790465,60
-73.3309958,-40.2789955,60
-73.3310947,-40.2789385,60
-73.3312018,-40.2788765,60
-73.3313144,-40.2788118,60
-73.3314345,-40.2787424,60
-73.331553,-40.2786746,60
-73.3316726,-40.2786059,60
-73.3318056,-40.2785298,60
-73.3319261,-40.27846,60
-73.3320444,-40.2783922,60
-73.3321629,-40.278324,60
-73.3322811,-40.2782561,60
-73.3323994,-40.2781878,60
-73.3325306,-40.2781125,60
-73.3326488,-40.278044,60
-73.3327676,-40.2779759,60
-73.3328857,-40.2779082,60
-73.3330031,-40.2778403,60
-73.333122,-40.2777719,60
-73.3332414,-40.2777031,60
-73.3333604,-40.2776351,60
-73.3334793,-40.2775672,60
-73.3335979,-40.277499,60
-73.3337169,-40.2774309,60
-73.3338486,-40.2773548,60
-73.3339672,-40.2772869,60
-73.3340851,-40.2772195,60
-73.3342036,-40.2771511,60
-73.3343188,-40.2770849,60
-73.3344227,-40.2770249,60
-73.3345346,-40.2769605,60
-73.3346334,-40.2769088,60
-73.3347071,-40.2768798,60
-73.3347635,-40.2768903,60
-73.3348063,-40.27693,60
-73.3348454,-40.2769801,60
-73.334858,-40.2770273,60
-73.3348339,-40.2770698,60
-73.3347848,-40.2771038,60
-73.3347219,-40.2771406,60
-73.3346432,-40.2771861,60
-73.3345547,-40.2772383,60
-73.3344375,-40.277306,60
-73.3343374,-40.2773636,60
-73.334207,-40.2774383,60
-73.3340864,-40.2775075,60
-73.3339701,-40.2775742,60
-73.3338641,-40.2776358,60
-73.3337784,-40.2776843,60
-73.3336916,-40.2777352,60
-73.3335916,-40.2777931,60
-73.3334658,-40.2778659,60
-73.3333488,-40.2779332,60
-73.3332345,-40.2779996,60
-73.3331212,-40.278064,60
-73.3330013,-40.2781322,60
-73.3328813,-40.2782004,60
-73.3327629,-40.2782682,60
-73.3326443,-40.2783362,60
-73.3325271,-40.2784039,60
-73.3324077,-40.2784725,60
-73.3322775,-40.2785478,60
-73.3321595,-40.2786155,60
-73.332041,-40.2786839,60
-73.3319232,-40.2787512,60
-73.3318053,-40.2788201,60
-73.3316938,-40.2788841,60
-73.3315832,-40.2789482,60
-73.3314839,-40.2790051,60
-73.3313747,-40.2790681,60
-73.3312602,-40.2791335,60
-73.3311413,-40.2792005,60
-73.3310789,-40.2792366,60
-73.3310076,-40.2792782,60
-73.3309348,-40.2793202,60
-73.3308677,-40.2793579,60
-73.3307978,-40.2793979,60
-73.3307343,-40.2794391,60
-73.330693,-40.2794761,60
-73.3306654,-40.2795186,60
-73.3306614,-40.2795637,60
-73.3306801,-40.2796072,60
-73.3306963,-40.2796426,60
-73.3307202,-40.2796713,60
-73.3307386,-40.279683,60
-73.3307521,-40.2796867,60
-73.3307598,-40.279688,60
-73.3307724,-40.2796879,60
-73.3308089,-40.2796761,60
-73.3308636,-40.2796474,60
-73.3309318,-40.2796085,60
-73.3310254,-40.2795541,60
-73.3311216,-40.2794981,60
-73.3312269,-40.2794372,60
-73.3313488,-40.2793665,60
-73.331455,-40.2793047,60
-73.3315765,-40.2792357,60
-73.3316966,-40.2791668,60
-73.3318294,-40.2790905,60
-73.3319343,-40.2790306,60
-73.332067,-40.2789539,60
-73.3321833,-40.278887,60
-73.3323004,-40.2788197,60
-73.3324214,-40.2787499,60
-73.3325412,-40.2786812,60
-73.3326603,-40.2786129,60
-73.3327791,-40.2785447,60
-73.3328971,-40.2784766,60
-73.3330158,-40.2784079,60
-73.333148,-40.2783316,60
-73.3332535,-40.2782715,60
-73.3333841,-40.2781965,60
-73.333503,-40.2781282,60
-73.3336205,-40.2780608,60
-73.3337377,-40.2779927,60
-73.3338594,-40.2779232,60
-73.3339788,-40.2778547,60
-73.3340983,-40.2777861,60
-73.3342304,-40.2777102,60
-73.3343493,-40.277642,60
-73.3344669,-40.2775741,60
-73.3345766,-40.2775111,60
-73.3346867,-40.2774477,60
-73.3348027,-40.2773809,60
-73.3349185,-40.2773156,60
-73.335004,-40.2772747,60
-73.3350626,-40.2772624,60
-73.3351166,-40.2772801,60
-73.3351592,-40.2773172,60
-73.3351971,-40.2773714,60
-73.335198,-40.2774182,60
-73.3351631,-40.2774583,60
-73.3351107,-40.2774917,60
-73.3350418,-40.2775316,60
-73.334958,-40.2775801,60
-73.3348663,-40.2776335,60
-73.3347598,-40.2776955,60
-73.3346328,-40.2777683,60
-73.3345149,-40.2778358,60
-73.3344015,-40.2779004,60
-73.3343115,-40.2779519,60
-73.3342221,-40.2780029,60
-73.3341246,-40.278061,60
-73.3340148,-40.278126,60
-73.3338963,-40.2781938,60
-73.333777,-40.2782619,60
-73.333657,-40.2783307,60
-73.3335224,-40.2784071,60
-73.3334088,-40.2784724,60
-73.333304,-40.2785323,60
-73.3332223,-40.2785789,60
-73.3331275,-40.2786337,60
-73.3330294,-40.2786895,60
-73.3329301,-40.2787467,60
-73.3328155,-40.2788129,60
-73.3326956,-40.278882,60
-73.3325676,-40.2789566,60
-73.3324458,-40.2790262,60
-73.3323229,-40.2790954,60
-73.3322041,-40.279164,60
-73.3320851,-40.2792328,60
-73.3319666,-40.2793012,60
-73.3318472,-40.2793692,60
-73.3317298,-40.2794363,60
-73.3316166,-40.2795024,60
-73.3314883,-40.2795768,60
-73.3313755,-40.2796403,60
-73.331284,-40.2796929,60
-73.3312236,-40.2797283,60
-73.3311586,-40.2797655,60
-73.331077,-40.2798125,60
-73.3309826,-40.2798682,60
-73.3308981,-40.2799222,60
-73.3308541,-40.2799673,60
-73.3308406,-40.280025,60
-73.3308667,-40.2800796,60
-73.3309042,-40.2801286,60
-73.3309551,-40.2801464,60
-73.3310074,-40.2801372,60
-73.331058,-40.2801092,60
-73.3311292,-40.2800682,60
-73.3312012,-40.2800259,60
-73.3312914,-40.2799741,60
-73.3313943,-40.2799148,60
-73.3315179,-40.2798438,60
-73.3316351,-40.2797764,60
-73.3317425,-40.2797147,60
-73.3318761,-40.279638,60
-73.3319932,-40.2795704,60
-73.3321127,-40.2795016,60
-73.3322326,-40.2794331,60
-73.3323506,-40.2793654,60
-73.3324684,-40.2792973,60
-73.332588,-40.2792289,60
-73.3327073,-40.2791606,60
-73.3328261,-40.2790921,60
-73.3329583,-40.279016,60
-73.3330766,-40.2789475,60
-73.3331946,-40.2788801,60
-73.3332996,-40.2788195,60
-73.3333983,-40.2787633,60
-73.3335053,-40.2787013,60
-73.3336178,-40.2786357,60
-73.3337378,-40.2785664,60
-73.3338584,-40.2784983,60
-73.3339883,-40.2784237,60
-73.3341094,-40.2783544,60
-73.3342293,-40.2782853,60
-73.3343464,-40.2782178,60
-73.3344523,-40.2781563,60
-73.3345659,-40.2780902,60
-73.3346862,-40.2780221,60
-73.3348072,-40.2779534,60
-73.3349271,-40.2778844,60
-73.3350607,-40.2778076,60
-73.3351812,-40.2777384,60
-73.3352923,-40.2776769,60
-73.3353694,-40.2776446,60
-73.3354261,-40.2776428,60
-73.3354759,-40.2776688,60
-73.3355165,-40.2777102,60
-73.3355444,-40.2777603,60
-73.3355322,-40.2778108,60
-73.3354954,-40.2778447,60
-73.3354314,-40.2778826,60
-73.3353567,-40.2779256,60
-73.3352661,-40.2779775,60
-73.3351659,-40.2780348,60
-73.3350581,-40.2780969,60
-73.3349439,-40.2781629,60
-73.3348268,-40.2782311,60
-73.3347091,-40.2782991,60
-73.3345867,-40.2783685,60
-73.3344751,-40.2784329,60
-73.3343539,-40.2785029,60
-73.3342303,-40.2785741,60
-73.3341089,-40.278644,60
-73.3339909,-40.2787118,60
-73.3338735,-40.2787792,60
-73.3337539,-40.2788488,60
-73.3336379,-40.2789147,60
-73.3335369,-40.2789727,60
-73.3334528,-40.2790209,60
-73.3333496,-40.2790813,60
-73.3332467,-40.2791407,60
-73.3331349,-40.2792055,60
-73.3330158,-40.2792733,60
-73.3328946,-40.2793421,60
-73.3327751,-40.2794102,60
-73.3326434,-40.2794861,60
-73.3325382,-40.2795465,60
-73.3324197,-40.2796149,60
-73.3322879,-40.2796908,60
-73.3321693,-40.2797586,60
-73.3320513,-40.2798271,60
-73.3319409,-40.2798906,60
-73.3318552,-40.2799404,60
-73.3317907,-40.2799771,60
-73.3317227,-40.2800162,60
-73.3316385,-40.280065,60
-73.3315398,-40.2801218,60
-73.3314359,-40.2801812,60
-73.3313568,-40.2802322,60
-73.3313242,-40.2802716,60
-73.3313388,-40.2803059,60
-73.3313824,-40.2803279,60
-73.3314379,-40.2803456,60
-73.3315257,-40.2803616,60
-73.3316075,-40.2803535,60
-73.3316929,-40.2803204,60
-73.3317749,-40.280272,60
-73.3318685,-40.2802175,60
-73.3319831,-40.280151,60
-73.3320932,-40.2800877,60
-73.3322062,-40.2800228,60
-73.3323216,-40.2799555,60
-73.3324411,-40.2798867,60
-73.3325621,-40.279818,60
-73.3326944,-40.2797416,60
-73.3328,-40.2796808,60
-73.3329188,-40.2796125,60
-73.3330519,-40.2795367,60
-73.3331711,-40.2794685,60
-73.3332897,-40.2794001,60
-73.3334076,-40.2793321,60
-73.3335269,-40.2792636,60
-73.3336441,-40.2791957,60
-73.3337568,-40.2791308,60
-73.3338787,-40.2790609,60
-73.334011,-40.2789849,60
-73.3341151,-40.2789259,60
-73.3342469,-40.2788495,60
-73.3343669,-40.2787812,60
-73.3344864,-40.2787121,60
-73.3345966,-40.2786488,60
-73.3347006,-40.2785893,60
-73.3348157,-40.2785214,60
-73.3349402,-40.2784495,60
-73.3350624,-40.2783805,60
-73.3351823,-40.2783117,60
-73.3353157,-40.278235,60
-73.3354363,-40.2781661,60
-73.3355557,-40.2780972,60
-73.3356714,-40.2780344,60
-73.3357639,-40.2780001,60
-73.3358601,-40.2779951,60
-73.335956,-40.2780125,60
-73.336029,-40.2780353,60
-73.3360559,-40.2780613,60
-73.3360467,-40.2780948,60
-73.336006,-40.2781248,60
-73.3359557,-40.2781545,60
-73.3358863,-40.2781946,60
-73.3358023,-40.2782435,60
-73.3357068,-40.2782987,60
-73.3356024,-40.2783592,60
-73.3354907,-40.278424,60
-73.3353732,-40.2784914,60
-73.3352402,-40.2785677,60
-73.3351227,-40.2786353,60
-73.3350031,-40.2787042,60
-73.3348831,-40.2787732,60
-73.3347665,-40.278841,60
-73.3346497,-40.2789084,60
-73.3345299,-40.278977,60
-73.3344098,-40.2790453,60
-73.3342917,-40.2791134,60
-73.3341733,-40.2791816,60
-73.3340456,-40.2792555,60
-73.3339472,-40.2793121,60
-73.3338745,-40.2793534,60
-73.3338231,-40.2793832,60
-73.3337629,-40.279418,60
-73.3336849,-40.2794619,60
-73.3335954,-40.2795129,60
-73.3334949,-40.2795707,60
-73.3333848,-40.2796345,60
-73.333262,-40.279705,60
-73.3331499,-40.2797696,60
-73.3330291,-40.2798394,60
-73.332909,-40.2799086,60
-73.3327948,-40.2799743,60
-73.3326924,-40.2800335,60
-73.3325792,-40.2800983,60
-73.3324664,-40.2801622,60
-73.3323681,-40.2802174,60
-73.3322697,-40.2802752,60
-73.332173,-40.2803319,60
-73.332073,-40.2803911,60
-73.3320107,-40.2804343,60
-73.3319887,-40.2804587,60
-73.3320077,-40.2804802,60
-73.3320499,-40.2804857,60
-73.3321016,-40.2804866,60
-73.3321752,-40.2804862,60
-73.3322698,-40.2804857,60
-73.3323905,-40.2804691,60
-73.3325014,-40.2804292,60
-73.3326065,-40.2803699,60
-73.3327159,-40.2803048,60
-73.3328323,-40.2802377,60
-73.3329533,-40.2801682,60
-73.3330742,-40.2800988,60
-73.3331939,-40.2800302,60
-73.3333112,-40.2799626,60
-73.3334243,-40.2798983,60
-73.3335485,-40.2798265,60
-73.3336674,-40.2797574,60
-73.3337865,-40.279689,60
-73.3339033,-40.2796221,60
-73.3340153,-40.2795577,60
-73.3341288,-40.2794919,60
-73.3342438,-40.2794263,60
-73.3343601,-40.2793584,60
-73.3344967,-40.2792796,60
-73.3346125,-40.2792135,60
-73.3347252,-40.2791493,60
-73.3348486,-40.2790775,60
-73.3349698,-40.2790079,60
-73.3350896,-40.2789389,60
-73.3352095,-40.2788708,60
-73.3353284,-40.2788022,60
-73.3354484,-40.2787337,60
-73.3355675,-40.2786652,60
-73.3356864,-40.2785963,60
-73.3358189,-40.2785206,60
-73.3359249,-40.2784596,60
-73.3360566,-40.2783836,60
-73.3361753,-40.2783147,60
-73.3362946,-40.2782462,60
-73.3364071,-40.2781877,60
-73.3365101,-40.2781601,60
-73.3365969,-40.2781621,60
-73.3366911,-40.278183,60
-73.336755,-40.2782077,60
-73.3367684,-40.2782385,60
-73.3367485,-40.2782696,60
-73.3367081,-40.278296,60
-73.3366536,-40.2783275,60
-73.3365806,-40.2783709,60
-73.3364936,-40.2784216,60
-73.3363957,-40.2784776,60
-73.3362892,-40.2785396,60
-73.3361614,-40.2786129,60
-73.336042,-40.2786816,60
-73.3359224,-40.2787501,60
-73.3358032,-40.2788188,60
-73.3356853,-40.2788872,60
-73.3355665,-40.2789556,60
-73.335447,-40.2790244,60
-73.3353281,-40.2790923,60
-73.33521,-40.27916,60
-73.3350788,-40.2792355,60
-73.3349594,-40.2793043,60
-73.3348412,-40.279372,60
-73.3347223,-40.2794405,60
-73.3346044,-40.2795084,60
-73.3344847,-40.2795776,60
-73.3343658,-40.2796459,60
-73.3342555,-40.2797089,60
-73.3341773,-40.2797535,60
-73.3341348,-40.2797785,60
-73.3340964,-40.2798001,60
-73.3340378,-40.2798335,60
-73.333954,-40.279881,60
-73.3338669,-40.279932,60
-73.3337692,-40.279989,60
-73.3336599,-40.2800524,60
-73.3335472,-40.2801155,60
-73.3334303,-40.2801828,60
-73.3333145,-40.2802503,60
-73.3332292,-40.2803029,60
-73.3331837,-40.2803368,60
-73.3331657,-40.2803558,60
-73.3331913,-40.2803644,60
-73.3332358,-40.2803577,60
-73.3332885,-40.2803502,60
-73.3333639,-40.2803395,60
-73.3334592,-40.2803246,60
-73.3335831,-40.2803055,60
-73.3336911,-40.2802836,60
-73.3338263,-40.2802343,60
-73.3339474,-40.2801706,60
-73.3340689,-40.2801002,60
-73.3341887,-40.2800317,60
-73.334298,-40.2799699,60
-73.334395,-40.2799146,60
-73.3344982,-40.2798539,60
-73.3346125,-40.2797886,60
-73.3347443,-40.2797123,60
-73.3348511,-40.2796515,60
-73.3349767,-40.2795791,60
-73.3350931,-40.2795115,60
-73.3352102,-40.2794442,60
-73.3353256,-40.2793773,60
-73.3354503,-40.2793055,60
-73.3355744,-40.2792349,60
-73.3356946,-40.2791663,60
-73.3358138,-40.2790975,60
-73.335933,-40.279029,60
-73.3360653,-40.2789526,60
-73.3361713,-40.278892,60
-73.3363043,-40.278816,60
-73.3364235,-40.2787473,60
-73.3365422,-40.278679,60
-73.3366601,-40.2786107,60
-73.3367802,-40.2785427,60
-73.3368993,-40.2784741,60
-73.3370179,-40.2784061,60
-73.3371224,-40.2783523,60
-73.3372018,-40.2783318,60
-73.3372917,-40.2783396,60
-73.3373688,-40.2783709,60
-73.3374172,-40.2784019,60
-73.3374249,-40.2784386,60
-73.3373975,-40.2784721,60
-73.3373523,-40.278501,60
-73.3372912,-40.2785364,60
-73.3372033,-40.2785871,60
-73.3371219,-40.2786343,60
-73.3370092,-40.2786999,60
-73.3368992,-40.2787633,60
-73.3367822,-40.2788308,60
-73.3366627,-40.2788994,60
-73.3365472,-40.2789657,60
-73.3364312,-40.279033,60
-73.3363103,-40.2791024,60
-73.3361771,-40.2791788,60
-73.3360584,-40.2792475,60
-73.3359396,-40.2793152,60
-73.3358206,-40.2793837,60
-73.3357023,-40.2794518,60
-73.3355851,-40.27952,60
-73.3354679,-40.2795868,60
-73.3353481,-40.2796558,60
-73.335229,-40.2797233,60
-73.3350981,-40.2797987,60
-73.334989,-40.2798616,60
-73.3348866,-40.2799211,60
-73.3347766,-40.2799853,60
-73.3346668,-40.2800473,60
-73.334554,-40.2801115,60
-73.3344371,-40.280179,60
-73.3343509,-40.2802313,60
-73.3343053,-40.2802672,60
-73.3343063,-40.2802933,60
-73.3343489,-40.2803067,60
-73.3343984,-40.2803097,60
-73.3344647,-40.2803135,60
-73.3345525,-40.280317,60
-73.3346564,-40.2803086,60
-73.3347647,-40.2802767,60
-73.3348735,-40.2802157,60
-73.3349423,-40.2801739,60
-73.3350235,-40.2801285,60
-73.3351107,-40.2800774,60
-73.3352077,-40.2800211,60
-73.3353144,-40.2799594,60
-73.3354277,-40.2798935,60
-73.3355453,-40.2798252,60
-73.3356658,-40.2797565,60
-73.3357855,-40.2796885,60
-73.3359048,-40.2796207,60
-73.3360232,-40.2795523,60
-73.3361548,-40.2794769,60
-73.3362597,-40.2794161,60
-73.336388,-40.2793422,60
-73.336504,-40.2792742,60
-73.3366247,-40.2792048,60
-73.3367458,-40.2791353,60
-73.3368662,-40.2790664,60
-73.3369856,-40.278998,60
-73.3371179,-40.2789224,60
-73.3372238,-40.2788619,60
-73.3373549,-40.2787873,60
-73.3374498,-40.2787375,60
-73.3375172,-40.2787151,60
-73.3375588,-40.2787282,60
-73.3375745,-40.2787652,60
-73.3375855,-40.2788142,60
-73.3375888,-40.2788752,60
-73.3375602,-40.2789407,60
-73.3374994,-40.2789901,60
-73.3374167,-40.279039,60
-73.3373275,-40.279091,60
-73.3372259,-40.279149,60
-73.3371164,-40.2792121,60
-73.3370019,-40.2792786,60
-73.3368879,-40.2793458,60
-73.336761,-40.2794195,60
-73.336661,-40.2794765,60
-73.3365272,-40.2795538,60
-73.3364038,-40.2796234,60
-73.3362838,-40.2796915,60
-73.3361659,-40.2797595,60
-73.3360506,-40.2798263,60
-73.3359345,-40.2798933,60
-73.3358183,-40.2799596,60
-73.3357229,-40.2800142,60
-73.3356291,-40.2800686,60
-73.3355172,-40.2801334,60
-73.3354142,-40.2801908,60
-73.3353166,-40.2802487,60
-73.3352433,-40.2802966,60
-73.3352157,-40.2803259,60
-73.3352272,-40.280352,60
-73.3352669,-40.2803642,60
-73.3353254,-40.2803702,60
-73.3353999,-40.2803765,60
-73.3354818,-40.2803787,60
-73.3355995,-40.2803592,60
-73.3356994,-40.2803147,60
-73.3357965,-40.2802588,60
-73.3359047,-40.2801956,60
-73.3360159,-40.2801307,60
-73.3361284,-40.2800662,60
-73.3362501,-40.2799959,60
-73.336371,-40.279927,60
-73.3364912,-40.2798581,60
-73.3366101,-40.2797895,60
-73.3367399,-40.2797145,60
-73.3368554,-40.2796475,60
-73.3369745,-40.2795782,60
-73.3370906,-40.2795131,60
-73.337208,-40.2794451,60
-73.3373273,-40.2793764,60
-73.337443,-40.2793115,60
-73.3375285,-40.2792684,60
-73.3375943,-40.2792475,60
-73.3376219,-40.2792608,60
-73.3376258,-40.2792991,60
-73.3376257,-40.2793443,60
-73.337624,-40.2794009,60
-73.3376025,-40.2794684,60
-73.3375474,-40.279534,60
-73.3374663,-40.279586,60
-73.3373772,-40.2796371,60
-73.3372752,-40.2796965,60
-73.3371636,-40.2797614,60
-73.3370336,-40.2798361,60
-73.3369181,-40.2799028,60
-73.3367997,-40.2799707,60
-73.3366789,-40.28004,60
-73.3365512,-40.2801136,60
-73.3364517,-40.2801712,60
-73.3363239,-40.2802459,60
-73.3362096,-40.280312,60
-73.3361276,-40.2803624,60
-73.3360908,-40.2803943,60
-73.3360925,-40.2804213,60
-73.3361268,-40.2804376,60
-73.336175,-40.2804426,60
-73.3362399,-40.2804489,60
-73.3363267,-40.2804572,60
-73.3364145,-40.2804606,60
-73.3364574,-40.2804505,60
-73.3365063,-40.2804252,60
-73.3365593,-40.2803947,60
-73.3366458,-40.2803441,60
-73.336738,-40.2802912,60
-73.3368365,-40.2802342,60
-73.3369314,-40.2801803,60
-73.3370339,-40.2801205,60
-73.3371436,-40.2800567,60
-73.3372729,-40.2799819,60
-73.3373807,-40.2799212,60
-73.3374903,-40.2798633,60
-73.337545,-40.2798461,60
-73.3375807,-40.2798524,60
-73.3375866,-40.2798811,60
-73.3375781,-40.2799166,60
-73.3375634,-40.2799664,60
-73.3375418,-40.2800316,60
-73.3375016,-40.2801061,60
-73.3374308,-40.2801771,60
-73.3373254,-40.2802438,60
-73.3372188,-40.2803046,60
-73.3371063,-40.2803692,60
-73.3369967,-40.2804321,60
-73.3368936,-40.2804944,60
-73.3368456,-40.2805301,60
-73.3368239,-40.280563,60
-73.3368604,-40.2805928,60
-73.3369182,-40.2806079,60
-73.3369829,-40.2806253,60
-73.3370679,-40.2806349,60
-73.3371602,-40.2806196,60
-73.3372443,-40.2805757,60
-73.3373146,-40.2805338,60
-73.3373523,-40.2805128,60
-73.3373746,-40.2805001,60
-73.3373802,-40.2804965,60
</coordinates></LineString>
</Placemark>
<Placemark>
<name>DJI_202603261217_001_ELDESCANSO013_Timestamp.MRK</name>
<description>Equipo: M3E | Fecha: 26-03-2026 | Puntos: 862</description>
<styleUrl>#m3e</styleUrl>
<LineString><altitudeMode>relativeToGround</altitudeMode><coordinates>
-73.3263157,-40.273825,60
-73.3263154,-40.2737981,60
-73.3263149,-40.2737454,60
-73.3263147,-40.2736804,60
-73.3263144,-40.2735921,60
-73.326314,-40.2734915,60
-73.3263142,-40.27338,60
-73.326314,-40.2732719,60
-73.3263136,-40.2731501,60
-73.3263139,-40.2730413,60
-73.326314,-40.272922,60
-73.3263141,-40.2728033,60
-73.3263146,-40.2726966,60
-73.3263139,-40.2725774,60
-73.3263137,-40.2724589,60
-73.326314,-40.2723541,60
-73.3263142,-40.2722358,60
-73.3263139,-40.2721163,60
-73.326314,-40.2720101,60
-73.326314,-40.2718904,60
-73.3263147,-40.2717721,60
-73.3263147,-40.2716664,60
-73.3263146,-40.2715475,60
-73.326315,-40.2714286,60
-73.3263143,-40.2713224,60
-73.3263142,-40.2712036,60
-73.3263144,-40.2710846,60
-73.3263142,-40.2709767,60
-73.3263149,-40.2708575,60
-73.3263148,-40.2707388,60
-73.3263152,-40.2706213,60
-73.3263151,-40.270514,60
-73.3263136,-40.2703955,60
-73.3262997,-40.2703107,60
-73.3262524,-40.2702384,60
-73.3261692,-40.270184,60
-73.3260922,-40.2701516,60
-73.326049,-40.2701546,60
-73.3260208,-40.2701873,60
-73.3260156,-40.270232,60
-73.3260139,-40.2702842,60
-73.326014,-40.2703616,60
-73.3260142,-40.2704546,60
-73.3260146,-40.27055,60
-73.3260142,-40.2706649,60
-73.3260152,-40.2707864,60
-73.3260156,-40.2708954,60
-73.3260154,-40.2710156,60
-73.3260154,-40.2711339,60
-73.3260155,-40.2712417,60
-73.3260154,-40.2713606,60
-73.3260157,-40.2714787,60
-73.3260154,-40.2715839,60
-73.3260161,-40.2717027,60
-73.3260152,-40.2718206,60
-73.3260161,-40.2719274,60
-73.3260161,-40.2720464,60
-73.326016,-40.2721649,60
-73.3260153,-40.2722724,60
-73.326016,-40.2723911,60
-73.3260156,-40.2725094,60
-73.3260152,-40.2726171,60
-73.3260154,-40.2727344,60
-73.3260147,-40.2728526,60
-73.3260151,-40.2729602,60
-73.3260152,-40.2730784,60
-73.3260149,-40.2731972,60
-73.3260143,-40.2733033,60
-73.3260147,-40.2734232,60
-73.3260151,-40.2735402,60
-73.3260146,-40.2736605,60
-73.3260146,-40.2737667,60
-73.3260083,-40.2738589,60
-73.325988,-40.2739007,60
-73.3259345,-40.2739148,60
-73.3258737,-40.2739032,60
-73.3258023,-40.2738788,60
-73.3257434,-40.2738349,60
-73.3257175,-40.2737703,60
-73.3257136,-40.2736976,60
-73.3257132,-40.27362,60
-73.3257136,-40.2735219,60
-73.3257132,-40.2734097,60
-73.325713,-40.2733013,60
-73.3257131,-40.2731795,60
-73.3257132,-40.2730601,60
-73.3257133,-40.2729532,60
-73.3257135,-40.2728344,60
-73.3257135,-40.2727156,60
-73.3257133,-40.2726092,60
-73.3257132,-40.2724917,60
-73.3257138,-40.2723717,60
-73.325713,-40.272253,60
-73.3257136,-40.2721463,60
-73.3257129,-40.2720283,60
-73.325713,-40.2719218,60
-73.3257133,-40.2718038,60
-73.3257134,-40.2716853,60
-73.3257132,-40.2715785,60
-73.3257134,-40.2714589,60
-73.3257133,-40.2713406,60
-73.3257131,-40.2712339,60
-73.3257133,-40.2711166,60
-73.3257131,-40.2709977,60
-73.3257136,-40.2708775,60
-73.3257133,-40.2707709,60
-73.3257133,-40.2706608,60
-73.3257133,-40.2705571,60
-73.3257129,-40.2704544,60
-73.3257131,-40.2703354,60
-73.325709,-40.270231,60
-73.3256937,-40.2701802,60
-73.3256517,-40.2701578,60
-73.3255977,-40.2701658,60
-73.3255315,-40.2701897,60
-73.3254584,-40.2702338,60
-73.3254204,-40.270297,60
-73.3254151,-40.2703634,60
-73.3254137,-40.2704454,60
-73.325414,-40.2705381,60
-73.3254138,-40.2706315,60
-73.3254138,-40.2707481,60
-73.3254134,-40.2708688,60
-73.3254135,-40.270977,60
-73.3254136,-40.2710974,60
-73.3254136,-40.2712155,60
-73.3254136,-40.2713221,60
-73.3254141,-40.2714408,60
-73.3254133,-40.2715595,60
-73.3254133,-40.2716656,60
-73.3254138,-40.2717842,60
-73.3254137,-40.2718906,60
-73.3254138,-40.2720093,60
-73.3254142,-40.2721274,60
-73.3254143,-40.2722469,60
-73.3254139,-40.2723539,60
-73.325414,-40.2724726,60
-73.3254145,-40.2725902,60
-73.3254142,-40.2726978,60
-73.3254135,-40.2728399,60
-73.3254137,-40.2729225,60
-73.325414,-40.273042,60
-73.3254139,-40.2731581,60
-73.3254142,-40.2732491,60
-73.3254142,-40.2733201,60
-73.3254141,-40.2734116,60
-73.3254141,-40.2735115,60
-73.3254121,-40.2736119,60
-73.3254041,-40.2736947,60
-73.3253763,-40.2737356,60
-73.3253264,-40.2737412,60
-73.3252605,-40.2737253,60
-73.3251951,-40.2737017,60
-73.3251346,-40.2736518,60
-73.3251142,-40.2735945,60
-73.3251094,-40.2735224,60
-73.3251113,-40.2734416,60
-73.3251121,-40.2733481,60
-73.3251119,-40.2732436,60
-73.3251121,-40.2731421,60
-73.3251117,-40.2730228,60
-73.3251115,-40.2729023,60
-73.3251119,-40.2727942,60
-73.3251115,-40.2726745,60
-73.3251122,-40.2725553,60
-73.325112,-40.272449,60
-73.3251121,-40.2723297,60
-73.3251114,-40.27221,60
-73.3251113,-40.2721035,60
-73.3251116,-40.271985,60
-73.3251116,-40.2718669,60
-73.325112,-40.27176,60
-73.3251123,-40.2716418,60
-73.3251118,-40.2715225,60
-73.3251119,-40.2714156,60
-73.325112,-40.2712973,60
-73.3251118,-40.2711793,60
-73.325112,-40.2710723,60
-73.3251119,-40.2709542,60
-73.3251121,-40.2708365,60
-73.325112,-40.2707176,60
-73.3251123,-40.2706107,60
-73.325111,-40.2705018,60
-73.325102,-40.2704419,60
-73.3250896,-40.2704115,60
-73.3250571,-40.2704136,60
-73.3250324,-40.2704361,60
-73.3249995,-40.2704736,60
-73.3249513,-40.2705311,60
-73.324898,-40.2705946,60
-73.3248594,-40.2706469,60
-73.3248288,-40.2707153,60
-73.3248158,-40.2707819,60
-73.3248115,-40.2708266,60
-73.3248115,-40.2708819,60
-73.3248125,-40.2709515,60
-73.3248125,-40.2710396,60
-73.3248126,-40.2711392,60
-73.3248122,-40.271238,60
-73.3248121,-40.2713566,60
-73.3248122,-40.2714779,60
-73.3248125,-40.2715863,60
-73.3248127,-40.2717059,60
-73.3248128,-40.2718243,60
-73.3248129,-40.2719423,60
-73.324813,-40.2720489,60
-73.3248128,-40.2721666,60
-73.3248129,-40.2722731,60
-73.3248128,-40.2723923,60
-73.3248121,-40.2725106,60
-73.3248126,-40.2726284,60
-73.3248126,-40.272735,60
-73.3248128,-40.2728539,60
-73.3248129,-40.2729718,60
-73.3248122,-40.2730792,60
-73.324812,-40.2731979,60
-73.3248123,-40.2732982,60
-73.3248118,-40.2733885,60
-73.3248122,-40.273488,60
-73.3248126,-40.273585,60
-73.3248123,-40.2736964,60
-73.3248117,-40.2738154,60
-73.3248054,-40.2739242,60
-73.3247765,-40.2740234,60
-73.3247049,-40.2741047,60
-73.3246254,-40.2741718,60
-73.3245666,-40.2742098,60
-73.3245298,-40.2742095,60
-73.3245137,-40.2741831,60
-73.3245103,-40.2741433,60
-73.3245096,-40.2740848,60
-73.3245089,-40.2740055,60
-73.3245087,-40.2739215,60
-73.3245079,-40.2738196,60
-73.3245078,-40.2737147,60
-73.3245069,-40.273592,60
-73.3245063,-40.2734702,60
-73.3245062,-40.2733618,60
-73.3245057,-40.2732428,60
-73.3245051,-40.2731238,60
-73.3245049,-40.2730051,60
-73.3245042,-40.2728986,60
-73.3245039,-40.2727801,60
-73.3245034,-40.2726734,60
-73.3245028,-40.272555,60
-73.3245023,-40.2724365,60
-73.3245022,-40.2723302,60
-73.3245019,-40.2722112,60
-73.3245014,-40.2720924,60
-73.3245015,-40.2719858,60
-73.3245003,-40.2718678,60
-73.3245,-40.2717496,60
-73.3244997,-40.2716424,60
-73.3244991,-40.2715231,60
-73.3244985,-40.2714044,60
-73.324498,-40.2712977,60
-73.324495,-40.271187,60
-73.3244825,-40.2711214,60
-73.3244497,-40.2710927,60
-73.3243906,-40.2710878,60
-73.3243225,-40.2710995,60
-73.3242577,-40.2711278,60
-73.3242178,-40.2711787,60
-73.3242106,-40.271234,60
-73.3242111,-40.271308,60
-73.3242108,-40.2713963,60
-73.3242111,-40.2714975,60
-73.3242106,-40.2715976,60
-73.3242104,-40.2717184,60
-73.3242104,-40.2718419,60
-73.3242106,-40.2719502,60
-73.3242109,-40.2720688,60
-73.324211,-40.2721855,60
-73.3242113,-40.2722927,60
-73.324211,-40.2724117,60
-73.324211,-40.2725298,60
-73.3242107,-40.2726361,60
-73.3242104,-40.2727553,60
-73.3242106,-40.2728737,60
-73.3242106,-40.2729932,60
-73.3242106,-40.2730998,60
-73.3242108,-40.273218,60
-73.3242103,-40.2733247,60
-73.3242106,-40.2734428,60
-73.3242104,-40.2735613,60
-73.3242103,-40.2736683,60
-73.3242101,-40.2737824,60
-73.3242104,-40.2738799,60
-73.3242109,-40.2739767,60
-73.3242103,-40.2740851,60
-73.3242106,-40.2741955,60
-73.3242107,-40.274289,60
-73.3242067,-40.2743696,60
-73.3241899,-40.2744379,60
-73.3241359,-40.2744895,60
-73.3240522,-40.2745213,60
-73.3239773,-40.274537,60
-73.3239329,-40.2745217,60
-73.3239103,-40.2744819,60
-73.323908,-40.274431,60
-73.3239081,-40.2743704,60
-73.3239072,-40.274285,60
-73.3239076,-40.2741901,60
-73.3239077,-40.2740901,60
-73.3239078,-40.2739697,60
-73.3239075,-40.2738587,60
-73.3239079,-40.273738,60
-73.3239077,-40.2736185,60
-73.3239087,-40.2734994,60
-73.3239091,-40.273392,60
-73.3239088,-40.273273,60
-73.3239085,-40.273166,60
-73.3239084,-40.2730473,60
-73.3239081,-40.2729292,60
-73.3239083,-40.2728097,60
-73.3239081,-40.2727025,60
-73.3239086,-40.2725841,60
-73.3239091,-40.2724659,60
-73.3239094,-40.2723596,60
-73.3239087,-40.2722401,60
-73.3239092,-40.2721211,60
-73.3239093,-40.2720144,60
-73.3239091,-40.2718959,60
-73.3239097,-40.2717829,60
-73.3239099,-40.2716891,60
-73.3239095,-40.2715762,60
-73.3239087,-40.2714568,60
-73.323908,-40.2713507,60
-73.3238984,-40.2712676,60
-73.3238731,-40.2712347,60
-73.3238194,-40.2712263,60
-73.32376,-40.2712409,60
-73.3236883,-40.2712696,60
-73.3236328,-40.271319,60
-73.3236115,-40.2713877,60
-73.3236091,-40.2714629,60
-73.3236091,-40.2715422,60
-73.3236094,-40.2716435,60
-73.3236095,-40.2717562,60
-73.3236087,-40.2718636,60
-73.3236087,-40.2719872,60
-73.3236084,-40.2721074,60
-73.3236075,-40.2722148,60
-73.3236074,-40.2723332,60
-73.3236085,-40.2724402,60
-73.3236088,-40.272559,60
-73.3236083,-40.2726776,60
-73.3236084,-40.272796,60
-73.3236088,-40.272902,60
-73.3236089,-40.2730203,60
-73.3236088,-40.2731387,60
-73.3236092,-40.2732458,60
-73.3236089,-40.2733653,60
-73.3236093,-40.2734719,60
-73.3236092,-40.2735907,60
-73.3236091,-40.27371,60
-73.3236091,-40.2738289,60
-73.3236087,-40.2739474,60
-73.3236093,-40.274054,60
-73.3236093,-40.2741725,60
-73.3236091,-40.274279,60
-73.3236088,-40.2743978,60
-73.3236083,-40.2745161,60
-73.3236061,-40.2746203,60
-73.3235908,-40.2747027,60
-73.3235391,-40.2747578,60
-73.3234721,-40.2748037,60
-73.3233875,-40.274857,60
-73.3233311,-40.2748793,60
-73.3233135,-40.2748845,60
-73.3233049,-40.2748619,60
-73.3233058,-40.2748196,60
-73.323306,-40.2747671,60
-73.3233063,-40.2746899,60
-73.3233065,-40.2745976,60
-73.3233066,-40.2745044,60
-73.3233068,-40.2743907,60
-73.3233074,-40.274271,60
-73.3233076,-40.2741618,60
-73.3233073,-40.2740406,60
-73.3233074,-40.2739321,60
-73.3233077,-40.2738134,60
-73.3233075,-40.2736946,60
-73.3233075,-40.2735878,60
-73.3233075,-40.2734694,60
-73.3233076,-40.2733512,60
-73.3233076,-40.2732331,60
-73.3233079,-40.2731256,60
-73.3233075,-40.2730068,60
-73.3233082,-40.2728882,60
-73.3233076,-40.2727815,60
-73.3233071,-40.2726622,60
-73.3233069,-40.2725434,60
-73.3233072,-40.2724371,60
-73.3233074,-40.272318,60
-73.3233075,-40.2722112,60
-73.3233067,-40.2720924,60
-73.3233071,-40.2719739,60
-73.323307,-40.2718544,60
-73.323307,-40.2717476,60
-73.3233073,-40.271629,60
-73.3233075,-40.2715097,60
-73.3233078,-40.2714027,60
-73.3233078,-40.2712848,60
-73.3233075,-40.2711654,60
-73.3233076,-40.2710611,60
-73.3232991,-40.2709591,60
-73.3232821,-40.270891,60
-73.3232442,-40.2708465,60
-73.3231814,-40.2708209,60
-73.3231036,-40.2707913,60
-73.3230546,-40.2707836,60
-73.3230187,-40.2708125,60
-73.3230092,-40.2708528,60
-73.323007,-40.2709059,60
-73.3230071,-40.2709781,60
-73.3230066,-40.271066,60
-73.3230071,-40.2711495,60
-73.3230064,-40.271252,60
-73.3230067,-40.2713645,60
-73.3230068,-40.2714733,60
-73.3230069,-40.2715945,60
-73.3230069,-40.271714,60
-73.3230068,-40.2718225,60
-73.3230075,-40.2719417,60
-73.3230081,-40.2720605,60
-73.323008,-40.2721677,60
-73.3230079,-40.2722858,60
-73.3230088,-40.2723919,60
-73.3230082,-40.2725104,60
-73.3230076,-40.2726292,60
-73.3230077,-40.272748,60
-73.3230081,-40.2728551,60
-73.3230067,-40.2729729,60
-73.3230072,-40.2730798,60
-73.3230073,-40.2731987,60
-73.3230075,-40.2733183,60
-73.3230078,-40.2734255,60
-73.3230083,-40.2735451,60
-73.3230079,-40.2736635,60
-73.3230071,-40.2737701,60
-73.3230071,-40.2738881,60
-73.3230067,-40.2740059,60
-73.3230079,-40.2741243,60
-73.3230078,-40.2742312,60
-73.3230074,-40.2743491,60
-73.3230065,-40.274468,60
-73.3230069,-40.2745749,60
-73.3230072,-40.274693,60
-73.3230074,-40.2748107,60
-73.3230066,-40.2749129,60
-73.3229997,-40.2749965,60
-73.3229813,-40.2750321,60
-73.3229321,-40.2750443,60
-73.3228701,-40.275042,60
-73.3227956,-40.2750437,60
-73.3227277,-40.2750375,60
-73.3227064,-40.2750148,60
-73.3227052,-40.27498,60
-73.3227052,-40.2749219,60
-73.3227054,-40.2748427,60
-73.3227054,-40.2747482,60
-73.3227055,-40.2746531,60
-73.3227056,-40.2745384,60
-73.3227051,-40.2744176,60
-73.3227049,-40.2743081,60
-73.3227059,-40.2741878,60
-73.3227054,-40.2740688,60
-73.3227053,-40.273962,60
-73.3227059,-40.2738434,60
-73.3227057,-40.273725,60
-73.3227057,-40.2736187,60
-73.3227064,-40.2735001,60
-73.3227062,-40.2733936,60
-73.3227065,-40.2732751,60
-73.3227061,-40.2731562,60
-73.3227065,-40.2730381,60
-73.3227064,-40.2729307,60
-73.3227064,-40.2728107,60
-73.3227065,-40.2727031,60
-73.3227064,-40.2725842,60
-73.3227067,-40.2724658,60
-73.3227062,-40.2723471,60
-73.3227064,-40.2722407,60
-73.3227061,-40.2721213,60
-73.3227062,-40.2720148,60
-73.322706,-40.2718961,60
-73.3227063,-40.271777,60
-73.3227063,-40.2716581,60
-73.3227062,-40.2715518,60
-73.3227058,-40.2714333,60
-73.3227065,-40.2713273,60
-73.3227066,-40.2712096,60
-73.3227059,-40.2710916,60
-73.3227062,-40.2709726,60
-73.3227071,-40.2708657,60
-73.322705,-40.2707509,60
-73.3226967,-40.2706725,60
-73.322662,-40.2706293,60
-73.3226015,-40.2706243,60
-73.3225339,-40.2706381,60
-73.3224575,-40.270665,60
-73.322416,-40.2707137,60
-73.3224069,-40.2707675,60
-73.3224068,-40.2708383,60
-73.3224071,-40.2709253,60
-73.3224071,-40.271025,60
-73.3224061,-40.2711249,60
-73.322406,-40.271245,60
-73.322406,-40.2713541,60
-73.322406,-40.271474,60
-73.3224059,-40.271628,60
-73.3224064,-40.2717112,60
-73.3224067,-40.2718171,60
-73.3224067,-40.2719331,60
-73.3224062,-40.2720534,60
-73.3224064,-40.272162,60
-73.3224068,-40.2722811,60
-73.3224062,-40.2723987,60
-73.3224058,-40.2725055,60
-73.3224057,-40.2726243,60
-73.3224064,-40.272743,60
-73.3224063,-40.2728504,60
-73.3224059,-40.2729616,60
-73.3224053,-40.2730584,60
-73.3224064,-40.27318,60
-73.3224059,-40.2733023,60
-73.3224066,-40.2734219,60
-73.3224063,-40.2735288,60
-73.3224067,-40.2736471,60
-73.3224065,-40.2737654,60
-73.3224064,-40.2738665,60
-73.3224058,-40.2739841,60
-73.3224057,-40.2741035,60
-73.322406,-40.2742101,60
-73.3224066,-40.274329,60
-73.3224067,-40.2744478,60
-73.3224066,-40.2745548,60
-73.3224059,-40.2746736,60
-73.3224062,-40.2747806,60
-73.3224064,-40.2748974,60
-73.3224034,-40.275003,60
-73.3223876,-40.2750641,60
-73.3223451,-40.2750933,60
-73.3222759,-40.2751011,60
-73.3221982,-40.2750943,60
-73.3221407,-40.2750718,60
-73.3221109,-40.2750226,60
-73.3221068,-40.2749691,60
-73.3221054,-40.2748974,60
-73.3221051,-40.2748082,60
-73.3221051,-40.2747164,60
-73.322105,-40.2746038,60
-73.3221049,-40.2744833,60
-73.3221051,-40.2743617,60
-73.322105,-40.2742534,60
-73.3221051,-40.2741332,60
-73.3221047,-40.274014,60
-73.3221045,-40.2739068,60
-73.3221044,-40.2737876,60
-73.3221046,-40.2736802,60
-73.3221045,-40.2735618,60
-73.3221047,-40.2734431,60
-73.3221044,-40.2733363,60
-73.3221047,-40.2732182,60
-73.3221044,-40.2730994,60
-73.3221047,-40.2729805,60
-73.3221046,-40.2728733,60
-73.3221047,-40.2727547,60
-73.322105,-40.2726485,60
-73.3221048,-40.2725297,60
-73.3221041,-40.2724103,60
-73.3221044,-40.2723032,60
-73.3221048,-40.2721839,60
-73.3221055,-40.2720657,60
-73.3221048,-40.2719593,60
-73.322105,-40.2718406,60
-73.3221046,-40.2717216,60
-73.3221042,-40.2716027,60
-73.3221043,-40.2714949,60
-73.3221046,-40.2713766,60
-73.3221042,-40.2712717,60
-73.3221048,-40.2711558,60
-73.3221046,-40.2710433,60
-73.3221048,-40.2709256,60
-73.3221032,-40.2708263,60
-73.3220893,-40.2707563,60
-73.3220531,-40.2707264,60
-73.3219921,-40.2707182,60
-73.3219218,-40.2707279,60
-73.3218557,-40.2707536,60
-73.3218138,-40.2708029,60
-73.321805,-40.2708639,60
-73.3218041,-40.2709366,60
-73.3218046,-40.2710169,60
-73.3218052,-40.2711185,60
-73.3218049,-40.2712171,60
-73.3218044,-40.271338,60
-73.3218048,-40.2714597,60
-73.3218049,-40.2715801,60
-73.3218051,-40.2716862,60
-73.3218053,-40.2718021,60
-73.3218049,-40.2719089,60
-73.3218054,-40.2720291,60
-73.3218057,-40.2721479,60
-73.3218048,-40.2722553,60
-73.3218044,-40.2723754,60
-73.3218043,-40.2724947,60
-73.3218045,-40.2726012,60
-73.3218049,-40.2727175,60
-73.3218047,-40.2728336,60
-73.321805,-40.2729266,60
-73.3218052,-40.2730396,60
-73.3218048,-40.2731633,60
-73.3218049,-40.2732739,60
-73.3218047,-40.2733938,60
-73.3218048,-40.2735122,60
-73.3218045,-40.2736187,60
-73.3218049,-40.2737367,60
-73.3218043,-40.273856,60
-73.3218046,-40.2739631,60
-73.3218052,-40.2740719,60
-73.3218046,-40.2741798,60
-73.3218046,-40.2742856,60
-73.321805,-40.2744057,60
-73.3218048,-40.2745256,60
-73.3218048,-40.2746451,60
-73.3218043,-40.2747526,60
-73.3218048,-40.2748591,60
-73.3218023,-40.2749722,60
-73.3217899,-40.2750426,60
-73.3217438,-40.2750756,60
-73.3216861,-40.2750847,60
-73.3216073,-40.2750796,60
-73.3215415,-40.2750565,60
-73.3215114,-40.2750136,60
-73.3215047,-40.2749558,60
-73.3215036,-40.2748851,60
-73.3215033,-40.2748076,60
-73.321503,-40.2747035,60
-73.3215028,-40.2745911,60
-73.3215028,-40.2744822,60
-73.321503,-40.2743605,60
-73.3215029,-40.2742402,60
-73.3215029,-40.2741323,60
-73.3215028,-40.274013,60
-73.3215031,-40.2738939,60
-73.3215033,-40.2737868,60
-73.3215034,-40.2736681,60
-73.3215033,-40.273549,60
-73.3215029,-40.2734426,60
-73.321503,-40.273324,60
-73.3215031,-40.2732053,60
-73.3215029,-40.2730981,60
-73.3215029,-40.2729797,60
-73.321503,-40.2728611,60
-73.3215037,-40.2727546,60
-73.3215036,-40.2726355,60
-73.3215045,-40.2725173,60
-73.3215039,-40.2724103,60
-73.3215035,-40.2722912,60
-73.3215038,-40.272172,60
-73.3215037,-40.2720651,60
-73.3215034,-40.2719468,60
-73.3215034,-40.2718284,60
-73.3215037,-40.2717213,60
-73.3215035,-40.2716022,60
-73.3215035,-40.2714836,60
-73.3215036,-40.2713765,60
-73.321503,-40.271257,60
-73.3215036,-40.2711494,60
-73.3215037,-40.2710309,60
-73.3215012,-40.2709187,60
-73.3214867,-40.2708482,60
-73.3214538,-40.2708192,60
-73.3213906,-40.2708169,60
-73.3213267,-40.2708256,60
-73.3212516,-40.2708542,60
-73.3212125,-40.2709028,60
-73.3212053,-40.2709656,60
-73.3212034,-40.271033,60
-73.3212031,-40.2711196,60
-73.3212032,-40.2712041,60
-73.3212037,-40.2713074,60
-73.3212035,-40.2714226,60
-73.3212035,-40.2715435,60
-73.3212037,-40.2716535,60
-73.3212032,-40.2717733,60
-73.3212037,-40.2718919,60
-73.3212037,-40.271999,60
-73.3212034,-40.2721176,60
-73.3212038,-40.2722358,60
-73.3212036,-40.2723429,60
-73.3212035,-40.2724606,60
-73.3212028,-40.272568,60
-73.3212032,-40.272686,60
-73.3212034,-40.2728015,60
-73.3212037,-40.2729195,60
-73.3212032,-40.2730239,60
-73.3212037,-40.2731087,60
-73.3212041,-40.2731906,60
-73.3212032,-40.2732774,60
-73.3212033,-40.2733888,60
-73.3212037,-40.2734902,60
-73.3212032,-40.2736032,60
-73.3212031,-40.2737232,60
-73.321203,-40.2738408,60
-73.3212035,-40.2739196,60
-73.3212031,-40.2740042,60
-73.3212031,-40.2740944,60
-73.3212029,-40.2742015,60
-73.3212025,-40.2743203,60
-73.3212031,-40.2744423,60
-73.3212035,-40.2745399,60
-73.321203,-40.2746471,60
-73.3212027,-40.2747636,60
-73.3212024,-40.2748647,60
-73.3211949,-40.2749456,60
-73.3211869,-40.2749876,60
-73.3211786,-40.2750029,60
-73.3211487,-40.2749936,60
-73.3211096,-40.2749961,60
-73.3210518,-40.2750035,60
-73.3209696,-40.2750065,60
-73.3209212,-40.2749834,60
-73.3209041,-40.2749451,60
-73.3209012,-40.2748919,60
-73.3209011,-40.2748288,60
-73.3209014,-40.2747413,60
-73.3209014,-40.2746425,60
-73.3209014,-40.2745382,60
-73.320901,-40.2744387,60
-73.3209012,-40.2743209,60
-73.3209014,-40.2742004,60
-73.3209009,-40.2740923,60
-73.3209008,-40.2739745,60
-73.3209007,-40.2738574,60
-73.3209013,-40.2737512,60
-73.3209009,-40.2736414,60
-73.320901,-40.2735403,60
-73.3209016,-40.27345,60
-73.3209013,-40.2733882,60
-73.3209009,-40.2733386,60
-73.3209013,-40.2732894,60
-73.3209015,-40.2732195,60
-73.3209022,-40.2731594,60
-73.3209022,-40.273083,60
-73.3209017,-40.2729866,60
-73.3209015,-40.272879,60
-73.3209017,-40.2727913,60
-73.3209019,-40.2727117,60
-73.3209013,-40.2726483,60
-73.3209006,-40.2725646,60
-73.3209006,-40.2724693,60
-73.3209009,-40.2723619,60
-73.3209009,-40.2722615,60
-73.3209012,-40.2721569,60
-73.3209012,-40.2720436,60
-73.3209016,-40.271937,60
-73.3209022,-40.271817,60
-73.3209024,-40.2716979,60
-73.3209023,-40.2715906,60
-73.3209023,-40.2714715,60
-73.3209026,-40.2713678,60
-73.320903,-40.2712576,60
-73.3209026,-40.2711479,60
-73.3209035,-40.2710517,60
-73.3209022,-40.270958,60
-73.3208856,-40.270884,60
-73.3208487,-40.2708428,60
-73.320807,-40.2708262,60
-73.3207729,-40.2708208,60
-73.3207194,-40.2708144,60
-73.3206568,-40.2708207,60
-73.3206144,-40.2708535,60
-73.320603,-40.270903,60
-73.3206019,-40.270956,60
-73.3206016,-40.2710314,60
-73.3206017,-40.2711116,60
-73.3206013,-40.2711885,60
-73.320602,-40.2712897,60
-73.320601,-40.2714001,60
-73.3206009,-40.271507,60
-73.3206009,-40.2716263,60
-73.3206016,-40.271747,60
-73.3206022,-40.2718543,60
-73.3206019,-40.2719724,60
-73.3206019,-40.2720827,60
-73.3206015,-40.2721859,60
-73.3206016,-40.2723047,60
-73.3206015,-40.2724145,60
-73.3206017,-40.2725203,60
-73.3206015,-40.272639,60
-73.3206014,-40.2727556,60
-73.320601,-40.2728589,60
-73.3206012,-40.2729727,60
-73.3206009,-40.2730806,60
-73.3206009,-40.2731739,60
-73.320601,-40.2732885,60
-73.3206012,-40.2733997,60
-73.3206014,-40.2735042,60
-73.3206014,-40.2736138,60
-73.3206018,-40.2737246,60
-73.3206014,-40.2738251,60
-73.3206016,-40.2739311,60
-73.3206013,-40.2740413,60
-73.3206011,-40.2741429,60
-73.3206014,-40.2742477,60
-73.3206014,-40.2743564,60
-73.320601,-40.2744616,60
-73.3206011,-40.2745816,60
-73.3206013,-40.2747014,60
-73.3206011,-40.2748059,60
-73.3205966,-40.2748978,60
-73.3205811,-40.2749385,60
-73.3205592,-40.2749378,60
-73.3205362,-40.2749138,60
-73.3205115,-40.2748766,60
-73.3204757,-40.274822,60
-73.3204272,-40.2747466,60
-73.3203711,-40.2746591,60
-73.3203254,-40.2745692,60
-73.3203029,-40.2744564,60
-73.3203004,-40.2743357,60
-73.3203001,-40.2742274,60
-73.3203,-40.2741083,60
-73.3203003,-40.273993,60
-73.3202998,-40.2738842,60
-73.3202997,-40.2737671,60
-73.3203,-40.2736535,60
-73.3203,-40.2735464,60
-73.3203025,-40.2734279,60
-73.3203213,-40.2733208,60
-73.3203688,-40.2732429,60
-73.3204474,-40.2731554,60
-73.3205085,-40.2730817,60
-73.3205305,-40.2730234,60
-73.3205053,-40.272973,60
-73.3204411,-40.2729241,60
-73.3203773,-40.2728724,60
-73.3203181,-40.2727938,60
-73.3202987,-40.2727016,60
-73.3202998,-40.2726126,60
-73.3202997,-40.2725055,60
-73.3202998,-40.2723891,60
-73.3202996,-40.27228,60
-73.3202998,-40.2721593,60
-73.3203001,-40.2720403,60
-73.3203002,-40.2719332,60
-73.3203,-40.2718146,60
-73.3203001,-40.271696,60
-73.3203005,-40.271577,60
-73.3203006,-40.2714697,60
-73.3203007,-40.2713514,60
-73.3203008,-40.2712452,60
-73.3203006,-40.2711271,60
-73.3203007,-40.2710101,60
-73.3203008,-40.270935,60
-73.320301,-40.2708936,60
-73.320301,-40.2708735,60
-73.3203004,-40.2708672,60
-73.3203003,-40.2708662,60
</coordinates></LineString>
</Placemark>
<Placemark>
<name>DJI_202603261217_002_ELDESCANSO012_Timestamp.MRK</name>
<description>Equipo: M3E | Fecha: 26-03-2026 | Puntos: 275</description>
<styleUrl>#m3e</styleUrl>
<LineString><altitudeMode>relativeToGround</altitudeMode><coordinates>
-73.323914,-40.2748701,60
-73.3239133,-40.2748399,60
-73.3239128,-40.2747851,60
-73.3239126,-40.2747186,60
-73.3239131,-40.2746563,60
-73.3239131,-40.2745835,60
-73.3239122,-40.2744937,60
-73.3239063,-40.2744045,60
-73.3238732,-40.2743251,60
-73.3238095,-40.2742714,60
-73.3237205,-40.2742299,60
-73.3236641,-40.2742178,60
-73.3236248,-40.2742408,60
-73.3236146,-40.274278,60
-73.3236131,-40.2743288,60
-73.3236127,-40.2743991,60
-73.3236125,-40.2744767,60
-73.3236123,-40.2745771,60
-73.3236121,-40.2746888,60
-73.3236123,-40.2747962,60
-73.3236119,-40.2749199,60
-73.3236125,-40.2750391,60
-73.3236123,-40.2751449,60
-73.3236072,-40.2752605,60
-73.3235712,-40.2753692,60
-73.3235125,-40.2754598,60
-73.3234369,-40.2755511,60
-73.3233768,-40.2756138,60
-73.3233462,-40.2756342,60
-73.3233188,-40.2756218,60
-73.3233123,-40.2755884,60
-73.3233115,-40.2755467,60
-73.3233109,-40.2754794,60
-73.3233107,-40.2753949,60
-73.3233107,-40.2753062,60
-73.3233109,-40.2751972,60
-73.3233106,-40.2750793,60
-73.3233105,-40.2749693,60
-73.3233106,-40.2748487,60
-73.3233109,-40.2747286,60
-73.3233106,-40.2746221,60
-73.3233089,-40.2745115,60
-73.3232965,-40.2744373,60
-73.323271,-40.274409,60
-73.3232376,-40.2744206,60
-73.3232014,-40.2744557,60
-73.3231577,-40.2744939,60
-73.3230935,-40.2745516,60
-73.3230403,-40.274621,60
-73.3230101,-40.274716,60
-73.323011,-40.2748201,60
-73.3230108,-40.2749311,60
-73.3230109,-40.2750376,60
-73.3230111,-40.2751583,60
-73.3230114,-40.2752776,60
-73.3230114,-40.2753855,60
-73.3230111,-40.2755011,60
-73.3230114,-40.2756064,60
-73.3230111,-40.2757235,60
-73.3230007,-40.2758265,60
-73.3229547,-40.2759008,60
-73.3228849,-40.275954,60
-73.3228021,-40.2759972,60
-73.3227504,-40.2760029,60
-73.3227197,-40.2759784,60
-73.3227114,-40.2759353,60
-73.3227097,-40.2758803,60
-73.3227095,-40.2758137,60
-73.3227093,-40.2757226,60
-73.3227095,-40.2756224,60
-73.3227094,-40.275522,60
-73.3227098,-40.2754009,60
-73.3227101,-40.2752791,60
-73.32271,-40.2751712,60
-73.3227097,-40.27507,60
-73.3227098,-40.2749668,60
-73.3227043,-40.274878,60
-73.3226866,-40.2748231,60
-73.3226454,-40.2748115,60
-73.3225909,-40.2748228,60
-73.3225118,-40.2748306,60
-73.3224382,-40.2748364,60
-73.3224132,-40.2748496,60
-73.3224102,-40.2748818,60
-73.3224096,-40.2749311,60
-73.3224098,-40.2749945,60
-73.3224097,-40.2750814,60
-73.3224094,-40.2751787,60
-73.3224096,-40.275273,60
-73.3224096,-40.2753874,60
-73.3224095,-40.2754972,60
-73.3224095,-40.2756203,60
-73.3224102,-40.275736,60
-73.3224098,-40.2758377,60
-73.3224098,-40.2759315,60
-73.3224086,-40.2760404,60
-73.3223963,-40.2761136,60
-73.3223612,-40.2761512,60
-73.3222932,-40.2761704,60
-73.322213,-40.2761732,60
-73.3221527,-40.2761589,60
-73.3221174,-40.2761157,60
-73.3221094,-40.2760602,60
-73.3221084,-40.276,60
-73.3221081,-40.2759157,60
-73.322108,-40.2758279,60
-73.322108,-40.2757195,60
-73.3221078,-40.275601,60
-73.322108,-40.2754932,60
-73.3221078,-40.275372,60
-73.3221075,-40.2752555,60
-73.3221071,-40.2751534,60
-73.3221073,-40.2750703,60
-73.3221074,-40.274962,60
-73.3221036,-40.2748505,60
-73.3220847,-40.2747936,60
-73.3220417,-40.2747494,60
-73.3219651,-40.2747257,60
-73.321885,-40.2747231,60
-73.3218318,-40.2747438,60
-73.3218118,-40.274782,60
-73.3218086,-40.2748339,60
-73.3218081,-40.2749016,60
-73.3218085,-40.2749878,60
-73.3218086,-40.2750781,60
-73.3218082,-40.2751876,60
-73.3218081,-40.2753079,60
-73.3218079,-40.2754185,60
-73.3218079,-40.2755395,60
-73.3218082,-40.2756465,60
-73.3218083,-40.2757654,60
-73.3218079,-40.2758831,60
-73.3218079,-40.275999,60
-73.3218065,-40.2761044,60
-73.3217908,-40.2762038,60
-73.3217367,-40.2762816,60
-73.3216594,-40.27634,60
-73.3215847,-40.2763833,60
-73.3215433,-40.2763898,60
-73.321513,-40.2763639,60
-73.321507,-40.276323,60
-73.3215062,-40.2762676,60
-73.3215065,-40.2762005,60
-73.3215067,-40.2761102,60
-73.3215068,-40.2760174,60
-73.3215072,-40.2759055,60
-73.3215074,-40.2757912,60
-73.3215069,-40.2756806,60
-73.3215068,-40.2755587,60
-73.3215069,-40.275441,60
-73.3215068,-40.2753223,60
-73.3215066,-40.2752204,60
-73.3215064,-40.275103,60
-73.3215065,-40.2750017,60
-73.3215062,-40.2749006,60
-73.3214981,-40.274817,60
-73.3214803,-40.2747607,60
-73.3214459,-40.2747507,60
-73.3213992,-40.2747801,60
-73.3213536,-40.2747965,60
-73.3212848,-40.2748227,60
-73.3212277,-40.2748752,60
-73.3212115,-40.2749217,60
-73.3212054,-40.274977,60
-73.3212057,-40.2750451,60
-73.3212069,-40.2751287,60
-73.3212068,-40.2752077,60
-73.321207,-40.2752796,60
-73.3212063,-40.2753444,60
-73.3212066,-40.2754153,60
-73.3212067,-40.2755029,60
-73.3212061,-40.2755902,60
-73.3212065,-40.2756994,60
-73.3212074,-40.2758175,60
-73.3212076,-40.2759277,60
-73.3212073,-40.2760495,60
-73.3212061,-40.2761703,60
-73.3212058,-40.276289,60
-73.3212018,-40.276388,60
-73.321183,-40.2764603,60
-73.3211356,-40.276502,60
-73.3210517,-40.2765362,60
-73.320976,-40.2765531,60
-73.3209314,-40.2765383,60
-73.3209096,-40.276497,60
-73.3209058,-40.2764451,60
-73.3209049,-40.2763833,60
-73.3209047,-40.2762981,60
-73.3209052,-40.2761988,60
-73.3209051,-40.2760998,60
-73.3209049,-40.2759811,60
-73.3209049,-40.2758591,60
-73.320905,-40.2757508,60
-73.3209056,-40.2756324,60
-73.3209055,-40.275516,60
-73.3209054,-40.2754071,60
-73.3209054,-40.2753028,60
-73.3209053,-40.2752333,60
-73.3209052,-40.2751779,60
-73.3209048,-40.275113,60
-73.3209022,-40.275036,60
-73.320888,-40.2749722,60
-73.3208498,-40.274946,60
-73.3207901,-40.2749457,60
-73.3207247,-40.2749703,60
-73.3206601,-40.2750024,60
-73.3206143,-40.2750592,60
-73.3206067,-40.2751038,60
-73.320605,-40.2751666,60
-73.3206049,-40.2752459,60
-73.3206053,-40.2753296,60
-73.3206057,-40.2754305,60
-73.3206056,-40.2755434,60
-73.3206056,-40.2756524,60
-73.3206057,-40.2757757,60
-73.3206056,-40.2758964,60
-73.3206059,-40.2760037,60
-73.3206058,-40.2761219,60
-73.3206056,-40.2762398,60
-73.3206056,-40.2763577,60
-73.3206054,-40.2764771,60
-73.3206023,-40.2765808,60
-73.3205865,-40.2766604,60
-73.3205394,-40.2767091,60
-73.3204599,-40.2767444,60
-73.3203809,-40.2767615,60
-73.3203348,-40.2767502,60
-73.3203088,-40.2767106,60
-73.3203045,-40.2766593,60
-73.3203038,-40.2765994,60
-73.3203032,-40.2765158,60
-73.3203035,-40.2764169,60
-73.3203036,-40.2763187,60
-73.3203033,-40.2762007,60
-73.3203035,-40.2760914,60
-73.3203036,-40.2759714,60
-73.3203032,-40.2758548,60
-73.3203037,-40.2757472,60
-73.3203032,-40.2756288,60
-73.320301,-40.2755273,60
-73.3202963,-40.275469,60
-73.3202847,-40.2754397,60
-73.3202646,-40.2754538,60
-73.3202452,-40.2754819,60
-73.3202125,-40.2755279,60
-73.3201729,-40.2755948,60
-73.3201328,-40.2756652,60
-73.320096,-40.2757126,60
-73.320048,-40.2757294,60
-73.3200137,-40.2757459,60
-73.3200052,-40.275778,60
-73.3200038,-40.2758208,60
-73.3200041,-40.2758851,60
-73.3200043,-40.2759589,60
-73.3200039,-40.276055,60
-73.3200041,-40.2761508,60
-73.3200036,-40.276266,60
-73.3200035,-40.2763885,60
-73.3200034,-40.2764991,60
-73.3200032,-40.2766193,60
-73.3199978,-40.2767158,60
-73.3199798,-40.2767607,60
-73.3199467,-40.2767688,60
-73.3199076,-40.2767464,60
-73.3198715,-40.2767158,60
-73.3198139,-40.2766656,60
-73.3197495,-40.2765978,60
-73.3197097,-40.2765101,60
-73.3197028,-40.2764153,60
-73.3197026,-40.2763078,60
-73.3197023,-40.2762035,60
-73.3197024,-40.2761024,60
-73.3197024,-40.2760509,60
-73.3197023,-40.2760295,60
-73.3197026,-40.2760199,60
</coordinates></LineString>
</Placemark>
<Placemark>
<name>DJI_202603261245_003_ELDESCANSO011_Timestamp.MRK</name>
<description>Equipo: M3E | Fecha: 26-03-2026 | Puntos: 458</description>
<styleUrl>#m3e</styleUrl>
<LineString><altitudeMode>relativeToGround</altitudeMode><coordinates>
-73.3179256,-40.275447,60
-73.3179252,-40.2754198,60
-73.3179253,-40.2753673,60
-73.3179251,-40.2753017,60
-73.3179253,-40.2752135,60
-73.317925,-40.275112,60
-73.3179241,-40.2750116,60
-73.3179235,-40.2748923,60
-73.317924,-40.2747719,60
-73.3179242,-40.274664,60
-73.3179242,-40.2745448,60
-73.3179241,-40.27444,60
-73.3179233,-40.2743505,60
-73.3179242,-40.27424,60
-73.3179224,-40.2741244,60
-73.3179134,-40.2740497,60
-73.3178756,-40.2739962,60
-73.3178051,-40.2739636,60
-73.3177233,-40.273953,60
-73.3176623,-40.273964,60
-73.3176308,-40.2740022,60
-73.3176252,-40.2740447,60
-73.3176251,-40.2741046,60
-73.3176243,-40.2741856,60
-73.3176247,-40.2742646,60
-73.3176242,-40.2743659,60
-73.3176244,-40.2744771,60
-73.3176248,-40.2745855,60
-73.3176248,-40.2747071,60
-73.3176248,-40.2748281,60
-73.3176244,-40.2749359,60
-73.3176244,-40.2750542,60
-73.3176244,-40.2751727,60
-73.3176241,-40.275279,60
-73.3176245,-40.2753975,60
-73.3176246,-40.2755155,60
-73.3176242,-40.2756223,60
-73.3176194,-40.275741,60
-73.3175945,-40.2758338,60
-73.3175275,-40.275923,60
-73.317444,-40.2760075,60
-73.3173826,-40.2760571,60
-73.317351,-40.2760664,60
-73.3173274,-40.2760423,60
-73.3173231,-40.2760052,60
-73.3173225,-40.2759564,60
-73.3173229,-40.2758821,60
-73.3173232,-40.2757917,60
-73.3173232,-40.2756993,60
-73.3173231,-40.2755868,60
-73.3173228,-40.2754664,60
-73.3173228,-40.275357,60
-73.3173223,-40.2752368,60
-73.3173227,-40.2751173,60
-73.3173224,-40.2750104,60
-73.3173223,-40.2748917,60
-73.3173229,-40.2747731,60
-73.3173226,-40.2746662,60
-73.3173222,-40.274548,60
-73.3173222,-40.2744314,60
-73.3173224,-40.2743264,60
-73.3173233,-40.2742073,60
-73.3173231,-40.2740891,60
-73.3173206,-40.2739853,60
-73.317306,-40.2739059,60
-73.3172586,-40.2738574,60
-73.3171818,-40.2738316,60
-73.3171067,-40.2738219,60
-73.3170544,-40.2738341,60
-73.317031,-40.2738711,60
-73.3170245,-40.2739215,60
-73.317024,-40.2739855,60
-73.3170236,-40.2740678,60
-73.3170235,-40.2741552,60
-73.3170236,-40.2742638,60
-73.3170237,-40.2743694,60
-73.3170238,-40.2744919,60
-73.3170239,-40.2746128,60
-73.317024,-40.2747209,60
-73.3170239,-40.2748392,60
-73.3170233,-40.2749579,60
-73.3170235,-40.2750637,60
-73.3170237,-40.2751826,60
-73.3170233,-40.2753017,60
-73.3170229,-40.2754084,60
-73.3170232,-40.2755275,60
-73.3170227,-40.2756466,60
-73.3170227,-40.2757541,60
-73.3170227,-40.2758728,60
-73.3170232,-40.2759918,60
-73.3170229,-40.2760985,60
-73.31702,-40.2762158,60
-73.3170001,-40.2763017,60
-73.3169467,-40.2763589,60
-73.3168595,-40.2764049,60
-73.3167884,-40.2764295,60
-73.316748,-40.2764177,60
-73.3167252,-40.2763786,60
-73.3167212,-40.2763306,60
-73.3167204,-40.2762716,60
-73.3167206,-40.2761881,60
-73.3167208,-40.2760904,60
-73.3167209,-40.2759925,60
-73.3167215,-40.2758752,60
-73.3167214,-40.2757536,60
-73.3167214,-40.2756448,60
-73.3167215,-40.2755251,60
-73.3167217,-40.2754181,60
-73.3167216,-40.2752993,60
-73.316721,-40.2751806,60
-73.3167209,-40.2750738,60
-73.316721,-40.2749549,60
-73.3167208,-40.2748363,60
-73.3167211,-40.2747301,60
-73.3167211,-40.2746115,60
-73.316721,-40.2744942,60
-73.3167212,-40.2743959,60
-73.3167213,-40.2743095,60
-73.3167209,-40.2742013,60
-73.3167208,-40.2740863,60
-73.3167203,-40.2739782,60
-73.3167115,-40.2738937,60
-73.3166773,-40.2738537,60
-73.3166231,-40.2738436,60
-73.3165507,-40.2738508,60
-73.3164745,-40.2738745,60
-73.3164343,-40.2739141,60
-73.3164234,-40.2739741,60
-73.3164213,-40.2740416,60
-73.3164214,-40.2741163,60
-73.3164218,-40.2742133,60
-73.3164212,-40.2743193,60
-73.3164216,-40.2744234,60
-73.3164213,-40.2745446,60
-73.3164213,-40.2746536,60
-73.3164207,-40.2747737,60
-73.3164211,-40.2748932,60
-73.3164206,-40.2750121,60
-73.3164204,-40.2751182,60
-73.3164201,-40.2752364,60
-73.3164203,-40.2753438,60
-73.3164205,-40.2754625,60
-73.3164206,-40.2755806,60
-73.3164208,-40.2756881,60
-73.3164208,-40.2758074,60
-73.3164204,-40.2759262,60
-73.3164205,-40.2760327,60
-73.316421,-40.2761521,60
-73.3164213,-40.2762713,60
-73.3164206,-40.2763866,60
-73.3164139,-40.276463,60
-73.3163923,-40.2765071,60
-73.3163461,-40.2765224,60
-73.3162835,-40.2765155,60
-73.316205,-40.2765024,60
-73.3161385,-40.2764782,60
-73.3161088,-40.2764532,60
-73.3161178,-40.2764138,60
-73.3161192,-40.2763668,60
-73.3161193,-40.2762952,60
-73.3161191,-40.2762063,60
-73.3161195,-40.2761042,60
-73.3161195,-40.2760029,60
-73.3161193,-40.2758828,60
-73.3161192,-40.2757734,60
-73.3161193,-40.2756533,60
-73.3161201,-40.275534,60
-73.3161197,-40.2754271,60
-73.3161196,-40.275309,60
-73.3161192,-40.275191,60
-73.31612,-40.2750848,60
-73.3161195,-40.2749656,60
-73.3161194,-40.2748464,60
-73.3161195,-40.274741,60
-73.3161199,-40.2746242,60
-73.3161201,-40.2745046,60
-73.3161194,-40.2744053,60
-73.31612,-40.274316,60
-73.3161205,-40.2742564,60
-73.3161205,-40.2742231,60
-73.3161202,-40.2741888,60
-73.3161194,-40.274126,60
-73.3161192,-40.2740509,60
-73.3161121,-40.2739687,60
-73.3160885,-40.2739276,60
-73.3160352,-40.2739149,60
-73.3159774,-40.2739201,60
-73.3158949,-40.2739285,60
-73.3158381,-40.273938,60
-73.315817,-40.2739595,60
-73.3158192,-40.2740086,60
-73.3158193,-40.2740767,60
-73.3158197,-40.2741511,60
-73.3158197,-40.2742466,60
-73.3158203,-40.2743545,60
-73.3158202,-40.274463,60
-73.3158198,-40.2745854,60
-73.3158199,-40.274705,60
-73.3158193,-40.274812,60
-73.315819,-40.2749304,60
-73.3158195,-40.2750497,60
-73.3158194,-40.2751562,60
-73.3158193,-40.2752748,60
-73.3158196,-40.2753818,60
-73.3158198,-40.2755007,60
-73.3158199,-40.2756193,60
-73.3158203,-40.2757263,60
-73.3158204,-40.2758454,60
-73.3158204,-40.2759637,60
-73.3158206,-40.2760822,60
-73.3158208,-40.2761889,60
-73.3158202,-40.2763065,60
-73.3158105,-40.2763894,60
-73.3157845,-40.2764277,60
-73.3157234,-40.2764442,60
-73.3156523,-40.2764386,60
-73.3155827,-40.2764206,60
-73.3155321,-40.2763785,60
-73.3155203,-40.2763307,60
-73.3155181,-40.2762577,60
-73.3155184,-40.276169,60
-73.3155182,-40.2760676,60
-73.3155185,-40.2759672,60
-73.3155188,-40.2758474,60
-73.3155184,-40.2757381,60
-73.3155186,-40.2756182,60
-73.3155186,-40.2754992,60
-73.3155183,-40.2753921,60
-73.3155184,-40.2752733,60
-73.3155188,-40.2751548,60
-73.3155181,-40.2750484,60
-73.3155182,-40.2749297,60
-73.3155178,-40.2748112,60
-73.3155178,-40.2746924,60
-73.3155183,-40.2745934,60
-73.3155183,-40.274484,60
-73.3155181,-40.2743851,60
-73.3155182,-40.274299,60
-73.3155185,-40.2742226,60
-73.3155186,-40.2741301,60
-73.315518,-40.2740346,60
-73.3155113,-40.2739353,60
-73.3154844,-40.2738818,60
-73.3154188,-40.2738473,60
-73.3153353,-40.273831,60
-73.3152692,-40.2738333,60
-73.3152312,-40.2738614,60
-73.3152195,-40.2739093,60
-73.3152181,-40.2739679,60
-73.315218,-40.2740364,60
-73.3152183,-40.2741257,60
-73.3152189,-40.2742299,60
-73.3152184,-40.2743306,60
-73.3152183,-40.2744436,60
-73.3152186,-40.274543,60
-73.3152187,-40.2746609,60
-73.315218,-40.2747835,60
-73.3152185,-40.2748909,60
-73.3152182,-40.2750091,60
-73.3152177,-40.2751276,60
-73.315218,-40.2752334,60
-73.3152183,-40.2753525,60
-73.3152181,-40.2754713,60
-73.3152183,-40.2755772,60
-73.3152181,-40.2756933,60
-73.3152179,-40.275805,60
-73.3152187,-40.2759053,60
-73.3152188,-40.2760251,60
-73.3152179,-40.2762066,60
-73.3152161,-40.2762578,60
-73.3152041,-40.2763154,60
-73.3151727,-40.2763437,60
-73.3151205,-40.2763394,60
-73.3150729,-40.2763179,60
-73.3150077,-40.2762829,60
-73.3149437,-40.2762216,60
-73.3149166,-40.2761505,60
-73.3149164,-40.2760625,60
-73.3149163,-40.2759652,60
-73.3149162,-40.2758677,60
-73.3149164,-40.2757503,60
-73.3149168,-40.2756272,60
-73.3149169,-40.2755185,60
-73.3149169,-40.2753989,60
-73.3149166,-40.2752794,60
-73.3149168,-40.2751723,60
-73.3149167,-40.2750538,60
-73.3149167,-40.2749471,60
-73.3149164,-40.274829,60
-73.3149163,-40.2747109,60
-73.3149164,-40.2745922,60
-73.3149162,-40.2744911,60
-73.3149169,-40.2743831,60
-73.3149175,-40.274265,60
-73.3149176,-40.2741625,60
-73.3149176,-40.2740431,60
-73.3149173,-40.2739172,60
-73.3149109,-40.2738247,60
-73.314883,-40.2737645,60
-73.314818,-40.2737287,60
-73.3147422,-40.2737133,60
-73.3146721,-40.2737134,60
-73.3146291,-40.2737441,60
-73.3146185,-40.2737876,60
-73.3146166,-40.2738441,60
-73.314617,-40.2739183,60
-73.3146166,-40.2740003,60
-73.3146165,-40.2741021,60
-73.3146165,-40.2742124,60
-73.3146165,-40.2743134,60
-73.3146164,-40.2744281,60
-73.3146163,-40.2745335,60
-73.3146161,-40.2746567,60
-73.3146163,-40.2747778,60
-73.3146165,-40.2748978,60
-73.3146167,-40.2750051,60
-73.3146172,-40.2751236,60
-73.314617,-40.2752422,60
-73.3146166,-40.2753436,60
-73.3146172,-40.2754271,60
-73.3146169,-40.2755173,60
-73.3146116,-40.275598,60
-73.314597,-40.2756554,60
-73.3145518,-40.2756701,60
-73.3144835,-40.2756575,60
-73.314409,-40.2756348,60
-73.3143433,-40.2755901,60
-73.3143201,-40.2755354,60
-73.314316,-40.275466,60
-73.3143156,-40.2753825,60
-73.3143156,-40.275294,60
-73.3143156,-40.2751861,60
-73.3143156,-40.2750663,60
-73.3143155,-40.2749566,60
-73.3143156,-40.2748363,60
-73.3143154,-40.274717,60
-73.314315,-40.2746096,60
-73.3143148,-40.2744906,60
-73.3143155,-40.2743844,60
-73.3143153,-40.2742658,60
-73.3143149,-40.2741467,60
-73.314315,-40.2740377,60
-73.3143151,-40.2739517,60
-73.3143149,-40.2738486,60
-73.314312,-40.2737583,60
-73.3142984,-40.2736969,60
-73.3142525,-40.2736627,60
-73.3141855,-40.2736561,60
-73.3141157,-40.273663,60
-73.3140498,-40.2736891,60
-73.3140196,-40.2737382,60
-73.3140157,-40.2737913,60
-73.3140149,-40.2738624,60
-73.314015,-40.2739448,60
-73.3140152,-40.2740186,60
-73.3140156,-40.2740951,60
-73.3140154,-40.2741739,60
-73.3140157,-40.2742571,60
-73.3140156,-40.274363,60
-73.3140156,-40.2744674,60
-73.3140158,-40.274589,60
-73.3140158,-40.2747108,60
-73.3140155,-40.2748312,60
-73.314016,-40.2749387,60
-73.3140159,-40.2750567,60
-73.3140159,-40.2751707,60
-73.3140161,-40.2752481,60
-73.3140112,-40.2753286,60
-73.314,-40.2753763,60
-73.3139701,-40.2753872,60
-73.313931,-40.2753716,60
-73.3138944,-40.2753455,60
-73.3138337,-40.2753048,60
-73.3137617,-40.2752691,60
-73.3137224,-40.2752415,60
-73.3137154,-40.2752084,60
-73.3137133,-40.2751604,60
-73.3137131,-40.2750895,60
-73.3137131,-40.275011,60
-73.313713,-40.27491,60
-73.313714,-40.2748112,60
-73.3137144,-40.2746929,60
-73.3137138,-40.2745709,60
-73.3137138,-40.2744509,60
-73.3137143,-40.2743434,60
-73.3137139,-40.2742244,60
-73.3137137,-40.2741055,60
-73.3137136,-40.2740147,60
-73.3137143,-40.2739304,60
-73.3137146,-40.2738411,60
-73.3137062,-40.2737594,60
-73.3136788,-40.2737124,60
-73.3136212,-40.273691,60
-73.3135552,-40.2736941,60
-73.3134785,-40.2737099,60
-73.3134301,-40.2737485,60
-73.3134163,-40.2737985,60
-73.313414,-40.2738616,60
-73.3134142,-40.2739323,60
-73.3134142,-40.2740275,60
-73.313414,-40.2741365,60
-73.3134142,-40.2742424,60
-73.3134141,-40.2743648,60
-73.3134145,-40.2744852,60
-73.3134144,-40.2745923,60
-73.3134137,-40.2747094,60
-73.3134136,-40.274826,60
-73.3134132,-40.2749416,60
-73.3134125,-40.275042,60
-73.313405,-40.2751257,60
-73.313382,-40.2751674,60
-73.3133245,-40.2751778,60
-73.3132544,-40.275164,60
-73.3131776,-40.2751368,60
-73.3131283,-40.2750961,60
-73.3131136,-40.2750332,60
-73.3131126,-40.2749689,60
-73.313113,-40.2748838,60
-73.3131129,-40.2747821,60
-73.3131126,-40.2746709,60
-73.3131126,-40.2745637,60
-73.3131124,-40.2744423,60
-73.3131128,-40.2743219,60
-73.3131127,-40.2742142,60
-73.3131125,-40.2740954,60
-73.3131123,-40.2739778,60
-73.313107,-40.2738925,60
-73.3130862,-40.2738438,60
-73.3130443,-40.2738315,60
-73.3129841,-40.2738464,60
-73.3129191,-40.2738734,60
-73.3128503,-40.2739238,60
-73.3128171,-40.2739877,60
-73.312813,-40.2740655,60
-73.3128128,-40.2741522,60
-73.3128127,-40.2742424,60
-73.3128131,-40.274355,60
-73.312813,-40.2744759,60
-73.3128129,-40.2745848,60
-73.3128125,-40.274703,60
-73.3128121,-40.2748093,60
-73.3128078,-40.2749049,60
-73.3127907,-40.2749528,60
-73.3127454,-40.2749701,60
-73.312696,-40.2749595,60
-73.3126369,-40.2749352,60
-73.3125664,-40.2748927,60
-73.3125212,-40.2748325,60
-73.3125108,-40.2747528,60
-73.3125106,-40.2746639,60
-73.3125108,-40.2745739,60
-73.3125109,-40.2744634,60
-73.312511,-40.2743446,60
-73.3125111,-40.2742351,60
-73.3125104,-40.2741271,60
-73.3125107,-40.2740708,60
-73.312511,-40.2740477,60
-73.3125107,-40.2740364,60
</coordinates></LineString>
</Placemark>
<Placemark>
<name>DJI_202603261245_004_ELDESCANSO010_Timestamp.MRK</name>
<description>Equipo: M3E | Fecha: 26-03-2026 | Puntos: 67</description>
<styleUrl>#m3e</styleUrl>
<LineString><altitudeMode>relativeToGround</altitudeMode><coordinates>
-73.319434,-40.2797167,60
-73.3194341,-40.2796878,60
-73.3194334,-40.2796339,60
-73.3194328,-40.2795681,60
-73.3194325,-40.2794785,60
-73.3194321,-40.2793762,60
-73.3194319,-40.2792768,60
-73.3194323,-40.2791575,60
-73.3194319,-40.2790367,60
-73.3194318,-40.2789281,60
-73.3194323,-40.278809,60
-73.3194325,-40.2786918,60
-73.3194317,-40.2785737,60
-73.3194249,-40.2784902,60
-73.3193987,-40.2784443,60
-73.3193515,-40.2784261,60
-73.3192852,-40.2784309,60
-73.3192092,-40.2784493,60
-73.319153,-40.2784919,60
-73.3191352,-40.2785444,60
-73.3191323,-40.278609,60
-73.3191321,-40.278689,60
-73.3191325,-40.2787737,60
-73.3191324,-40.2788737,60
-73.3191325,-40.2789748,60
-73.3191322,-40.2790943,60
-73.3191312,-40.2792159,60
-73.3191314,-40.279336,60
-73.3191324,-40.279443,60
-73.3191333,-40.2795626,60
-73.3191286,-40.2796637,60
-73.3191096,-40.2797175,60
-73.3190537,-40.279752,60
-73.3189845,-40.2797629,60
-73.3189042,-40.2797624,60
-73.3188528,-40.279736,60
-73.3188358,-40.2796923,60
-73.3188326,-40.2796339,60
-73.3188311,-40.2795604,60
-73.318831,-40.2794782,60
-73.3188311,-40.2793795,60
-73.3188306,-40.2792757,60
-73.3188306,-40.2791584,60
-73.3188308,-40.2790481,60
-73.3188296,-40.2789277,60
-73.3188303,-40.2788196,60
-73.3188308,-40.2787207,60
-73.318828,-40.2786175,60
-73.3188134,-40.2785515,60
-73.3187735,-40.2785254,60
-73.3187097,-40.2785235,60
-73.3186372,-40.278535,60
-73.3185724,-40.2785631,60
-73.3185366,-40.2786141,60
-73.3185312,-40.2786765,60
-73.3185303,-40.2787433,60
-73.31853,-40.2788328,60
-73.3185305,-40.2789252,60
-73.3185302,-40.2790386,60
-73.318531,-40.2791595,60
-73.3185318,-40.2792682,60
-73.3185316,-40.279389,60
-73.3185312,-40.2795035,60
-73.3185307,-40.2795706,60
-73.3185308,-40.2796039,60
-73.3185309,-40.2796204,60
-73.3185308,-40.2796241,60
</coordinates></LineString>
</Placemark>
<Placemark>
<name>DJI_202603261245_005_ELDESCANSO009_Timestamp.MRK</name>
<description>Equipo: M3E | Fecha: 26-03-2026 | Puntos: 471</description>
<styleUrl>#m3e</styleUrl>
<LineString><altitudeMode>relativeToGround</altitudeMode><coordinates>
-73.3208191,-40.2824149,60
-73.3208182,-40.2824138,60
-73.3208188,-40.2824025,60
-73.3208178,-40.2823624,60
-73.3208178,-40.2823001,60
-73.3208182,-40.282228,60
-73.3208183,-40.2821348,60
-73.3208184,-40.2820413,60
-73.3208185,-40.2819277,60
-73.3208182,-40.2818152,60
-73.3208184,-40.2817068,60
-73.3208184,-40.2815844,60
-73.320818,-40.2814637,60
-73.3208178,-40.2813448,60
-73.3208176,-40.2812406,60
-73.3208179,-40.2811362,60
-73.3208178,-40.281021,60
-73.320818,-40.2809088,60
-73.3208181,-40.2807872,60
-73.3208182,-40.2806801,60
-73.3208224,-40.2805603,60
-73.320855,-40.2804466,60
-73.320919,-40.2803393,60
-73.3209864,-40.280244,60
-73.3210521,-40.2801612,60
-73.3210922,-40.2801324,60
-73.3211178,-40.2801426,60
-73.3211187,-40.2801749,60
-73.3211191,-40.2802177,60
-73.3211198,-40.2802822,60
-73.3211199,-40.2803643,60
-73.3211197,-40.2804621,60
-73.3211198,-40.2805581,60
-73.3211193,-40.2806762,60
-73.3211195,-40.2807991,60
-73.3211194,-40.2809089,60
-73.3211195,-40.2810293,60
-73.3211191,-40.2811478,60
-73.321119,-40.2812533,60
-73.3211189,-40.281371,60
-73.3211191,-40.2814904,60
-73.3211189,-40.281596,60
-73.3211194,-40.281716,60
-73.3211199,-40.281819,60
-73.3211204,-40.2819322,60
-73.3211292,-40.2820118,60
-73.3211508,-40.2820442,60
-73.3211814,-40.2820357,60
-73.3212102,-40.2820072,60
-73.3212437,-40.2819687,60
-73.3212956,-40.2819087,60
-73.3213572,-40.2818332,60
-73.3214019,-40.2817506,60
-73.3214231,-40.2816439,60
-73.3214215,-40.2815269,60
-73.3214204,-40.2814185,60
-73.3214204,-40.2812988,60
-73.3214203,-40.2811858,60
-73.3214196,-40.2810824,60
-73.3214195,-40.2809834,60
-73.3214189,-40.2808854,60
-73.3214189,-40.2807856,60
-73.3214189,-40.280667,60
-73.3214191,-40.2805453,60
-73.3214195,-40.280437,60
-73.3214196,-40.280317,60
-73.3214196,-40.2801972,60
-73.3214195,-40.2800775,60
-73.3214198,-40.2799701,60
-73.321425,-40.2798623,60
-73.3214543,-40.2797962,60
-73.3215121,-40.2797546,60
-73.3215972,-40.2797268,60
-73.3216643,-40.279719,60
-73.3217032,-40.279742,60
-73.3217184,-40.2797865,60
-73.3217211,-40.2798407,60
-73.3217216,-40.2799048,60
-73.3217215,-40.2799917,60
-73.3217208,-40.2800904,60
-73.321721,-40.2801873,60
-73.321721,-40.2803029,60
-73.3217211,-40.2804071,60
-73.3217207,-40.2805254,60
-73.321721,-40.2806463,60
-73.3217211,-40.2807661,60
-73.3217211,-40.2808729,60
-73.3217216,-40.2809904,60
-73.321728,-40.2810719,60
-73.3217376,-40.2811053,60
-73.321756,-40.2811122,60
-73.3217715,-40.2810942,60
-73.3217916,-40.2810544,60
-73.3218221,-40.280996,60
-73.3218579,-40.2809282,60
-73.3219048,-40.2808406,60
-73.3219565,-40.2807418,60
-73.3219982,-40.280643,60
-73.3220183,-40.2805251,60
-73.3220209,-40.2804048,60
-73.3220204,-40.280285,60
-73.3220197,-40.2801854,60
-73.32202,-40.2800763,60
-73.3220137,-40.279981,60
-73.3219992,-40.2799275,60
-73.3219685,-40.2799097,60
-73.3219272,-40.2799288,60
-73.321887,-40.2799574,60
-73.3218258,-40.2799959,60
-73.3217448,-40.2800463,60
-73.3216575,-40.280101,60
-73.3215479,-40.2801687,60
-73.3214297,-40.280242,60
-73.3213189,-40.280311,60
-73.3211978,-40.2803858,60
-73.3210771,-40.2804604,60
-73.3209686,-40.2805277,60
-73.3208479,-40.2806026,60
-73.3207345,-40.2806718,60
-73.3206552,-40.2807118,60
-73.3205905,-40.2807223,60
-73.3205422,-40.2807275,60
-73.320522,-40.2807494,60
-73.3205188,-40.2807836,60
-73.320519,-40.2808291,60
-73.3205186,-40.2809001,60
-73.320518,-40.2809886,60
-73.3205183,-40.2810802,60
-73.320518,-40.281192,60
-73.3205179,-40.281312,60
-73.3205181,-40.2814352,60
-73.3205179,-40.2815438,60
-73.3205183,-40.2816628,60
-73.3205186,-40.2817506,60
-73.3205187,-40.2818372,60
-73.3205185,-40.2819337,60
-73.3205184,-40.2820343,60
-73.3205179,-40.2821264,60
-73.3205183,-40.2822221,60
-73.3205181,-40.282288,60
-73.3205064,-40.2823549,60
-73.3204622,-40.2823892,60
-73.3203944,-40.2823968,60
-73.3203261,-40.2823921,60
-73.3202572,-40.2823699,60
-73.3202261,-40.2823274,60
-73.3202174,-40.2822692,60
-73.3202169,-40.2821988,60
-73.3202166,-40.2821112,60
-73.3202168,-40.2820197,60
-73.3202165,-40.281913,60
-73.3202169,-40.2818077,60
-73.320217,-40.2816864,60
-73.3202169,-40.2815655,60
-73.3202171,-40.2814575,60
-73.3202171,-40.2813392,60
-73.3202167,-40.2812232,60
-73.3202168,-40.2811069,60
-73.3202165,-40.2809995,60
-73.3202163,-40.2808795,60
-73.3202123,-40.2807766,60
-73.3202027,-40.280708,60
-73.3201638,-40.2806628,60
-73.3200947,-40.2806497,60
-73.3200207,-40.2806503,60
-73.3199565,-40.2806625,60
-73.3199236,-40.2807023,60
-73.3199175,-40.2807482,60
-73.3199167,-40.2808109,60
-73.3199169,-40.280883,60
-73.3199168,-40.2809786,60
-73.3199167,-40.2810864,60
-73.3199168,-40.2812039,60
-73.3199168,-40.2813142,60
-73.3199165,-40.2814358,60
-73.3199168,-40.2815435,60
-73.3199171,-40.2816582,60
-73.319917,-40.2817711,60
-73.3199169,-40.2818809,60
-73.3199171,-40.2819656,60
-73.3199172,-40.2820453,60
-73.3199172,-40.282142,60
-73.3199164,-40.2822252,60
-73.319912,-40.2823309,60
-73.3198963,-40.2823939,60
-73.3198424,-40.2824403,60
-73.3197624,-40.2824668,60
-73.3196905,-40.2824759,60
-73.3196438,-40.2824613,60
-73.3196194,-40.2824199,60
-73.3196164,-40.2823728,60
-73.3196157,-40.2823051,60
-73.319615,-40.2822208,60
-73.319615,-40.2821262,60
-73.3196155,-40.2820564,60
-73.3196152,-40.2819696,60
-73.3196151,-40.2818935,60
-73.3196142,-40.2818244,60
-73.3196142,-40.2817332,60
-73.3196146,-40.2816407,60
-73.3196149,-40.2815278,60
-73.3196147,-40.2814072,60
-73.3196148,-40.2812976,60
-73.3196145,-40.2811775,60
-73.3196146,-40.2810586,60
-73.3196149,-40.280941,60
-73.3196147,-40.2808361,60
-73.3196142,-40.2807196,60
-73.3196082,-40.2806281,60
-73.3195922,-40.2805869,60
-73.319547,-40.2805604,60
-73.3194904,-40.2805416,60
-73.3194268,-40.2804966,60
-73.3193715,-40.2804447,60
-73.3193436,-40.280424,60
-73.3193203,-40.2804343,60
-73.3193156,-40.2804628,60
-73.3193147,-40.2805008,60
-73.3193147,-40.2805643,60
-73.3193146,-40.2806466,60
-73.3193148,-40.2807436,60
-73.3193149,-40.2808415,60
-73.3193146,-40.2809828,60
-73.3193149,-40.2810804,60
-73.3193153,-40.2811897,60
-73.3193151,-40.2813096,60
-73.319315,-40.2814277,60
-73.3193149,-40.2815336,60
-73.3193149,-40.2816516,60
-73.3193148,-40.2817585,60
-73.319315,-40.2818762,60
-73.3193146,-40.2819958,60
-73.3193144,-40.2821021,60
-73.3193144,-40.2822203,60
-73.3193138,-40.2823335,60
-73.3193128,-40.2824374,60
-73.3193015,-40.2825122,60
-73.3192612,-40.2825555,60
-73.3191903,-40.2825741,60
-73.3191168,-40.2825779,60
-73.3190532,-40.2825629,60
-73.3190205,-40.282521,60
-73.3190146,-40.2824719,60
-73.3190134,-40.2824058,60
-73.3190132,-40.2823206,60
-73.3190132,-40.2822324,60
-73.3190134,-40.2821249,60
-73.3190137,-40.2820169,60
-73.3190131,-40.2818951,60
-73.3190132,-40.2817744,60
-73.3190137,-40.2816666,60
-73.3190135,-40.2815479,60
-73.3190132,-40.2814295,60
-73.3190136,-40.2813225,60
-73.3190135,-40.2812038,60
-73.3190136,-40.2810854,60
-73.3190139,-40.280979,60
-73.3190141,-40.2808611,60
-73.3190137,-40.2807419,60
-73.3190139,-40.2806349,60
-73.3190137,-40.2805168,60
-73.3190139,-40.280399,60
-73.3190079,-40.2803139,60
-73.3189854,-40.2802637,60
-73.3189374,-40.2802436,60
-73.3188987,-40.2802451,60
-73.3188301,-40.2802596,60
-73.3187606,-40.2802903,60
-73.3187218,-40.2803287,60
-73.318702,-40.2803752,60
-73.318711,-40.280437,60
-73.3187143,-40.2805122,60
-73.3187146,-40.2805906,60
-73.3187138,-40.2806891,60
-73.318714,-40.2808028,60
-73.3187145,-40.2809099,60
-73.3187143,-40.281031,60
-73.3187141,-40.2811393,60
-73.3187138,-40.2812585,60
-73.3187134,-40.2813775,60
-73.3187134,-40.2814837,60
-73.3187133,-40.2816012,60
-73.3187138,-40.2817175,60
-73.3187134,-40.2818233,60
-73.3187134,-40.2819429,60
-73.3187131,-40.2820616,60
-73.3187135,-40.2821692,60
-73.3187134,-40.2822876,60
-73.3187135,-40.2824061,60
-73.3187129,-40.282513,60
-73.3187008,-40.2826264,60
-73.3186629,-40.2827315,60
-73.318615,-40.28282,60
-73.318555,-40.2829264,60
-73.3185009,-40.283027,60
-73.3184615,-40.2830861,60
-73.3184412,-40.283109,60
-73.3184182,-40.2831043,60
-73.318413,-40.2830762,60
-73.3184121,-40.2830399,60
-73.318411,-40.2829779,60
-73.3184113,-40.2829053,60
-73.3184113,-40.2828111,60
-73.3184118,-40.2827073,60
-73.3184117,-40.2825929,60
-73.3184116,-40.2825035,60
-73.3184118,-40.2824035,60
-73.3184117,-40.282301,60
-73.3184117,-40.2821821,60
-73.318412,-40.2820624,60
-73.3184116,-40.2819525,60
-73.3184117,-40.2818324,60
-73.3184121,-40.2817128,60
-73.3184116,-40.2816053,60
-73.3184116,-40.2814861,60
-73.3184115,-40.2813675,60
-73.3184114,-40.2812606,60
-73.3184113,-40.2811418,60
-73.3184114,-40.2810241,60
-73.3184119,-40.2809168,60
-73.3184122,-40.2808033,60
-73.3184121,-40.2806962,60
-73.3184121,-40.2805961,60
-73.3184109,-40.2804836,60
-73.3184032,-40.2804084,60
-73.318388,-40.2803626,60
-73.3183436,-40.2803484,60
-73.3182872,-40.2803684,60
-73.3182212,-40.2803932,60
-73.3181561,-40.2804327,60
-73.31812,-40.2804888,60
-73.3181111,-40.2805493,60
-73.3181125,-40.280616,60
-73.3181124,-40.280697,60
-73.3181123,-40.2807828,60
-73.318112,-40.280888,60
-73.318112,-40.2810009,60
-73.3181118,-40.2811085,60
-73.3181122,-40.2812299,60
-73.3181122,-40.2813377,60
-73.3181125,-40.2814565,60
-73.3181125,-40.281575,60
-73.3181126,-40.2816933,60
-73.3181122,-40.2818117,60
-73.3181118,-40.2819188,60
-73.3181116,-40.2820372,60
-73.3181113,-40.2821439,60
-73.3181114,-40.2822629,60
-73.3181114,-40.282369,60
-73.3181117,-40.2824879,60
-73.318112,-40.2826071,60
-73.3181123,-40.2827259,60
-73.3181121,-40.2828322,60
-73.3181122,-40.2829478,60
-73.3181119,-40.283064,60
-73.3181116,-40.2831698,60
-73.3181117,-40.2832853,60
-73.3181113,-40.2834026,60
-73.3181052,-40.2835062,60
-73.3180699,-40.2835952,60
-73.3180005,-40.2836714,60
-73.3179247,-40.2837293,60
-73.3178657,-40.2837625,60
-73.3178275,-40.2837541,60
-73.3178132,-40.2837245,60
-73.3178104,-40.2836812,60
-73.3178097,-40.2836191,60
-73.3178099,-40.2835467,60
-73.3178102,-40.2834523,60
-73.3178101,-40.2833574,60
-73.31781,-40.2832632,60
-73.3178104,-40.2831505,60
-73.3178107,-40.2830305,60
-73.3178104,-40.2829218,60
-73.3178101,-40.2828025,60
-73.3178105,-40.2826957,60
-73.3178108,-40.2825766,60
-73.3178105,-40.2824575,60
-73.3178108,-40.2823391,60
-73.3178105,-40.2822327,60
-73.3178106,-40.2821144,60
-73.3178105,-40.2820082,60
-73.3178106,-40.2818898,60
-73.3178105,-40.2817713,60
-73.3178108,-40.2816643,60
-73.3178104,-40.2815461,60
-73.3178106,-40.2814278,60
-73.3178106,-40.2813205,60
-73.3178107,-40.2812015,60
-73.3178108,-40.2810831,60
-73.3178105,-40.2809761,60
-73.3178102,-40.2808578,60
-73.317809,-40.2807436,60
-73.3177989,-40.2806588,60
-73.3177655,-40.2806279,60
-73.3177203,-40.2806328,60
-73.3176698,-40.2806589,60
-73.3176046,-40.2806959,60
-73.3175404,-40.2807576,60
-73.3175126,-40.2808302,60
-73.3175109,-40.2809168,60
-73.3175111,-40.2810138,60
-73.317511,-40.2811215,60
-73.3175108,-40.281227,60
-73.3175105,-40.2813493,60
-73.3175105,-40.2814705,60
-73.3175102,-40.281578,60
-73.31751,-40.2816963,60
-73.31751,-40.281802,60
-73.3175105,-40.2819203,60
-73.3175102,-40.2820383,60
-73.3175105,-40.282145,60
-73.3175108,-40.2822641,60
-73.3175109,-40.2823836,60
-73.3175108,-40.28249,60
-73.3175104,-40.2826086,60
-73.3175103,-40.2827271,60
-73.3175101,-40.2828339,60
-73.3175102,-40.2829534,60
-73.3175101,-40.2830718,60
-73.3175108,-40.2831782,60
-73.3175107,-40.2832972,60
-73.3175109,-40.2834163,60
-73.317511,-40.2835344,60
-73.3175108,-40.2836423,60
-73.31751,-40.2837601,60
-73.3175035,-40.2838635,60
-73.317485,-40.2839204,60
-73.3174318,-40.2839623,60
-73.3173464,-40.2839989,60
-73.3172808,-40.2840147,60
-73.3172321,-40.2839988,60
-73.3172117,-40.2839583,60
-73.3172092,-40.2839132,60
-73.3172088,-40.2838458,60
-73.3172089,-40.2837691,60
-73.317209,-40.2836701,60
-73.3172089,-40.2835603,60
-73.3172088,-40.2834545,60
-73.3172093,-40.2833336,60
-73.3172093,-40.2832132,60
-73.3172092,-40.2831052,60
-73.3172093,-40.2829863,60
-73.3172085,-40.2828675,60
-73.3172079,-40.282761,60
-73.3172077,-40.2826426,60
-73.3172074,-40.2825251,60
-73.3172079,-40.2824057,60
-73.3172083,-40.2822981,60
-73.3172084,-40.2821787,60
-73.3172083,-40.2820716,60
-73.3172087,-40.2819526,60
-73.3172087,-40.2818337,60
-73.3172088,-40.2817297,60
-73.3172088,-40.281636,60
-73.3172088,-40.2815481,60
-73.3172086,-40.281474,60
-73.3172088,-40.2814068,60
-73.3172088,-40.2813274,60
-73.3172086,-40.2812299,60
-73.3172086,-40.2811353,60
-73.3172057,-40.2810333,60
-73.3171927,-40.2809746,60
-73.3171599,-40.2809568,60
-73.3171162,-40.2809724,60
-73.3170765,-40.2810046,60
-73.3170175,-40.2810512,60
-73.3169521,-40.281117,60
-73.316914,-40.2811947,60
-73.3169074,-40.2812913,60
-73.3169084,-40.2813934,60
</coordinates></LineString>
</Placemark>
<Placemark>
<name>DJI_202603261307_006_ELDESCANSO009_Timestamp.MRK</name>
<description>Equipo: M3E | Fecha: 26-03-2026 | Puntos: 275</description>
<styleUrl>#m3e</styleUrl>
<LineString><altitudeMode>relativeToGround</altitudeMode><coordinates>
-73.316908,-40.2814906,60
-73.316908,-40.2815149,60
-73.3169074,-40.281566,60
-73.3169077,-40.2816335,60
-73.3169081,-40.2817035,60
-73.3169077,-40.281792,60
-73.3169087,-40.2818888,60
-73.3169089,-40.2819764,60
-73.3169084,-40.2820822,60
-73.316908,-40.2821967,60
-73.316908,-40.2823032,60
-73.3169084,-40.2824246,60
-73.3169083,-40.2825448,60
-73.3169088,-40.2826519,60
-73.3169085,-40.282771,60
-73.3169081,-40.2828895,60
-73.316908,-40.2830076,60
-73.3169082,-40.2831149,60
-73.3169082,-40.2832344,60
-73.3169084,-40.2833525,60
-73.3169086,-40.2834512,60
-73.3169086,-40.2835606,60
-73.3169078,-40.2836707,60
-73.3169078,-40.2837694,60
-73.316908,-40.2838766,60
-73.3169077,-40.2839878,60
-73.316902,-40.2840814,60
-73.3168821,-40.2841489,60
-73.3168266,-40.2841891,60
-73.3167378,-40.284216,60
-73.3166687,-40.2842255,60
-73.3166275,-40.2842044,60
-73.3166117,-40.2841601,60
-73.3166078,-40.2841051,60
-73.3166072,-40.2840397,60
-73.3166074,-40.2839508,60
-73.3166077,-40.2838477,60
-73.3166074,-40.2837459,60
-73.3166069,-40.2836263,60
-73.3166065,-40.2835052,60
-73.3166062,-40.2833974,60
-73.3166062,-40.2832782,60
-73.3166061,-40.2831598,60
-73.3166062,-40.283053,60
-73.3166068,-40.2829338,60
-73.3166072,-40.2828147,60
-73.3166073,-40.282708,60
-73.3166075,-40.2825896,60
-73.3166076,-40.2824712,60
-73.3166071,-40.282353,60
-73.3166071,-40.2822465,60
-73.3166068,-40.282137,60
-73.3166064,-40.2820555,60
-73.3166069,-40.281954,60
-73.3166081,-40.2818443,60
-73.3166085,-40.2817351,60
-73.3166081,-40.2816131,60
-73.3166051,-40.2815078,60
-73.316593,-40.2814532,60
-73.3165698,-40.2814255,60
-73.3165304,-40.2814322,60
-73.3164962,-40.2814573,60
-73.3164452,-40.2814968,60
-73.3163741,-40.2815513,60
-73.316318,-40.2816064,60
-73.3163091,-40.2816479,60
-73.3163071,-40.2817035,60
-73.3163058,-40.281769,60
-73.3163064,-40.2818582,60
-73.3163065,-40.2819609,60
-73.3163071,-40.2820631,60
-73.3163074,-40.2821843,60
-73.3163075,-40.2822961,60
-73.3163077,-40.2824007,60
-73.3163074,-40.2825191,60
-73.3163067,-40.2826386,60
-73.3163059,-40.2827465,60
-73.3163067,-40.2828655,60
-73.316307,-40.2829842,60
-73.3163076,-40.2830897,60
-73.3163073,-40.2832088,60
-73.3163071,-40.2833164,60
-73.3163068,-40.2834348,60
-73.3163068,-40.2835542,60
-73.3163074,-40.2836609,60
-73.3163084,-40.2837764,60
-73.316308,-40.2838805,60
-73.3163077,-40.2839921,60
-73.3163065,-40.2840988,60
-73.3163042,-40.2842037,60
-73.3162923,-40.2842747,60
-73.3162494,-40.2843166,60
-73.3161738,-40.2843429,60
-73.3160908,-40.2843533,60
-73.3160401,-40.2843418,60
-73.3160118,-40.2843017,60
-73.3160062,-40.2842496,60
-73.3160055,-40.2841892,60
-73.3160052,-40.2841046,60
-73.3160056,-40.2840064,60
-73.3160055,-40.2839079,60
-73.3160058,-40.2837897,60
-73.3160057,-40.2836681,60
-73.3160053,-40.2835594,60
-73.3160047,-40.283439,60
-73.3160041,-40.28332,60
-73.3160046,-40.2832125,60
-73.3160045,-40.2830939,60
-73.316005,-40.2829754,60
-73.3160053,-40.2828686,60
-73.3160052,-40.2827506,60
-73.3160054,-40.2826318,60
-73.3160057,-40.2825275,60
-73.316006,-40.2824191,60
-73.3160061,-40.2823019,60
-73.3160064,-40.2821937,60
-73.3160063,-40.2820739,60
-73.3160051,-40.2819578,60
-73.3159963,-40.2818797,60
-73.3159679,-40.2818416,60
-73.3159228,-40.2818413,60
-73.3158803,-40.2818664,60
-73.3158234,-40.2819025,60
-73.3157564,-40.2819585,60
-73.3157146,-40.2820307,60
-73.3157057,-40.2821209,60
-73.3157056,-40.2822172,60
-73.3157053,-40.2823115,60
-73.3157054,-40.2824269,60
-73.3157053,-40.2825311,60
-73.3157052,-40.2826066,60
-73.3157062,-40.2826584,60
-73.315706,-40.2827023,60
-73.315706,-40.2827591,60
-73.3157063,-40.2828407,60
-73.3157059,-40.2829366,60
-73.3157058,-40.2830335,60
-73.315705,-40.2831507,60
-73.3157048,-40.2832722,60
-73.3157052,-40.2833804,60
-73.3157051,-40.2835004,60
-73.3157049,-40.2836079,60
-73.3157045,-40.2837265,60
-73.3157052,-40.2838449,60
-73.3157052,-40.2839626,60
-73.3157056,-40.2840692,60
-73.3157056,-40.2841884,60
-73.3157045,-40.2843023,60
-73.3156947,-40.2843809,60
-73.3156629,-40.2844195,60
-73.3155964,-40.284439,60
-73.3155259,-40.2844416,60
-73.3154545,-40.2844297,60
-73.3154149,-40.2843896,60
-73.3154059,-40.2843411,60
-73.3154046,-40.2842776,60
-73.3154043,-40.284195,60
-73.3154041,-40.2841073,60
-73.315404,-40.2839979,60
-73.3154032,-40.2838814,60
-73.3154035,-40.2837722,60
-73.315404,-40.2836519,60
-73.3154042,-40.2835332,60
-73.3154043,-40.2834266,60
-73.3154039,-40.2833077,60
-73.3154047,-40.2831889,60
-73.3154044,-40.2830833,60
-73.3154052,-40.2829662,60
-73.3154043,-40.2828452,60
-73.3154039,-40.2827541,60
-73.3154049,-40.2826777,60
-73.3154044,-40.2825956,60
-73.3154043,-40.2825235,60
-73.3154044,-40.2824471,60
-73.3154046,-40.2823642,60
-73.3154001,-40.2822835,60
-73.3153894,-40.2822252,60
-73.3153603,-40.2822072,60
-73.3153126,-40.2822224,60
-73.3152628,-40.2822549,60
-73.3151955,-40.282296,60
-73.3151317,-40.2823368,60
-73.3151074,-40.2823683,60
-73.3151045,-40.2824065,60
-73.3151043,-40.2824579,60
-73.3151043,-40.282534,60
-73.3151047,-40.2826206,60
-73.3151036,-40.2826818,60
-73.3151036,-40.2827328,60
-73.3151038,-40.282773,60
-73.3151038,-40.2828116,60
-73.315104,-40.2828684,60
-73.3151035,-40.2829461,60
-73.3151036,-40.2830279,60
-73.3151037,-40.2831318,60
-73.3151035,-40.283234,60
-73.315104,-40.2833546,60
-73.3151043,-40.2834767,60
-73.3151039,-40.2835979,60
-73.3151045,-40.2837046,60
-73.3151041,-40.2838216,60
-73.3151042,-40.2839394,60
-73.3151044,-40.284046,60
-73.3151042,-40.2841628,60
-73.3151039,-40.2842668,60
-73.3150982,-40.2843474,60
-73.3150802,-40.2843989,60
-73.3150394,-40.2844335,60
-73.314974,-40.2844351,60
-73.3148929,-40.2844222,60
-73.3148332,-40.2843984,60
-73.3148089,-40.284359,60
-73.314804,-40.2843005,60
-73.3148023,-40.2842296,60
-73.3148027,-40.2841534,60
-73.3148027,-40.2840507,60
-73.3148022,-40.2839362,60
-73.314803,-40.2838277,60
-73.3148029,-40.283706,60
-73.3148027,-40.2835871,60
-73.3148032,-40.2834676,60
-73.3148038,-40.2833612,60
-73.3148034,-40.2832429,60
-73.3148032,-40.2831372,60
-73.3148022,-40.283019,60
-73.3148019,-40.2829042,60
-73.3148024,-40.2828061,60
-73.3148026,-40.2827233,60
-73.3148022,-40.2826422,60
-73.3148001,-40.282557,60
-73.3147898,-40.2824909,60
-73.3147635,-40.2824516,60
-73.3147171,-40.2824511,60
-73.3146616,-40.2824755,60
-73.3145927,-40.2825034,60
-73.3145333,-40.2825498,60
-73.314505,-40.2826151,60
-73.3145025,-40.2826879,60
-73.3145026,-40.2827652,60
-73.3145031,-40.2828649,60
-73.3145028,-40.2829759,60
-73.3145029,-40.2830839,60
-73.314503,-40.2832057,60
-73.3145025,-40.2833264,60
-73.3145026,-40.2834336,60
-73.3145024,-40.2835524,60
-73.3145024,-40.2836709,60
-73.3145024,-40.2837761,60
-73.314502,-40.2838942,60
-73.3145018,-40.2840012,60
-73.3144998,-40.284109,60
-73.3144837,-40.284173,60
-73.3144505,-40.2841888,60
-73.3144125,-40.2841735,60
-73.3143709,-40.2841438,60
-73.3143118,-40.284098,60
-73.3142524,-40.28404,60
-73.3142082,-40.2839546,60
-73.3141999,-40.2838634,60
-73.3142008,-40.2837886,60
-73.3142011,-40.2837169,60
-73.3142011,-40.2836568,60
-73.3142012,-40.2836023,60
-73.3142013,-40.2835289,60
-73.314201,-40.2834512,60
-73.3142009,-40.2833692,60
-73.3142008,-40.2832674,60
-73.3142009,-40.2831547,60
-73.3142008,-40.2830462,60
-73.3142014,-40.2829244,60
-73.3142017,-40.2828188,60
-73.3142017,-40.2827127,60
-73.3142017,-40.2826587,60
-73.3142013,-40.2826334,60
-73.314201,-40.2826242,60
</coordinates></LineString>
</Placemark>
<Placemark>
<name>DJI_202603261307_007_ELDESCANSO008_Timestamp.MRK</name>
<description>Equipo: M3E | Fecha: 26-03-2026 | Puntos: 243</description>
<styleUrl>#m3e</styleUrl>
<LineString><altitudeMode>relativeToGround</altitudeMode><coordinates>
-73.3169615,-40.2810395,60
-73.3169614,-40.2810061,60
-73.3169612,-40.2809482,60
-73.316961,-40.2808807,60
-73.3169608,-40.2807936,60
-73.3169618,-40.2807092,60
-73.3169618,-40.2806205,60
-73.3169614,-40.2805086,60
-73.3169611,-40.2804009,60
-73.3169611,-40.2802797,60
-73.3169613,-40.2801604,60
-73.3169614,-40.2800555,60
-73.3169617,-40.2799429,60
-73.3169616,-40.279829,60
-73.3169617,-40.279716,60
-73.3169615,-40.2796082,60
-73.3169616,-40.2794872,60
-73.3169615,-40.2793683,60
-73.3169616,-40.2792652,60
-73.316961,-40.2791469,60
-73.316961,-40.2790322,60
-73.3169613,-40.2789275,60
-73.3169617,-40.2788069,60
-73.3169617,-40.2786866,60
-73.3169621,-40.27858,60
-73.3169616,-40.278461,60
-73.3169618,-40.2783422,60
-73.3169638,-40.2782357,60
-73.3169828,-40.2781356,60
-73.3170348,-40.2780611,60
-73.3171267,-40.2779818,60
-73.3171891,-40.277941,60
-73.3172313,-40.2779342,60
-73.3172555,-40.2779553,60
-73.3172612,-40.2779929,60
-73.3172624,-40.2780459,60
-73.3172632,-40.2781104,60
-73.317263,-40.2781951,60
-73.3172627,-40.2782829,60
-73.3172627,-40.2783899,60
-73.3172628,-40.2785055,60
-73.3172627,-40.2786286,60
-73.3172625,-40.2787376,60
-73.3172624,-40.2788575,60
-73.3172629,-40.278976,60
-73.3172626,-40.2790821,60
-73.3172622,-40.2792006,60
-73.3172625,-40.2793197,60
-73.3172621,-40.2794268,60
-73.3172621,-40.2795462,60
-73.3172625,-40.2796641,60
-73.3172628,-40.2797704,60
-73.3172631,-40.2798889,60
-73.3172632,-40.2800066,60
-73.3172629,-40.2801128,60
-73.3172627,-40.2802319,60
-73.3172624,-40.2803389,60
-73.3172617,-40.2804584,60
-73.3172619,-40.2805762,60
-73.3172625,-40.2806852,60
-73.3172622,-40.2807826,60
-73.317263,-40.2808973,60
-73.3172666,-40.2809955,60
-73.3172844,-40.2810612,60
-73.3173395,-40.2811016,60
-73.3174044,-40.2811171,60
-73.3174741,-40.2811225,60
-73.3175335,-40.2811058,60
-73.3175591,-40.2810675,60
-73.3175651,-40.2810151,60
-73.317565,-40.2809469,60
-73.3175641,-40.280861,60
-73.3175632,-40.2807718,60
-73.317563,-40.2806619,60
-73.3175627,-40.2805557,60
-73.3175626,-40.2804345,60
-73.3175625,-40.2803149,60
-73.3175628,-40.2801961,60
-73.3175625,-40.2800892,60
-73.3175624,-40.2799701,60
-73.3175627,-40.2798512,60
-73.3175628,-40.2797438,60
-73.3175622,-40.2796293,60
-73.3175623,-40.2795243,60
-73.3175628,-40.2794052,60
-73.3175628,-40.2792862,60
-73.3175623,-40.2791678,60
-73.3175624,-40.2790607,60
-73.3175627,-40.2789418,60
-73.3175622,-40.2788235,60
-73.3175619,-40.2787167,60
-73.3175624,-40.2785978,60
-73.3175623,-40.2784796,60
-73.3175619,-40.2783733,60
-73.3175623,-40.2782537,60
-73.3175623,-40.2781394,60
-73.3175627,-40.2780379,60
-73.3175627,-40.2779175,60
-73.3175643,-40.2778012,60
-73.3175751,-40.2777293,60
-73.3176151,-40.2776931,60
-73.3176781,-40.2776846,60
-73.3177433,-40.2776905,60
-73.317816,-40.2777142,60
-73.3178535,-40.277762,60
-73.3178631,-40.2778145,60
-73.3178631,-40.2778844,60
-73.317863,-40.277971,60
-73.3178631,-40.2780611,60
-73.317863,-40.2781723,60
-73.3178631,-40.2782789,60
-73.3178637,-40.2784007,60
-73.3178634,-40.2785215,60
-73.3178627,-40.278629,60
-73.3178635,-40.2787491,60
-73.3178638,-40.2788682,60
-73.3178638,-40.2789638,60
-73.3178638,-40.2790657,60
-73.3178639,-40.2791757,60
-73.3178633,-40.2792908,60
-73.3178637,-40.2793827,60
-73.317864,-40.2794927,60
-73.317864,-40.2795969,60
-73.3178642,-40.2797123,60
-73.3178645,-40.2798328,60
-73.3178647,-40.2799378,60
-73.3178645,-40.2800592,60
-73.3178642,-40.2801802,60
-73.3178639,-40.2802997,60
-73.3178623,-40.2804046,60
-73.3178629,-40.2805225,60
-73.317863,-40.2806397,60
-73.3178637,-40.2807429,60
-73.317865,-40.2808525,60
-73.3178712,-40.2809248,60
-73.3178903,-40.2809652,60
-73.3179397,-40.2809717,60
-73.3179876,-40.2809564,60
-73.3180457,-40.2809277,60
-73.3181145,-40.2808781,60
-73.3181582,-40.2808036,60
-73.3181644,-40.2807275,60
-73.3181635,-40.2806366,60
-73.3181638,-40.280544,60
-73.3181641,-40.2804287,60
-73.3181642,-40.2803091,60
-73.3181636,-40.280188,60
-73.3181635,-40.2800876,60
-73.3181634,-40.2799921,60
-73.3181635,-40.2799177,60
-73.3181628,-40.2798281,60
-73.3181634,-40.279721,60
-73.3181525,-40.2796188,60
-73.3181238,-40.2795076,60
-73.3180884,-40.279402,60
-73.3180815,-40.279335,60
-73.3181101,-40.2792752,60
-73.318149,-40.2792088,60
-73.318162,-40.2791333,60
-73.3181631,-40.2790433,60
-73.3181632,-40.2789437,60
-73.3181633,-40.2788503,60
-73.3181629,-40.278735,60
-73.3181639,-40.2786142,60
-73.3181617,-40.2785114,60
-73.3181474,-40.2784408,60
-73.3181078,-40.2784057,60
-73.3180447,-40.2784017,60
-73.3179807,-40.2784135,60
-73.3178915,-40.2784337,60
-73.3177937,-40.2784567,60
-73.3176661,-40.2784853,60
-73.3175241,-40.2785178,60
-73.3173927,-40.2785464,60
-73.3172642,-40.2785728,60
-73.317152,-40.2785979,60
-73.3170351,-40.2786246,60
-73.3168967,-40.2786562,60
-73.3167718,-40.2786887,60
-73.3167011,-40.2787262,60
-73.3166688,-40.2787813,60
-73.3166614,-40.2788505,60
-73.3166613,-40.2789247,60
-73.3166609,-40.2790114,60
-73.3166601,-40.2790913,60
-73.3166598,-40.2791574,60
-73.3166597,-40.279237,60
-73.3166603,-40.2793336,60
-73.31666,-40.2794399,60
-73.3166602,-40.2795435,60
-73.3166603,-40.2796638,60
-73.3166601,-40.2797709,60
-73.3166596,-40.2798898,60
-73.3166603,-40.2800028,60
-73.3166592,-40.2801162,60
-73.3166599,-40.2802234,60
-73.3166599,-40.2803418,60
-73.3166585,-40.280438,60
-73.316649,-40.2804967,60
-73.3166322,-40.2805099,60
-73.3166118,-40.280493,60
-73.3165919,-40.2804608,60
-73.316561,-40.2804082,60
-73.3165179,-40.2803467,60
-73.3164521,-40.2802688,60
-73.3163883,-40.2801799,60
-73.3163636,-40.2800931,60
-73.316359,-40.2799924,60
-73.3163587,-40.2798827,60
-73.3163589,-40.2797767,60
-73.3163583,-40.2796556,60
-73.3163584,-40.2795365,60
-73.3163585,-40.2794302,60
-73.3163652,-40.2793392,60
-73.3163835,-40.2792934,60
-73.3164312,-40.2792813,60
-73.3164845,-40.2792939,60
-73.3165454,-40.2793187,60
-73.3166295,-40.2793553,60
-73.316722,-40.2793955,60
-73.3168388,-40.2794469,60
-73.316967,-40.2795028,60
-73.3170929,-40.2795564,60
-73.3172319,-40.2796146,60
-73.3173521,-40.2796664,60
-73.3174813,-40.2797238,60
-73.3176177,-40.2797821,60
-73.3177476,-40.2798375,60
-73.3178636,-40.2798881,60
-73.3179915,-40.2799437,60
-73.3181016,-40.2799895,60
-73.31821,-40.280036,60
-73.3183169,-40.2800845,60
-73.3184034,-40.2801345,60
-73.3184483,-40.2801946,60
-73.3184627,-40.280273,60
-73.3184637,-40.2803483,60
-73.3184639,-40.2804416,60
-73.318464,-40.2805345,60
-73.3184651,-40.2805848,60
-73.3184655,-40.280616,60
-73.3184651,-40.2806277,60
-73.3184658,-40.2806305,60
</coordinates></LineString>
</Placemark>
<Placemark>
<name>DJI_202603261307_008_ELDESCANSO007_Timestamp.MRK</name>
<description>Equipo: M3E | Fecha: 26-03-2026 | Puntos: 364</description>
<styleUrl>#m3e</styleUrl>
<LineString><altitudeMode>relativeToGround</altitudeMode><coordinates>
-73.3160931,-40.2801149,60
-73.3160933,-40.2800851,60
-73.3160937,-40.28003,60
-73.3160939,-40.2799617,60
-73.3160939,-40.279871,60
-73.3160938,-40.2797761,60
-73.3160938,-40.2796843,60
-73.3160942,-40.2795717,60
-73.3160938,-40.279455,60
-73.3160939,-40.2793335,60
-73.3160937,-40.2792238,60
-73.3160936,-40.2791036,60
-73.3160934,-40.2789976,60
-73.3160936,-40.2788785,60
-73.3160937,-40.2787594,60
-73.3160938,-40.2786535,60
-73.3160938,-40.2785357,60
-73.3160937,-40.2784172,60
-73.316094,-40.2783139,60
-73.3160945,-40.2782142,60
-73.3160937,-40.2781091,60
-73.3160936,-40.277994,60
-73.3160948,-40.2778933,60
-73.316107,-40.2778086,60
-73.3161516,-40.2777496,60
-73.3162213,-40.2777135,60
-73.316306,-40.277689,60
-73.3163563,-40.2776916,60
-73.316386,-40.2777236,60
-73.3163953,-40.2777678,60
-73.3163943,-40.2778233,60
-73.3163944,-40.2779005,60
-73.3163946,-40.2779931,60
-73.3163947,-40.2780974,60
-73.3163943,-40.2782003,60
-73.3163934,-40.2783215,60
-73.3163942,-40.278445,60
-73.3163942,-40.2785523,60
-73.3163943,-40.2786705,60
-73.3163941,-40.2787806,60
-73.3163947,-40.2788845,60
-73.3163953,-40.2790073,60
-73.3163954,-40.2791293,60
-73.3163955,-40.279237,60
-73.3163951,-40.2793509,60
-73.3163965,-40.2794634,60
-73.3164039,-40.2795275,60
-73.3164193,-40.2795505,60
-73.3164406,-40.2795359,60
-73.3164557,-40.2795088,60
-73.3164806,-40.2794609,60
-73.3165147,-40.2793928,60
-73.3165536,-40.2793165,60
-73.3165979,-40.2792279,60
-73.3166467,-40.2791293,60
-73.3166787,-40.2790349,60
-73.3166932,-40.2789482,60
-73.3166956,-40.2788868,60
-73.3166959,-40.2788308,60
-73.3166956,-40.2787589,60
-73.3166957,-40.2786785,60
-73.3166953,-40.2785801,60
-73.3166948,-40.2784713,60
-73.3166949,-40.2783566,60
-73.3166944,-40.2782491,60
-73.3166949,-40.2781383,60
-73.3166949,-40.2780218,60
-73.3166952,-40.2779131,60
-73.3166997,-40.2778097,60
-73.3167165,-40.2777501,60
-73.3167579,-40.2777276,60
-73.3168233,-40.2777317,60
-73.3168983,-40.2777488,60
-73.3169577,-40.2777814,60
-73.3169896,-40.2778374,60
-73.3169939,-40.277902,60
-73.3169947,-40.2779709,60
-73.3169959,-40.2780625,60
-73.3169958,-40.2781673,60
-73.3169894,-40.278244,60
-73.316963,-40.2782889,60
-73.3169048,-40.2783052,60
-73.3168444,-40.2782967,60
-73.3167661,-40.2782786,60
-73.3166673,-40.2782551,60
-73.316559,-40.2782291,60
-73.3164219,-40.278196,60
-73.3162757,-40.2781616,60
-73.3161371,-40.2781292,60
-73.3159924,-40.2780962,60
-73.3158898,-40.2780808,60
-73.3158333,-40.2780862,60
-73.3157989,-40.2781235,60
-73.3157943,-40.2781739,60
-73.315793,-40.2782381,60
-73.3157927,-40.2783211,60
-73.3157921,-40.2784164,60
-73.3157928,-40.278511,60
-73.315793,-40.2786257,60
-73.3157933,-40.2787461,60
-73.3157937,-40.2788569,60
-73.3157938,-40.2789772,60
-73.3157933,-40.2790953,60
-73.3157938,-40.2792008,60
-73.3157941,-40.2793199,60
-73.3157944,-40.2794387,60
-73.3157942,-40.2795447,60
-73.3157938,-40.2796588,60
-73.3157937,-40.2797656,60
-73.3157939,-40.2798687,60
-73.3157937,-40.2799895,60
-73.3157938,-40.2801099,60
-73.3157941,-40.2802176,60
-73.315794,-40.280337,60
-73.3157938,-40.2804543,60
-73.315794,-40.2805631,60
-73.3157936,-40.2806811,60
-73.3157933,-40.2807917,60
-73.3157937,-40.2808733,60
-73.3157942,-40.2809325,60
-73.3157938,-40.2809757,60
-73.3157935,-40.2810404,60
-73.3157936,-40.281124,60
-73.3157927,-40.2812736,60
-73.3157925,-40.2813241,60
-73.3157881,-40.2813976,60
-73.315762,-40.2814777,60
-73.3157065,-40.2815695,60
-73.3156409,-40.2816557,60
-73.3155739,-40.2817386,60
-73.3155359,-40.2817739,60
-73.3155068,-40.2817747,60
-73.3154938,-40.2817473,60
-73.315492,-40.2817132,60
-73.3154918,-40.2816564,60
-73.3154921,-40.2815766,60
-73.3154918,-40.2814937,60
-73.3154918,-40.2813902,60
-73.3154913,-40.2812768,60
-73.3154907,-40.2811695,60
-73.3154907,-40.2810475,60
-73.315491,-40.2809267,60
-73.3154914,-40.2808193,60
-73.3154909,-40.2807023,60
-73.3154914,-40.2805945,60
-73.3154917,-40.2804764,60
-73.3154914,-40.2803547,60
-73.3154924,-40.2802506,60
-73.3154919,-40.2801401,60
-73.3154924,-40.2800274,60
-73.3154927,-40.2799188,60
-73.3154918,-40.2797974,60
-73.3154917,-40.2796777,60
-73.3154918,-40.2795581,60
-73.3154922,-40.2794505,60
-73.3154924,-40.2793334,60
-73.3154924,-40.2792261,60
-73.3154923,-40.2791065,60
-73.315492,-40.278988,60
-73.3154921,-40.278881,60
-73.3154924,-40.2787633,60
-73.3154922,-40.2786449,60
-73.3154918,-40.278539,60
-73.3154899,-40.2784262,60
-73.3154757,-40.2783583,60
-73.3154375,-40.2783275,60
-73.3153842,-40.2783266,60
-73.3153188,-40.2783421,60
-73.3152443,-40.2783765,60
-73.3152032,-40.2784264,60
-73.3151919,-40.2784931,60
-73.3151915,-40.2785603,60
-73.3151915,-40.2786505,60
-73.3151917,-40.2787541,60
-73.3151916,-40.2788565,60
-73.3151913,-40.2789789,60
-73.3151914,-40.2790997,60
-73.3151917,-40.2792088,60
-73.315192,-40.2793273,60
-73.3151917,-40.2794459,60
-73.315192,-40.279563,60
-73.3151921,-40.2796713,60
-73.3151929,-40.2797906,60
-73.3151927,-40.279897,60
-73.3151922,-40.2800153,60
-73.3151922,-40.2801339,60
-73.3151921,-40.2802399,60
-73.3151921,-40.2803587,60
-73.3151921,-40.2804775,60
-73.3151924,-40.2805964,60
-73.3151925,-40.2807032,60
-73.3151929,-40.2808216,60
-73.3151924,-40.2809274,60
-73.3151922,-40.2810449,60
-73.3151923,-40.2811638,60
-73.315193,-40.2812709,60
-73.3151931,-40.2813893,60
-73.315193,-40.2815085,60
-73.3151936,-40.2816085,60
-73.315193,-40.2817163,60
-73.3151919,-40.2818179,60
-73.315191,-40.2819107,60
-73.3151815,-40.2820171,60
-73.3151473,-40.2821069,60
-73.3150816,-40.2821729,60
-73.3149958,-40.2822369,60
-73.3149455,-40.2822649,60
-73.3149099,-40.2822586,60
-73.3148925,-40.2822259,60
-73.3148905,-40.2821827,60
-73.3148906,-40.2821269,60
-73.3148903,-40.2820463,60
-73.3148899,-40.2819501,60
-73.3148905,-40.2818582,60
-73.3148906,-40.2817447,60
-73.314891,-40.2816253,60
-73.3148908,-40.2815216,60
-73.3148904,-40.281425,60
-73.314891,-40.2813325,60
-73.3148905,-40.2812316,60
-73.3148909,-40.2811104,60
-73.3148902,-40.2809879,60
-73.3148898,-40.2808792,60
-73.3148899,-40.2807592,60
-73.31489,-40.2806399,60
-73.3148895,-40.2805323,60
-73.3148899,-40.2804131,60
-73.3148903,-40.2802935,60
-73.3148903,-40.2801863,60
-73.3148901,-40.2800683,60
-73.3148902,-40.27995,60
-73.3148903,-40.2798468,60
-73.3148905,-40.279734,60
-73.3148901,-40.2796324,60
-73.31489,-40.2795541,60
-73.3148893,-40.2794582,60
-73.3148796,-40.2793761,60
-73.3148538,-40.2793454,60
-73.3148069,-40.2793449,60
-73.3147573,-40.2793737,60
-73.3147032,-40.2794061,60
-73.3146355,-40.2794649,60
-73.3145948,-40.2795452,60
-73.3145889,-40.2796242,60
-73.3145896,-40.27972,60
-73.3145903,-40.2798253,60
-73.3145905,-40.2799318,60
-73.3145902,-40.2800669,60
-73.3145905,-40.2801635,60
-73.3145906,-40.2802815,60
-73.3145912,-40.2803978,60
-73.3145911,-40.2804915,60
-73.3145916,-40.2805918,60
-73.3145917,-40.280689,60
-73.3145915,-40.2807847,60
-73.3145909,-40.2808686,60
-73.3145917,-40.2809705,60
-73.3145909,-40.281075,60
-73.3145909,-40.2811778,60
-73.3145903,-40.2813002,60
-73.3145906,-40.2814227,60
-73.3145908,-40.2815314,60
-73.3145899,-40.2816505,60
-73.3145905,-40.2817701,60
-73.3145902,-40.2818728,60
-73.3145902,-40.281964,60
-73.3145906,-40.2820497,60
-73.3145908,-40.282136,60
-73.3145909,-40.2822237,60
-73.3145906,-40.2823165,60
-73.3145909,-40.2823951,60
-73.3145837,-40.2824797,60
-73.3145566,-40.282557,60
-73.3144799,-40.2826351,60
-73.3143938,-40.2826954,60
-73.3143405,-40.2827198,60
-73.3143046,-40.2827102,60
-73.3142893,-40.2826759,60
-73.3142885,-40.2826353,60
-73.3142891,-40.2825722,60
-73.3142892,-40.282489,60
-73.3142894,-40.2823951,60
-73.3142888,-40.2822984,60
-73.3142885,-40.2821805,60
-73.3142883,-40.282058,60
-73.3142884,-40.2819483,60
-73.3142886,-40.2818286,60
-73.314289,-40.2817097,60
-73.314289,-40.2816032,60
-73.3142893,-40.2814843,60
-73.3142891,-40.2813658,60
-73.3142882,-40.2812623,60
-73.3142889,-40.2811484,60
-73.3142895,-40.2810273,60
-73.3142891,-40.2809176,60
-73.3142898,-40.2807952,60
-73.31429,-40.2806767,60
-73.3142898,-40.2805688,60
-73.3142895,-40.2804502,60
-73.3142896,-40.280333,60
-73.3142893,-40.280229,60
-73.3142898,-40.280116,60
-73.31429,-40.2800193,60
-73.3142896,-40.2799276,60
-73.3142888,-40.2798222,60
-73.314285,-40.2797288,60
-73.3142738,-40.2796848,60
-73.3142323,-40.2796614,60
-73.3141788,-40.2796683,60
-73.314121,-40.2796922,60
-73.3140576,-40.2797283,60
-73.314003,-40.2797912,60
-73.3139874,-40.2798621,60
-73.3139889,-40.2799495,60
-73.3139885,-40.2800465,60
-73.3139888,-40.280145,60
-73.3139887,-40.2802634,60
-73.3139891,-40.2803853,60
-73.3139889,-40.2804938,60
-73.3139904,-40.2806129,60
-73.3139997,-40.2807255,60
-73.3140145,-40.2808141,60
-73.3140276,-40.2808884,60
-73.3140307,-40.2809569,60
-73.3140095,-40.2810063,60
-73.3139909,-40.2810679,60
-73.3139891,-40.2811379,60
-73.3139891,-40.281214,60
-73.3139889,-40.281312,60
-73.3139888,-40.281419,60
-73.3139892,-40.2815255,60
-73.3139892,-40.281648,60
-73.3139892,-40.2817693,60
-73.3139893,-40.2818767,60
-73.3139897,-40.2819951,60
-73.3139897,-40.2821139,60
-73.3139892,-40.282221,60
-73.3139889,-40.2823406,60
-73.3139896,-40.2824583,60
-73.31399,-40.2825421,60
-73.3139897,-40.2826064,60
-73.3139894,-40.2826612,60
-73.3139856,-40.2827226,60
-73.3139677,-40.2827784,60
-73.3139197,-40.2828096,60
-73.3138468,-40.2828209,60
-73.3137676,-40.2828165,60
-73.3137116,-40.2827917,60
-73.3136929,-40.2827469,60
-73.3136881,-40.2826889,60
-73.3136868,-40.2826167,60
-73.3136875,-40.282535,60
-73.3136875,-40.2824319,60
-73.3136867,-40.2823283,60
-73.3136865,-40.2822358,60
-73.3136866,-40.28213,60
-73.313687,-40.2820279,60
-73.3136873,-40.2819293,60
-73.3136871,-40.2818128,60
-73.3136871,-40.2816926,60
-73.3136874,-40.2815883,60
-73.3136877,-40.2815044,60
-73.3136871,-40.2814611,60
-73.3136874,-40.2814407,60
</coordinates></LineString>
</Placemark>
<Placemark>
<name>DJI_202603261331_009_ELDESCANSO006_Timestamp.MRK</name>
<description>Equipo: M3E | Fecha: 26-03-2026 | Puntos: 451</description>
<styleUrl>#m3e</styleUrl>
<LineString><altitudeMode>relativeToGround</altitudeMode><coordinates>
-73.3179637,-40.277626,60
-73.3179632,-40.2775994,60
-73.317964,-40.2775459,60
-73.3179646,-40.2774722,60
-73.3179649,-40.2773921,60
-73.3179646,-40.2772906,60
-73.3179648,-40.2771784,60
-73.3179639,-40.2770605,60
-73.3179549,-40.2769815,60
-73.3179205,-40.2769327,60
-73.3178626,-40.2769099,60
-73.3177852,-40.2769025,60
-73.3177153,-40.2769123,60
-73.3176759,-40.276943,60
-73.3176654,-40.2769963,60
-73.3176637,-40.2770575,60
-73.3176637,-40.2771278,60
-73.3176637,-40.2772192,60
-73.3176644,-40.2773231,60
-73.3176641,-40.2774253,60
-73.3176649,-40.2775439,60
-73.3176642,-40.2776639,60
-73.317659,-40.2777578,60
-73.3176309,-40.2778248,60
-73.3175642,-40.2778705,60
-73.3174851,-40.2778955,60
-73.3174173,-40.2779062,60
-73.3173766,-40.2778769,60
-73.3173644,-40.2778367,60
-73.317362,-40.2777822,60
-73.3173627,-40.2777079,60
-73.3173627,-40.2776268,60
-73.3173628,-40.2775242,60
-73.3173628,-40.2774106,60
-73.3173629,-40.2773022,60
-73.317363,-40.2771811,60
-73.3173629,-40.2770639,60
-73.3173585,-40.2769671,60
-73.3173386,-40.276898,60
-73.3172923,-40.2768661,60
-73.3172132,-40.2768562,60
-73.3171331,-40.2768593,60
-73.3170829,-40.2768862,60
-73.3170658,-40.2769308,60
-73.3170616,-40.2769876,60
-73.3170614,-40.2770592,60
-73.3170619,-40.277139,60
-73.3170618,-40.2772383,60
-73.3170617,-40.2773474,60
-73.3170617,-40.2774521,60
-73.3170622,-40.2775736,60
-73.3170624,-40.2776927,60
-73.3170621,-40.2777996,60
-73.3170572,-40.277899,60
-73.3170406,-40.2779505,60
-73.3170113,-40.2779702,60
-73.3169518,-40.2779556,60
-73.3168925,-40.2779327,60
-73.3168285,-40.2778973,60
-73.3167739,-40.2778323,60
-73.3167605,-40.2777534,60
-73.3167601,-40.277676,60
-73.3167601,-40.2775775,60
-73.3167599,-40.2774675,60
-73.3167604,-40.27736,60
-73.3167609,-40.2772393,60
-73.3167604,-40.2771195,60
-73.3167606,-40.277012,60
-73.3167571,-40.2768954,60
-73.3167342,-40.2768011,60
-73.3166755,-40.276732,60
-73.3165895,-40.2766639,60
-73.3165216,-40.2766236,60
-73.3164838,-40.2766274,60
-73.3164623,-40.2766579,60
-73.3164598,-40.2767012,60
-73.3164601,-40.2767541,60
-73.31646,-40.2768311,60
-73.3164606,-40.2769237,60
-73.3164603,-40.2770202,60
-73.316461,-40.2771352,60
-73.3164607,-40.2772437,60
-73.316461,-40.2773649,60
-73.3164612,-40.2774845,60
-73.3164609,-40.2776032,60
-73.3164615,-40.2777093,60
-73.3164617,-40.277828,60
-73.3164554,-40.2779422,60
-73.3164301,-40.2780164,60
-73.3163654,-40.2780821,60
-73.316284,-40.2781277,60
-73.3162243,-40.2781512,60
-73.3161803,-40.278143,60
-73.3161624,-40.2781113,60
-73.31616,-40.2780663,60
-73.3161594,-40.2779961,60
-73.3161594,-40.2779101,60
-73.3161597,-40.277821,60
-73.3161593,-40.2777114,60
-73.3161593,-40.2775932,60
-73.3161595,-40.2774837,60
-73.3161596,-40.2773638,60
-73.3161595,-40.2772446,60
-73.3161597,-40.2771392,60
-73.3161592,-40.27702,60
-73.3161592,-40.2769014,60
-73.3161597,-40.2767946,60
-73.3161597,-40.2766758,60
-73.3161597,-40.2765574,60
-73.3161576,-40.2764561,60
-73.3161415,-40.2763753,60
-73.3160874,-40.2763175,60
-73.316014,-40.2762829,60
-73.315937,-40.2762637,60
-73.3158867,-40.2762756,60
-73.3158641,-40.2763103,60
-73.3158593,-40.2763587,60
-73.3158584,-40.2764227,60
-73.3158585,-40.2765042,60
-73.3158588,-40.2765911,60
-73.3158591,-40.2766875,60
-73.315859,-40.2768283,60
-73.3158595,-40.276926,60
-73.3158597,-40.2770348,60
-73.3158601,-40.2771545,60
-73.3158605,-40.2772733,60
-73.3158605,-40.2773837,60
-73.3158603,-40.2774864,60
-73.3158604,-40.2776054,60
-73.3158605,-40.2777135,60
-73.3158605,-40.2778334,60
-73.3158608,-40.2779532,60
-73.3158605,-40.278071,60
-73.31586,-40.278161,60
-73.3158603,-40.2782314,60
-73.3158532,-40.2783009,60
-73.3158196,-40.2783656,60
-73.31575,-40.2784109,60
-73.315669,-40.2784351,60
-73.3156074,-40.2784379,60
-73.3155679,-40.2784075,60
-73.3155574,-40.2783642,60
-73.3155574,-40.2783117,60
-73.3155572,-40.2782325,60
-73.3155574,-40.278149,60
-73.3155578,-40.2780445,60
-73.3155578,-40.27793,60
-73.3155577,-40.277813,60
-73.3155576,-40.2777041,60
-73.3155568,-40.277586,60
-73.3155566,-40.2774779,60
-73.3155571,-40.2773787,60
-73.3155578,-40.2772547,60
-73.3155579,-40.2771313,60
-73.3155583,-40.2770221,60
-73.3155584,-40.2769013,60
-73.3155585,-40.2767933,60
-73.3155585,-40.2766731,60
-73.3155584,-40.2765535,60
-73.3155589,-40.2764464,60
-73.3155567,-40.2763362,60
-73.3155446,-40.2762663,60
-73.315505,-40.276228,60
-73.3154471,-40.2762154,60
-73.3153701,-40.2762111,60
-73.3152971,-40.2762042,60
-73.3152689,-40.2761959,60
-73.3152578,-40.2762008,60
-73.3152576,-40.2762278,60
-73.3152577,-40.2762772,60
-73.3152576,-40.2763478,60
-73.3152577,-40.2764347,60
-73.3152577,-40.2765352,60
-73.3152581,-40.2766355,60
-73.3152579,-40.2767537,60
-73.3152579,-40.2768636,60
-73.3152584,-40.2769843,60
-73.3152581,-40.2770916,60
-73.3152577,-40.2772099,60
-73.315258,-40.2773275,60
-73.3152584,-40.2774333,60
-73.3152586,-40.2775529,60
-73.3152589,-40.2776677,60
-73.315259,-40.2777826,60
-73.3152583,-40.2778901,60
-73.3152585,-40.2780103,60
-73.3152586,-40.2781181,60
-73.3152583,-40.2782314,60
-73.3152583,-40.2783406,60
-73.3152566,-40.2784442,60
-73.3152445,-40.2785309,60
-73.315197,-40.2785856,60
-73.3151189,-40.2786188,60
-73.3150431,-40.2786354,60
-73.3149897,-40.2786248,60
-73.3149641,-40.278593,60
-73.3149564,-40.2785442,60
-73.3149551,-40.2784801,60
-73.3149551,-40.2783977,60
-73.3149554,-40.2783113,60
-73.3149559,-40.278204,60
-73.3149559,-40.2780852,60
-73.3149564,-40.2779752,60
-73.3149565,-40.2778562,60
-73.3149565,-40.2777692,60
-73.3149567,-40.2776742,60
-73.314956,-40.2775642,60
-73.3149556,-40.2774571,60
-73.3149555,-40.2773353,60
-73.3149561,-40.2772141,60
-73.3149563,-40.2771063,60
-73.3149561,-40.2769864,60
-73.3149567,-40.2768666,60
-73.3149566,-40.2767596,60
-73.3149562,-40.2766406,60
-73.3149562,-40.2765219,60
-73.3149567,-40.2764152,60
-73.3149567,-40.2762967,60
-73.3149568,-40.2761771,60
-73.3149569,-40.2760706,60
-73.3149535,-40.2759576,60
-73.3149262,-40.2758696,60
-73.3148679,-40.2757942,60
-73.3147819,-40.2757161,60
-73.3147135,-40.2756665,60
-73.3146737,-40.2756671,60
-73.3146578,-40.2756953,60
-73.3146566,-40.2757409,60
-73.3146562,-40.2757925,60
-73.3146565,-40.2758711,60
-73.3146551,-40.2759596,60
-73.3146559,-40.2760513,60
-73.3146567,-40.2761637,60
-73.3146569,-40.2762836,60
-73.3146573,-40.2763935,60
-73.3146573,-40.2765134,60
-73.3146573,-40.2766315,60
-73.3146579,-40.2767496,60
-73.3146577,-40.2768558,60
-73.3146579,-40.2769741,60
-73.3146576,-40.2770809,60
-73.3146576,-40.277199,60
-73.3146577,-40.2773184,60
-73.3146574,-40.2774247,60
-73.3146579,-40.2775434,60
-73.3146571,-40.2776621,60
-73.3146572,-40.2777689,60
-73.3146576,-40.2778877,60
-73.3146571,-40.2780064,60
-73.3146572,-40.2781134,60
-73.3146577,-40.2782308,60
-73.3146579,-40.2783477,60
-73.3146576,-40.2784421,60
-73.3146572,-40.2785495,60
-73.3146472,-40.2786332,60
-73.3146189,-40.2786779,60
-73.3145516,-40.2787035,60
-73.3144708,-40.2787114,60
-73.3144072,-40.2787054,60
-73.3143629,-40.2786722,60
-73.314356,-40.27862,60
-73.3143547,-40.2785645,60
-73.3143546,-40.2784855,60
-73.3143545,-40.2783915,60
-73.3143543,-40.2782955,60
-73.3143543,-40.2781794,60
-73.3143543,-40.2780584,60
-73.3143547,-40.2779524,60
-73.3143549,-40.2778601,60
-73.3143545,-40.277772,60
-73.3143541,-40.2776792,60
-73.3143549,-40.2775632,60
-73.3143548,-40.2774417,60
-73.3143544,-40.2773383,60
-73.314355,-40.2772256,60
-73.3143553,-40.2771049,60
-73.3143551,-40.2769973,60
-73.3143549,-40.2768783,60
-73.3143551,-40.2767596,60
-73.3143547,-40.2766525,60
-73.3143548,-40.2765341,60
-73.314355,-40.276416,60
-73.314355,-40.2762971,60
-73.3143549,-40.2761899,60
-73.3143551,-40.276072,60
-73.3143548,-40.2759533,60
-73.3143551,-40.2758467,60
-73.314355,-40.2757316,60
-73.3143555,-40.2756229,60
-73.3143494,-40.2755068,60
-73.3143205,-40.2754227,60
-73.3142589,-40.2753621,60
-73.3141698,-40.2753111,60
-73.3141133,-40.2752925,60
-73.31407,-40.2753069,60
-73.3140569,-40.2753358,60
-73.3140542,-40.2753892,60
-73.3140537,-40.2754547,60
-73.3140542,-40.2755431,60
-73.3140544,-40.2756445,60
-73.3140546,-40.2757455,60
-73.3140548,-40.2758638,60
-73.3140549,-40.2759849,60
-73.314055,-40.2760938,60
-73.3140549,-40.2762132,60
-73.314055,-40.2763323,60
-73.3140553,-40.2764382,60
-73.3140555,-40.2765537,60
-73.3140557,-40.2766738,60
-73.3140555,-40.2767824,60
-73.3140554,-40.2769021,60
-73.3140555,-40.2770197,60
-73.3140555,-40.2771261,60
-73.3140557,-40.277246,60
-73.3140545,-40.2773588,60
-73.3140556,-40.2774482,60
-73.3140559,-40.277552,60
-73.3140552,-40.2776261,60
-73.314055,-40.277683,60
-73.314056,-40.2777626,60
-73.3140557,-40.2778577,60
-73.3140551,-40.2779505,60
-73.3140558,-40.2780648,60
-73.3140555,-40.2781853,60
-73.3140557,-40.2782904,60
-73.3140556,-40.2784112,60
-73.3140551,-40.2785197,60
-73.3140532,-40.278633,60
-73.3140393,-40.278704,60
-73.3139926,-40.2787437,60
-73.3139274,-40.2787589,60
-73.3138458,-40.278762,60
-73.3137867,-40.2787429,60
-73.3137591,-40.2787029,60
-73.3137529,-40.2786483,60
-73.3137517,-40.2785788,60
-73.3137528,-40.2785011,60
-73.3137526,-40.2784012,60
-73.3137525,-40.2783024,60
-73.3137524,-40.2781835,60
-73.3137525,-40.2780613,60
-73.3137527,-40.2779408,60
-73.3137521,-40.2778331,60
-73.3137523,-40.2777143,60
-73.3137523,-40.2775958,60
-73.3137523,-40.2775023,60
-73.3137539,-40.2774149,60
-73.3137527,-40.2773141,60
-73.3137523,-40.2772171,60
-73.3137525,-40.2771032,60
-73.3137525,-40.2769928,60
-73.3137528,-40.2768799,60
-73.3137532,-40.2767649,60
-73.3137533,-40.2766603,60
-73.3137534,-40.2765615,60
-73.3137535,-40.2764683,60
-73.3137538,-40.2763888,60
-73.3137536,-40.2762848,60
-73.3137536,-40.2761687,60
-73.3137543,-40.2760594,60
-73.3137539,-40.2759372,60
-73.3137539,-40.2758201,60
-73.3137546,-40.2757089,60
-73.3137545,-40.2756018,60
-73.3137545,-40.2754814,60
-73.3137544,-40.2753624,60
-73.313754,-40.2752569,60
-73.3137434,-40.275154,60
-73.3137143,-40.2750908,60
-73.3136584,-40.2750463,60
-73.3135726,-40.2750058,60
-73.3135174,-40.2749901,60
-73.3134721,-40.275006,60
-73.3134561,-40.2750461,60
-73.3134529,-40.2750905,60
-73.3134531,-40.2751562,60
-73.3134532,-40.2752393,60
-73.3134538,-40.2753368,60
-73.3134541,-40.2754312,60
-73.3134536,-40.2755351,60
-73.3134539,-40.2756511,60
-73.3134541,-40.2757589,60
-73.3134539,-40.2758795,60
-73.3134537,-40.2759853,60
-73.3134543,-40.2761019,60
-73.313454,-40.2762121,60
-73.313454,-40.2763148,60
-73.3134542,-40.2764372,60
-73.3134544,-40.2765576,60
-73.3134548,-40.2766624,60
-73.3134549,-40.2767823,60
-73.3134547,-40.2769023,60
-73.3134544,-40.2770178,60
-73.3134539,-40.2771097,60
-73.3134537,-40.2771778,60
-73.3134537,-40.2772417,60
-73.3134537,-40.2773291,60
-73.3134529,-40.2774317,60
-73.3134513,-40.2775281,60
-73.3134391,-40.2775966,60
-73.3134158,-40.277619,60
-73.313383,-40.2776084,60
-73.3133509,-40.2775806,60
-73.3133058,-40.2775357,60
-73.3132456,-40.2774738,60
-73.3131912,-40.2774034,60
-73.3131562,-40.2773064,60
-73.3131516,-40.2772099,60
-73.3131508,-40.2770972,60
-73.3131513,-40.2769764,60
-73.3131597,-40.2768693,60
-73.3131915,-40.2767519,60
-73.3132515,-40.276646,60
-73.3133018,-40.2765661,60
-73.3133035,-40.2765253,60
-73.3132727,-40.2765056,60
-73.3132248,-40.2765069,60
-73.3131793,-40.2764862,60
-73.313155,-40.2764403,60
-73.3131514,-40.2763856,60
-73.313151,-40.2763229,60
-73.3131506,-40.2762369,60
-73.3131513,-40.2761367,60
-73.3131514,-40.2760361,60
-73.3131514,-40.2759164,60
-73.3131516,-40.2758055,60
-73.3131518,-40.2756742,60
-73.3131518,-40.2755655,60
-73.3131515,-40.275452,60
-73.313152,-40.2753517,60
-73.3131517,-40.2752339,60
-73.3131487,-40.2751296,60
-73.3131341,-40.2750735,60
-73.3130899,-40.2750503,60
-73.3130374,-40.2750546,60
-73.3129719,-40.2750735,60
-73.3128983,-40.2751141,60
-73.3128594,-40.2751753,60
-73.31285,-40.2752331,60
-73.3128508,-40.275313,60
-73.3128509,-40.2754063,60
-73.312851,-40.275503,60
-73.3128514,-40.2756194,60
-73.3128518,-40.2757285,60
-73.3128527,-40.2758488,60
-73.3128529,-40.2759631,60
-73.3128531,-40.2760657,60
-73.3128531,-40.2761423,60
-73.3128527,-40.2761833,60
-73.3128525,-40.2762025,60
-73.3128529,-40.2762062,60
</coordinates></LineString>
</Placemark>
<Placemark>
<name>DJI_202603261331_010_ELDESCANSO005_Timestamp.MRK</name>
<description>Equipo: M3E | Fecha: 26-03-2026 | Puntos: 350</description>
<styleUrl>#m3e</styleUrl>
<LineString><altitudeMode>relativeToGround</altitudeMode><coordinates>
-73.3129618,-40.2754919,60
-73.3129619,-40.275517,60
-73.3129621,-40.2755678,60
-73.3129621,-40.2756315,60
-73.3129624,-40.2757174,60
-73.3129625,-40.275806,60
-73.3129616,-40.2759103,60
-73.3129533,-40.2759746,60
-73.3129472,-40.2760071,60
-73.3129299,-40.2760045,60
-73.3129199,-40.2759826,60
-73.3129047,-40.275943,60
-73.3128807,-40.2758807,60
-73.31285,-40.2758003,60
-73.3128177,-40.2757167,60
-73.3127778,-40.2756128,60
-73.3127349,-40.2755011,60
-73.3127006,-40.2754215,60
-73.3126722,-40.2753792,60
-73.3126553,-40.275376,60
-73.312663,-40.2754022,60
-73.312661,-40.2754339,60
-73.3126605,-40.2754881,60
-73.3126609,-40.2755631,60
-73.3126611,-40.2756434,60
-73.3126613,-40.2757462,60
-73.3126614,-40.2758593,60
-73.3126615,-40.2759675,60
-73.3126612,-40.2760888,60
-73.3126614,-40.2761968,60
-73.3126614,-40.2763167,60
-73.3126611,-40.2764349,60
-73.3126613,-40.2765414,60
-73.3126615,-40.2766594,60
-73.3126615,-40.2767781,60
-73.3126553,-40.2768827,60
-73.3126199,-40.276983,60
-73.3125514,-40.2770708,60
-73.3124773,-40.2771438,60
-73.3124154,-40.2771921,60
-73.3123764,-40.2772068,60
-73.3123578,-40.2771821,60
-73.3123608,-40.2771392,60
-73.3123607,-40.2770849,60
-73.3123602,-40.2770197,60
-73.3123596,-40.2769282,60
-73.3123596,-40.2768359,60
-73.3123595,-40.2767276,60
-73.3123596,-40.2766138,60
-73.3123597,-40.2765059,60
-73.3123601,-40.2763862,60
-73.3123601,-40.2762663,60
-73.3123599,-40.276159,60
-73.3123596,-40.2760403,60
-73.3123604,-40.275922,60
-73.3123608,-40.2758112,60
-73.3123608,-40.2757143,60
-73.312361,-40.2755987,60
-73.3123615,-40.2754868,60
-73.3123616,-40.2753656,60
-73.3123588,-40.2752555,60
-73.312346,-40.275195,60
-73.3123151,-40.2751686,60
-73.3122664,-40.2751766,60
-73.3122247,-40.2751991,60
-73.3121639,-40.2752366,60
-73.3120976,-40.2752973,60
-73.3120618,-40.2753789,60
-73.3120592,-40.2754587,60
-73.3120591,-40.2755565,60
-73.3120591,-40.2756661,60
-73.3120587,-40.2757721,60
-73.3120591,-40.2758935,60
-73.3120596,-40.2760043,60
-73.3120598,-40.2761211,60
-73.3120599,-40.276239,60
-73.31206,-40.2763536,60
-73.31206,-40.2764696,60
-73.3120603,-40.2765773,60
-73.3120608,-40.2766853,60
-73.3120606,-40.276803,60
-73.3120612,-40.2769211,60
-73.3120613,-40.2770305,60
-73.3120608,-40.277125,60
-73.3120584,-40.2772369,60
-73.3120475,-40.2773246,60
-73.3120134,-40.2773766,60
-73.311936,-40.2774043,60
-73.3118761,-40.2774214,60
-73.3118243,-40.2774275,60
-73.3117895,-40.2774195,60
-73.3117682,-40.277399,60
-73.3117603,-40.2773596,60
-73.3117584,-40.2773039,60
-73.3117583,-40.2772371,60
-73.311758,-40.2771481,60
-73.3117583,-40.2770466,60
-73.3117592,-40.2769341,60
-73.3117585,-40.2768263,60
-73.3117587,-40.2767051,60
-73.3117587,-40.2765857,60
-73.3117589,-40.2764433,60
-73.3117588,-40.2763607,60
-73.3117589,-40.2762544,60
-73.3117589,-40.2761397,60
-73.3117584,-40.2760185,60
-73.3117582,-40.2759023,60
-73.3117587,-40.2758054,60
-73.3117579,-40.275687,60
-73.3117494,-40.2755982,60
-73.3117318,-40.2755614,60
-73.3116887,-40.2755509,60
-73.3116418,-40.2755728,60
-73.311594,-40.2756017,60
-73.3115259,-40.2756515,60
-73.3114741,-40.2757255,60
-73.3114602,-40.2758055,60
-73.3114571,-40.275894,60
-73.3114562,-40.2759841,60
-73.3114577,-40.2760791,60
-73.311459,-40.2761938,60
-73.3114594,-40.2763008,60
-73.3114595,-40.2764054,60
-73.3114592,-40.2764874,60
-73.3114587,-40.2765524,60
-73.3114589,-40.276603,60
-73.3114587,-40.2766736,60
-73.3114588,-40.2767616,60
-73.3114581,-40.2768515,60
-73.3114584,-40.2769269,60
-73.3114586,-40.2769967,60
-73.3114584,-40.2770833,60
-73.3114585,-40.2771608,60
-73.3114586,-40.2772425,60
-73.3114585,-40.2773459,60
-73.3114577,-40.2774545,60
-73.311449,-40.2775445,60
-73.3114173,-40.2776195,60
-73.3113797,-40.2776735,60
-73.3113293,-40.2777261,60
-73.3112677,-40.2777829,60
-73.311212,-40.2778243,60
-73.3111795,-40.2778252,60
-73.311161,-40.2778098,60
-73.3111583,-40.2777715,60
-73.3111572,-40.277719,60
-73.3111567,-40.2776423,60
-73.311157,-40.2775511,60
-73.3111569,-40.2774604,60
-73.3111564,-40.2773583,60
-73.3111566,-40.2772446,60
-73.3111569,-40.2771226,60
-73.311157,-40.2770147,60
-73.3111575,-40.2768954,60
-73.311157,-40.276788,60
-73.3111572,-40.2766685,60
-73.3111571,-40.2765544,60
-73.3111572,-40.2764532,60
-73.3111574,-40.2763589,60
-73.3111574,-40.2762682,60
-73.3111575,-40.2761615,60
-73.3111552,-40.2760714,60
-73.3111474,-40.2760107,60
-73.3111267,-40.2759757,60
-73.3110818,-40.2759766,60
-73.3110283,-40.2760053,60
-73.3109772,-40.2760356,60
-73.3109091,-40.2760891,60
-73.3108629,-40.2761665,60
-73.3108553,-40.2762545,60
-73.3108561,-40.2763406,60
-73.3108569,-40.2764413,60
-73.3108573,-40.2765149,60
-73.310857,-40.2765683,60
-73.3108572,-40.2766026,60
-73.310857,-40.2766327,60
-73.3108578,-40.2766871,60
-73.310858,-40.2767621,60
-73.3108576,-40.276853,60
-73.3108576,-40.276946,60
-73.3108578,-40.2770595,60
-73.3108574,-40.2771807,60
-73.3108575,-40.2772908,60
-73.3108574,-40.2774117,60
-73.3108574,-40.2775305,60
-73.3108575,-40.2776374,60
-73.3108575,-40.2777338,60
-73.3108575,-40.2778343,60
-73.3108571,-40.2779316,60
-73.3108565,-40.2780267,60
-73.3108519,-40.2780948,60
-73.3108182,-40.2781695,60
-73.310747,-40.2782387,60
-73.3106596,-40.2782971,60
-73.3106138,-40.2783138,60
-73.3105721,-40.2783028,60
-73.3105572,-40.2782668,60
-73.3105553,-40.2782255,60
-73.310555,-40.2781605,60
-73.3105551,-40.2780868,60
-73.3105548,-40.2779921,60
-73.3105552,-40.2778922,60
-73.3105552,-40.2777917,60
-73.3105552,-40.2776765,60
-73.3105552,-40.2775652,60
-73.3105552,-40.2774832,60
-73.3105555,-40.2773845,60
-73.3105552,-40.2772725,60
-73.310555,-40.2771667,60
-73.3105558,-40.277043,60
-73.3105564,-40.2769232,60
-73.3105559,-40.276819,60
-73.310556,-40.2767141,60
-73.3105554,-40.2765992,60
-73.3105553,-40.2764947,60
-73.3105506,-40.2764065,60
-73.3105441,-40.2763554,60
-73.3105219,-40.2763492,60
-73.3104897,-40.2763704,60
-73.3104421,-40.2763737,60
-73.3103765,-40.2763674,60
-73.3103055,-40.2763532,60
-73.3102641,-40.2763507,60
-73.3102524,-40.2763684,60
-73.3102547,-40.2764053,60
-73.3102547,-40.2764581,60
-73.3102548,-40.2765227,60
-73.3102553,-40.2766093,60
-73.3102553,-40.2767111,60
-73.3102555,-40.2768183,60
-73.3102557,-40.2769195,60
-73.310256,-40.2770378,60
-73.3102558,-40.2771588,60
-73.3102552,-40.2772657,60
-73.310256,-40.277384,60
-73.310256,-40.277502,60
-73.3102556,-40.2776088,60
-73.3102557,-40.2777257,60
-73.3102557,-40.2778336,60
-73.3102556,-40.2779526,60
-73.3102554,-40.278071,60
-73.3102556,-40.2781625,60
-73.3102553,-40.2782628,60
-73.3102513,-40.2783667,60
-73.3102331,-40.2784285,60
-73.3101749,-40.2784743,60
-73.3100965,-40.2784987,60
-73.3100261,-40.2785077,60
-73.3099765,-40.2784865,60
-73.3099572,-40.2784427,60
-73.309954,-40.2783952,60
-73.3099533,-40.2783252,60
-73.3099533,-40.2782377,60
-73.3099536,-40.2781365,60
-73.3099534,-40.2780356,60
-73.3099533,-40.2779212,60
-73.3099533,-40.277812,60
-73.3099538,-40.2776896,60
-73.3099537,-40.2775681,60
-73.3099536,-40.2774596,60
-73.3099538,-40.2773396,60
-73.3099538,-40.2772206,60
-73.309954,-40.277116,60
-73.3099536,-40.2769958,60
-73.309954,-40.2768764,60
-73.3099542,-40.2767697,60
-73.3099542,-40.2766513,60
-73.3099543,-40.276532,60
-73.3099543,-40.2764262,60
-73.3099521,-40.2763121,60
-73.3099431,-40.2762364,60
-73.3099258,-40.2761927,60
-73.3098848,-40.2761847,60
-73.3098389,-40.27621,60
-73.3097906,-40.2762362,60
-73.3097221,-40.2762777,60
-73.3096676,-40.2763458,60
-73.3096534,-40.2764187,60
-73.3096533,-40.2765074,60
-73.3096536,-40.2766073,60
-73.3096536,-40.2767067,60
-73.3096537,-40.2768256,60
-73.3096538,-40.2769473,60
-73.3096539,-40.2770557,60
-73.3096541,-40.2771744,60
-73.309654,-40.2772931,60
-73.3096545,-40.2773999,60
-73.3096544,-40.277518,60
-73.3096543,-40.2776364,60
-73.309654,-40.2777434,60
-73.3096541,-40.2778619,60
-73.3096538,-40.277968,60
-73.3096545,-40.2780832,60
-73.3096546,-40.2782018,60
-73.3096526,-40.2783159,60
-73.3096414,-40.2783815,60
-73.3096131,-40.2784157,60
-73.3095642,-40.2784192,60
-73.309508,-40.2784,60
-73.3094405,-40.2783691,60
-73.3093793,-40.2783126,60
-73.3093558,-40.2782444,60
-73.309353,-40.2781622,60
-73.3093524,-40.2780689,60
-73.3093525,-40.2779752,60
-73.309352,-40.2778597,60
-73.3093522,-40.27775,60
-73.3093524,-40.2776282,60
-73.3093528,-40.2775083,60
-73.3093526,-40.2773891,60
-73.3093525,-40.2772839,60
-73.3093522,-40.2771655,60
-73.3093526,-40.2770592,60
-73.3093524,-40.2769415,60
-73.3093526,-40.2768222,60
-73.3093521,-40.276718,60
-73.3093475,-40.2766453,60
-73.3093398,-40.2766235,60
-73.3093271,-40.2766276,60
-73.3093045,-40.2766557,60
-73.3092695,-40.2766942,60
-73.3092181,-40.2767506,60
-73.3091605,-40.276814,60
-73.3090944,-40.276898,60
-73.3090569,-40.2769998,60
-73.3090504,-40.2770989,60
-73.309051,-40.2772132,60
-73.3090516,-40.2773329,60
-73.3090523,-40.2774429,60
-73.3090524,-40.2775628,60
-73.3090517,-40.2776692,60
-73.3090518,-40.2777878,60
-73.3090508,-40.2779005,60
-73.3090498,-40.2780056,60
-73.3090408,-40.2780648,60
-73.3090193,-40.2780936,60
-73.30898,-40.2780923,60
-73.3089404,-40.2780673,60
-73.3088909,-40.27803,60
-73.3088311,-40.2779811,60
-73.3087736,-40.2779071,60
-73.3087492,-40.2778138,60
-73.3087492,-40.2777147,60
-73.3087502,-40.2776153,60
-73.3087509,-40.2775054,60
-73.3087507,-40.2774079,60
-73.3087509,-40.2773392,60
-73.3087515,-40.2773029,60
-73.3087507,-40.2772859,60
-73.3087513,-40.2772811,60
</coordinates></LineString>
</Placemark>
<Placemark>
<name>DJI_202603261331_011_ELDESCANSO004_Timestamp.MRK</name>
<description>Equipo: M3E | Fecha: 26-03-2026 | Puntos: 31</description>
<styleUrl>#m3e</styleUrl>
<LineString><altitudeMode>relativeToGround</altitudeMode><coordinates>
-73.3096421,-40.2767394,60
-73.3096422,-40.2767098,60
-73.3096421,-40.2766614,60
-73.3096427,-40.2765876,60
-73.3096433,-40.2764989,60
-73.3096433,-40.2763969,60
-73.309642,-40.2762954,60
-73.3096248,-40.2761881,60
-73.3095754,-40.2761109,60
-73.3094926,-40.2760351,60
-73.3094203,-40.2759793,60
-73.3093775,-40.2759614,60
-73.3093481,-40.2759816,60
-73.3093441,-40.2760239,60
-73.3093426,-40.2760695,60
-73.3093428,-40.2761398,60
-73.3093431,-40.2762272,60
-73.309343,-40.2763174,60
-73.3093428,-40.276429,60
-73.3093422,-40.2765495,60
-73.309342,-40.2766597,60
-73.3093416,-40.2767806,60
-73.3093417,-40.2768981,60
-73.3093403,-40.2770042,60
-73.3093217,-40.2771106,60
-73.3092669,-40.2772001,60
-73.3091915,-40.2772736,60
-73.3091172,-40.2773337,60
-73.3090754,-40.277349,60
-73.3090482,-40.277332,60
-73.3090413,-40.277296,60
</coordinates></LineString>
</Placemark>
<Placemark>
<name>DJI_202603261349_001_ELDESCANSO005_Timestamp.MRK</name>
<description>Equipo: M3E | Fecha: 26-03-2026 | Puntos: 343</description>
<styleUrl>#m3e</styleUrl>
<LineString><altitudeMode>relativeToGround</altitudeMode><coordinates>
-73.312961,-40.2754964,60
-73.3129618,-40.275525,60
-73.312961,-40.2755808,60
-73.3129614,-40.2756562,60
-73.3129612,-40.2757458,60
-73.3129619,-40.2758361,60
-73.3129615,-40.2759218,60
-73.3129542,-40.2759861,60
-73.3129483,-40.2760082,60
-73.3129295,-40.2760013,60
-73.3129184,-40.2759783,60
-73.3129014,-40.275936,60
-73.3128764,-40.2758712,60
-73.3128457,-40.2757891,60
-73.3128128,-40.2757042,60
-73.3127723,-40.2755995,60
-73.3127335,-40.275498,60
-73.3126949,-40.2754123,60
-73.3126649,-40.2753753,60
-73.3126532,-40.2753796,60
-73.3126613,-40.2754082,60
-73.3126614,-40.2754439,60
-73.3126612,-40.2755014,60
-73.3126609,-40.2755784,60
-73.3126605,-40.2756605,60
-73.3126602,-40.2757534,60
-73.3126605,-40.2758678,60
-73.3126598,-40.2759888,60
-73.3126598,-40.2761088,60
-73.3126603,-40.2762178,60
-73.3126609,-40.2763353,60
-73.3126608,-40.2764392,60
-73.3126611,-40.2765591,60
-73.312661,-40.2766781,60
-73.3126605,-40.2767853,60
-73.3126505,-40.2769019,60
-73.31261,-40.2769985,60
-73.3125514,-40.2770699,60
-73.3124772,-40.2771426,60
-73.3124162,-40.2771924,60
-73.3123827,-40.2771968,60
-73.3123633,-40.2771719,60
-73.3123601,-40.2771336,60
-73.3123595,-40.2770834,60
-73.3123596,-40.2770086,60
-73.3123593,-40.2769213,60
-73.3123597,-40.2768295,60
-73.3123595,-40.2767218,60
-73.312359,-40.2766235,60
-73.3123595,-40.2765351,60
-73.3123598,-40.276426,60
-73.3123604,-40.2763084,60
-73.31236,-40.2762,60
-73.3123594,-40.2760677,60
-73.3123599,-40.2759619,60
-73.3123593,-40.2758769,60
-73.3123598,-40.2757799,60
-73.3123609,-40.2756649,60
-73.3123612,-40.2755543,60
-73.3123614,-40.2754319,60
-73.3123607,-40.2753122,60
-73.3123521,-40.2752207,60
-73.3123341,-40.2751805,60
-73.3122924,-40.2751674,60
-73.3122449,-40.2751863,60
-73.3121982,-40.2752136,60
-73.3121304,-40.275261,60
-73.3120787,-40.2753248,60
-73.3120573,-40.2754119,60
-73.3120589,-40.2755054,60
-73.3120591,-40.2755973,60
-73.3120596,-40.2757221,60
-73.3120589,-40.2758294,60
-73.3120595,-40.2759504,60
-73.3120597,-40.2760702,60
-73.3120594,-40.2761776,60
-73.3120599,-40.2762972,60
-73.3120595,-40.2764037,60
-73.3120601,-40.2765226,60
-73.3120602,-40.2766402,60
-73.3120594,-40.2767467,60
-73.3120588,-40.2768638,60
-73.3120607,-40.2769841,60
-73.3120606,-40.2770918,60
-73.3120604,-40.2772066,60
-73.3120517,-40.2773016,60
-73.3120161,-40.2773618,60
-73.3119504,-40.2773982,60
-73.3118658,-40.2774235,60
-73.3118128,-40.2774235,60
-73.311772,-40.2773978,60
-73.3117625,-40.277352,60
-73.3117593,-40.2773018,60
-73.3117587,-40.2772273,60
-73.3117584,-40.2771377,60
-73.311758,-40.2770447,60
-73.311758,-40.276931,60
-73.3117575,-40.2768244,60
-73.311757,-40.2767024,60
-73.3117574,-40.2765814,60
-73.3117582,-40.2764622,60
-73.3117584,-40.2763559,60
-73.3117582,-40.2762423,60
-73.3117578,-40.2761256,60
-73.311758,-40.2760189,60
-73.311758,-40.2758968,60
-73.3117588,-40.2757744,60
-73.3117578,-40.275669,60
-73.3117465,-40.2755892,60
-73.3117197,-40.2755549,60
-73.3116732,-40.2755543,60
-73.3116317,-40.2755775,60
-73.3115741,-40.2756137,60
-73.3115124,-40.2756629,60
-73.3114676,-40.2757435,60
-73.3114587,-40.2758306,60
-73.3114564,-40.2759083,60
-73.3114571,-40.2760034,60
-73.3114574,-40.2760992,60
-73.3114583,-40.2762162,60
-73.311458,-40.276339,60
-73.3114574,-40.2764607,60
-73.3114575,-40.2765599,60
-73.311458,-40.2766532,60
-73.3114591,-40.2767441,60
-73.3114592,-40.2768318,60
-73.3114592,-40.27694,60
-73.3114586,-40.2770589,60
-73.3114587,-40.2771645,60
-73.3114592,-40.2772799,60
-73.3114584,-40.2773982,60
-73.3114549,-40.2774974,60
-73.3114333,-40.2775944,60
-73.3113883,-40.2776788,60
-73.3113143,-40.2777467,60
-73.3112359,-40.2778058,60
-73.3111961,-40.2778279,60
-73.3111689,-40.2778178,60
-73.3111589,-40.2777822,60
-73.3111583,-40.2777369,60
-73.3111576,-40.2776783,60
-73.3111573,-40.2775952,60
-73.3111574,-40.277501,60
-73.3111574,-40.2774081,60
-73.3111571,-40.2772898,60
-73.3111572,-40.277166,60
-73.3111566,-40.2770568,60
-73.3111562,-40.2769368,60
-73.3111562,-40.2768175,60
-73.3111566,-40.27671,60
-73.3111571,-40.2765917,60
-73.3111576,-40.2764755,60
-73.3111568,-40.2763784,60
-73.3111569,-40.2762711,60
-73.3111577,-40.2761536,60
-73.3111554,-40.2760592,60
-73.3111416,-40.2759947,60
-73.3111174,-40.2759575,60
-73.3110745,-40.2759631,60
-73.3110401,-40.2759935,60
-73.3109924,-40.2760264,60
-73.3109336,-40.2760676,60
-73.3108754,-40.2761379,60
-73.3108518,-40.2762219,60
-73.3108555,-40.2763051,60
-73.3108565,-40.2764068,60
-73.3108567,-40.2765107,60
-73.3108568,-40.2765891,60
-73.3108575,-40.2766798,60
-73.3108574,-40.2767804,60
-73.3108575,-40.2768774,60
-73.3108572,-40.2769936,60
-73.310857,-40.2771148,60
-73.310857,-40.2772246,60
-73.3108573,-40.2773432,60
-73.3108576,-40.2774594,60
-73.3108572,-40.2775739,60
-73.3108573,-40.2776475,60
-73.3108579,-40.2777271,60
-73.3108575,-40.2778112,60
-73.3108568,-40.2779162,60
-73.3108565,-40.2780173,60
-73.3108457,-40.2781061,60
-73.3108045,-40.2781866,60
-73.310724,-40.278253,60
-73.3106445,-40.2783016,60
-73.3105974,-40.2783153,60
-73.3105677,-40.2782945,60
-73.3105583,-40.2782585,60
-73.3105561,-40.2782086,60
-73.3105557,-40.278138,60
-73.3105557,-40.2780502,60
-73.3105557,-40.2779627,60
-73.310555,-40.277851,60
-73.3105554,-40.2777426,60
-73.3105554,-40.2776275,60
-73.3105558,-40.2775078,60
-73.310555,-40.2774231,60
-73.3105552,-40.2773233,60
-73.3105557,-40.2772102,60
-73.3105559,-40.2771039,60
-73.310556,-40.2769862,60
-73.3105557,-40.2768638,60
-73.3105551,-40.2767544,60
-73.3105553,-40.2766624,60
-73.3105556,-40.2765538,60
-73.3105542,-40.276452,60
-73.3105486,-40.2763812,60
-73.3105328,-40.2763507,60
-73.3105034,-40.2763578,60
-73.3104762,-40.276373,60
-73.3104297,-40.2763725,60
-73.310361,-40.2763644,60
-73.3102934,-40.2763512,60
-73.3102613,-40.2763516,60
-73.3102534,-40.2763783,60
-73.3102555,-40.2764186,60
-73.3102555,-40.2764715,60
-73.3102556,-40.2765472,60
-73.3102557,-40.2766284,60
-73.3102557,-40.2767216,60
-73.310256,-40.2767792,60
-73.3102558,-40.2768267,60
-73.3102557,-40.276899,60
-73.3102552,-40.2769877,60
-73.3102553,-40.2770781,60
-73.3102556,-40.2771901,60
-73.3102559,-40.2773099,60
-73.3102552,-40.2774193,60
-73.3102555,-40.2775328,60
-73.3102553,-40.2776516,60
-73.3102544,-40.2777603,60
-73.3102554,-40.2778819,60
-73.3102558,-40.2780013,60
-73.3102554,-40.2781092,60
-73.3102559,-40.2782239,60
-73.3102537,-40.2783387,60
-73.3102403,-40.2784181,60
-73.3101959,-40.2784624,60
-73.3101202,-40.2784918,60
-73.3100458,-40.2785059,60
-73.3099911,-40.278497,60
-73.309962,-40.2784586,60
-73.309956,-40.2784129,60
-73.3099544,-40.2783492,60
-73.309954,-40.2782665,60
-73.3099539,-40.2781793,60
-73.3099537,-40.2780714,60
-73.3099537,-40.2779535,60
-73.3099537,-40.277832,60
-73.3099539,-40.2777235,60
-73.3099541,-40.2776067,60
-73.3099544,-40.2774876,60
-73.3099541,-40.2773799,60
-73.3099537,-40.2772606,60
-73.309954,-40.2771537,60
-73.3099539,-40.2770342,60
-73.3099541,-40.2769153,60
-73.3099541,-40.2768083,60
-73.3099537,-40.2766896,60
-73.3099537,-40.2765719,60
-73.3099536,-40.2764652,60
-73.3099534,-40.2763469,60
-73.3099465,-40.2762549,60
-73.3099304,-40.2762008,60
-73.3098945,-40.2761831,60
-73.30985,-40.2762029,60
-73.3097988,-40.2762327,60
-73.3097389,-40.2762662,60
-73.3096773,-40.2763284,60
-73.3096536,-40.2764085,60
-73.3096546,-40.2764862,60
-73.3096541,-40.2765819,60
-73.3096547,-40.2766783,60
-73.3096547,-40.276795,60
-73.3096545,-40.2769174,60
-73.3096549,-40.2770271,60
-73.309655,-40.2771473,60
-73.3096548,-40.2772662,60
-73.3096546,-40.2773729,60
-73.3096549,-40.2774916,60
-73.3096542,-40.2776087,60
-73.3096541,-40.277715,60
-73.309654,-40.2778334,60
-73.3096544,-40.2779514,60
-73.3096541,-40.2780579,60
-73.3096542,-40.2781545,60
-73.3096537,-40.278258,60
-73.3096486,-40.2783571,60
-73.3096301,-40.2784041,60
-73.3095823,-40.2784192,60
-73.3095325,-40.2784079,60
-73.309471,-40.2783833,60
-73.3093999,-40.2783376,60
-73.3093599,-40.278267,60
-73.3093538,-40.2781973,60
-73.3093525,-40.2781094,60
-73.3093527,-40.2780081,60
-73.3093532,-40.2779078,60
-73.309353,-40.2777881,60
-73.3093531,-40.2776784,60
-73.3093526,-40.2775577,60
-73.3093525,-40.2774384,60
-73.3093523,-40.2773312,60
-73.3093525,-40.2772122,60
-73.3093522,-40.2770936,60
-73.3093523,-40.2769799,60
-73.3093529,-40.2768758,60
-73.3093529,-40.2767567,60
-73.3093488,-40.2766637,60
-73.3093425,-40.2766257,60
-73.3093299,-40.2766238,60
-73.3093081,-40.2766517,60
-73.3092793,-40.2766846,60
-73.3092298,-40.2767378,60
-73.3091676,-40.2768066,60
-73.3091071,-40.2768807,60
-73.3090613,-40.2769782,60
-73.3090519,-40.2770859,60
-73.3090523,-40.2771776,60
-73.3090528,-40.277287,60
-73.3090523,-40.2773938,60
-73.3090526,-40.2775149,60
-73.3090522,-40.2776314,60
-73.3090525,-40.2777422,60
-73.3090529,-40.2778396,60
-73.3090524,-40.2779511,60
-73.3090482,-40.2780366,60
-73.3090333,-40.2780846,60
-73.3089955,-40.2780943,60
-73.3089537,-40.2780749,60
-73.3089146,-40.2780465,60
-73.3088534,-40.2779993,60
-73.3087949,-40.2779397,60
-73.3087559,-40.2778523,60
-73.3087496,-40.2777547,60
-73.3087503,-40.2776602,60
-73.308751,-40.2775358,60
-73.3087513,-40.2774457,60
-73.3087508,-40.277366,60
-73.3087517,-40.2773128,60
-73.3087515,-40.2772912,60
-73.308751,-40.2772815,60
</coordinates></LineString>
</Placemark>
<Placemark>
<name>DJI_202603261349_002_ELDESCANSO004_Timestamp.MRK</name>
<description>Equipo: M3E | Fecha: 26-03-2026 | Puntos: 184</description>
<styleUrl>#m3e</styleUrl>
<LineString><altitudeMode>relativeToGround</altitudeMode><coordinates>
-73.309643,-40.2767422,60
-73.309643,-40.2767206,60
-73.3096427,-40.2766727,60
-73.3096426,-40.2766105,60
-73.3096426,-40.2765254,60
-73.3096429,-40.2764271,60
-73.3096427,-40.2763171,60
-73.309632,-40.2762171,60
-73.3095882,-40.2761267,60
-73.3095107,-40.2760485,60
-73.3094378,-40.2759926,60
-73.3093897,-40.2759679,60
-73.3093571,-40.2759767,60
-73.309345,-40.2760097,60
-73.3093428,-40.2760533,60
-73.3093428,-40.2761096,60
-73.3093429,-40.27619,60
-73.3093427,-40.2762853,60
-73.3093431,-40.2763823,60
-73.3093427,-40.2764987,60
-73.3093422,-40.2766209,60
-73.3093425,-40.2767308,60
-73.309343,-40.2768505,60
-73.3093425,-40.276969,60
-73.3093314,-40.2770816,60
-73.3092949,-40.277165,60
-73.3092177,-40.2772489,60
-73.3091444,-40.2773144,60
-73.309092,-40.2773477,60
-73.3090575,-40.2773409,60
-73.309044,-40.2773115,60
-73.3090417,-40.2772685,60
-73.3090413,-40.2772058,60
-73.3090415,-40.2771323,60
-73.3090416,-40.2770377,60
-73.3090414,-40.2769292,60
-73.3090415,-40.2768246,60
-73.3090414,-40.2767026,60
-73.3090415,-40.2765816,60
-73.3090413,-40.2764625,60
-73.3090414,-40.2763557,60
-73.3090414,-40.276237,60
-73.3090413,-40.2761182,60
-73.3090411,-40.2760115,60
-73.3090412,-40.2758931,60
-73.30904,-40.275787,60
-73.3090252,-40.2756803,60
-73.3089748,-40.2755929,60
-73.3088894,-40.2755163,60
-73.3088214,-40.2754664,60
-73.3087754,-40.2754502,60
-73.3087488,-40.2754683,60
-73.3087417,-40.2755043,60
-73.3087406,-40.2755539,60
-73.3087407,-40.2756166,60
-73.3087414,-40.2757025,60
-73.3087417,-40.2758027,60
-73.3087419,-40.2759128,60
-73.3087417,-40.2760201,60
-73.3087414,-40.2761429,60
-73.3087416,-40.2762644,60
-73.3087416,-40.2763717,60
-73.3087418,-40.2764904,60
-73.3087413,-40.2766087,60
-73.3087412,-40.2767147,60
-73.3087414,-40.2768321,60
-73.3087418,-40.2769508,60
-73.3087416,-40.2770574,60
-73.3087415,-40.2771674,60
-73.3087417,-40.2772595,60
-73.3087412,-40.2773696,60
-73.3087408,-40.2774853,60
-73.3087285,-40.2775866,60
-73.3086885,-40.2776495,60
-73.3086103,-40.2777102,60
-73.3085361,-40.2777488,60
-73.308486,-40.2777588,60
-73.3084503,-40.2777353,60
-73.308442,-40.2776939,60
-73.3084408,-40.2776466,60
-73.3084403,-40.2775751,60
-73.3084403,-40.277487,60
-73.30844,-40.2773967,60
-73.3084402,-40.2772831,60
-73.3084399,-40.2771627,60
-73.3084402,-40.2770532,60
-73.3084403,-40.2769333,60
-73.3084405,-40.2768144,60
-73.3084403,-40.2767076,60
-73.3084405,-40.2765892,60
-73.3084401,-40.2764709,60
-73.30844,-40.2763641,60
-73.3084399,-40.2762455,60
-73.30844,-40.2761269,60
-73.3084404,-40.2760198,60
-73.3084404,-40.2759058,60
-73.3084399,-40.2758063,60
-73.30844,-40.2756888,60
-73.3084403,-40.2755685,60
-73.3084361,-40.2754686,60
-73.3084243,-40.2754174,60
-73.3083882,-40.2753929,60
-73.3083327,-40.2754025,60
-73.308283,-40.275427,60
-73.3082158,-40.2754658,60
-73.3081579,-40.2755323,60
-73.3081409,-40.2756116,60
-73.30814,-40.2756909,60
-73.3081398,-40.2757943,60
-73.3081396,-40.2758969,60
-73.3081399,-40.2760175,60
-73.3081399,-40.2761271,60
-73.3081402,-40.2762473,60
-73.3081397,-40.2763662,60
-73.3081396,-40.2764844,60
-73.3081396,-40.2765911,60
-73.3081396,-40.2767093,60
-73.3081397,-40.2768163,60
-73.3081396,-40.2769332,60
-73.3081398,-40.2770507,60
-73.3081392,-40.2771582,60
-73.3081393,-40.2772788,60
-73.3081413,-40.2773958,60
-73.30814,-40.2774964,60
-73.3081396,-40.2776142,60
-73.3081378,-40.2777256,60
-73.3081304,-40.2778001,60
-73.3080993,-40.2778353,60
-73.3080372,-40.2778515,60
-73.3079642,-40.2778492,60
-73.3078964,-40.2778326,60
-73.3078514,-40.2777908,60
-73.3078403,-40.2777395,60
-73.3078385,-40.2776734,60
-73.3078381,-40.2775898,60
-73.3078384,-40.2775037,60
-73.3078383,-40.2773962,60
-73.3078384,-40.2772752,60
-73.3078388,-40.2771525,60
-73.3078387,-40.2770442,60
-73.3078387,-40.2769254,60
-73.3078386,-40.2768065,60
-73.3078385,-40.2767,60
-73.3078386,-40.2765811,60
-73.3078379,-40.2764741,60
-73.3078386,-40.2763559,60
-73.3078382,-40.2762372,60
-73.3078377,-40.2761185,60
-73.3078318,-40.276038,60
-73.307819,-40.2759974,60
-73.3077957,-40.275995,60
-73.3077776,-40.2760158,60
-73.3077529,-40.2760532,60
-73.3077168,-40.2761114,60
-73.3076755,-40.276179,60
-73.3076216,-40.2762665,60
-73.3075689,-40.2763667,60
-73.3075439,-40.2764676,60
-73.3075394,-40.2765872,60
-73.3075388,-40.2766954,60
-73.3075389,-40.276815,60
-73.3075388,-40.2769337,60
-73.3075388,-40.2770525,60
-73.307539,-40.2771587,60
-73.3075386,-40.2772771,60
-73.3075387,-40.2773937,60
-73.3075388,-40.2774999,60
-73.3075368,-40.2776028,60
-73.3075287,-40.2776493,60
-73.3075214,-40.2776648,60
-73.3074983,-40.2776487,60
-73.307469,-40.2776192,60
-73.3074193,-40.2775854,60
-73.3073408,-40.2775398,60
-73.3072748,-40.2774874,60
-73.3072431,-40.2774185,60
-73.3072373,-40.2773419,60
-73.3072372,-40.2772627,60
-73.3072365,-40.2771621,60
-73.3072369,-40.2770497,60
-73.3072381,-40.276972,60
-73.3072379,-40.2769416,60
-73.3072371,-40.2769283,60
-73.3072372,-40.2769258,60
</coordinates></LineString>
</Placemark>
<Placemark>
<name>DJI_202603261349_003_ELDESCANSO003_Timestamp.MRK</name>
<description>Equipo: M3E | Fecha: 26-03-2026 | Puntos: 576</description>
<styleUrl>#m3e</styleUrl>
<LineString><altitudeMode>relativeToGround</altitudeMode><coordinates>
-73.3083252,-40.2756338,60
-73.3083254,-40.2756118,60
-73.3083275,-40.2755656,60
-73.3083365,-40.2755382,60
-73.3083561,-40.2755401,60
-73.3083739,-40.2755604,60
-73.3084006,-40.2755935,60
-73.3084447,-40.2756499,60
-73.3085012,-40.2757218,60
-73.3085568,-40.2757828,60
-73.308592,-40.2758096,60
-73.3086194,-40.275798,60
-73.3086255,-40.2757697,60
-73.3086264,-40.2757257,60
-73.3086261,-40.2756597,60
-73.3086259,-40.2755848,60
-73.3086256,-40.2754874,60
-73.3086259,-40.2753791,60
-73.3086261,-40.2752766,60
-73.3086262,-40.2751625,60
-73.3086262,-40.2750408,60
-73.3086258,-40.2749395,60
-73.3086261,-40.2748403,60
-73.308626,-40.2747375,60
-73.3086269,-40.2746318,60
-73.3086261,-40.2745261,60
-73.3086258,-40.2744045,60
-73.3086252,-40.2742835,60
-73.3086253,-40.2741758,60
-73.3086252,-40.2740573,60
-73.3086251,-40.2739503,60
-73.3086253,-40.2738304,60
-73.3086255,-40.2737115,60
-73.3086253,-40.2736056,60
-73.3086249,-40.2734873,60
-73.3086247,-40.273368,60
-73.3086248,-40.2732612,60
-73.3086252,-40.2731429,60
-73.3086251,-40.273024,60
-73.3086247,-40.2729182,60
-73.3086253,-40.2727992,60
-73.3086252,-40.2726829,60
-73.3086256,-40.2725767,60
-73.3086252,-40.2724731,60
-73.3086265,-40.2723986,60
-73.3086365,-40.2723248,60
-73.3086697,-40.2722893,60
-73.3087312,-40.2722772,60
-73.3087955,-40.2722827,60
-73.3088718,-40.2723035,60
-73.3089178,-40.2723457,60
-73.3089251,-40.2724009,60
-73.3089267,-40.2724697,60
-73.3089268,-40.272554,60
-73.3089269,-40.2726411,60
-73.3089273,-40.2727505,60
-73.3089277,-40.2728673,60
-73.3089277,-40.2729772,60
-73.3089277,-40.2730979,60
-73.3089276,-40.2732163,60
-73.3089265,-40.273336,60
-73.3089269,-40.2734436,60
-73.3089266,-40.2735624,60
-73.3089269,-40.2736618,60
-73.3089273,-40.2737704,60
-73.3089275,-40.273887,60
-73.3089267,-40.2740035,60
-73.3089274,-40.2741075,60
-73.3089273,-40.2742263,60
-73.308927,-40.2743336,60
-73.3089266,-40.274453,60
-73.3089264,-40.2745717,60
-73.3089267,-40.274679,60
-73.3089264,-40.2747981,60
-73.3089262,-40.2749171,60
-73.3089265,-40.2750346,60
-73.3089267,-40.2751402,60
-73.3089266,-40.2752581,60
-73.308927,-40.2753773,60
-73.3089257,-40.2754822,60
-73.3089263,-40.2756003,60
-73.3089266,-40.2757126,60
-73.308927,-40.2757836,60
-73.3089268,-40.275857,60
-73.3089259,-40.2759478,60
-73.3089319,-40.2760368,60
-73.308963,-40.2761308,60
-73.3090257,-40.2761993,60
-73.3091124,-40.2762632,60
-73.309172,-40.2762918,60
-73.3092127,-40.2762827,60
-73.3092267,-40.2762511,60
-73.3092278,-40.2762073,60
-73.3092272,-40.2761438,60
-73.309227,-40.276071,60
-73.3092271,-40.2759754,60
-73.3092276,-40.2758686,60
-73.3092276,-40.2757638,60
-73.3092274,-40.2756427,60
-73.3092273,-40.2755253,60
-73.3092273,-40.2754171,60
-73.3092272,-40.2752963,60
-73.309227,-40.2751895,60
-73.3092268,-40.2750742,60
-73.3092268,-40.2749613,60
-73.3092267,-40.2748409,60
-73.3092267,-40.2747289,60
-73.3092265,-40.2746075,60
-73.3092264,-40.2744875,60
-73.3092261,-40.2743786,60
-73.3092263,-40.2742607,60
-73.3092263,-40.2741417,60
-73.3092265,-40.2740339,60
-73.3092262,-40.2739155,60
-73.3092257,-40.273809,60
-73.3092257,-40.2736898,60
-73.3092263,-40.2735707,60
-73.309226,-40.2734636,60
-73.3092266,-40.2733453,60
-73.3092271,-40.273227,60
-73.3092267,-40.2731206,60
-73.3092264,-40.2730041,60
-73.3092261,-40.2728861,60
-73.3092265,-40.2727809,60
-73.3092257,-40.2726909,60
-73.3092254,-40.2725934,60
-73.3092269,-40.2724979,60
-73.3092331,-40.2724188,60
-73.3092612,-40.2723718,60
-73.3093153,-40.2723648,60
-73.3093745,-40.2723809,60
-73.3094516,-40.272408,60
-73.3095086,-40.2724593,60
-73.3095255,-40.2725172,60
-73.3095276,-40.2725901,60
-73.3095282,-40.2726778,60
-73.3095288,-40.2727657,60
-73.3095282,-40.2728751,60
-73.3095291,-40.2729827,60
-73.3095286,-40.2731015,60
-73.3095288,-40.2732138,60
-73.3095286,-40.2733352,60
-73.3095284,-40.2734554,60
-73.3095283,-40.2735634,60
-73.3095283,-40.2736816,60
-73.3095283,-40.2738,60
-73.3095284,-40.2739061,60
-73.3095279,-40.2740243,60
-73.3095284,-40.2741428,60
-73.3095278,-40.2742495,60
-73.3095281,-40.2743676,60
-73.309528,-40.2744752,60
-73.3095283,-40.2745933,60
-73.309528,-40.2747091,60
-73.309529,-40.2748076,60
-73.3095279,-40.2749278,60
-73.3095275,-40.2750511,60
-73.3095278,-40.2751653,60
-73.3095277,-40.2752555,60
-73.3095277,-40.2753624,60
-73.3095277,-40.2754791,60
-73.3095277,-40.2755768,60
-73.3095276,-40.2756854,60
-73.3095273,-40.2757913,60
-73.3095277,-40.2759099,60
-73.3095276,-40.2760254,60
-73.3095278,-40.2761333,60
-73.3095278,-40.2762485,60
-73.309528,-40.2763445,60
-73.3095318,-40.2764337,60
-73.3095431,-40.2764829,60
-73.3095783,-40.2765075,60
-73.3096321,-40.2765011,60
-73.3096897,-40.2764788,60
-73.3097589,-40.2764403,60
-73.3098146,-40.2763745,60
-73.3098292,-40.2763045,60
-73.3098293,-40.2762192,60
-73.3098292,-40.2761224,60
-73.3098288,-40.2760248,60
-73.3098288,-40.2759072,60
-73.3098292,-40.2757855,60
-73.3098287,-40.2756767,60
-73.3098286,-40.2755571,60
-73.3098284,-40.2754387,60
-73.3098282,-40.2753305,60
-73.3098279,-40.2752115,60
-73.3098277,-40.2750925,60
-73.3098278,-40.274987,60
-73.3098282,-40.2748747,60
-73.3098285,-40.2747603,60
-73.3098285,-40.2746518,60
-73.309828,-40.2745407,60
-73.3098284,-40.2744387,60
-73.3098283,-40.2743369,60
-73.3098281,-40.2742153,60
-73.309828,-40.2740937,60
-73.3098281,-40.2739841,60
-73.309828,-40.2738641,60
-73.309828,-40.2737444,60
-73.3098279,-40.2736372,60
-73.3098281,-40.2735174,60
-73.3098281,-40.2733985,60
-73.3098281,-40.2732929,60
-73.3098277,-40.2731769,60
-73.3098285,-40.2730727,60
-73.3098279,-40.2729623,60
-73.3098281,-40.2728437,60
-73.3098283,-40.2727271,60
-73.3098301,-40.2726303,60
-73.3098418,-40.2725668,60
-73.3098778,-40.2725348,60
-73.3099311,-40.2725332,60
-73.3099964,-40.2725488,60
-73.3100709,-40.2725809,60
-73.3101152,-40.2726301,60
-73.3101282,-40.2726964,60
-73.3101298,-40.2727635,60
-73.3101295,-40.2728524,60
-73.3101294,-40.2729557,60
-73.3101297,-40.2730703,60
-73.3101299,-40.2731783,60
-73.3101302,-40.2732998,60
-73.3101301,-40.2734196,60
-73.3101299,-40.2735273,60
-73.3101296,-40.2736437,60
-73.3101295,-40.2737518,60
-73.310129,-40.2738684,60
-73.3101295,-40.2739866,60
-73.3101296,-40.2740937,60
-73.3101294,-40.2742129,60
-73.3101292,-40.2743331,60
-73.3101297,-40.2744496,60
-73.3101297,-40.2745557,60
-73.3101295,-40.274675,60
-73.3101296,-40.2747779,60
-73.3101302,-40.2748723,60
-73.3101293,-40.2749688,60
-73.3101296,-40.2750748,60
-73.3101297,-40.2751648,60
-73.3101294,-40.275262,60
-73.3101298,-40.2753614,60
-73.3101291,-40.2754764,60
-73.3101289,-40.2755894,60
-73.310129,-40.2756941,60
-73.310129,-40.2758135,60
-73.3101293,-40.2759172,60
-73.3101323,-40.2760083,60
-73.3101413,-40.2760566,60
-73.3101549,-40.276078,60
-73.3101835,-40.2760644,60
-73.3102087,-40.2760407,60
-73.3102527,-40.2759977,60
-73.3103087,-40.2759459,60
-73.3103793,-40.2758733,60
-73.3104218,-40.2757932,60
-73.3104322,-40.2757059,60
-73.3104303,-40.2756178,60
-73.3104303,-40.2755145,60
-73.3104302,-40.2753971,60
-73.3104299,-40.2752922,60
-73.3104298,-40.2751704,60
-73.3104295,-40.2750492,60
-73.3104294,-40.2749415,60
-73.3104301,-40.2748221,60
-73.3104301,-40.2747037,60
-73.3104302,-40.2745988,60
-73.3104301,-40.2744831,60
-73.3104302,-40.2743653,60
-73.3104304,-40.2742603,60
-73.3104296,-40.2741373,60
-73.3104297,-40.2740145,60
-73.3104299,-40.2739064,60
-73.3104295,-40.2737868,60
-73.3104294,-40.2736673,60
-73.3104296,-40.2735605,60
-73.3104299,-40.2734428,60
-73.3104297,-40.2733354,60
-73.3104289,-40.2732157,60
-73.3104298,-40.2730978,60
-73.3104303,-40.2730059,60
-73.3104289,-40.2729038,60
-73.3104318,-40.2727975,60
-73.3104445,-40.27273,60
-73.3104784,-40.2727069,60
-73.310534,-40.2727111,60
-73.310594,-40.2727341,60
-73.3106579,-40.2727678,60
-73.3107162,-40.2728315,60
-73.3107363,-40.2729014,60
-73.3107321,-40.2729809,60
-73.3107323,-40.2730822,60
-73.3107312,-40.2731929,60
-73.310731,-40.2732947,60
-73.3107313,-40.2734155,60
-73.3107311,-40.2735384,60
-73.3107311,-40.273647,60
-73.3107314,-40.2737531,60
-73.3107312,-40.2738496,60
-73.310731,-40.2739555,60
-73.310731,-40.2740583,60
-73.3107315,-40.2741743,60
-73.3107317,-40.2742712,60
-73.3107312,-40.2743893,60
-73.3107303,-40.2745119,60
-73.3107304,-40.2746206,60
-73.3107308,-40.2747394,60
-73.3107312,-40.2748499,60
-73.3107305,-40.2749471,60
-73.3107305,-40.2750628,60
-73.3107307,-40.2751722,60
-73.3107308,-40.2752924,60
-73.3107312,-40.2754057,60
-73.3107371,-40.2754934,60
-73.3107463,-40.2755311,60
-73.3107675,-40.2755296,60
-73.3107984,-40.2755108,60
-73.3108369,-40.275503,60
-73.3108749,-40.2755208,60
-73.3109138,-40.2755518,60
-73.3109644,-40.2755854,60
-73.3109946,-40.2755985,60
-73.3110231,-40.2755823,60
-73.3110314,-40.2755502,60
-73.3110338,-40.2755054,60
-73.3110326,-40.2754367,60
-73.3110322,-40.2753578,60
-73.3110317,-40.2752583,60
-73.3110317,-40.2751474,60
-73.3110313,-40.2750406,60
-73.3110311,-40.2749187,60
-73.3110308,-40.2747978,60
-73.3110305,-40.2746783,60
-73.3110307,-40.2745715,60
-73.3110306,-40.2744544,60
-73.3110305,-40.2743353,60
-73.3110305,-40.2742305,60
-73.311031,-40.2741219,60
-73.3110308,-40.2740171,60
-73.3110308,-40.2738957,60
-73.3110311,-40.273775,60
-73.3110308,-40.2736678,60
-73.3110309,-40.2735489,60
-73.3110312,-40.273445,60
-73.3110315,-40.2733271,60
-73.3110322,-40.2732233,60
-73.3110318,-40.2731703,60
-73.3110309,-40.2731148,60
-73.3110364,-40.2730395,60
-73.3110533,-40.2729956,60
-73.3110944,-40.2729775,60
-73.3111486,-40.2729873,60
-73.3112063,-40.2730125,60
-73.31127,-40.2730531,60
-73.3113215,-40.2731209,60
-73.3113326,-40.2732014,60
-73.3113334,-40.2732806,60
-73.3113323,-40.2733806,60
-73.3113319,-40.2734914,60
-73.3113316,-40.2735991,60
-73.3113318,-40.2737203,60
-73.3113321,-40.2738391,60
-73.311332,-40.2739389,60
-73.3113318,-40.2740488,60
-73.3113322,-40.2741641,60
-73.311332,-40.2742746,60
-73.3113324,-40.2743981,60
-73.3113326,-40.2745187,60
-73.3113325,-40.2746378,60
-73.3113326,-40.2747445,60
-73.3113326,-40.2748621,60
-73.3113333,-40.2749785,60
-73.3113326,-40.2750869,60
-73.3113325,-40.2752063,60
-73.3113326,-40.2753236,60
-73.3113323,-40.2754198,60
-73.3113326,-40.275532,60
-73.311333,-40.275632,60
-73.3113402,-40.2757289,60
-73.3113647,-40.2758011,60
-73.3114287,-40.2758582,60
-73.311502,-40.2758986,60
-73.3115711,-40.2759187,60
-73.3116179,-40.2759028,60
-73.3116329,-40.2758654,60
-73.3116346,-40.2758154,60
-73.3116346,-40.2757479,60
-73.3116342,-40.2756715,60
-73.3116335,-40.2755725,60
-73.3116335,-40.2754624,60
-73.311633,-40.2753559,60
-73.3116324,-40.2752344,60
-73.3116321,-40.2751144,60
-73.311632,-40.2750069,60
-73.3116318,-40.2748879,60
-73.3116319,-40.2747698,60
-73.3116316,-40.2746634,60
-73.3116322,-40.274545,60
-73.3116323,-40.2744338,60
-73.3116324,-40.274349,60
-73.3116327,-40.2742431,60
-73.3116325,-40.2741289,60
-73.3116323,-40.2740193,60
-73.3116323,-40.2738978,60
-73.3116323,-40.2737775,60
-73.3116321,-40.2736713,60
-73.3116333,-40.2735518,60
-73.3116337,-40.2734451,60
-73.3116369,-40.2733379,60
-73.3116538,-40.2732653,60
-73.311683,-40.2732419,60
-73.3117119,-40.2732652,60
-73.311737,-40.2732992,60
-73.3117817,-40.2733392,60
-73.3118356,-40.2733876,60
-73.3118926,-40.2734526,60
-73.3119282,-40.273541,60
-73.3119341,-40.273629,60
-73.3119343,-40.2737377,60
-73.3119345,-40.2738549,60
-73.3119343,-40.2739624,60
-73.3119345,-40.2740758,60
-73.3119339,-40.2741959,60
-73.3119346,-40.2743076,60
-73.3119342,-40.2744291,60
-73.3119348,-40.2745474,60
-73.3119343,-40.2746486,60
-73.311934,-40.2747675,60
-73.3119337,-40.2748891,60
-73.3119341,-40.2749883,60
-73.3119336,-40.2750852,60
-73.3119332,-40.2751917,60
-73.3119335,-40.2752881,60
-73.3119328,-40.2754054,60
-73.3119331,-40.2755291,60
-73.3119329,-40.2756392,60
-73.3119337,-40.275758,60
-73.3119428,-40.2758451,60
-73.3119608,-40.275881,60
-73.3119985,-40.2758856,60
-73.3120351,-40.2758596,60
-73.3120734,-40.275826,60
-73.3121335,-40.2757727,60
-73.3121957,-40.2757006,60
-73.3122305,-40.275618,60
-73.3122364,-40.2755165,60
-73.3122351,-40.2754081,60
-73.3122345,-40.2753029,60
-73.3122342,-40.2751817,60
-73.3122341,-40.2750606,60
-73.3122343,-40.2749539,60
-73.3122341,-40.2748348,60
-73.3122334,-40.2747169,60
-73.3122329,-40.2746098,60
-73.3122333,-40.2744906,60
-73.3122343,-40.2743744,60
-73.3122414,-40.2742978,60
-73.312257,-40.2742623,60
-73.3122847,-40.2742662,60
-73.3123056,-40.2742885,60
-73.312336,-40.2743286,60
-73.3123798,-40.2743885,60
-73.3124299,-40.2744552,60
-73.3124977,-40.2745371,60
-73.3125306,-40.2746023,60
-73.3125349,-40.2746616,60
-73.3125359,-40.2747396,60
-73.3125361,-40.2748333,60
-73.3125362,-40.2749284,60
-73.3125363,-40.2750451,60
-73.3125366,-40.2751667,60
-73.3125363,-40.2752758,60
-73.312536,-40.2753954,60
-73.3125363,-40.2755142,60
-73.3125395,-40.2756062,60
-73.3125556,-40.2756627,60
-73.3126001,-40.2756868,60
-73.3126544,-40.2756819,60
-73.3127204,-40.2756631,60
-73.3127929,-40.2756221,60
-73.3128278,-40.2755673,60
-73.3128365,-40.2754977,60
-73.3128374,-40.2754174,60
-73.3128361,-40.2753315,60
-73.312836,-40.2752257,60
-73.3128363,-40.2751093,60
-73.3128355,-40.2750021,60
-73.3128264,-40.274914,60
-73.3127892,-40.2748652,60
-73.3127263,-40.2748453,60
-73.312646,-40.2748421,60
-73.312548,-40.274842,60
-73.3124286,-40.2748421,60
-73.3123063,-40.2748422,60
-73.3121733,-40.2748425,60
-73.312013,-40.2748425,60
-73.3118531,-40.2748426,60
-73.3116957,-40.2748433,60
-73.3115559,-40.2748435,60
-73.3114009,-40.2748439,60
-73.3112453,-40.2748437,60
-73.3111057,-40.2748438,60
-73.3109492,-40.2748445,60
-73.3107932,-40.2748447,60
-73.310652,-40.2748443,60
-73.3105464,-40.2748438,60
-73.3104105,-40.2748448,60
-73.3102841,-40.2748445,60
-73.3101407,-40.2748453,60
-73.3099904,-40.2748455,60
-73.3098461,-40.2748455,60
-73.3096914,-40.2748452,60
-73.3095333,-40.2748459,60
-73.3093916,-40.2748458,60
-73.3092346,-40.2748462,60
-73.3090794,-40.2748462,60
-73.3089391,-40.2748467,60
-73.3087869,-40.274847,60
-73.3086553,-40.2748472,60
-73.30852,-40.2748464,60
-73.3084205,-40.2748398,60
-73.3083581,-40.2748106,60
-73.3083301,-40.2747629,60
-73.3083245,-40.2747012,60
-73.3083239,-40.2746249,60
-73.3083244,-40.274544,60
-73.3083242,-40.2744431,60
-73.3083244,-40.2743305,60
-73.3083247,-40.2742505,60
-73.3083252,-40.2741769,60
-73.3083243,-40.2740876,60
-73.3083244,-40.2739985,60
-73.3083237,-40.2738844,60
-73.3083247,-40.2737639,60
-73.308324,-40.2736624,60
-73.3083234,-40.2735489,60
-73.3083236,-40.2734321,60
-73.3083252,-40.2733292,60
-73.3083255,-40.2732185,60
-73.3083249,-40.2731149,60
-73.3083243,-40.2729992,60
-73.3083238,-40.2728929,60
-73.3083246,-40.2728095,60
-73.3083238,-40.2727188,60
-73.3083241,-40.2726281,60
-73.3083246,-40.2725239,60
-73.3083236,-40.2724216,60
-73.3083168,-40.2723398,60
-73.3083038,-40.2723073,60
-73.308285,-40.2723175,60
-73.3082694,-40.2723454,60
-73.3082456,-40.2723911,60
-73.308217,-40.2724489,60
-73.3081789,-40.2725249,60
-73.3081365,-40.2726104,60
-73.3080995,-40.2726862,60
-73.3080547,-40.2727856,60
-73.3080288,-40.2728986,60
-73.3080244,-40.2730131,60
-73.3080236,-40.2731205,60
-73.3080236,-40.2732409,60
-73.3080252,-40.2733367,60
-73.3080251,-40.2734424,60
-73.3080247,-40.2735603,60
-73.308024,-40.2736668,60
-73.3080235,-40.2737789,60
-73.3080238,-40.273892,60
-73.3080236,-40.2739817,60
-73.3080228,-40.2740558,60
-73.3080237,-40.2741337,60
-73.3080238,-40.2742011,60
-73.3080242,-40.274285,60
-73.3080248,-40.2743513,60
-73.308025,-40.2743861,60
-73.3080255,-40.2744024,60
-73.3080255,-40.2744052,60
</coordinates></LineString>
</Placemark>
<Placemark>
<name>DJI_202603261415_004_ELDESCANSO002_Timestamp.MRK</name>
<description>Equipo: M3E | Fecha: 26-03-2026 | Puntos: 408</description>
<styleUrl>#m3e</styleUrl>
<LineString><altitudeMode>relativeToGround</altitudeMode><coordinates>
-73.3080043,-40.2740843,60
-73.3080048,-40.2741101,60
-73.3080049,-40.2741565,60
-73.3080052,-40.2742273,60
-73.3080048,-40.2743109,60
-73.3080054,-40.2743692,60
-73.3080058,-40.2744007,60
-73.3080063,-40.2744384,60
-73.3080051,-40.274461,60
-73.3080056,-40.274462,60
-73.3080053,-40.2744707,60
-73.3080049,-40.2744993,60
-73.308005,-40.2745448,60
-73.3080051,-40.274605,60
-73.3080056,-40.2746771,60
-73.3080053,-40.2747687,60
-73.3080053,-40.2748634,60
-73.3080058,-40.274934,60
-73.3080061,-40.2749942,60
-73.3080064,-40.2750427,60
-73.3080066,-40.275102,60
-73.308005,-40.2751835,60
-73.3080052,-40.2752687,60
-73.3080049,-40.2753762,60
-73.3080046,-40.2754935,60
-73.3080054,-40.2756116,60
-73.3080058,-40.2757227,60
-73.3080059,-40.2758441,60
-73.3080061,-40.275947,60
-73.3080062,-40.2760636,60
-73.3080064,-40.2761828,60
-73.3080058,-40.2762938,60
-73.3080077,-40.2763701,60
-73.3080187,-40.2764246,60
-73.3080338,-40.276445,60
-73.3080604,-40.2764341,60
-73.308083,-40.2764054,60
-73.3081152,-40.276361,60
-73.3081562,-40.2763044,60
-73.3082112,-40.276227,60
-73.3082682,-40.2761356,60
-73.3082982,-40.2760407,60
-73.3083051,-40.2759252,60
-73.3083057,-40.275812,60
-73.3083063,-40.2757065,60
-73.308306,-40.2755953,60
-73.308306,-40.2754784,60
-73.3083057,-40.2753701,60
-73.3083062,-40.2752485,60
-73.3083057,-40.2751319,60
-73.308306,-40.27503,60
-73.3083053,-40.2749239,60
-73.3083052,-40.2748309,60
-73.3083051,-40.2747244,60
-73.3082916,-40.2746129,60
-73.3082462,-40.2745111,60
-73.3081719,-40.2744333,60
-73.3080793,-40.2743414,60
-73.3079879,-40.2742498,60
-73.3079057,-40.2741682,60
-73.3078184,-40.274083,60
-73.3077614,-40.2740392,60
-73.3077181,-40.2740295,60
-73.3077017,-40.2740567,60
-73.3077032,-40.2741003,60
-73.3077033,-40.2741519,60
-73.307704,-40.2742267,60
-73.3077037,-40.2743161,60
-73.3077035,-40.274403,60
-73.3077048,-40.2745065,60
-73.307705,-40.274605,60
-73.3077052,-40.2747024,60
-73.3077049,-40.2747794,60
-73.3077053,-40.2748712,60
-73.307705,-40.2749754,60
-73.3077047,-40.2750767,60
-73.3077046,-40.275195,60
-73.307705,-40.2753037,60
-73.3077055,-40.2754227,60
-73.3077056,-40.2755368,60
-73.3077053,-40.2756436,60
-73.307705,-40.2757628,60
-73.3077047,-40.2758725,60
-73.3077055,-40.27597,60
-73.3077051,-40.276085,60
-73.3077044,-40.2762051,60
-73.3077044,-40.2763133,60
-73.3077056,-40.2764115,60
-73.3077048,-40.2765276,60
-73.3077043,-40.2766349,60
-73.3077052,-40.2767554,60
-73.3077011,-40.2768748,60
-73.3076767,-40.2769769,60
-73.3076186,-40.277084,60
-73.3075559,-40.2771817,60
-73.3074965,-40.2772684,60
-73.3074474,-40.2773248,60
-73.3074107,-40.2773525,60
-73.3073952,-40.2773412,60
-73.3074015,-40.2773083,60
-73.3074046,-40.2772711,60
-73.3074048,-40.2772197,60
-73.3074042,-40.2771418,60
-73.307404,-40.2770517,60
-73.307404,-40.2769454,60
-73.3074043,-40.2768413,60
-73.3074039,-40.2767207,60
-73.3074034,-40.2766113,60
-73.3074031,-40.2764906,60
-73.3074026,-40.2763707,60
-73.3074027,-40.2762629,60
-73.3074029,-40.2761446,60
-73.307403,-40.2760291,60
-73.307403,-40.2759268,60
-73.3074034,-40.2758191,60
-73.3074034,-40.2757035,60
-73.3074043,-40.2756031,60
-73.3074044,-40.2754963,60
-73.3074047,-40.2753821,60
-73.3074043,-40.2752791,60
-73.307404,-40.2751588,60
-73.3074046,-40.2750371,60
-73.3074048,-40.2749288,60
-73.3074044,-40.2748097,60
-73.307404,-40.2746918,60
-73.3074027,-40.2745752,60
-73.3074029,-40.2744703,60
-73.3074036,-40.2743562,60
-73.307404,-40.2742383,60
-73.307404,-40.2741335,60
-73.3074027,-40.2740164,60
-73.3073931,-40.2739285,60
-73.3073603,-40.2738866,60
-73.3072941,-40.2738645,60
-73.3072147,-40.2738629,60
-73.3071517,-40.2738759,60
-73.3071115,-40.2739158,60
-73.3071034,-40.2739634,60
-73.3071027,-40.2740276,60
-73.3071029,-40.2741013,60
-73.3071033,-40.274162,60
-73.307104,-40.2742403,60
-73.3071038,-40.274335,60
-73.3071035,-40.2744409,60
-73.3071037,-40.2745444,60
-73.3071038,-40.2746667,60
-73.3071043,-40.2747882,60
-73.3071048,-40.2748957,60
-73.307104,-40.2750143,60
-73.3071037,-40.2751177,60
-73.3071046,-40.2752286,60
-73.3071042,-40.275308,60
-73.3071043,-40.2753613,60
-73.3071042,-40.2754055,60
-73.3071044,-40.2754646,60
-73.3071038,-40.2755329,60
-73.3071038,-40.2756257,60
-73.307103,-40.2757293,60
-73.3071026,-40.2758153,60
-73.3071031,-40.2758986,60
-73.3071029,-40.2760013,60
-73.3071036,-40.2761143,60
-73.3071031,-40.2762232,60
-73.3071033,-40.2763452,60
-73.3071038,-40.2764641,60
-73.3071038,-40.2765658,60
-73.3071035,-40.2766882,60
-73.307103,-40.2767954,60
-73.3071034,-40.2769143,60
-73.3071041,-40.2770344,60
-73.3071039,-40.2771427,60
-73.3071003,-40.2772409,60
-73.3070861,-40.2772872,60
-73.3070615,-40.2772904,60
-73.3070421,-40.2772693,60
-73.3070174,-40.2772325,60
-73.3069847,-40.2771818,60
-73.306938,-40.2771087,60
-73.3068834,-40.2770219,60
-73.3068308,-40.276923,60
-73.3068062,-40.2768223,60
-73.3068026,-40.2767027,60
-73.3068021,-40.2765814,60
-73.3068018,-40.2764723,60
-73.3068017,-40.2763523,60
-73.3068016,-40.276245,60
-73.3068018,-40.2761264,60
-73.3068014,-40.2760086,60
-73.3068013,-40.2759023,60
-73.3068021,-40.2757836,60
-73.3068013,-40.2756657,60
-73.3068012,-40.2755587,60
-73.3068015,-40.2754493,60
-73.3068008,-40.2753378,60
-73.3068011,-40.2752165,60
-73.3068006,-40.2751069,60
-73.3068009,-40.2749871,60
-73.3068017,-40.2748687,60
-73.3068019,-40.2747626,60
-73.3068021,-40.2746423,60
-73.3068023,-40.2745239,60
-73.3068022,-40.2744181,60
-73.3068017,-40.2743019,60
-73.3068024,-40.2741824,60
-73.3068025,-40.2741049,60
-73.3068025,-40.2740437,60
-73.3068022,-40.273983,60
-73.3067941,-40.2739258,60
-73.3067712,-40.2738812,60
-73.3067131,-40.2738521,60
-73.3066357,-40.2738534,60
-73.3065572,-40.2738666,60
-73.3065139,-40.2739052,60
-73.3065017,-40.2739529,60
-73.3065011,-40.2740156,60
-73.3065011,-40.2740921,60
-73.3065017,-40.2741786,60
-73.3065022,-40.2742609,60
-73.3065017,-40.2743645,60
-73.3065023,-40.2744648,60
-73.3065026,-40.2745849,60
-73.3065028,-40.2747062,60
-73.3065028,-40.2748134,60
-73.3065021,-40.2749321,60
-73.3065023,-40.2750492,60
-73.3065024,-40.2751536,60
-73.3065025,-40.2752696,60
-73.306502,-40.275387,60
-73.3065024,-40.2754926,60
-73.3065028,-40.2756129,60
-73.3065025,-40.2757305,60
-73.3065027,-40.2758391,60
-73.3065022,-40.2759498,60
-73.3065026,-40.2760643,60
-73.3065025,-40.276171,60
-73.3065014,-40.2762879,60
-73.3065021,-40.2763985,60
-73.3065015,-40.2765039,60
-73.3064973,-40.2766029,60
-73.3064814,-40.2766508,60
-73.3064516,-40.2766547,60
-73.3064272,-40.2766317,60
-73.3063962,-40.2765938,60
-73.306351,-40.2765375,60
-73.3062997,-40.2764734,60
-73.3062398,-40.2763859,60
-73.3062047,-40.276283,60
-73.3061998,-40.2761803,60
-73.3062003,-40.2760595,60
-73.3062005,-40.2759492,60
-73.3062008,-40.2758285,60
-73.3062006,-40.2756748,60
-73.3062009,-40.2756034,60
-73.3062009,-40.275487,60
-73.3062011,-40.2753731,60
-73.3062008,-40.2752666,60
-73.3062008,-40.2751495,60
-73.3062005,-40.2750281,60
-73.3062004,-40.2749194,60
-73.3062004,-40.2748,60
-73.3062002,-40.2746806,60
-73.3062004,-40.2745616,60
-73.3062006,-40.2744557,60
-73.3062008,-40.274343,60
-73.3062009,-40.2742338,60
-73.3062005,-40.2741197,60
-73.3062001,-40.2740161,60
-73.3061943,-40.2739363,60
-73.3061791,-40.2738882,60
-73.3061398,-40.2738503,60
-73.3060847,-40.2738331,60
-73.3060093,-40.2738451,60
-73.3059413,-40.2738661,60
-73.3059074,-40.2739062,60
-73.3059002,-40.2739607,60
-73.3059001,-40.2740229,60
-73.3059007,-40.2740981,60
-73.3059008,-40.2741867,60
-73.3058998,-40.2742944,60
-73.3059001,-40.2744095,60
-73.3059003,-40.274518,60
-73.3059008,-40.2746384,60
-73.3059012,-40.2747455,60
-73.3059009,-40.2748641,60
-73.3059012,-40.2749822,60
-73.3059011,-40.2751009,60
-73.3059011,-40.2752068,60
-73.3059014,-40.2753257,60
-73.3059015,-40.275432,60
-73.3059013,-40.2755462,60
-73.3059006,-40.2756436,60
-73.3059004,-40.275735,60
-73.3059003,-40.2758455,60
-73.3058978,-40.2759523,60
-73.3058848,-40.2760098,60
-73.3058525,-40.2760304,60
-73.3058012,-40.2760236,60
-73.3057494,-40.275998,60
-73.3056903,-40.2759636,60
-73.3056265,-40.2759009,60
-73.3055982,-40.27582,60
-73.3055985,-40.2757397,60
-73.3055983,-40.2756418,60
-73.3055991,-40.2755323,60
-73.305599,-40.2754281,60
-73.3055989,-40.2753048,60
-73.3055993,-40.2751831,60
-73.3055989,-40.2750742,60
-73.3055989,-40.2749549,60
-73.305599,-40.2748356,60
-73.3055993,-40.2747284,60
-73.3055987,-40.2746098,60
-73.3055981,-40.2745047,60
-73.3055987,-40.2743864,60
-73.3055993,-40.2742679,60
-73.3055992,-40.2741606,60
-73.3055993,-40.2740428,60
-73.3055963,-40.2739467,60
-73.3055863,-40.273892,60
-73.3055659,-40.2738654,60
-73.3055182,-40.2738445,60
-73.3054437,-40.2738406,60
-73.3053712,-40.2738524,60
-73.3053187,-40.2738797,60
-73.3053019,-40.2739318,60
-73.3052986,-40.2739922,60
-73.3052978,-40.2740589,60
-73.3052981,-40.2741499,60
-73.3052983,-40.2742439,60
-73.305298,-40.2743567,60
-73.3052988,-40.2744773,60
-73.305299,-40.2745877,60
-73.3052995,-40.2747028,60
-73.3052994,-40.2748176,60
-73.3052995,-40.27494,60
-73.3052989,-40.2750495,60
-73.3052999,-40.275171,60
-73.3053001,-40.2753015,60
-73.3053001,-40.2753909,60
-73.3052991,-40.2755067,60
-73.3052989,-40.2756235,60
-73.305298,-40.2757274,60
-73.3052877,-40.2758056,60
-73.3052581,-40.2758411,60
-73.3051957,-40.2758557,60
-73.305123,-40.2758513,60
-73.3050497,-40.2758306,60
-73.3050104,-40.2757902,60
-73.3049983,-40.2757315,60
-73.3049973,-40.2756638,60
-73.3049975,-40.2755877,60
-73.3049976,-40.2754884,60
-73.3049977,-40.2753898,60
-73.3049974,-40.2752707,60
-73.3049974,-40.2751478,60
-73.3049975,-40.2750387,60
-73.3049976,-40.2749194,60
-73.3049979,-40.2748008,60
-73.3049986,-40.2746935,60
-73.3049973,-40.2745743,60
-73.3049966,-40.2744559,60
-73.304997,-40.274349,60
-73.304997,-40.2742305,60
-73.3049972,-40.2741122,60
-73.3049957,-40.2739999,60
-73.3049867,-40.273931,60
-73.3049539,-40.2738929,60
-73.3048933,-40.2738823,60
-73.3048302,-40.2738892,60
-73.3047544,-40.2739138,60
-73.3047115,-40.2739551,60
-73.3046978,-40.2740149,60
-73.3046964,-40.274084,60
-73.3046969,-40.2741699,60
-73.3046967,-40.2742585,60
-73.3046971,-40.2743685,60
-73.3046972,-40.2744745,60
-73.3046972,-40.274597,60
-73.3046972,-40.2747158,60
-73.3046975,-40.2748233,60
-73.3046975,-40.2749396,60
-73.3046979,-40.2750562,60
-73.3046982,-40.2751777,60
-73.3046983,-40.2752869,60
-73.3046981,-40.2753994,60
-73.3046943,-40.2754955,60
-73.3046852,-40.2755427,60
-73.3046659,-40.2755583,60
-73.3046386,-40.2755455,60
-73.3046137,-40.2755153,60
-73.3045791,-40.275467,60
-73.3045369,-40.2754081,60
-73.304479,-40.2753279,60
-73.3044244,-40.2752338,60
-73.3043995,-40.2751371,60
-73.3043958,-40.2750211,60
-73.3043956,-40.2749018,60
-73.3043954,-40.2747914,60
-73.3043959,-40.2746729,60
-73.3043957,-40.2745559,60
-73.3043954,-40.2744379,60
-73.3043954,-40.2743294,60
-73.3043964,-40.274213,60
-73.3043957,-40.2741295,60
-73.3043963,-40.27408,60
-73.3043964,-40.2740568,60
-73.3043958,-40.2740492,60
-73.3043967,-40.2740462,60
</coordinates></LineString>
</Placemark>
<Placemark>
<name>DJI_202603261415_005_ELDESCANSO001_Timestamp.MRK</name>
<description>Equipo: M3E | Fecha: 26-03-2026 | Puntos: 399</description>
<styleUrl>#m3e</styleUrl>
<LineString><altitudeMode>relativeToGround</altitudeMode><coordinates>
-73.3082961,-40.2724019,60
-73.3082962,-40.2724275,60
-73.3082966,-40.2724785,60
-73.3082964,-40.2725425,60
-73.308297,-40.272627,60
-73.308297,-40.2727177,60
-73.3082967,-40.2728092,60
-73.3082962,-40.2729158,60
-73.308297,-40.2730284,60
-73.3082914,-40.2731306,60
-73.3082642,-40.2732269,60
-73.3082228,-40.2732937,60
-73.3081541,-40.2733694,60
-73.3080825,-40.273436,60
-73.3080409,-40.2734651,60
-73.3080095,-40.2734572,60
-73.3079965,-40.2734244,60
-73.3079951,-40.2733808,60
-73.3079949,-40.2733246,60
-73.3079954,-40.2732449,60
-73.3079956,-40.2731467,60
-73.3079955,-40.2730494,60
-73.3079956,-40.2729358,60
-73.3079953,-40.2728155,60
-73.3079946,-40.2727075,60
-73.3079947,-40.2725883,60
-73.3079945,-40.2724805,60
-73.3079876,-40.2723747,60
-73.3079585,-40.2723081,60
-73.3078928,-40.2722604,60
-73.3078136,-40.2722338,60
-73.3077509,-40.2722271,60
-73.3077089,-40.2722525,60
-73.307695,-40.2722962,60
-73.3076949,-40.2723452,60
-73.3076951,-40.2724155,60
-73.3076956,-40.2724938,60
-73.3076955,-40.2725881,60
-73.3076953,-40.2726953,60
-73.3076954,-40.2728005,60
-73.3076954,-40.2729228,60
-73.3076946,-40.2730424,60
-73.3076949,-40.2731518,60
-73.3076949,-40.273265,60
-73.3076951,-40.2733759,60
-73.3076951,-40.2734701,60
-73.3076953,-40.273557,60
-73.3076928,-40.2736319,60
-73.3076707,-40.2737013,60
-73.3076104,-40.2737453,60
-73.307527,-40.2737679,60
-73.3074614,-40.2737733,60
-73.307414,-40.2737491,60
-73.3073959,-40.2737035,60
-73.3073934,-40.2736545,60
-73.3073938,-40.2735829,60
-73.3073943,-40.2734914,60
-73.3073944,-40.2733977,60
-73.3073935,-40.2732842,60
-73.3073936,-40.2731652,60
-73.3073935,-40.2730564,60
-73.3073931,-40.2729364,60
-73.3073932,-40.2728168,60
-73.3073933,-40.2727098,60
-73.3073933,-40.2725906,60
-73.3073935,-40.2724722,60
-73.3073937,-40.2723582,60
-73.3073942,-40.272269,60
-73.3073866,-40.2721713,60
-73.3073687,-40.2721102,60
-73.3073186,-40.2720555,60
-73.3072291,-40.2720287,60
-73.3071621,-40.2720196,60
-73.3071144,-40.2720388,60
-73.3070964,-40.2720796,60
-73.3070939,-40.2721248,60
-73.3070936,-40.2721921,60
-73.3070935,-40.2722763,60
-73.3070938,-40.2723641,60
-73.3070939,-40.2724711,60
-73.3070936,-40.2725736,60
-73.3070941,-40.2726932,60
-73.3070946,-40.2728144,60
-73.3070944,-40.2729348,60
-73.3070945,-40.2730415,60
-73.3070942,-40.2731603,60
-73.3070946,-40.2732792,60
-73.3070943,-40.2733856,60
-73.3070943,-40.273504,60
-73.3070939,-40.2736063,60
-73.3070881,-40.2736879,60
-73.3070705,-40.2737313,60
-73.3070197,-40.273746,60
-73.3069684,-40.2737341,60
-73.306875,-40.2736937,60
-73.306832,-40.2736638,60
-73.3067924,-40.2736047,60
-73.306791,-40.2735245,60
-73.3067932,-40.2734455,60
-73.3067928,-40.2733461,60
-73.3067931,-40.2732374,60
-73.3067927,-40.2731158,60
-73.3067929,-40.2730066,60
-73.3067932,-40.2728863,60
-73.3067933,-40.2727672,60
-73.3067932,-40.2726621,60
-73.3067929,-40.2725442,60
-73.3067926,-40.2724243,60
-73.3067927,-40.2723194,60
-73.3067923,-40.2722048,60
-73.3067921,-40.2720898,60
-73.3067903,-40.2719783,60
-73.3067726,-40.2718888,60
-73.306719,-40.2718229,60
-73.3066399,-40.2717826,60
-73.3065641,-40.2717601,60
-73.3065157,-40.271771,60
-73.3064947,-40.271805,60
-73.3064921,-40.2718529,60
-73.3064915,-40.2719166,60
-73.3064913,-40.2719856,60
-73.3064924,-40.2720772,60
-73.3064926,-40.2721763,60
-73.3064921,-40.2722791,60
-73.3064929,-40.2723674,60
-73.3064931,-40.2724493,60
-73.3064926,-40.2725173,60
-73.3064931,-40.2725992,60
-73.3064935,-40.2726917,60
-73.3064943,-40.272787,60
-73.3064938,-40.2728999,60
-73.3064937,-40.2730206,60
-73.3064933,-40.2731301,60
-73.3064937,-40.2732509,60
-73.3064865,-40.2733451,60
-73.3064688,-40.2733924,60
-73.30642,-40.2734239,60
-73.3063671,-40.2734363,60
-73.3062834,-40.2734422,60
-73.3062241,-40.2734228,60
-73.3061944,-40.273379,60
-73.306191,-40.2733295,60
-73.3061912,-40.2732602,60
-73.3061915,-40.2731769,60
-73.3061912,-40.2730938,60
-73.3061915,-40.2730382,60
-73.3061915,-40.2730044,60
-73.3061914,-40.2729877,60
-73.3061908,-40.2729797,60
-73.3061902,-40.2729711,60
-73.3061902,-40.272942,60
-73.3061904,-40.2728827,60
-73.3061899,-40.2728125,60
-73.3061908,-40.2727503,60
-73.3061911,-40.2726886,60
-73.3061898,-40.2726032,60
-73.3061889,-40.2725053,60
-73.3061893,-40.272407,60
-73.3061899,-40.2722877,60
-73.3061897,-40.2721784,60
-73.3061894,-40.2720642,60
-73.3061904,-40.2719573,60
-73.3061865,-40.2718479,60
-73.3061664,-40.2717944,60
-73.3061322,-40.2717827,60
-73.3060978,-40.2718065,60
-73.3060643,-40.2718404,60
-73.3060128,-40.2718896,60
-73.3059499,-40.2719568,60
-73.3059065,-40.2720341,60
-73.3058881,-40.2721337,60
-73.3058906,-40.2722302,60
-73.3058902,-40.2723461,60
-73.3058892,-40.2724622,60
-73.3058901,-40.2725781,60
-73.3058905,-40.2726752,60
-73.3058912,-40.2727893,60
-73.3058909,-40.2729122,60
-73.3058903,-40.2730174,60
-73.3058915,-40.2731354,60
-73.3058919,-40.2732345,60
-73.3058919,-40.2733278,60
-73.3058903,-40.2734301,60
-73.3058733,-40.2735341,60
-73.3058246,-40.2736187,60
-73.3057352,-40.2737014,60
-73.3056653,-40.2737563,60
-73.3056273,-40.2737741,60
-73.3055971,-40.273756,60
-73.3055902,-40.2737199,60
-73.3055895,-40.2736761,60
-73.3055899,-40.273607,60
-73.3055897,-40.2735201,60
-73.3055896,-40.2734346,60
-73.305589,-40.2733402,60
-73.3055904,-40.2732592,60
-73.3055896,-40.2731745,60
-73.3055893,-40.2730711,60
-73.3055893,-40.2729651,60
-73.3055894,-40.2728638,60
-73.3055902,-40.2727504,60
-73.3055903,-40.2726936,60
-73.3055904,-40.2726445,60
-73.3055898,-40.272584,60
-73.3055899,-40.2725234,60
-73.3055898,-40.2724513,60
-73.305588,-40.2723733,60
-73.3055693,-40.2723001,60
-73.3055223,-40.2722541,60
-73.3054406,-40.272227,60
-73.3053612,-40.2722171,60
-73.3053107,-40.2722352,60
-73.3052921,-40.2722746,60
-73.3052892,-40.272327,60
-73.3052893,-40.2723885,60
-73.305289,-40.2724733,60
-73.3052887,-40.2725663,60
-73.3052888,-40.2726294,60
-73.305289,-40.2726813,60
-73.30529,-40.2727421,60
-73.3052901,-40.2728221,60
-73.3052899,-40.2729052,60
-73.3052903,-40.2730041,60
-73.3052902,-40.2731015,60
-73.3052906,-40.2732159,60
-73.3052905,-40.2733303,60
-73.3052899,-40.2734311,60
-73.3052896,-40.2735466,60
-73.3052893,-40.2736645,60
-73.3052896,-40.2737575,60
-73.3052845,-40.273858,60
-73.3052593,-40.2739281,60
-73.3051943,-40.2739787,60
-73.3051158,-40.274009,60
-73.3050493,-40.2740192,60
-73.3050047,-40.2739966,60
-73.3049906,-40.273957,60
-73.3049888,-40.2739041,60
-73.3049886,-40.2738322,60
-73.3049885,-40.2737534,60
-73.3049882,-40.2736513,60
-73.304988,-40.2735507,60
-73.3049881,-40.2734298,60
-73.3049884,-40.2733084,60
-73.3049881,-40.2732005,60
-73.3049882,-40.2730816,60
-73.3049883,-40.2729626,60
-73.3049883,-40.2728561,60
-73.3049884,-40.2727376,60
-73.3049885,-40.2726192,60
-73.3049883,-40.272512,60
-73.3049881,-40.2723947,60
-73.3049876,-40.2722919,60
-73.3049821,-40.2721975,60
-73.3049615,-40.2721442,60
-73.304907,-40.272125,60
-73.3048418,-40.2721341,60
-73.3047635,-40.2721523,60
-73.3047091,-40.2721913,60
-73.3046888,-40.2722403,60
-73.304687,-40.272304,60
-73.3046879,-40.2723845,60
-73.3046881,-40.27248,60
-73.3046883,-40.2725679,60
-73.3046881,-40.2726726,60
-73.304688,-40.2727723,60
-73.3046883,-40.2728923,60
-73.3046876,-40.273023,60
-73.304688,-40.2731292,60
-73.3046886,-40.2732362,60
-73.3046884,-40.2733557,60
-73.3046888,-40.2734629,60
-73.3046886,-40.273582,60
-73.3046883,-40.2736972,60
-73.3046884,-40.2738159,60
-73.3046888,-40.2739204,60
-73.3046879,-40.2740342,60
-73.3046837,-40.2741205,60
-73.3046544,-40.2741957,60
-73.3045884,-40.2742637,60
-73.304501,-40.2743166,60
-73.3044473,-40.2743369,60
-73.3044046,-40.2743237,60
-73.3043888,-40.2742904,60
-73.3043865,-40.274244,60
-73.3043862,-40.2741783,60
-73.3043862,-40.2741037,60
-73.3043865,-40.274007,60
-73.3043864,-40.2738986,60
-73.3043865,-40.2737804,60
-73.3043863,-40.2736711,60
-73.3043867,-40.2735507,60
-73.3043868,-40.273432,60
-73.3043869,-40.2733252,60
-73.3043863,-40.2732069,60
-73.3043863,-40.2731005,60
-73.3043871,-40.2729821,60
-73.3043872,-40.2728638,60
-73.3043875,-40.2727454,60
-73.3043874,-40.2726399,60
-73.3043864,-40.2725293,60
-73.3043871,-40.2724414,60
-73.3043864,-40.2723546,60
-73.3043825,-40.2722815,60
-73.3043676,-40.2722264,60
-73.3043329,-40.2722028,60
-73.3042768,-40.272214,60
-73.3042196,-40.2722344,60
-73.3041452,-40.2722671,60
-73.3040971,-40.2723235,60
-73.3040881,-40.2723884,60
-73.3040873,-40.2724558,60
-73.304087,-40.2725328,60
-73.304087,-40.2726223,60
-73.3040869,-40.2727296,60
-73.3040867,-40.2728454,60
-73.3040862,-40.2729661,60
-73.3040864,-40.2730746,60
-73.3040864,-40.273194,60
-73.3040863,-40.2733119,60
-73.3040859,-40.2734182,60
-73.3040857,-40.2735372,60
-73.3040857,-40.2736566,60
-73.3040867,-40.2737632,60
-73.3040869,-40.2738809,60
-73.3040868,-40.2739986,60
-73.304087,-40.2741002,60
-73.3040874,-40.2742157,60
-73.3040853,-40.2742987,60
-73.304075,-40.2743382,60
-73.3040443,-40.2743584,60
-73.3040004,-40.2743481,60
-73.3039625,-40.2743233,60
-73.3039069,-40.274282,60
-73.3038466,-40.2742286,60
-73.3037976,-40.2741484,60
-73.3037834,-40.2740529,60
-73.3037848,-40.2739515,60
-73.3037848,-40.2738509,60
-73.3037846,-40.2737328,60
-73.3037847,-40.273612,60
-73.3037848,-40.2735038,60
-73.3037848,-40.273384,60
-73.303785,-40.2732768,60
-73.3037851,-40.2731578,60
-73.3037846,-40.2730463,60
-73.3037851,-40.2729563,60
-73.303785,-40.272865,60
-73.303785,-40.2727588,60
-73.3037857,-40.2726513,60
-73.3037841,-40.272561,60
-73.3037756,-40.2724963,60
-73.3037499,-40.2724635,60
-73.3037026,-40.2724584,60
-73.3036506,-40.2724762,60
-73.3035885,-40.2725054,60
-73.3035213,-40.2725615,60
-73.3034847,-40.272628,60
-73.3034821,-40.2727095,60
-73.303485,-40.2727974,60
-73.3034856,-40.2728754,60
-73.3034859,-40.2729573,60
-73.3034861,-40.2730399,60
-73.3034861,-40.2731437,60
-73.303485,-40.2732573,60
-73.3034852,-40.2733713,60
-73.3034846,-40.2734801,60
-73.3034757,-40.2735625,60
-73.3034595,-40.2735961,60
-73.3034272,-40.2735965,60
-73.3033918,-40.2735734,60
-73.303351,-40.2735416,60
-73.3032821,-40.2734975,60
-73.303213,-40.2734604,60
-73.3031872,-40.273427,60
-73.3031836,-40.2733888,60
-73.3031835,-40.2733312,60
-73.3031836,-40.2732645,60
-73.303184,-40.2731839,60
-73.3031839,-40.2730885,60
-73.3031837,-40.2729932,60
-73.3031831,-40.2728736,60
-73.303182,-40.2727865,60
-73.3031741,-40.2727142,60
-73.3031464,-40.2726823,60
-73.3030877,-40.2726707,60
-73.3030227,-40.2726805,60
-73.302953,-40.2727037,60
-73.3028981,-40.2727492,60
-73.3028862,-40.2728113,60
-73.3028837,-40.2728767,60
-73.3028834,-40.2729623,60
-73.3028832,-40.2730617,60
-73.3028833,-40.2731564,60
-73.3028836,-40.2732613,60
-73.3028838,-40.2733254,60
-73.3028836,-40.273362,60
-73.3028841,-40.2733794,60
-73.3028845,-40.2733838,60
</coordinates></LineString>
</Placemark>
<Placemark>
<name>DJI_202603261515_006_LASTRANCAS_Timestamp.MRK</name>
<description>Equipo: M3E | Fecha: 26-03-2026 | Puntos: 450</description>
<styleUrl>#m3e</styleUrl>
<LineString><altitudeMode>relativeToGround</altitudeMode><coordinates>
-73.3269592,-40.2378139,60
-73.3269589,-40.2377891,60
-73.3269586,-40.2377381,60
-73.3269586,-40.237667,60
-73.326958,-40.2375778,60
-73.3269579,-40.2374864,60
-73.3269588,-40.237376,60
-73.3269584,-40.2372577,60
-73.3269578,-40.2371519,60
-73.3269498,-40.237054,60
-73.3269247,-40.2370041,60
-73.3268681,-40.2369668,60
-73.3267855,-40.2369528,60
-73.3267191,-40.2369558,60
-73.3266739,-40.2369859,60
-73.3266608,-40.2370333,60
-73.3266592,-40.2370908,60
-73.3266594,-40.2371571,60
-73.3266589,-40.2372464,60
-73.3266579,-40.2373363,60
-73.3266575,-40.2374457,60
-73.3266575,-40.2375643,60
-73.3266581,-40.2376748,60
-73.3266572,-40.2377963,60
-73.3266573,-40.2379154,60
-73.3266556,-40.2380335,60
-73.3266421,-40.2381268,60
-73.3265858,-40.2382102,60
-73.3265169,-40.2382741,60
-73.3264405,-40.238329,60
-73.3263948,-40.2383457,60
-73.3263645,-40.2383259,60
-73.3263571,-40.2382927,60
-73.326357,-40.2382427,60
-73.3263579,-40.2381798,60
-73.3263573,-40.2380937,60
-73.3263564,-40.2379932,60
-73.3263567,-40.2378944,60
-73.3263574,-40.2377754,60
-73.3263577,-40.2376543,60
-73.3263575,-40.2375465,60
-73.3263565,-40.2374275,60
-73.3263572,-40.2373083,60
-73.3263573,-40.2372019,60
-73.326357,-40.2370827,60
-73.3263534,-40.2369722,60
-73.3263351,-40.2369059,60
-73.3262838,-40.2368675,60
-73.3262082,-40.236857,60
-73.3261291,-40.2368592,60
-73.3260825,-40.2368791,60
-73.3260608,-40.2369237,60
-73.3260574,-40.2369774,60
-73.3260568,-40.2370391,60
-73.3260569,-40.2371249,60
-73.326057,-40.2372256,60
-73.3260572,-40.2373259,60
-73.3260569,-40.2374451,60
-73.326057,-40.2375549,60
-73.326057,-40.2376761,60
-73.3260571,-40.2377953,60
-73.3260568,-40.2379028,60
-73.3260569,-40.2380223,60
-73.3260564,-40.2381411,60
-73.3260568,-40.2382597,60
-73.326056,-40.2383666,60
-73.3260565,-40.2384857,60
-73.3260466,-40.2385988,60
-73.3260135,-40.238679,60
-73.3259379,-40.2387563,60
-73.3258623,-40.2388166,60
-73.3258095,-40.238847,60
-73.3257754,-40.2388377,60
-73.325759,-40.238805,60
-73.3257562,-40.2387652,60
-73.3257556,-40.2387017,60
-73.3257553,-40.23862,60
-73.3257552,-40.2385339,60
-73.3257556,-40.2384262,60
-73.3257553,-40.2383096,60
-73.3257554,-40.238201,60
-73.3257558,-40.23808,60
-73.3257556,-40.2379603,60
-73.3257552,-40.237841,60
-73.3257548,-40.2377332,60
-73.3257545,-40.2376135,60
-73.3257551,-40.2375069,60
-73.3257552,-40.2373877,60
-73.3257553,-40.2372687,60
-73.3257549,-40.2371637,60
-73.3257549,-40.2370508,60
-73.3257534,-40.2369346,60
-73.3257459,-40.2368544,60
-73.3257203,-40.236795,60
-73.3256622,-40.236772,60
-73.3255741,-40.2367629,60
-73.3255044,-40.2367697,60
-73.3254662,-40.2368049,60
-73.3254569,-40.2368485,60
-73.3254551,-40.2369074,60
-73.3254552,-40.2369768,60
-73.3254551,-40.2370686,60
-73.3254547,-40.2371747,60
-73.3254546,-40.2372909,60
-73.3254552,-40.2374013,60
-73.3254553,-40.2375231,60
-73.3254554,-40.2376427,60
-73.3254552,-40.2377489,60
-73.3254553,-40.2378665,60
-73.3254552,-40.2379853,60
-73.3254557,-40.2381032,60
-73.3254553,-40.2382098,60
-73.3254552,-40.2383294,60
-73.3254554,-40.2384366,60
-73.3254562,-40.2385562,60
-73.325455,-40.2386741,60
-73.3254546,-40.2387779,60
-73.3254556,-40.2388909,60
-73.3254542,-40.2390104,60
-73.3254426,-40.2391132,60
-73.3254041,-40.2391979,60
-73.3253339,-40.239268,60
-73.3252564,-40.2393234,60
-73.3252064,-40.2393512,60
-73.3251689,-40.2393414,60
-73.3251567,-40.2393111,60
-73.3251544,-40.239268,60
-73.3251542,-40.239204,60
-73.3251539,-40.2391309,60
-73.3251542,-40.2390356,60
-73.325154,-40.2389281,60
-73.325154,-40.2388226,60
-73.3251537,-40.2387002,60
-73.3251538,-40.238579,60
-73.325154,-40.2384716,60
-73.3251537,-40.238352,60
-73.3251536,-40.2382448,60
-73.3251535,-40.2381254,60
-73.3251537,-40.2380068,60
-73.325154,-40.2378881,60
-73.3251541,-40.237781,60
-73.3251537,-40.2376626,60
-73.325154,-40.2375445,60
-73.3251542,-40.237439,60
-73.3251546,-40.2373237,60
-73.3251538,-40.237203,60
-73.3251539,-40.2370948,60
-73.3251542,-40.2369753,60
-73.3251533,-40.2368568,60
-73.3251462,-40.2367725,60
-73.3251185,-40.2367153,60
-73.3250555,-40.236685,60
-73.3249825,-40.2366743,60
-73.3249108,-40.2366785,60
-73.3248676,-40.2367109,60
-73.3248547,-40.2367545,60
-73.3248538,-40.2368207,60
-73.3248539,-40.2368905,60
-73.3248542,-40.236973,60
-73.3248541,-40.2370768,60
-73.3248544,-40.2371903,60
-73.3248541,-40.2373006,60
-73.3248544,-40.2374192,60
-73.3248547,-40.237537,60
-73.3248548,-40.2376596,60
-73.3248555,-40.2377675,60
-73.3248558,-40.2378863,60
-73.3248566,-40.2379933,60
-73.3248558,-40.2381101,60
-73.3248554,-40.2382018,60
-73.324856,-40.2382878,60
-73.3248544,-40.2383777,60
-73.3248541,-40.2384838,60
-73.3248552,-40.2385937,60
-73.3248565,-40.2386672,60
-73.3248544,-40.238752,60
-73.3248549,-40.2388403,60
-73.3248545,-40.2389474,60
-73.324854,-40.2390548,60
-73.3248534,-40.2392013,60
-73.324855,-40.2392942,60
-73.3248543,-40.239408,60
-73.3248528,-40.2395154,60
-73.3248399,-40.2396219,60
-73.3248036,-40.2397035,60
-73.3247498,-40.2397532,60
-73.3246848,-40.2397914,60
-73.3246338,-40.2398243,60
-73.3245907,-40.2398286,60
-73.3245625,-40.2398085,60
-73.3245552,-40.2397702,60
-73.3245548,-40.2397245,60
-73.3245541,-40.2396539,60
-73.3245537,-40.2395662,60
-73.3245537,-40.2394749,60
-73.3245535,-40.2393644,60
-73.3245542,-40.2392457,60
-73.3245539,-40.2391357,60
-73.3245542,-40.2390153,60
-73.3245536,-40.2388959,60
-73.3245531,-40.2387886,60
-73.3245529,-40.2386691,60
-73.3245532,-40.2385496,60
-73.3245531,-40.2384429,60
-73.3245533,-40.2383255,60
-73.3245528,-40.238214,60
-73.3245534,-40.2381125,60
-73.3245527,-40.2379921,60
-73.3245529,-40.237871,60
-73.3245528,-40.2377623,60
-73.3245531,-40.2376425,60
-73.3245532,-40.2375231,60
-73.3245529,-40.2374185,60
-73.3245528,-40.2373041,60
-73.3245531,-40.2372016,60
-73.3245535,-40.2370752,60
-73.3245539,-40.2369673,60
-73.3245539,-40.2368474,60
-73.3245501,-40.2367478,60
-73.3245339,-40.2366782,60
-73.3244837,-40.2366423,60
-73.3244189,-40.2366304,60
-73.3243387,-40.2366301,60
-73.3242827,-40.2366523,60
-73.3242589,-40.2366932,60
-73.3242548,-40.2367483,60
-73.3242538,-40.2368182,60
-73.3242533,-40.236896,60
-73.324254,-40.2369954,60
-73.3242545,-40.2371022,60
-73.3242539,-40.2372057,60
-73.3242538,-40.2373286,60
-73.3242536,-40.2374502,60
-73.3242536,-40.2375577,60
-73.3242538,-40.2376761,60
-73.3242543,-40.2377944,60
-73.3242537,-40.2378999,60
-73.3242535,-40.2380169,60
-73.3242542,-40.2381292,60
-73.3242537,-40.2382458,60
-73.3242532,-40.2383514,60
-73.3242531,-40.2384704,60
-73.324253,-40.238579,60
-73.3242533,-40.2386981,60
-73.3242529,-40.2388175,60
-73.3242526,-40.2389244,60
-73.3242523,-40.2390432,60
-73.3242521,-40.2391622,60
-73.324252,-40.2392689,60
-73.3242529,-40.2393874,60
-73.3242529,-40.2395066,60
-73.3242533,-40.2396133,60
-73.3242527,-40.2397321,60
-73.3242526,-40.2398514,60
-73.3242505,-40.239967,60
-73.3242337,-40.2400503,60
-73.3241719,-40.2401228,60
-73.3240974,-40.2401762,60
-73.324026,-40.2402121,60
-73.3239814,-40.2402094,60
-73.3239577,-40.2401772,60
-73.3239542,-40.2401385,60
-73.323953,-40.24008,60
-73.3239524,-40.2400099,60
-73.3239526,-40.2399172,60
-73.3239525,-40.2398232,60
-73.3239529,-40.2397084,60
-73.3239529,-40.2395871,60
-73.3239527,-40.2394657,60
-73.3239529,-40.2393578,60
-73.3239526,-40.2392382,60
-73.3239521,-40.2391188,60
-73.3239517,-40.2390115,60
-73.3239511,-40.2388916,60
-73.323951,-40.2387724,60
-73.3239513,-40.2386654,60
-73.3239516,-40.2385471,60
-73.3239519,-40.2384282,60
-73.3239523,-40.2383254,60
-73.3239528,-40.2382131,60
-73.3239515,-40.2380893,60
-73.323952,-40.2379784,60
-73.323952,-40.2378616,60
-73.3239511,-40.2377482,60
-73.3239517,-40.237642,60
-73.3239517,-40.2375225,60
-73.3239515,-40.2374093,60
-73.3239518,-40.2373043,60
-73.3239515,-40.2371852,60
-73.3239517,-40.2370734,60
-73.3239519,-40.2369713,60
-73.3239516,-40.2368522,60
-73.3239512,-40.2367358,60
-73.3239415,-40.2366617,60
-73.3239071,-40.2366163,60
-73.3238397,-40.2365951,60
-73.3237692,-40.2365902,60
-73.3237012,-40.2366026,60
-73.3236624,-40.2366408,60
-73.3236537,-40.2366878,60
-73.3236526,-40.2367506,60
-73.3236527,-40.2368322,60
-73.3236532,-40.2369271,60
-73.3236525,-40.237022,60
-73.3236516,-40.2371386,60
-73.323652,-40.2372475,60
-73.3236521,-40.237369,60
-73.3236529,-40.2374891,60
-73.3236528,-40.2376078,60
-73.3236524,-40.2377141,60
-73.3236531,-40.2378287,60
-73.3236529,-40.2379312,60
-73.3236531,-40.2380506,60
-73.3236518,-40.2381626,60
-73.3236528,-40.2382538,60
-73.3236539,-40.2383402,60
-73.3236524,-40.2384415,60
-73.323652,-40.2385626,60
-73.3236522,-40.238685,60
-73.3236525,-40.238805,60
-73.3236522,-40.2389121,60
-73.3236518,-40.2390311,60
-73.3236513,-40.23915,60
-73.3236522,-40.2392522,60
-73.3236515,-40.2393586,60
-73.3236521,-40.2394714,60
-73.3236522,-40.2395772,60
-73.323652,-40.2396966,60
-73.3236516,-40.2398165,60
-73.3236515,-40.239924,60
-73.3236519,-40.2400427,60
-73.3236529,-40.2401485,60
-73.3236478,-40.2402445,60
-73.3236334,-40.2403003,60
-73.3235974,-40.2403149,60
-73.3235528,-40.2402969,60
-73.3235032,-40.2402661,60
-73.323439,-40.2402212,60
-73.323383,-40.2401603,60
-73.3233521,-40.2400735,60
-73.3233518,-40.2399793,60
-73.3233521,-40.2398859,60
-73.3233521,-40.2397741,60
-73.3233516,-40.239655,60
-73.323352,-40.2395461,60
-73.323352,-40.2394257,60
-73.3233516,-40.2393185,60
-73.3233508,-40.2391992,60
-73.323351,-40.2390806,60
-73.3233512,-40.2389747,60
-73.3233507,-40.2388576,60
-73.3233505,-40.2387386,60
-73.3233505,-40.238621,60
-73.3233507,-40.2385151,60
-73.3233506,-40.2383957,60
-73.3233505,-40.2382763,60
-73.3233505,-40.2381696,60
-73.3233502,-40.238051,60
-73.3233506,-40.2379343,60
-73.3233515,-40.2378316,60
-73.3233516,-40.2377159,60
-73.3233509,-40.2376122,60
-73.3233498,-40.237523,60
-73.3233506,-40.2374158,60
-73.3233517,-40.2373022,60
-73.3233509,-40.2371951,60
-73.3233504,-40.2370733,60
-73.3233508,-40.2369615,60
-73.3233511,-40.2368774,60
-73.3233509,-40.2368083,60
-73.3233506,-40.2367381,60
-73.3233479,-40.2366637,60
-73.3233342,-40.236607,60
-73.3233048,-40.2365662,60
-73.323249,-40.236545,60
-73.3231721,-40.2365498,60
-73.3231014,-40.2365625,60
-73.3230644,-40.2365959,60
-73.3230532,-40.2366478,60
-73.3230516,-40.23671,60
-73.3230516,-40.2367815,60
-73.3230518,-40.2368759,60
-73.3230525,-40.2369811,60
-73.3230521,-40.2370854,60
-73.3230522,-40.2372005,60
-73.3230514,-40.237313,60
-73.3230516,-40.2374234,60
-73.3230522,-40.2375244,60
-73.3230518,-40.2376371,60
-73.3230516,-40.2377424,60
-73.3230514,-40.2378602,60
-73.3230514,-40.237978,60
-73.323052,-40.2380955,60
-73.3230513,-40.2382008,60
-73.3230515,-40.2383156,60
-73.3230517,-40.238425,60
-73.3230512,-40.2385415,60
-73.3230521,-40.2386534,60
-73.3230511,-40.238763,60
-73.3230506,-40.2388864,60
-73.3230504,-40.2390081,60
-73.3230507,-40.2391141,60
-73.3230502,-40.2392326,60
-73.3230505,-40.2393424,60
-73.3230511,-40.2394354,60
-73.3230505,-40.2395315,60
-73.3230515,-40.2396376,60
-73.3230505,-40.2397384,60
-73.3230466,-40.2398415,60
-73.3230349,-40.2398986,60
-73.3230079,-40.2399177,60
-73.322964,-40.2399084,60
-73.3229156,-40.2398805,60
-73.3228694,-40.2398507,60
-73.3228249,-40.2398179,60
-73.3227934,-40.239788,60
-73.322772,-40.2397538,60
-73.3227549,-40.2396956,60
-73.3227506,-40.2396191,60
-73.3227496,-40.2395374,60
-73.3227497,-40.2394349,60
-73.3227499,-40.2393222,60
-73.3227499,-40.2392157,60
-73.3227492,-40.239099,60
-73.32275,-40.2389976,60
-73.32275,-40.2388836,60
-73.322749,-40.2387723,60
-73.3227487,-40.238649,60
-73.3227493,-40.2385407,60
-73.3227498,-40.2384214,60
-73.3227495,-40.2383022,60
-73.3227494,-40.2381828,60
-73.3227495,-40.2380751,60
-73.3227497,-40.2379557,60
-73.3227498,-40.2378364,60
-73.3227493,-40.2377295,60
-73.3227489,-40.2376116,60
-73.3227493,-40.2374938,60
-73.3227487,-40.2373868,60
-73.3227491,-40.2372661,60
-73.3227498,-40.2371471,60
-73.3227501,-40.2370445,60
-73.3227498,-40.2369278,60
-73.3227496,-40.2368081,60
-73.3227501,-40.236703,60
-73.3227498,-40.2366127,60
-73.3227501,-40.2365651,60
-73.32275,-40.2365366,60
-73.32275,-40.2365262,60
-73.3227489,-40.2365235,60
</coordinates></LineString>
</Placemark>
<Placemark>
<name>DJI_202603261515_007_LASTRANCAS002_Timestamp.MRK</name>
<description>Equipo: M3E | Fecha: 26-03-2026 | Puntos: 129</description>
<styleUrl>#m3e</styleUrl>
<LineString><altitudeMode>relativeToGround</altitudeMode><coordinates>
-73.3223835,-40.2396683,60
-73.3223829,-40.2396399,60
-73.3223831,-40.2395923,60
-73.3223827,-40.2395197,60
-73.3223828,-40.2394306,60
-73.3223828,-40.23934,60
-73.3223826,-40.2392289,60
-73.3223824,-40.2391099,60
-73.3223822,-40.2390006,60
-73.3223821,-40.2388806,60
-73.322382,-40.2387619,60
-73.3223819,-40.2386553,60
-73.3223803,-40.2385426,60
-73.3223685,-40.2384613,60
-73.3223279,-40.2384219,60
-73.3222674,-40.2384129,60
-73.3221867,-40.2384199,60
-73.3221256,-40.2384378,60
-73.3220911,-40.2384762,60
-73.3220853,-40.2385299,60
-73.322084,-40.2386004,60
-73.3220823,-40.2386754,60
-73.3220822,-40.2387677,60
-73.3220825,-40.2388598,60
-73.3220831,-40.2389637,60
-73.3220824,-40.2390714,60
-73.3220818,-40.2391707,60
-73.3220825,-40.2392812,60
-73.3220823,-40.2393955,60
-73.3220817,-40.2395106,60
-73.3220816,-40.2396177,60
-73.3220814,-40.2397415,60
-73.3220815,-40.239859,60
-73.3220816,-40.2399653,60
-73.3220814,-40.2400852,60
-73.3220819,-40.2402042,60
-73.3220795,-40.2403083,60
-73.3220682,-40.2403929,60
-73.3220416,-40.2404348,60
-73.3220312,-40.2404363,60
-73.3220268,-40.240438,60
-73.3219996,-40.240454,60
-73.3219496,-40.2404752,60
-73.3218734,-40.2404983,60
-73.3218193,-40.2404954,60
-73.321791,-40.2404664,60
-73.3217819,-40.2404202,60
-73.3217807,-40.2403678,60
-73.3217808,-40.240291,60
-73.3217813,-40.2401982,60
-73.3217807,-40.2400927,60
-73.3217808,-40.2399883,60
-73.3217812,-40.2398664,60
-73.3217812,-40.2397452,60
-73.3217813,-40.239637,60
-73.3217806,-40.2395177,60
-73.3217802,-40.2393995,60
-73.3217803,-40.2392931,60
-73.3217802,-40.2391743,60
-73.32178,-40.2390554,60
-73.3217799,-40.2389491,60
-73.3217805,-40.2388436,60
-73.3217809,-40.238754,60
-73.3217815,-40.2386747,60
-73.3217802,-40.2385733,60
-73.3217719,-40.2384852,60
-73.321743,-40.2384417,60
-73.3216908,-40.2384291,60
-73.3216212,-40.2384368,60
-73.3215508,-40.2384543,60
-73.3214974,-40.2384965,60
-73.3214822,-40.2385547,60
-73.3214804,-40.2386224,60
-73.3214804,-40.2386973,60
-73.321481,-40.2387947,60
-73.3214808,-40.2388934,60
-73.3214809,-40.2390106,60
-73.3214813,-40.2391328,60
-73.3214807,-40.2392425,60
-73.32148,-40.2393619,60
-73.3214804,-40.2394804,60
-73.3214807,-40.2395871,60
-73.3214805,-40.2397053,60
-73.321481,-40.239823,60
-73.3214806,-40.2399298,60
-73.3214803,-40.2400478,60
-73.3214807,-40.2401667,60
-73.3214811,-40.240272,60
-73.3214821,-40.240389,60
-73.3214804,-40.240507,60
-73.3214712,-40.2405942,60
-73.3214321,-40.2406585,60
-73.3213548,-40.2407022,60
-73.3212773,-40.240727,60
-73.3212231,-40.2407289,60
-73.3211889,-40.2406954,60
-73.3211823,-40.240653,60
-73.3211809,-40.2405946,60
-73.3211809,-40.240518,60
-73.3211808,-40.2404235,60
-73.3211806,-40.2403286,60
-73.3211801,-40.2402216,60
-73.3211794,-40.2401156,60
-73.3211785,-40.2399985,60
-73.3211784,-40.239883,60
-73.3211786,-40.2397782,60
-73.3211791,-40.2396675,60
-73.3211808,-40.2395622,60
-73.321181,-40.239453,60
-73.32118,-40.2393523,60
-73.3211745,-40.2392729,60
-73.3211633,-40.2392452,60
-73.3211453,-40.2392552,60
-73.3211323,-40.2392833,60
-73.3211127,-40.2393277,60
-73.3210874,-40.2393858,60
-73.3210525,-40.2394666,60
-73.3210126,-40.2395604,60
-73.320972,-40.2396548,60
-73.320927,-40.2397657,60
-73.3208949,-40.2398714,60
-73.320881,-40.239985,60
-73.3208799,-40.240102,60
-73.32088,-40.2402225,60
-73.3208811,-40.2403287,60
-73.3208836,-40.2404202,60
-73.3208806,-40.2404624,60
-73.3208805,-40.2404827,60
-73.3208809,-40.2404888,60
</coordinates></LineString>
</Placemark>
<Placemark>
<name>DJI_202603261515_008_LASTRANCAS003_Timestamp.MRK</name>
<description>Equipo: M3E | Fecha: 26-03-2026 | Puntos: 141</description>
<styleUrl>#m3e</styleUrl>
<LineString><altitudeMode>relativeToGround</altitudeMode><coordinates>
-73.3192488,-40.2362935,60
-73.3192486,-40.2362616,60
-73.3192478,-40.2362044,60
-73.3192472,-40.2361356,60
-73.3192469,-40.2360451,60
-73.3192466,-40.2359415,60
-73.3192466,-40.23584,60
-73.319245,-40.2357221,60
-73.3192322,-40.2356396,60
-73.319197,-40.2355959,60
-73.3191243,-40.2355712,60
-73.3190489,-40.2355614,60
-73.3189878,-40.2355708,60
-73.3189549,-40.2356099,60
-73.318949,-40.2356602,60
-73.3189479,-40.2357168,60
-73.3189481,-40.235798,60
-73.3189482,-40.2358836,60
-73.318948,-40.2359868,60
-73.318947,-40.2361021,60
-73.3189471,-40.236224,60
-73.3189469,-40.2363345,60
-73.3189402,-40.2364341,60
-73.318911,-40.2364934,60
-73.3188529,-40.2365263,60
-73.3187708,-40.2365463,60
-73.3187067,-40.2365497,60
-73.3186625,-40.2365218,60
-73.3186493,-40.2364734,60
-73.3186474,-40.2364153,60
-73.3186466,-40.2363471,60
-73.3186458,-40.2362557,60
-73.3186458,-40.2361621,60
-73.3186457,-40.2360487,60
-73.3186454,-40.23593,60
-73.3186456,-40.2358213,60
-73.3186445,-40.235709,60
-73.3186409,-40.2356253,60
-73.3186295,-40.23557,60
-73.3185932,-40.2355482,60
-73.318545,-40.2355661,60
-73.3184997,-40.235592,60
-73.318434,-40.2356256,60
-73.3183711,-40.2356855,60
-73.3183455,-40.2357555,60
-73.3183463,-40.2358412,60
-73.3183461,-40.2359356,60
-73.318346,-40.2360415,60
-73.3183455,-40.2361475,60
-73.3183453,-40.2362721,60
-73.3183466,-40.2363784,60
-73.3183463,-40.236494,60
-73.318342,-40.2365911,60
-73.318328,-40.2366369,60
-73.3182959,-40.2366558,60
-73.3182508,-40.2366802,60
-73.318197,-40.2367211,60
-73.3181254,-40.2367701,60
-73.3180819,-40.2367861,60
-73.3180537,-40.2367684,60
-73.3180467,-40.2367322,60
-73.3180453,-40.2366837,60
-73.3180446,-40.2366211,60
-73.3180447,-40.2365347,60
-73.3180444,-40.2364354,60
-73.3180444,-40.2363363,60
-73.318044,-40.2362167,60
-73.3180447,-40.2360957,60
-73.3180447,-40.2359874,60
-73.318039,-40.235887,60
-73.318022,-40.2358393,60
-73.3179935,-40.2358292,60
-73.3179526,-40.2358446,60
-73.3178954,-40.2358668,60
-73.3178211,-40.2358811,60
-73.3177609,-40.2358959,60
-73.3177462,-40.2359257,60
-73.3177451,-40.2359623,60
-73.3177444,-40.2360225,60
-73.3177442,-40.2361025,60
-73.317744,-40.2361839,60
-73.317744,-40.2362818,60
-73.3177441,-40.2363917,60
-73.3177445,-40.2365083,60
-73.3177449,-40.2366166,60
-73.3177443,-40.2367371,60
-73.3177445,-40.2368445,60
-73.3177449,-40.2369616,60
-73.3177442,-40.2370777,60
-73.3177427,-40.2371814,60
-73.3177326,-40.2372568,60
-73.3176999,-40.237288,60
-73.3176466,-40.2372886,60
-73.3175956,-40.2372707,60
-73.3175282,-40.2372379,60
-73.3174664,-40.2371778,60
-73.3174458,-40.2371093,60
-73.3174439,-40.2370284,60
-73.3174435,-40.2369448,60
-73.3174432,-40.236839,60
-73.3174435,-40.2367234,60
-73.3174433,-40.2366141,60
-73.3174434,-40.236493,60
-73.3174429,-40.2363742,60
-73.3174432,-40.2362674,60
-73.317443,-40.2361485,60
-73.3174428,-40.2360307,60
-73.3174348,-40.2359501,60
-73.3174078,-40.2359004,60
-73.3173459,-40.2358774,60
-73.317279,-40.2358746,60
-73.3172037,-40.2358854,60
-73.3171582,-40.2359202,60
-73.317145,-40.2359731,60
-73.3171438,-40.2360275,60
-73.3171441,-40.2361054,60
-73.3171438,-40.2362002,60
-73.3171437,-40.2362964,60
-73.3171431,-40.2364102,60
-73.3171434,-40.2365285,60
-73.3171433,-40.2366382,60
-73.3171438,-40.2367555,60
-73.3171433,-40.2368564,60
-73.3171387,-40.2369428,60
-73.317126,-40.2369833,60
-73.3170973,-40.2369828,60
-73.3170736,-40.236961,60
-73.3170463,-40.2369248,60
-73.3170032,-40.2368683,60
-73.3169545,-40.2368018,60
-73.3168959,-40.2367168,60
-73.316856,-40.2366303,60
-73.3168382,-40.2365179,60
-73.3168415,-40.2363947,60
-73.3168428,-40.2362719,60
-73.3168433,-40.2361641,60
-73.3168436,-40.2360455,60
-73.3168425,-40.2359571,60
-73.3168423,-40.2359045,60
-73.3168426,-40.2358766,60
-73.3168425,-40.2358688,60
</coordinates></LineString>
</Placemark>
<Placemark>
<name>DJI_202603261557_009_LASTRANCAS005_Timestamp.MRK</name>
<description>Equipo: M3E | Fecha: 26-03-2026 | Puntos: 780</description>
<styleUrl>#m3e</styleUrl>
<LineString><altitudeMode>relativeToGround</altitudeMode><coordinates>
-73.3363571,-40.2279308,60
-73.3363564,-40.2279019,60
-73.3363553,-40.2278468,60
-73.3363546,-40.2277793,60
-73.3363547,-40.2276894,60
-73.3363545,-40.227588,60
-73.336354,-40.227487,60
-73.3363545,-40.2273658,60
-73.336348,-40.227257,60
-73.3363254,-40.2271963,60
-73.336265,-40.2271516,60
-73.3361909,-40.2271282,60
-73.3361188,-40.2271215,60
-73.3360728,-40.2271445,60
-73.3360582,-40.2271842,60
-73.3360565,-40.2272371,60
-73.3360567,-40.2273077,60
-73.3360566,-40.2273959,60
-73.3360575,-40.2274876,60
-73.3360574,-40.2275991,60
-73.3360568,-40.2277206,60
-73.3360572,-40.2278275,60
-73.3360576,-40.2279321,60
-73.336051,-40.228031,60
-73.3360215,-40.228102,60
-73.3359502,-40.2281653,60
-73.3358749,-40.2282072,60
-73.3358172,-40.2282274,60
-73.3357744,-40.2282117,60
-73.33576,-40.2281738,60
-73.3357577,-40.2281291,60
-73.3357573,-40.2280602,60
-73.3357566,-40.2279737,60
-73.3357557,-40.2278826,60
-73.3357555,-40.2277767,60
-73.3357544,-40.2276655,60
-73.3357545,-40.2275592,60
-73.3357544,-40.2274393,60
-73.3357539,-40.2273195,60
-73.3357539,-40.2272122,60
-73.3357541,-40.2270929,60
-73.3357548,-40.226974,60
-73.3357545,-40.2268674,60
-73.3357548,-40.2267485,60
-73.3357549,-40.2266287,60
-73.335755,-40.2265212,60
-73.3357465,-40.2264055,60
-73.3357065,-40.2263083,60
-73.3356389,-40.2262303,60
-73.335558,-40.2261526,60
-73.3355005,-40.2261158,60
-73.3354686,-40.2261204,60
-73.335458,-40.2261516,60
-73.3354565,-40.2261928,60
-73.335456,-40.2262469,60
-73.3354558,-40.2263263,60
-73.3354557,-40.2264214,60
-73.3354562,-40.2265182,60
-73.3354561,-40.2266352,60
-73.3354567,-40.2267572,60
-73.3354576,-40.2268655,60
-73.3354573,-40.2269848,60
-73.3354567,-40.2271036,60
-73.3354567,-40.2272102,60
-73.3354565,-40.2273288,60
-73.3354564,-40.2274475,60
-73.3354559,-40.2275548,60
-73.3354557,-40.2276739,60
-73.3354556,-40.22779,60
-73.3354567,-40.2278932,60
-73.3354567,-40.2280004,60
-73.3354564,-40.2281104,60
-73.3354562,-40.228211,60
-73.3354547,-40.2283289,60
-73.3354391,-40.228421,60
-73.3353876,-40.2284815,60
-73.335304,-40.2285351,60
-73.3352147,-40.2285853,60
-73.3351685,-40.2286024,60
-73.3351565,-40.2286037,60
-73.335154,-40.2285772,60
-73.3351548,-40.2285419,60
-73.3351537,-40.228485,60
-73.3351533,-40.2284076,60
-73.3351539,-40.228325,60
-73.3351538,-40.2282241,60
-73.3351539,-40.2281058,60
-73.3351537,-40.2279955,60
-73.3351536,-40.2278732,60
-73.3351541,-40.2277526,60
-73.335154,-40.2276446,60
-73.3351541,-40.2275258,60
-73.3351533,-40.227407,60
-73.335153,-40.2273006,60
-73.3351532,-40.2271826,60
-73.3351535,-40.2270639,60
-73.3351536,-40.2269552,60
-73.3351534,-40.226836,60
-73.3351538,-40.2267171,60
-73.335154,-40.2266108,60
-73.335154,-40.2264924,60
-73.3351539,-40.2263729,60
-73.3351533,-40.2262658,60
-73.3351529,-40.2261472,60
-73.3351526,-40.2260281,60
-73.3351533,-40.2259214,60
-73.335144,-40.2258167,60
-73.3351028,-40.2257439,60
-73.3350352,-40.2256942,60
-73.334951,-40.2256574,60
-73.3348981,-40.2256525,60
-73.334866,-40.2256778,60
-73.3348567,-40.2257198,60
-73.3348554,-40.2257732,60
-73.3348557,-40.2258383,60
-73.3348561,-40.2259274,60
-73.3348565,-40.2260301,60
-73.3348559,-40.2261448,60
-73.3348551,-40.2262537,60
-73.3348556,-40.2263754,60
-73.3348559,-40.2264956,60
-73.3348558,-40.2266027,60
-73.3348555,-40.2267215,60
-73.3348549,-40.2268281,60
-73.3348557,-40.2269463,60
-73.334856,-40.2270509,60
-73.3348558,-40.2271442,60
-73.3348563,-40.2272551,60
-73.3348554,-40.2273747,60
-73.3348551,-40.2274972,60
-73.3348553,-40.2276068,60
-73.3348561,-40.2277253,60
-73.3348556,-40.227832,60
-73.3348556,-40.2279506,60
-73.3348557,-40.2280695,60
-73.334855,-40.2281879,60
-73.3348544,-40.2282935,60
-73.3348534,-40.2284132,60
-73.3348542,-40.2285189,60
-73.3348543,-40.2286371,60
-73.3348536,-40.2287561,60
-73.3348454,-40.2288702,60
-73.3348094,-40.2289579,60
-73.3347368,-40.2290441,60
-73.3346631,-40.2291134,60
-73.3346073,-40.2291534,60
-73.3345727,-40.2291536,60
-73.3345557,-40.2291249,60
-73.3345535,-40.2290888,60
-73.3345517,-40.2290323,60
-73.3345514,-40.2289542,60
-73.3345521,-40.2288704,60
-73.3345514,-40.2287657,60
-73.3345517,-40.2286505,60
-73.3345514,-40.2285412,60
-73.3345512,-40.2284194,60
-73.3345517,-40.22831,60
-73.3345521,-40.2281909,60
-73.334552,-40.228072,60
-73.3345524,-40.2279651,60
-73.3345525,-40.2278463,60
-73.3345526,-40.2276578,60
-73.3345527,-40.2276095,60
-73.3345531,-40.2275025,60
-73.3345528,-40.2273834,60
-73.3345528,-40.2272641,60
-73.3345528,-40.2271571,60
-73.3345526,-40.2270386,60
-73.3345527,-40.2269194,60
-73.3345527,-40.2268133,60
-73.3345523,-40.2266951,60
-73.3345523,-40.226577,60
-73.3345516,-40.2264701,60
-73.334552,-40.2263519,60
-73.334552,-40.2262337,60
-73.3345527,-40.2261273,60
-73.3345523,-40.2260084,60
-73.3345525,-40.225889,60
-73.3345526,-40.2257816,60
-73.3345526,-40.2256657,60
-73.3345475,-40.2255609,60
-73.3345294,-40.2254968,60
-73.3344733,-40.2254521,60
-73.3343918,-40.2254309,60
-73.3343254,-40.2254241,60
-73.3342763,-40.2254448,60
-73.334258,-40.2254823,60
-73.3342547,-40.225534,60
-73.334254,-40.2256028,60
-73.3342542,-40.2256811,60
-73.3342546,-40.2257442,60
-73.3342559,-40.2258229,60
-73.3342566,-40.2258995,60
-73.3342547,-40.2259663,60
-73.334255,-40.2260527,60
-73.3342553,-40.2261544,60
-73.334255,-40.2262479,60
-73.3342551,-40.2263578,60
-73.3342553,-40.2264756,60
-73.3342542,-40.2265837,60
-73.3342539,-40.2267045,60
-73.3342539,-40.2268236,60
-73.3342541,-40.2269305,60
-73.3342541,-40.2270492,60
-73.3342539,-40.2271678,60
-73.334254,-40.2272743,60
-73.3342539,-40.227393,60
-73.3342545,-40.2275113,60
-73.3342544,-40.227618,60
-73.3342537,-40.2277372,60
-73.334254,-40.2278562,60
-73.3342542,-40.2279647,60
-73.3342543,-40.2280837,60
-73.3342537,-40.2282024,60
-73.3342537,-40.2283103,60
-73.3342534,-40.2284299,60
-73.3342536,-40.2285494,60
-73.3342535,-40.2286556,60
-73.3342532,-40.2287744,60
-73.3342538,-40.2288936,60
-73.3342537,-40.229,60
-73.3342538,-40.2291183,60
-73.3342535,-40.229236,60
-73.3342531,-40.2293407,60
-73.3342448,-40.2294582,60
-73.3342048,-40.2295554,60
-73.3341449,-40.2296295,60
-73.3340674,-40.2297052,60
-73.3339974,-40.2297638,60
-73.333966,-40.2297816,60
-73.3339569,-40.2297854,60
-73.3339541,-40.2297869,60
-73.3339534,-40.2297882,60
-73.3339532,-40.2297812,60
-73.3339524,-40.2297458,60
-73.3339519,-40.229704,60
-73.3339511,-40.2296368,60
-73.3339502,-40.229553,60
-73.3339505,-40.2294547,60
-73.3339507,-40.2293591,60
-73.333951,-40.2292407,60
-73.3339507,-40.229129,60
-73.3339508,-40.2290068,60
-73.3339511,-40.2288864,60
-73.3339516,-40.2287668,60
-73.3339512,-40.2286591,60
-73.3339512,-40.2285402,60
-73.3339508,-40.2284217,60
-73.3339505,-40.2283155,60
-73.3339506,-40.2281967,60
-73.3339508,-40.2280896,60
-73.3339505,-40.2279703,60
-73.3339507,-40.2278638,60
-73.3339507,-40.2277449,60
-73.3339508,-40.2276265,60
-73.333951,-40.2275083,60
-73.3339518,-40.2274026,60
-73.3339508,-40.2272903,60
-73.3339507,-40.2271717,60
-73.3339508,-40.2270654,60
-73.333951,-40.226957,60
-73.3339511,-40.22684,60
-73.333951,-40.2267171,60
-73.3339528,-40.2266246,60
-73.3339521,-40.2265379,60
-73.3339508,-40.2264678,60
-73.3339507,-40.2264176,60
-73.333951,-40.2263407,60
-73.3339512,-40.2262783,60
-73.3339512,-40.2261887,60
-73.3339513,-40.2260858,60
-73.3339514,-40.2259702,60
-73.3339514,-40.2258603,60
-73.333951,-40.2257387,60
-73.3339496,-40.225623,60
-73.3339375,-40.2255546,60
-73.3339148,-40.22552,60
-73.3338827,-40.2255273,60
-73.3338471,-40.2255606,60
-73.333801,-40.2256027,60
-73.3337385,-40.2256615,60
-73.3336853,-40.2257313,60
-73.3336534,-40.225828,60
-73.3336528,-40.2259232,60
-73.3336548,-40.2260339,60
-73.3336543,-40.2261482,60
-73.3336544,-40.2262541,60
-73.3336545,-40.2263731,60
-73.333655,-40.226492,60
-73.3336548,-40.2265993,60
-73.333655,-40.2267177,60
-73.3336545,-40.2268364,60
-73.3336546,-40.2269555,60
-73.3336542,-40.2270616,60
-73.333654,-40.2271801,60
-73.3336538,-40.2272976,60
-73.3336542,-40.2274042,60
-73.3336539,-40.227523,60
-73.3336534,-40.2276417,60
-73.3336531,-40.2277488,60
-73.333653,-40.2278673,60
-73.333653,-40.2279748,60
-73.3336528,-40.2280931,60
-73.3336531,-40.2282102,60
-73.3336535,-40.228328,60
-73.3336528,-40.2284318,60
-73.3336525,-40.2285523,60
-73.3336526,-40.228672,60
-73.333653,-40.2287788,60
-73.3336522,-40.2288972,60
-73.3336518,-40.2290037,60
-73.3336521,-40.2291227,60
-73.3336521,-40.2292418,60
-73.3336516,-40.2293489,60
-73.3336523,-40.2294674,60
-73.3336529,-40.2295859,60
-73.3336532,-40.2297041,60
-73.333653,-40.2298103,60
-73.333653,-40.2299292,60
-73.3336516,-40.2300366,60
-73.3336369,-40.2301371,60
-73.3335865,-40.230217,60
-73.3335004,-40.2302738,60
-73.3334334,-40.230316,60
-73.3333891,-40.2303289,60
-73.333359,-40.230307,60
-73.3333531,-40.230272,60
-73.3333513,-40.2302224,60
-73.3333504,-40.2301515,60
-73.3333503,-40.2300722,60
-73.3333503,-40.2299711,60
-73.3333503,-40.2298591,60
-73.3333498,-40.2297516,60
-73.3333503,-40.2296299,60
-73.3333502,-40.2295098,60
-73.3333497,-40.2294022,60
-73.3333489,-40.2292841,60
-73.3333492,-40.2291654,60
-73.3333489,-40.2290591,60
-73.3333492,-40.228941,60
-73.33335,-40.2288222,60
-73.3333504,-40.2287156,60
-73.3333506,-40.2285972,60
-73.3333504,-40.2284779,60
-73.3333503,-40.2283716,60
-73.3333502,-40.228252,60
-73.3333504,-40.2281337,60
-73.3333503,-40.2280149,60
-73.3333508,-40.2279082,60
-73.3333509,-40.2277892,60
-73.3333505,-40.2276818,60
-73.3333504,-40.2275623,60
-73.3333503,-40.227443,60
-73.33335,-40.2273355,60
-73.3333501,-40.2272173,60
-73.3333501,-40.2270986,60
-73.333349,-40.2269797,60
-73.3333492,-40.2268773,60
-73.33335,-40.2267837,60
-73.3333494,-40.2266812,60
-73.33335,-40.2265856,60
-73.3333508,-40.2264817,60
-73.3333507,-40.2263779,60
-73.3333503,-40.2262592,60
-73.333346,-40.2261745,60
-73.3333422,-40.2261357,60
-73.3333312,-40.2261341,60
-73.3332999,-40.2261465,60
-73.3332423,-40.2261449,60
-73.3331671,-40.2261425,60
-73.3330967,-40.2261536,60
-73.3330595,-40.2261894,60
-73.3330521,-40.2262349,60
-73.3330522,-40.2262966,60
-73.3330528,-40.2263757,60
-73.3330526,-40.2264609,60
-73.3330528,-40.226568,60
-73.3330527,-40.2266845,60
-73.3330522,-40.2267948,60
-73.3330529,-40.2269153,60
-73.3330532,-40.2270313,60
-73.3330535,-40.227135,60
-73.3330535,-40.227256,60
-73.3330533,-40.2273762,60
-73.3330527,-40.2274845,60
-73.3330529,-40.2276037,60
-73.3330525,-40.2277091,60
-73.3330525,-40.2278262,60
-73.3330528,-40.2279445,60
-73.3330524,-40.228064,60
-73.3330518,-40.2281831,60
-73.3330521,-40.2282899,60
-73.3330519,-40.2284084,60
-73.3330514,-40.2285261,60
-73.333051,-40.2286345,60
-73.3330515,-40.2287539,60
-73.3330513,-40.2288612,60
-73.3330512,-40.2289795,60
-73.3330519,-40.2290977,60
-73.3330521,-40.2292031,60
-73.3330518,-40.2293218,60
-73.3330502,-40.2294405,60
-73.3330506,-40.2295473,60
-73.3330515,-40.2296657,60
-73.333052,-40.2297727,60
-73.3330516,-40.229893,60
-73.3330513,-40.2300119,60
-73.3330511,-40.2301191,60
-73.333051,-40.2302364,60
-73.3330506,-40.2303397,60
-73.3330442,-40.2304314,60
-73.3330263,-40.2304785,60
-73.3329735,-40.230505,60
-73.3329032,-40.2305076,60
-73.3328316,-40.2304986,60
-73.3327753,-40.2304673,60
-73.3327528,-40.2304139,60
-73.3327505,-40.2303592,60
-73.3327493,-40.2302835,60
-73.3327491,-40.2301921,60
-73.3327493,-40.2300969,60
-73.3327486,-40.2299823,60
-73.332749,-40.229861,60
-73.3327487,-40.2297517,60
-73.3327486,-40.2296317,60
-73.3327482,-40.2295129,60
-73.3327473,-40.2294056,60
-73.3327478,-40.2292866,60
-73.3327489,-40.2291687,60
-73.3327498,-40.2290619,60
-73.3327496,-40.2289439,60
-73.3327497,-40.2288248,60
-73.3327489,-40.2287179,60
-73.3327484,-40.2285993,60
-73.3327481,-40.2284806,60
-73.3327491,-40.2283742,60
-73.3327496,-40.2282554,60
-73.3327496,-40.2281367,60
-73.3327497,-40.2280299,60
-73.3327493,-40.2279113,60
-73.3327489,-40.2277924,60
-73.3327488,-40.2276854,60
-73.3327485,-40.2275672,60
-73.3327484,-40.2274497,60
-73.3327489,-40.2273296,60
-73.3327494,-40.2272251,60
-73.3327505,-40.2271105,60
-73.3327511,-40.2270046,60
-73.3327501,-40.2268807,60
-73.3327496,-40.2267596,60
-73.3327501,-40.2266546,60
-73.3327489,-40.2265622,60
-73.3327494,-40.2264688,60
-73.3327498,-40.2263947,60
-73.3327487,-40.2262969,60
-73.3327425,-40.2262049,60
-73.3327314,-40.2261533,60
-73.3326921,-40.2261174,60
-73.3326178,-40.226116,60
-73.3325439,-40.2261245,60
-73.332481,-40.2261493,60
-73.3324552,-40.2261989,60
-73.3324513,-40.2262574,60
-73.3324511,-40.2263198,60
-73.3324506,-40.2264075,60
-73.3324513,-40.2264957,60
-73.3324516,-40.2266021,60
-73.3324513,-40.2267206,60
-73.332452,-40.2268432,60
-73.3324515,-40.2269479,60
-73.3324515,-40.2270535,60
-73.3324513,-40.2271578,60
-73.3324511,-40.2272794,60
-73.3324513,-40.2274004,60
-73.332451,-40.2275078,60
-73.332451,-40.227628,60
-73.332451,-40.227747,60
-73.3324502,-40.2278664,60
-73.3324506,-40.2279732,60
-73.3324516,-40.2280914,60
-73.3324513,-40.228197,60
-73.3324513,-40.2283156,60
-73.3324503,-40.2284351,60
-73.3324502,-40.2285543,60
-73.3324505,-40.2286604,60
-73.3324499,-40.2287792,60
-73.3324502,-40.2288861,60
-73.3324501,-40.2290053,60
-73.3324504,-40.2291233,60
-73.3324499,-40.2292295,60
-73.3324508,-40.2293473,60
-73.3324515,-40.2294666,60
-73.332451,-40.2295855,60
-73.3324507,-40.2296928,60
-73.3324495,-40.229812,60
-73.33245,-40.2299189,60
-73.3324497,-40.2300378,60
-73.3324496,-40.2301517,60
-73.332441,-40.2302225,60
-73.3324273,-40.2302591,60
-73.332391,-40.2302655,60
-73.3323569,-40.2302439,60
-73.3323174,-40.2302119,60
-73.3322778,-40.2301775,60
-73.332252,-40.230156,60
-73.3322247,-40.2301317,60
-73.3321977,-40.2301028,60
-73.3321754,-40.2300701,60
-73.3321579,-40.2300293,60
-73.3321488,-40.2299663,60
-73.3321491,-40.2298901,60
-73.3321493,-40.2297996,60
-73.3321489,-40.2297064,60
-73.3321483,-40.229591,60
-73.332148,-40.2294828,60
-73.3321478,-40.2293608,60
-73.3321479,-40.229241,60
-73.3321477,-40.2291222,60
-73.3321479,-40.2290157,60
-73.3321478,-40.2288976,60
-73.3321471,-40.2287908,60
-73.3321468,-40.2286717,60
-73.3321476,-40.2285525,60
-73.3321486,-40.2284457,60
-73.3321485,-40.2283277,60
-73.3321478,-40.2282093,60
-73.3321477,-40.2281026,60
-73.3321481,-40.2279835,60
-73.3321483,-40.2278639,60
-73.3321481,-40.2277568,60
-73.3321479,-40.2276387,60
-73.3321477,-40.2275206,60
-73.3321481,-40.2274132,60
-73.3321488,-40.2272946,60
-73.3321493,-40.2271754,60
-73.3321488,-40.2270569,60
-73.3321493,-40.2269501,60
-73.33215,-40.2268349,60
-73.3321501,-40.226729,60
-73.3321494,-40.2266056,60
-73.3321492,-40.2264882,60
-73.3321498,-40.2263874,60
-73.3321456,-40.2262947,60
-73.332133,-40.2262326,60
-73.3321121,-40.2261953,60
-73.3320616,-40.2261856,60
-73.3320018,-40.2262058,60
-73.3319342,-40.226225,60
-73.3318714,-40.2262642,60
-73.3318486,-40.2263219,60
-73.3318503,-40.2263846,60
-73.3318509,-40.2264627,60
-73.3318506,-40.2265607,60
-73.3318514,-40.2266578,60
-73.3318512,-40.2267768,60
-73.3318511,-40.2268986,60
-73.3318509,-40.227007,60
-73.3318509,-40.2271269,60
-73.3318514,-40.227244,60
-73.3318506,-40.2273511,60
-73.3318502,-40.2274708,60
-73.3318509,-40.2275896,60
-73.3318513,-40.2276965,60
-73.3318507,-40.2278147,60
-73.3318505,-40.2279323,60
-73.3318503,-40.2280397,60
-73.3318497,-40.2281594,60
-73.3318511,-40.2282752,60
-73.331852,-40.2283804,60
-73.3318497,-40.2284767,60
-73.3318495,-40.2285907,60
-73.3318489,-40.2286852,60
-73.3318483,-40.2287686,60
-73.331849,-40.2288728,60
-73.3318498,-40.2289752,60
-73.3318497,-40.2290946,60
-73.331849,-40.2292153,60
-73.3318489,-40.2293248,60
-73.3318485,-40.2294446,60
-73.3318463,-40.2295582,60
-73.3318352,-40.2296227,60
-73.3318179,-40.2296591,60
-73.3317981,-40.2296504,60
-73.3317794,-40.2296266,60
-73.3317447,-40.229585,60
-73.3316948,-40.2295255,60
-73.3316419,-40.2294611,60
-73.3315838,-40.2293773,60
-73.3315518,-40.2293031,60
-73.3315484,-40.2292491,60
-73.3315487,-40.2292108,60
-73.3315473,-40.2291703,60
-73.3315476,-40.2291036,60
-73.331548,-40.2290208,60
-73.3315477,-40.2289332,60
-73.331548,-40.2288282,60
-73.331547,-40.2287198,60
-73.3315473,-40.2286053,60
-73.3315472,-40.2284987,60
-73.3315473,-40.2283789,60
-73.3315471,-40.2282596,60
-73.3315466,-40.2281407,60
-73.3315461,-40.2280339,60
-73.3315467,-40.227915,60
-73.3315467,-40.2277974,60
-73.331547,-40.2276929,60
-73.3315475,-40.2275735,60
-73.331547,-40.227467,60
-73.3315473,-40.2273569,60
-73.3315476,-40.227263,60
-73.3315472,-40.227171,60
-73.3315478,-40.2270603,60
-73.3315483,-40.2269422,60
-73.3315483,-40.2268202,60
-73.3315479,-40.2267115,60
-73.3315482,-40.2266042,60
-73.3315486,-40.2265293,60
-73.3315476,-40.2264805,60
-73.3315459,-40.2264318,60
-73.331548,-40.2264043,60
-73.331548,-40.2263937,60
-73.3315375,-40.2263746,60
-73.331516,-40.2263721,60
-73.3314995,-40.2263909,60
-73.3314805,-40.2264245,60
-73.3314546,-40.2264736,60
-73.3314173,-40.2265461,60
-73.331373,-40.2266332,60
-73.3313277,-40.2267208,60
-73.3312841,-40.2267993,60
-73.3312534,-40.2268477,60
-73.3312495,-40.2268861,60
-73.331249,-40.2269419,60
-73.3312491,-40.2270172,60
-73.3312495,-40.2270987,60
-73.3312496,-40.2272007,60
-73.3312498,-40.2273133,60
-73.3312501,-40.2274194,60
-73.331249,-40.2275423,60
-73.3312492,-40.2276625,60
-73.3312489,-40.2277689,60
-73.3312491,-40.2278872,60
-73.331248,-40.2280057,60
-73.3312481,-40.2281123,60
-73.3312486,-40.2282307,60
-73.331248,-40.2283485,60
-73.3312478,-40.2284669,60
-73.3312472,-40.2285756,60
-73.3312466,-40.2286933,60
-73.3312477,-40.2288085,60
-73.3312485,-40.2289119,60
-73.3312489,-40.229029,60
-73.3312461,-40.229126,60
-73.3312301,-40.2291936,60
-73.3311776,-40.2292334,60
-73.3311126,-40.229251,60
-73.3310304,-40.2292551,60
-73.330975,-40.2292359,60
-73.330952,-40.2291946,60
-73.3309482,-40.2291389,60
-73.3309474,-40.2290686,60
-73.3309477,-40.2289902,60
-73.3309475,-40.2288892,60
-73.3309472,-40.2287778,60
-73.3309467,-40.22867,60
-73.3309468,-40.2285482,60
-73.3309468,-40.2284279,60
-73.3309467,-40.2283203,60
-73.3309471,-40.2282013,60
-73.3309472,-40.2280821,60
-73.330947,-40.2279754,60
-73.3309466,-40.2278562,60
-73.3309474,-40.2277386,60
-73.3309462,-40.2276306,60
-73.3309462,-40.227512,60
-73.3309468,-40.2273972,60
-73.3309481,-40.2273188,60
-73.3309471,-40.2272647,60
-73.3309464,-40.2272314,60
-73.3309471,-40.2272008,60
-73.3309399,-40.2271665,60
-73.3309184,-40.2271461,60
-73.3308887,-40.2271399,60
-73.3308528,-40.227161,60
-73.3308117,-40.2271988,60
-73.3307613,-40.2272416,60
-73.3307039,-40.2272957,60
-73.3306684,-40.2273486,60
-73.330652,-40.2274018,60
-73.3306481,-40.227441,60
-73.3306478,-40.2274913,60
-73.3306484,-40.2275556,60
-73.3306483,-40.2276425,60
-73.3306484,-40.2277427,60
-73.3306482,-40.2278419,60
-73.3306482,-40.2279616,60
-73.3306475,-40.2280838,60
-73.3306476,-40.2281931,60
-73.3306479,-40.2283121,60
-73.3306477,-40.2284312,60
-73.3306475,-40.2285379,60
-73.3306468,-40.2286563,60
-73.330647,-40.2287695,60
-73.3306472,-40.2288436,60
-73.3306463,-40.2289212,60
-73.3306464,-40.2290123,60
-73.3306462,-40.2291041,60
-73.3306392,-40.2291947,60
-73.3306081,-40.2292366,60
-73.3305575,-40.2292511,60
-73.330489,-40.2292458,60
-73.330413,-40.2292255,60
-73.3303634,-40.2291899,60
-73.3303473,-40.2291314,60
-73.330347,-40.2290637,60
-73.3303467,-40.2289811,60
-73.3303467,-40.228906,60
-73.3303461,-40.2288116,60
-73.3303462,-40.2287062,60
-73.3303461,-40.2286025,60
-73.3303458,-40.2284806,60
-73.3303457,-40.2283595,60
-73.3303451,-40.2282515,60
-73.3303447,-40.2281323,60
-73.3303445,-40.2280139,60
-73.3303445,-40.2279103,60
-73.3303456,-40.2277964,60
-73.3303442,-40.2276859,60
-73.3303373,-40.2276304,60
-73.3303289,-40.2276126,60
-73.3303121,-40.22762,60
-73.3302791,-40.227644,60
-73.3302275,-40.2276752,60
-73.3301613,-40.2277152,60
-73.3300878,-40.2277777,60
-73.3300527,-40.2278535,60
-73.3300469,-40.2279389,60
-73.3300462,-40.228024,60
-73.3300463,-40.2281299,60
-73.3300468,-40.2282333,60
-73.330047,-40.2283546,60
-73.3300469,-40.2284753,60
-73.3300464,-40.2285952,60
-73.3300464,-40.2287029,60
-73.3300464,-40.2288208,60
-73.3300464,-40.2289276,60
-73.3300456,-40.2290443,60
-73.3300337,-40.2291223,60
-73.330005,-40.2291613,60
-73.3299508,-40.2291734,60
-73.3298815,-40.2291671,60
-73.3298121,-40.2291484,60
-73.3297615,-40.2291055,60
-73.3297479,-40.2290441,60
-73.3297468,-40.2289745,60
-73.3297457,-40.2288977,60
-73.329745,-40.2287988,60
-73.3297445,-40.2286875,60
-73.3297448,-40.2285808,60
-73.3297443,-40.22846,60
-73.3297443,-40.2283394,60
-73.3297444,-40.2282317,60
-73.3297412,-40.2281226,60
-73.3297252,-40.2280574,60
-73.3297007,-40.2280394,60
-73.3296731,-40.2280589,60
-73.3296443,-40.2280924,60
-73.3296,-40.2281407,60
-73.3295413,-40.228206,60
-73.3294809,-40.2282876,60
-73.3294491,-40.2283769,60
-73.3294449,-40.228488,60
-73.3294458,-40.2286043,60
-73.3294456,-40.2287127,60
-73.3294456,-40.2288322,60
-73.3294455,-40.228951,60
-73.3294461,-40.2290354,60
-73.3294456,-40.2290859,60
-73.329444,-40.2291024,60
-73.3294444,-40.2291105,60
</coordinates></LineString>
</Placemark>
<Placemark>
<name>DJI_202603261619_001_LASTRANCAS006_Timestamp.MRK</name>
<description>Equipo: M3E | Fecha: 26-03-2026 | Puntos: 527</description>
<styleUrl>#m3e</styleUrl>
<LineString><altitudeMode>relativeToGround</altitudeMode><coordinates>
-73.3251096,-40.2299314,60
-73.3251096,-40.2299043,60
-73.3251091,-40.2298496,60
-73.325109,-40.2297745,60
-73.3251089,-40.2296935,60
-73.3251094,-40.2295904,60
-73.325109,-40.2294779,60
-73.3251093,-40.2293701,60
-73.325109,-40.229248,60
-73.3251082,-40.2291272,60
-73.3251079,-40.2290199,60
-73.3251081,-40.2289009,60
-73.3251085,-40.2287815,60
-73.3251104,-40.2286749,60
-73.3251279,-40.2285616,60
-73.3251789,-40.2284664,60
-73.3252383,-40.2283768,60
-73.3253069,-40.2282759,60
-73.3253661,-40.2282043,60
-73.3254055,-40.2281804,60
-73.3254196,-40.2281899,60
-73.3254113,-40.2282253,60
-73.3254083,-40.2282585,60
-73.3254091,-40.2283131,60
-73.325409,-40.2283855,60
-73.3254096,-40.2284656,60
-73.3254096,-40.2285643,60
-73.3254099,-40.2286724,60
-73.3254103,-40.2287752,60
-73.3254102,-40.2288927,60
-73.32541,-40.2289973,60
-73.3254103,-40.2290672,60
-73.3254103,-40.2291512,60
-73.3254094,-40.2292518,60
-73.3254098,-40.2293486,60
-73.3254099,-40.2294648,60
-73.3254103,-40.2295863,60
-73.3254093,-40.2296944,60
-73.3254094,-40.2298134,60
-73.3254095,-40.2299325,60
-73.3254098,-40.2300386,60
-73.3254106,-40.2301462,60
-73.3254099,-40.2302256,60
-73.3254099,-40.2303133,60
-73.3254104,-40.230398,60
-73.3254103,-40.2304745,60
-73.32541,-40.2305534,60
-73.3254101,-40.2306481,60
-73.3254122,-40.2307424,60
-73.3254341,-40.2308255,60
-73.3254959,-40.2309022,60
-73.3255824,-40.230966,60
-73.325648,-40.2310003,60
-73.325688,-40.2309974,60
-73.32571,-40.2309652,60
-73.3257125,-40.2309275,60
-73.3257118,-40.2308689,60
-73.3257113,-40.2307892,60
-73.3257102,-40.2306946,60
-73.3257105,-40.2305995,60
-73.3257097,-40.2304848,60
-73.3257093,-40.2303629,60
-73.3257091,-40.2302538,60
-73.3257087,-40.2301348,60
-73.3257085,-40.2300329,60
-73.3257089,-40.2299178,60
-73.3257086,-40.2297996,60
-73.3257088,-40.2296911,60
-73.325709,-40.2295719,60
-73.3257086,-40.2294652,60
-73.325709,-40.2293477,60
-73.3257092,-40.2292381,60
-73.3257093,-40.2291182,60
-73.325709,-40.2290093,60
-73.3257089,-40.2288895,60
-73.3257092,-40.22877,60
-73.3257095,-40.2286624,60
-73.3257094,-40.2285426,60
-73.3257093,-40.2284233,60
-73.3257089,-40.2283166,60
-73.3257108,-40.2282021,60
-73.3257258,-40.2281234,60
-73.3257712,-40.2280855,60
-73.3258439,-40.2280627,60
-73.3259254,-40.2280562,60
-73.325976,-40.2280699,60
-73.3260049,-40.2281122,60
-73.3260099,-40.2281649,60
-73.326011,-40.2282248,60
-73.3260107,-40.2283089,60
-73.3260114,-40.2284065,60
-73.3260116,-40.2285033,60
-73.3260113,-40.2286066,60
-73.3260117,-40.2287014,60
-73.3260114,-40.2287959,60
-73.3260116,-40.2289042,60
-73.3260112,-40.2290234,60
-73.3260109,-40.2291329,60
-73.326011,-40.2292532,60
-73.3260105,-40.2293732,60
-73.3260104,-40.22948,60
-73.3260109,-40.2295981,60
-73.3260114,-40.2297096,60
-73.3260105,-40.2298023,60
-73.3260115,-40.2299122,60
-73.3260116,-40.2300245,60
-73.3260109,-40.2301342,60
-73.3260107,-40.2302566,60
-73.3260109,-40.2303651,60
-73.3260111,-40.2304842,60
-73.3260111,-40.2306032,60
-73.3260115,-40.2307214,60
-73.3260116,-40.2308259,60
-73.3260113,-40.2309462,60
-73.3260125,-40.2310631,60
-73.3260221,-40.2311357,60
-73.3260477,-40.2311769,60
-73.3261089,-40.2311975,60
-73.3261796,-40.2312049,60
-73.3262532,-40.2311982,60
-73.3262989,-40.2311633,60
-73.3263111,-40.2311159,60
-73.3263123,-40.2310551,60
-73.3263118,-40.2309841,60
-73.3263119,-40.2308903,60
-73.3263114,-40.2307846,60
-73.3263116,-40.2306823,60
-73.3263114,-40.2305644,60
-73.3263108,-40.2304456,60
-73.3263109,-40.2303471,60
-73.3263109,-40.2302354,60
-73.3263107,-40.2301135,60
-73.3263103,-40.230003,60
-73.3263099,-40.229882,60
-73.3263096,-40.2297626,60
-73.3263095,-40.2296436,60
-73.3263099,-40.2295371,60
-73.3263096,-40.2294177,60
-73.3263098,-40.2292982,60
-73.3263093,-40.2291913,60
-73.3263096,-40.2290726,60
-73.3263097,-40.2289658,60
-73.3263101,-40.228847,60
-73.3263104,-40.2287282,60
-73.3263103,-40.2286213,60
-73.3263101,-40.2285025,60
-73.32631,-40.2283837,60
-73.3263107,-40.2282652,60
-73.3263112,-40.2281626,60
-73.3263188,-40.2280694,60
-73.3263456,-40.2280128,60
-73.3263992,-40.2279821,60
-73.3264799,-40.2279664,60
-73.3265463,-40.2279654,60
-73.3265933,-40.227992,60
-73.3266094,-40.2280395,60
-73.3266114,-40.2280961,60
-73.326612,-40.2281629,60
-73.3266121,-40.2282527,60
-73.3266121,-40.2283538,60
-73.3266118,-40.2284531,60
-73.3266125,-40.2285653,60
-73.3266129,-40.2286831,60
-73.3266128,-40.2287708,60
-73.326613,-40.2288422,60
-73.3266129,-40.2289208,60
-73.326612,-40.2290069,60
-73.3266121,-40.2291115,60
-73.326612,-40.2292236,60
-73.326612,-40.2293306,60
-73.3266118,-40.2294518,60
-73.3266115,-40.2295729,60
-73.3266118,-40.2296796,60
-73.3266116,-40.2297882,60
-73.3266122,-40.22989,60
-73.3266122,-40.2300106,60
-73.3266123,-40.2301307,60
-73.3266118,-40.2302514,60
-73.3266112,-40.2303588,60
-73.3266117,-40.2304767,60
-73.3266116,-40.230595,60
-73.326612,-40.2307022,60
-73.3266114,-40.2308208,60
-73.3266122,-40.2309274,60
-73.3266125,-40.2310457,60
-73.3266184,-40.2311436,60
-73.3266359,-40.2311916,60
-73.3266834,-40.2312165,60
-73.3267506,-40.2312128,60
-73.3268176,-40.2311995,60
-73.3268827,-40.2311628,60
-73.3269099,-40.2311049,60
-73.326913,-40.2310389,60
-73.3269127,-40.2309671,60
-73.3269124,-40.2308721,60
-73.3269126,-40.2307765,60
-73.3269124,-40.2306609,60
-73.3269115,-40.2305397,60
-73.3269114,-40.2304308,60
-73.3269113,-40.230312,60
-73.3269111,-40.2301934,60
-73.3269114,-40.2300869,60
-73.3269117,-40.2299688,60
-73.326911,-40.2298504,60
-73.3269112,-40.2297433,60
-73.326911,-40.2296248,60
-73.3269115,-40.2295065,60
-73.3269112,-40.2293995,60
-73.3269111,-40.2292813,60
-73.3269117,-40.2291633,60
-73.3269111,-40.2290564,60
-73.3269108,-40.2289374,60
-73.3269108,-40.2288183,60
-73.326911,-40.2287001,60
-73.3269109,-40.2285928,60
-73.3269111,-40.2284741,60
-73.3269118,-40.2283569,60
-73.3269116,-40.2282667,60
-73.3269118,-40.2281612,60
-73.3269131,-40.2280467,60
-73.326921,-40.2279646,60
-73.3269533,-40.2279145,60
-73.3270187,-40.2278851,60
-73.3270909,-40.227875,60
-73.327164,-40.227879,60
-73.3271994,-40.2279103,60
-73.3272113,-40.2279548,60
-73.3272122,-40.228015,60
-73.3272124,-40.2280928,60
-73.3272127,-40.228176,60
-73.3272132,-40.2282766,60
-73.3272131,-40.2283795,60
-73.3272147,-40.2284996,60
-73.3272147,-40.2286184,60
-73.3272138,-40.2287313,60
-73.3272142,-40.2288237,60
-73.3272137,-40.2289388,60
-73.3272142,-40.2290726,60
-73.3272139,-40.229169,60
-73.3272133,-40.2292884,60
-73.3272132,-40.2294072,60
-73.3272132,-40.2295137,60
-73.3272132,-40.2296325,60
-73.327213,-40.229739,60
-73.3272132,-40.2298573,60
-73.3272131,-40.2299756,60
-73.3272131,-40.2300828,60
-73.3272135,-40.2302016,60
-73.3272135,-40.2303199,60
-73.327213,-40.2304259,60
-73.3272135,-40.2305424,60
-73.3272136,-40.2306582,60
-73.3272136,-40.2307762,60
-73.3272161,-40.2308718,60
-73.3272268,-40.2309336,60
-73.3272459,-40.2309541,60
-73.3272807,-40.2309429,60
-73.3273103,-40.2309123,60
-73.3273445,-40.2308706,60
-73.3273975,-40.2308066,60
-73.3274579,-40.2307277,60
-73.3274986,-40.2306423,60
-73.3275139,-40.230533,60
-73.327514,-40.2304161,60
-73.3275134,-40.2303076,60
-73.3275129,-40.2301874,60
-73.3275125,-40.2300685,60
-73.3275123,-40.2299618,60
-73.3275122,-40.2298428,60
-73.327512,-40.229724,60
-73.3275116,-40.2296172,60
-73.327512,-40.2294984,60
-73.3275124,-40.22938,60
-73.3275125,-40.2292616,60
-73.3275125,-40.2291552,60
-73.3275126,-40.2290365,60
-73.3275126,-40.2289299,60
-73.3275127,-40.2288111,60
-73.3275125,-40.2286923,60
-73.3275123,-40.2285858,60
-73.3275124,-40.2284676,60
-73.327513,-40.22835,60
-73.3275123,-40.2282315,60
-73.3275126,-40.2281331,60
-73.327514,-40.2280215,60
-73.3275242,-40.2279535,60
-73.3275578,-40.2279124,60
-73.3276186,-40.2279049,60
-73.3276948,-40.2279125,60
-73.3277604,-40.2279337,60
-73.3278,-40.2279749,60
-73.3278118,-40.2280166,60
-73.3278144,-40.2280739,60
-73.3278143,-40.2281513,60
-73.3278141,-40.2282397,60
-73.3278143,-40.2283297,60
-73.327815,-40.2284396,60
-73.3278154,-40.2285463,60
-73.3278152,-40.2286689,60
-73.3278146,-40.2287899,60
-73.3278145,-40.2288967,60
-73.3278149,-40.229015,60
-73.327815,-40.2291328,60
-73.3278149,-40.229238,60
-73.327815,-40.2293561,60
-73.3278148,-40.2294746,60
-73.3278149,-40.2295932,60
-73.327815,-40.2296987,60
-73.3278146,-40.229812,60
-73.3278144,-40.2299307,60
-73.3278141,-40.2300387,60
-73.3278149,-40.2301369,60
-73.327814,-40.2301957,60
-73.3278138,-40.2302673,60
-73.3278203,-40.2303379,60
-73.3278379,-40.2303772,60
-73.3278842,-40.2303862,60
-73.3279383,-40.2303733,60
-73.3280014,-40.2303553,60
-73.3280784,-40.2303366,60
-73.3281119,-40.2303156,60
-73.3281161,-40.2302862,60
-73.3281159,-40.2302338,60
-73.3281149,-40.2301603,60
-73.3281147,-40.2300799,60
-73.3281145,-40.2299786,60
-73.3281144,-40.2298666,60
-73.3281139,-40.2297471,60
-73.3281135,-40.2296378,60
-73.3281137,-40.2295176,60
-73.3281133,-40.2294105,60
-73.3281132,-40.2292921,60
-73.3281133,-40.2291736,60
-73.3281135,-40.2290671,60
-73.3281139,-40.2289486,60
-73.3281138,-40.2288302,60
-73.3281135,-40.2287236,60
-73.3281135,-40.2286049,60
-73.328114,-40.2284865,60
-73.3281138,-40.2283802,60
-73.3281134,-40.2282618,60
-73.3281134,-40.2281429,60
-73.3281144,-40.2280384,60
-73.3281251,-40.2279523,60
-73.3281611,-40.2279004,60
-73.3282323,-40.2278702,60
-73.3283098,-40.2278574,60
-73.3283721,-40.2278641,60
-73.3284068,-40.227901,60
-73.3284143,-40.2279459,60
-73.3284149,-40.2280079,60
-73.3284156,-40.2280779,60
-73.3284151,-40.2281714,60
-73.3284152,-40.2282781,60
-73.328415,-40.228383,60
-73.3284155,-40.2285042,60
-73.3284154,-40.2286261,60
-73.3284154,-40.2287346,60
-73.3284155,-40.2288535,60
-73.328415,-40.2289718,60
-73.3284151,-40.2290786,60
-73.3284152,-40.2291977,60
-73.3284153,-40.2293162,60
-73.3284154,-40.2294231,60
-73.3284149,-40.2295412,60
-73.3284153,-40.229659,60
-73.3284153,-40.2297658,60
-73.3284152,-40.2298853,60
-73.3284155,-40.2300026,60
-73.3284164,-40.230101,60
-73.3284168,-40.2301941,60
-73.3284252,-40.2302679,60
-73.3284456,-40.2303015,60
-73.3284987,-40.2303092,60
-73.3285563,-40.2302917,60
-73.3286142,-40.2302647,60
-73.3286807,-40.2302091,60
-73.3287098,-40.2301415,60
-73.3287157,-40.2300739,60
-73.3287163,-40.2299849,60
-73.3287161,-40.2298805,60
-73.3287162,-40.229769,60
-73.3287157,-40.2296621,60
-73.3287147,-40.2295404,60
-73.3287147,-40.2294198,60
-73.3287143,-40.2293118,60
-73.328714,-40.2291918,60
-73.3287143,-40.2290726,60
-73.3287147,-40.2289656,60
-73.3287147,-40.2288467,60
-73.3287153,-40.2287278,60
-73.3287153,-40.2286209,60
-73.3287154,-40.2285023,60
-73.3287156,-40.228383,60
-73.3287154,-40.228276,60
-73.3287151,-40.2281572,60
-73.3287155,-40.2280387,60
-73.3287156,-40.2279318,60
-73.3287196,-40.2278323,60
-73.3287379,-40.2277798,60
-73.3287727,-40.2277625,60
-73.3288266,-40.2277408,60
-73.3288994,-40.2277007,60
-73.3289583,-40.227674,60
-73.328996,-40.2276743,60
-73.329014,-40.2277012,60
-73.3290173,-40.2277369,60
-73.3290175,-40.2277937,60
-73.3290171,-40.2278703,60
-73.3290173,-40.2279524,60
-73.3290167,-40.2280574,60
-73.3290171,-40.2281724,60
-73.3290173,-40.2282809,60
-73.329017,-40.2284027,60
-73.3290167,-40.2285227,60
-73.3290169,-40.2286294,60
-73.3290166,-40.228749,60
-73.3290167,-40.2288683,60
-73.3290165,-40.2289746,60
-73.329017,-40.2290919,60
-73.3290161,-40.2292049,60
-73.3290172,-40.229309,60
-73.3290175,-40.2294252,60
-73.329019,-40.2295238,60
-73.3290171,-40.2296134,60
-73.3290207,-40.2297089,60
-73.3290303,-40.229764,60
-73.3290487,-40.2297796,60
-73.329082,-40.2297639,60
-73.3291078,-40.2297312,60
-73.3291395,-40.2296862,60
-73.3291874,-40.229619,60
-73.3292455,-40.229537,60
-73.3292925,-40.229451,60
-73.3293151,-40.2293422,60
-73.3293172,-40.2292233,60
-73.3293172,-40.2291149,60
-73.3293173,-40.2289951,60
-73.3293167,-40.2288778,60
-73.3293167,-40.228772,60
-73.3293161,-40.2286517,60
-73.329316,-40.2285323,60
-73.3293161,-40.2284256,60
-73.3293162,-40.2283067,60
-73.329316,-40.2281876,60
-73.3293158,-40.228081,60
-73.3293155,-40.2279627,60
-73.3293154,-40.2278433,60
-73.3293156,-40.2277359,60
-73.3293158,-40.2276171,60
-73.3293237,-40.2275081,60
-73.329356,-40.2274348,60
-73.3294301,-40.2273686,60
-73.3295133,-40.227317,60
-73.3295687,-40.2273027,60
-73.3296019,-40.2273202,60
-73.3296154,-40.2273571,60
-73.3296171,-40.2274065,60
-73.3296176,-40.2274667,60
-73.3296175,-40.2275514,60
-73.3296177,-40.2276507,60
-73.3296183,-40.2277496,60
-73.3296178,-40.227869,60
-73.3296183,-40.227991,60
-73.3296183,-40.2281004,60
-73.3296175,-40.2282159,60
-73.3296186,-40.2283298,60
-73.3296281,-40.2283966,60
-73.329648,-40.2284285,60
-73.3296857,-40.2284258,60
-73.329725,-40.2284007,60
-73.3297712,-40.228362,60
-73.3298276,-40.2283127,60
-73.329888,-40.2282382,60
-73.3299181,-40.2281445,60
-73.3299189,-40.2280434,60
-73.3299186,-40.2279452,60
-73.3299179,-40.2278295,60
-73.3299173,-40.2277084,60
-73.3299171,-40.2275985,60
-73.3299173,-40.2274817,60
-73.3299172,-40.2273655,60
-73.3299178,-40.2272617,60
-73.3299279,-40.2271703,60
-73.3299556,-40.2271065,60
-73.329993,-40.2270992,60
-73.3300282,-40.2270929,60
-73.3300522,-40.227087,60
-73.3300797,-40.2270792,60
-73.3300975,-40.2270743,60
-73.3301319,-40.2270672,60
-73.3301584,-40.2270677,60
-73.330196,-40.2270855,60
-73.3302255,-40.2271199,60
-73.3302198,-40.2271608,60
-73.3302185,-40.2272041,60
-73.3302189,-40.2272534,60
-73.3302192,-40.227302,60
-73.3302182,-40.2273445,60
-73.3302187,-40.2274045,60
-73.3302179,-40.2274715,60
-73.3302186,-40.2275456,60
-73.3302185,-40.227639,60
-73.3302195,-40.2277349,60
-73.3302208,-40.2278392,60
-73.3302304,-40.2279039,60
-73.3302561,-40.227927,60
-73.3302952,-40.2279178,60
-73.3303342,-40.2278906,60
-73.3303774,-40.2278539,60
-73.3304423,-40.2277958,60
-73.3304989,-40.2277174,60
-73.3305232,-40.2276228,60
-73.3305195,-40.2275294,60
-73.3305187,-40.2274182,60
-73.3305185,-40.2273317,60
-73.3305181,-40.2272815,60
-73.3305173,-40.2272529,60
-73.3305184,-40.2272401,60
-73.3305177,-40.2272265,60
-73.3305175,-40.2272152,60
-73.3305175,-40.2271802,60
-73.3305171,-40.2271273,60
-73.3305173,-40.2270517,60
-73.3305178,-40.2269975,60
-73.3305181,-40.226972,60
-73.3305177,-40.2269614,60
</coordinates></LineString>
</Placemark>
<Placemark>
<name>DJI_202603261619_002_LASTRANCAS009_Timestamp.MRK</name>
<description>Equipo: M3E | Fecha: 26-03-2026 | Puntos: 496</description>
<styleUrl>#m3e</styleUrl>
<LineString><altitudeMode>relativeToGround</altitudeMode><coordinates>
-73.3367391,-40.2303373,60
-73.3367387,-40.2303115,60
-73.3367384,-40.2302605,60
-73.3367377,-40.2301959,60
-73.3367376,-40.2301099,60
-73.3367375,-40.2300149,60
-73.3367373,-40.2299158,60
-73.3367371,-40.2297975,60
-73.3367374,-40.2296859,60
-73.3367369,-40.2295793,60
-73.3367371,-40.2294578,60
-73.3367372,-40.2293373,60
-73.3367376,-40.2292308,60
-73.3367372,-40.2291119,60
-73.3367368,-40.228992,60
-73.3367369,-40.2288938,60
-73.3367376,-40.2288078,60
-73.3367372,-40.228738,60
-73.3367375,-40.2287051,60
-73.3367376,-40.2286739,60
-73.336732,-40.2286247,60
-73.3367026,-40.2285829,60
-73.3366442,-40.2285662,60
-73.3365736,-40.2285733,60
-73.3365037,-40.2285922,60
-73.3364473,-40.2286294,60
-73.3364373,-40.2286854,60
-73.3364389,-40.2287406,60
-73.3364383,-40.2288111,60
-73.3364378,-40.2288879,60
-73.3364382,-40.2289721,60
-73.3364387,-40.2290152,60
-73.3364389,-40.2290585,60
-73.3364386,-40.2291213,60
-73.3364385,-40.2291901,60
-73.3364385,-40.2292779,60
-73.3364385,-40.2293739,60
-73.3364383,-40.2294754,60
-73.336438,-40.2295661,60
-73.3364386,-40.2296378,60
-73.336438,-40.2297117,60
-73.3364378,-40.2298067,60
-73.3364386,-40.2298989,60
-73.3364383,-40.2300047,60
-73.3364384,-40.2301206,60
-73.3364383,-40.2302436,60
-73.3364367,-40.2303527,60
-73.336422,-40.230444,60
-73.3363762,-40.2305043,60
-73.3362941,-40.2305542,60
-73.3362178,-40.2305826,60
-73.3361731,-40.2305789,60
-73.3361441,-40.230545,60
-73.3361387,-40.2304971,60
-73.3361378,-40.2304427,60
-73.3361369,-40.2303637,60
-73.336137,-40.2302685,60
-73.3361367,-40.2301742,60
-73.3361369,-40.2300588,60
-73.3361369,-40.2299358,60
-73.3361371,-40.2298267,60
-73.3361364,-40.2297059,60
-73.3361366,-40.2295858,60
-73.3361366,-40.229478,60
-73.3361363,-40.2293589,60
-73.3361364,-40.2292402,60
-73.3361366,-40.2291345,60
-73.3361366,-40.2290166,60
-73.336137,-40.2288963,60
-73.3361363,-40.22879,60
-73.3361267,-40.2287052,60
-73.3361,-40.2286636,60
-73.3360502,-40.2286493,60
-73.3359848,-40.2286574,60
-73.3359088,-40.2286799,60
-73.3358583,-40.2287193,60
-73.3358396,-40.2287796,60
-73.335838,-40.2288472,60
-73.3358375,-40.2289208,60
-73.3358372,-40.2290193,60
-73.3358372,-40.2291279,60
-73.335837,-40.229232,60
-73.3358371,-40.2293439,60
-73.3358369,-40.2294634,60
-73.335837,-40.2295871,60
-73.3358372,-40.2296964,60
-73.3358375,-40.2298153,60
-73.3358373,-40.2299224,60
-73.335837,-40.2300413,60
-73.3358366,-40.2301594,60
-73.3358372,-40.2302773,60
-73.3358377,-40.2303844,60
-73.3358362,-40.230497,60
-73.3358289,-40.2305665,60
-73.3358127,-40.2306077,60
-73.335763,-40.2306109,60
-73.3357031,-40.2305947,60
-73.3356394,-40.2305831,60
-73.3355874,-40.2305866,60
-73.3355533,-40.230592,60
-73.3355377,-40.2305786,60
-73.3355354,-40.2305497,60
-73.3355352,-40.2304999,60
-73.3355353,-40.230436,60
-73.3355357,-40.2303491,60
-73.3355353,-40.2302482,60
-73.3355355,-40.2301488,60
-73.3355353,-40.2300297,60
-73.3355358,-40.2299201,60
-73.3355359,-40.2297996,60
-73.3355361,-40.2296798,60
-73.3355359,-40.2295726,60
-73.3355352,-40.2294539,60
-73.3355354,-40.2293357,60
-73.3355358,-40.2292198,60
-73.3355357,-40.2291337,60
-73.3355352,-40.2290449,60
-73.3355346,-40.2289515,60
-73.3355291,-40.2288767,60
-73.3355135,-40.2288274,60
-73.3354753,-40.2288091,60
-73.3354152,-40.2288179,60
-73.3353508,-40.2288447,60
-73.335289,-40.2288737,60
-73.3352373,-40.2289316,60
-73.3352332,-40.2290061,60
-73.3352364,-40.2290888,60
-73.3352358,-40.2291724,60
-73.3352357,-40.2292725,60
-73.3352357,-40.2293571,60
-73.3352363,-40.2293984,60
-73.3352366,-40.2294448,60
-73.3352363,-40.229513,60
-73.3352357,-40.2295837,60
-73.335235,-40.2296754,60
-73.3352349,-40.2297789,60
-73.3352352,-40.2298815,60
-73.3352355,-40.2300009,60
-73.3352358,-40.2301215,60
-73.3352359,-40.2302286,60
-73.335235,-40.2303464,60
-73.3352357,-40.2304414,60
-73.3352363,-40.2305371,60
-73.3352369,-40.2306229,60
-73.3352233,-40.2307124,60
-73.3351939,-40.2307671,60
-73.3351333,-40.2308086,60
-73.3350465,-40.2308497,60
-73.3349911,-40.2308614,60
-73.3349516,-40.2308423,60
-73.334937,-40.2308007,60
-73.3349344,-40.2307488,60
-73.3349338,-40.2306845,60
-73.3349342,-40.2305981,60
-73.3349341,-40.2305199,60
-73.3349345,-40.2304465,60
-73.3349342,-40.2303439,60
-73.3349338,-40.2302298,60
-73.3349345,-40.2301219,60
-73.3349348,-40.2300043,60
-73.3349343,-40.2298862,60
-73.3349343,-40.229778,60
-73.3349341,-40.2296583,60
-73.3349341,-40.2295392,60
-73.3349348,-40.2294196,60
-73.3349348,-40.2293124,60
-73.3349345,-40.2291928,60
-73.3349303,-40.2290974,60
-73.3349141,-40.2290364,60
-73.3348712,-40.2290142,60
-73.3348174,-40.2290211,60
-73.3347532,-40.2290409,60
-73.3346813,-40.2290828,60
-73.334645,-40.2291395,60
-73.3346359,-40.229211,60
-73.3346355,-40.2292911,60
-73.3346359,-40.2293866,60
-73.3346357,-40.2294836,60
-73.3346366,-40.2295996,60
-73.3346359,-40.2297107,60
-73.3346352,-40.2298331,60
-73.3346358,-40.2299535,60
-73.3346353,-40.2300605,60
-73.3346349,-40.230179,60
-73.3346345,-40.230297,60
-73.3346349,-40.2304038,60
-73.3346347,-40.2305217,60
-73.3346349,-40.2306397,60
-73.3346345,-40.2307462,60
-73.3346342,-40.2308655,60
-73.3346353,-40.2309851,60
-73.3346323,-40.231104,60
-73.3346225,-40.2311934,60
-73.3345968,-40.2312623,60
-73.3345367,-40.2313239,60
-73.334458,-40.2314035,60
-73.3343984,-40.231458,60
-73.3343646,-40.2314733,60
-73.334341,-40.2314536,60
-73.3343362,-40.2314174,60
-73.3343347,-40.231366,60
-73.3343342,-40.2313029,60
-73.3343336,-40.23122,60
-73.3343339,-40.2311217,60
-73.3343335,-40.2310268,60
-73.3343338,-40.2309126,60
-73.3343327,-40.2308194,60
-73.3343331,-40.2307334,60
-73.3343329,-40.2306235,60
-73.3343332,-40.2305048,60
-73.3343329,-40.2303834,60
-73.3343327,-40.2302749,60
-73.3343324,-40.2301549,60
-73.3343323,-40.2300352,60
-73.3343327,-40.2299277,60
-73.3343333,-40.2298083,60
-73.3343332,-40.2297003,60
-73.3343329,-40.2295816,60
-73.3343328,-40.2294637,60
-73.3343283,-40.2293645,60
-73.3343148,-40.2293155,60
-73.3342906,-40.2293055,60
-73.3342688,-40.2293293,60
-73.3342404,-40.2293669,60
-73.3341994,-40.2294213,60
-73.3341522,-40.2294851,60
-73.3340924,-40.2295692,60
-73.3340482,-40.2296704,60
-73.3340353,-40.2297729,60
-73.3340353,-40.2298921,60
-73.3340365,-40.2300131,60
-73.334035,-40.2301205,60
-73.3340341,-40.2302397,60
-73.3340347,-40.2303585,60
-73.3340346,-40.2304652,60
-73.3340349,-40.2305851,60
-73.3340339,-40.2307036,60
-73.3340336,-40.2308103,60
-73.3340342,-40.2309282,60
-73.3340341,-40.2310458,60
-73.3340334,-40.2311518,60
-73.3340338,-40.231271,60
-73.3340337,-40.2313894,60
-73.3340348,-40.2314976,60
-73.3340318,-40.2315901,60
-73.3340134,-40.2316805,60
-73.3339636,-40.231747,60
-73.3339012,-40.2317901,60
-73.3338203,-40.2318284,60
-73.3337721,-40.2318353,60
-73.3337418,-40.23181,60
-73.3337353,-40.2317664,60
-73.3337339,-40.2317174,60
-73.3337334,-40.2316432,60
-73.333733,-40.2315528,60
-73.3337327,-40.231461,60
-73.3337327,-40.2313482,60
-73.3337325,-40.2312282,60
-73.3337327,-40.2311189,60
-73.3337331,-40.2309992,60
-73.333733,-40.2308797,60
-73.333733,-40.2307728,60
-73.3337327,-40.2306542,60
-73.3337328,-40.2305357,60
-73.333732,-40.2304307,60
-73.333732,-40.230315,60
-73.3337321,-40.2301991,60
-73.3337288,-40.2301066,60
-73.3337124,-40.2300389,60
-73.3336804,-40.2300209,60
-73.3336546,-40.230043,60
-73.3336296,-40.2300773,60
-73.333586,-40.2301159,60
-73.3335312,-40.2301659,60
-73.3334707,-40.2302391,60
-73.3334383,-40.2303288,60
-73.3334349,-40.2304218,60
-73.333435,-40.2305199,60
-73.3334352,-40.230611,60
-73.3334345,-40.2306648,60
-73.3334348,-40.2307067,60
-73.3334332,-40.2307589,60
-73.3334332,-40.2308271,60
-73.333433,-40.2309153,60
-73.3334344,-40.2310142,60
-73.3334337,-40.2311123,60
-73.3334328,-40.2312315,60
-73.3334326,-40.2313549,60
-73.3334328,-40.2314639,60
-73.3334328,-40.231583,60
-73.333433,-40.2317006,60
-73.3334335,-40.2318165,60
-73.3334322,-40.231925,60
-73.3334315,-40.2320453,60
-73.3334162,-40.2321352,60
-73.3333848,-40.2322049,60
-73.3333284,-40.2322635,60
-73.3332475,-40.2323315,60
-73.3331964,-40.23237,60
-73.3331529,-40.2323723,60
-73.3331386,-40.2323511,60
-73.3331352,-40.2323111,60
-73.3331337,-40.2322559,60
-73.3331333,-40.2321892,60
-73.3331316,-40.2320993,60
-73.3331317,-40.2319958,60
-73.3331311,-40.2319011,60
-73.3331316,-40.2318069,60
-73.3331308,-40.2316974,60
-73.3331307,-40.2315875,60
-73.3331308,-40.2314644,60
-73.3331309,-40.2313434,60
-73.3331307,-40.2312357,60
-73.333131,-40.231116,60
-73.3331307,-40.2309965,60
-73.333131,-40.2308897,60
-73.3331312,-40.2307705,60
-73.3331308,-40.2306516,60
-73.3331288,-40.230552,60
-73.3331108,-40.2304823,60
-73.3330742,-40.2304607,60
-73.3330277,-40.2304736,60
-73.3329705,-40.2305041,60
-73.332902,-40.2305466,60
-73.3328509,-40.2306073,60
-73.3328298,-40.2306905,60
-73.3328316,-40.2307811,60
-73.332832,-40.2308707,60
-73.3328322,-40.2309716,60
-73.3328318,-40.2310791,60
-73.3328316,-40.2311971,60
-73.332832,-40.2313046,60
-73.3328314,-40.2314202,60
-73.332832,-40.231529,60
-73.3328326,-40.231645,60
-73.3328321,-40.231766,60
-73.3328319,-40.2318738,60
-73.3328319,-40.2319938,60
-73.3328316,-40.2321126,60
-73.3328317,-40.232219,60
-73.3328315,-40.2323377,60
-73.3328316,-40.2324549,60
-73.3328274,-40.2325664,60
-73.3328033,-40.232638,60
-73.3327387,-40.2327019,60
-73.332679,-40.2327398,60
-73.3326297,-40.2327625,60
-73.3325768,-40.2327637,60
-73.3325427,-40.2327404,60
-73.3325328,-40.2326976,60
-73.3325312,-40.2326423,60
-73.3325306,-40.2325751,60
-73.3325306,-40.2324856,60
-73.3325299,-40.2323824,60
-73.3325302,-40.2322818,60
-73.3325301,-40.232161,60
-73.3325302,-40.2320401,60
-73.3325302,-40.2319326,60
-73.33253,-40.2318146,60
-73.3325297,-40.2316952,60
-73.3325296,-40.2315867,60
-73.33253,-40.2314689,60
-73.3325296,-40.2313502,60
-73.3325301,-40.2312432,60
-73.33253,-40.2311246,60
-73.3325301,-40.2310062,60
-73.3325298,-40.2309064,60
-73.3325194,-40.2308327,60
-73.332502,-40.2307982,60
-73.3324629,-40.2307963,60
-73.3324283,-40.2308197,60
-73.3323829,-40.2308552,60
-73.3323197,-40.2309082,60
-73.3322641,-40.2309738,60
-73.3322309,-40.2310648,60
-73.3322303,-40.2311653,60
-73.3322305,-40.2312624,60
-73.3322305,-40.2313766,60
-73.3322307,-40.2314868,60
-73.3322305,-40.2316095,60
-73.3322313,-40.231728,60
-73.3322318,-40.2318325,60
-73.3322311,-40.231951,60
-73.332231,-40.2320702,60
-73.3322308,-40.2321757,60
-73.3322309,-40.232295,60
-73.3322304,-40.2324128,60
-73.3322302,-40.2325321,60
-73.3322302,-40.2326378,60
-73.3322306,-40.2327498,60
-73.3322299,-40.2328381,60
-73.3322168,-40.2329166,60
-73.3321718,-40.2329876,60
-73.3321064,-40.233036,60
-73.3320258,-40.233071,60
-73.3319736,-40.2330756,60
-73.3319383,-40.2330472,60
-73.3319311,-40.2330072,60
-73.33193,-40.232952,60
-73.331929,-40.232884,60
-73.3319289,-40.2327946,60
-73.3319289,-40.2326919,60
-73.331929,-40.2325777,60
-73.3319286,-40.2324693,60
-73.3319286,-40.2323481,60
-73.3319291,-40.2322402,60
-73.3319287,-40.2321211,60
-73.3319291,-40.2320025,60
-73.331929,-40.2318954,60
-73.3319289,-40.2317766,60
-73.3319286,-40.2316582,60
-73.3319286,-40.2315512,60
-73.3319284,-40.2314331,60
-73.3319228,-40.2313382,60
-73.3319055,-40.2312884,60
-73.3318725,-40.231279,60
-73.3318407,-40.2313073,60
-73.3318045,-40.2313406,60
-73.3317497,-40.2313896,60
-73.3316844,-40.2314565,60
-73.3316429,-40.2315348,60
-73.3316294,-40.2316356,60
-73.3316303,-40.2317433,60
-73.331631,-40.231846,60
-73.3316295,-40.2319655,60
-73.3316295,-40.232087,60
-73.3316294,-40.2321935,60
-73.331629,-40.2323127,60
-73.3316286,-40.2324312,60
-73.3316285,-40.2325497,60
-73.3316287,-40.232656,60
-73.3316286,-40.2327743,60
-73.331628,-40.2328796,60
-73.3316293,-40.2329924,60
-73.33163,-40.2331041,60
-73.3316245,-40.2331924,60
-73.3315964,-40.233271,60
-73.3315286,-40.2333326,60
-73.3314474,-40.2333729,60
-73.3313867,-40.2333899,60
-73.3313441,-40.2333708,60
-73.3313306,-40.2333298,60
-73.3313292,-40.2332844,60
-73.3313282,-40.2332163,60
-73.3313283,-40.2331423,60
-73.331328,-40.2330417,60
-73.3313285,-40.2329297,60
-73.3313283,-40.2328217,60
-73.3313282,-40.2327005,60
-73.3313285,-40.2325801,60
-73.3313281,-40.2324755,60
-73.3313283,-40.232361,60
-73.3313285,-40.2322426,60
-73.3313276,-40.2321355,60
-73.3313276,-40.2320229,60
-73.3313275,-40.2319416,60
-73.3313206,-40.2318872,60
-73.3313092,-40.2318605,60
-73.331281,-40.231851,60
-73.3312454,-40.2318718,60
-73.3312122,-40.2319083,60
-73.3311803,-40.2319381,60
-73.3311351,-40.231982,60
-73.3310771,-40.2320478,60
-73.33104,-40.2321214,60
-73.3310309,-40.2321925,60
-73.3310296,-40.2322826,60
-73.33103,-40.2323731,60
-73.3310299,-40.2324758,60
-73.3310298,-40.232575,60
-73.3310297,-40.2326929,60
-73.3310289,-40.2328009,60
-73.3310286,-40.2329217,60
-73.3310282,-40.233041,60
-73.3310283,-40.2331472,60
-73.3310287,-40.2332542,60
-73.3310266,-40.2333575,60
-73.3310191,-40.2334269,60
-73.3309955,-40.2334634,60
-73.3309477,-40.2334645,60
-73.3309058,-40.2334452,60
-73.33085,-40.2334122,60
-73.3307829,-40.2333584,60
-73.3307368,-40.2332932,60
-73.3307292,-40.2332088,60
-73.330728,-40.2331128,60
-73.3307273,-40.2330069,60
-73.3307272,-40.2329048,60
-73.3307271,-40.2327828,60
-73.3307269,-40.2326728,60
-73.3307272,-40.232553,60
-73.3307263,-40.2324592,60
-73.3307274,-40.2324152,60
-73.3307272,-40.2323926,60
-73.3307267,-40.2323856,60
-73.3307262,-40.2323835,60
</coordinates></LineString>
</Placemark>
<Placemark>
<name>DJI_202603261647_003_LASTRANCAS007_Timestamp.MRK</name>
<description>Equipo: M3E | Fecha: 26-03-2026 | Puntos: 682</description>
<styleUrl>#m3e</styleUrl>
<LineString><altitudeMode>relativeToGround</altitudeMode><coordinates>
-73.3219199,-40.2330301,60
-73.3219203,-40.2330038,60
-73.3219198,-40.2329521,60
-73.3219198,-40.2328798,60
-73.3219195,-40.2328003,60
-73.3219193,-40.2327002,60
-73.3219195,-40.232588,60
-73.3219194,-40.2324798,60
-73.3219194,-40.2323583,60
-73.3219194,-40.2322384,60
-73.3219194,-40.2321308,60
-73.3219196,-40.2320114,60
-73.3219189,-40.2319135,60
-73.321919,-40.2318408,60
-73.321919,-40.2317822,60
-73.3219199,-40.2317252,60
-73.3219199,-40.2316701,60
-73.3219201,-40.2316344,60
-73.3219197,-40.2316072,60
-73.3219189,-40.2315872,60
-73.3219211,-40.2315462,60
-73.3219211,-40.2314827,60
-73.3219206,-40.2314108,60
-73.321921,-40.231315,60
-73.3219397,-40.2312108,60
-73.321999,-40.2311108,60
-73.3220713,-40.2310305,60
-73.3221442,-40.2309643,60
-73.3221818,-40.2309437,60
-73.3222143,-40.2309543,60
-73.3222215,-40.2309888,60
-73.3222214,-40.2310339,60
-73.3222214,-40.2310931,60
-73.3222212,-40.2311763,60
-73.3222213,-40.2312731,60
-73.3222223,-40.2313648,60
-73.3222228,-40.2314781,60
-73.3222226,-40.2315904,60
-73.3222216,-40.2316992,60
-73.3222214,-40.2318181,60
-73.3222223,-40.2319297,60
-73.3222222,-40.2320348,60
-73.3222224,-40.2321408,60
-73.3222223,-40.2322552,60
-73.3222217,-40.2323633,60
-73.3222209,-40.2324846,60
-73.3222205,-40.2325909,60
-73.3222198,-40.2326807,60
-73.322221,-40.2327925,60
-73.3222209,-40.2329137,60
-73.322221,-40.2330235,60
-73.3222252,-40.2331328,60
-73.32224,-40.2331934,60
-73.3222797,-40.23323,60
-73.3223272,-40.2332404,60
-73.3223904,-40.2332438,60
-73.3224649,-40.2332334,60
-73.3225088,-40.2331971,60
-73.3225199,-40.2331441,60
-73.3225218,-40.2330868,60
-73.3225216,-40.2330054,60
-73.3225209,-40.2329113,60
-73.3225205,-40.2328182,60
-73.3225206,-40.2327043,60
-73.3225204,-40.2325952,60
-73.3225203,-40.2324849,60
-73.3225206,-40.2324002,60
-73.3225202,-40.2322984,60
-73.3225202,-40.2321802,60
-73.3225201,-40.2320569,60
-73.322519,-40.2319534,60
-73.3225198,-40.2318737,60
-73.3225196,-40.2317999,60
-73.3225198,-40.2317176,60
-73.3225201,-40.2316162,60
-73.3225201,-40.2315073,60
-73.3225202,-40.2314023,60
-73.3225202,-40.2312789,60
-73.3225204,-40.2311563,60
-73.3225209,-40.2310473,60
-73.3225269,-40.2309477,60
-73.3225482,-40.2308936,60
-73.3225738,-40.2308693,60
-73.3226112,-40.2308563,60
-73.3226747,-40.2308496,60
-73.3227479,-40.2308557,60
-73.3228026,-40.2308852,60
-73.3228208,-40.2309323,60
-73.3228216,-40.23098,60
-73.3228223,-40.2310498,60
-73.3228236,-40.2311342,60
-73.3228232,-40.2312255,60
-73.3228228,-40.2313173,60
-73.3228228,-40.2314226,60
-73.3228223,-40.2314888,60
-73.3228215,-40.2315654,60
-73.3228225,-40.2316569,60
-73.3228231,-40.2317508,60
-73.3228234,-40.2318613,60
-73.3228231,-40.2319668,60
-73.3228231,-40.2320812,60
-73.3228226,-40.232183,60
-73.3228225,-40.232295,60
-73.3228227,-40.2323973,60
-73.3228229,-40.2325117,60
-73.322823,-40.2326243,60
-73.3228224,-40.2327454,60
-73.3228227,-40.2328488,60
-73.3228227,-40.2329514,60
-73.322823,-40.2330533,60
-73.3228314,-40.2331424,60
-73.3228522,-40.2331852,60
-73.3228685,-40.2331963,60
-73.3229056,-40.2332022,60
-73.3229758,-40.2331959,60
-73.3230572,-40.2331759,60
-73.3231024,-40.2331386,60
-73.3231194,-40.2330816,60
-73.3231224,-40.2330136,60
-73.323123,-40.23294,60
-73.3231225,-40.2328446,60
-73.323122,-40.2327519,60
-73.3231217,-40.2326473,60
-73.3231217,-40.2325501,60
-73.3231213,-40.2324396,60
-73.3231213,-40.2323323,60
-73.3231213,-40.2322108,60
-73.3231205,-40.2320919,60
-73.3231204,-40.2319883,60
-73.3231202,-40.2318693,60
-73.3231202,-40.2317609,60
-73.3231206,-40.2316423,60
-73.3231203,-40.2315243,60
-73.3231204,-40.2314066,60
-73.3231207,-40.2313022,60
-73.3231212,-40.2311844,60
-73.3231216,-40.2310763,60
-73.3231227,-40.2309613,60
-73.3231336,-40.2308817,60
-73.3231527,-40.2308501,60
-73.3231614,-40.2308415,60
-73.3231883,-40.2308303,60
-73.3232411,-40.230823,60
-73.3233259,-40.2308229,60
-73.3233878,-40.2308421,60
-73.323416,-40.2308817,60
-73.323423,-40.2309337,60
-73.3234244,-40.2310012,60
-73.3234241,-40.2310831,60
-73.3234247,-40.2311621,60
-73.3234247,-40.2312519,60
-73.3234248,-40.2313241,60
-73.3234247,-40.2313909,60
-73.3234245,-40.2314794,60
-73.3234248,-40.2315746,60
-73.3234251,-40.2316665,60
-73.3234247,-40.2317774,60
-73.3234242,-40.2318998,60
-73.3234245,-40.2320094,60
-73.3234246,-40.2321296,60
-73.3234249,-40.232248,60
-73.3234251,-40.2323531,60
-73.3234246,-40.2324708,60
-73.3234241,-40.2325891,60
-73.323424,-40.2326932,60
-73.3234244,-40.2328112,60
-73.3234243,-40.2329298,60
-73.3234264,-40.2330246,60
-73.3234401,-40.2330922,60
-73.3234587,-40.2331184,60
-73.3234593,-40.2331201,60
-73.3234609,-40.2331212,60
-73.323481,-40.2331283,60
-73.3235287,-40.23313,60
-73.3236094,-40.2331199,60
-73.3236813,-40.2330922,60
-73.3237132,-40.2330457,60
-73.3237228,-40.2329848,60
-73.3237238,-40.2329106,60
-73.3237237,-40.2328326,60
-73.3237237,-40.2327315,60
-73.3237233,-40.2326236,60
-73.3237221,-40.232535,60
-73.3237223,-40.2324409,60
-73.3237222,-40.2323307,60
-73.3237221,-40.2322234,60
-73.323722,-40.2321021,60
-73.3237218,-40.2319819,60
-73.3237218,-40.2318742,60
-73.323722,-40.2317544,60
-73.3237223,-40.2316348,60
-73.3237229,-40.2315277,60
-73.3237228,-40.231408,60
-73.3237225,-40.231307,60
-73.3237229,-40.2312186,60
-73.3237227,-40.2311082,60
-73.3237221,-40.2310051,60
-73.3237227,-40.2309408,60
-73.3237245,-40.2308818,60
-73.323726,-40.2308588,60
-73.3237278,-40.2308533,60
-73.3237444,-40.2308331,60
-73.3237805,-40.2308125,60
-73.3238051,-40.2308059,60
-73.323837,-40.230803,60
-73.323877,-40.2308035,60
-73.3239159,-40.2308049,60
-73.323935,-40.2308054,60
-73.3239557,-40.2308098,60
-73.3239808,-40.2308206,60
-73.3240071,-40.2308444,60
-73.3240199,-40.2308688,60
-73.3240234,-40.2308894,60
-73.324025,-40.2309174,60
-73.3240253,-40.230962,60
-73.324025,-40.2310133,60
-73.3240251,-40.2310846,60
-73.3240254,-40.2311571,60
-73.3240262,-40.2311995,60
-73.3240262,-40.2312147,60
-73.324026,-40.2312401,60
-73.3240258,-40.2312838,60
-73.3240255,-40.2313532,60
-73.3240254,-40.2314305,60
-73.324025,-40.2315127,60
-73.3240246,-40.2316169,60
-73.3240244,-40.2317316,60
-73.3240243,-40.2318415,60
-73.3240248,-40.2319617,60
-73.3240249,-40.2320829,60
-73.324025,-40.2321894,60
-73.3240249,-40.2323079,60
-73.3240253,-40.2324272,60
-73.3240255,-40.2325251,60
-73.3240247,-40.2326387,60
-73.324025,-40.2327598,60
-73.3240254,-40.2328613,60
-73.3240255,-40.2329594,60
-73.3240262,-40.2330288,60
-73.3240261,-40.2330568,60
-73.324026,-40.2330623,60
-73.3240266,-40.233071,60
-73.3240366,-40.2330983,60
-73.3240739,-40.2331409,60
-73.3241442,-40.2331799,60
-73.3242205,-40.2332067,60
-73.3242713,-40.2332109,60
-73.3243129,-40.2331832,60
-73.3243242,-40.2331419,60
-73.3243259,-40.2330858,60
-73.3243251,-40.2330105,60
-73.3243248,-40.2329223,60
-73.3243238,-40.2328301,60
-73.3243238,-40.2327324,60
-73.3243231,-40.2326305,60
-73.3243228,-40.2325288,60
-73.3243226,-40.2324254,60
-73.3243232,-40.232326,60
-73.3243237,-40.2322069,60
-73.3243235,-40.2320856,60
-73.3243229,-40.2319782,60
-73.324323,-40.2318596,60
-73.3243234,-40.2317402,60
-73.3243232,-40.2316329,60
-73.3243237,-40.2315131,60
-73.3243231,-40.2313941,60
-73.3243231,-40.231286,60
-73.3243229,-40.2311667,60
-73.3243228,-40.2310518,60
-73.3243234,-40.2309686,60
-73.3243317,-40.2308866,60
-73.3243517,-40.2308411,60
-73.324389,-40.2308075,60
-73.3244507,-40.2308034,60
-73.3245178,-40.2308144,60
-73.3245755,-40.2308318,60
-73.3246095,-40.2308702,60
-73.3246221,-40.2309143,60
-73.3246252,-40.2309592,60
-73.3246259,-40.2309981,60
-73.3246269,-40.2310525,60
-73.3246269,-40.2311166,60
-73.3246259,-40.2311675,60
-73.3246262,-40.2312373,60
-73.3246269,-40.2313127,60
-73.3246269,-40.2314099,60
-73.3246265,-40.2315165,60
-73.324627,-40.2316336,60
-73.3246271,-40.2317436,60
-73.3246268,-40.2318649,60
-73.3246267,-40.2319727,60
-73.3246269,-40.2320911,60
-73.3246263,-40.2322087,60
-73.3246268,-40.2323153,60
-73.3246267,-40.2324337,60
-73.3246264,-40.2325524,60
-73.3246261,-40.2326717,60
-73.3246258,-40.2327783,60
-73.3246259,-40.2328955,60
-73.324626,-40.2330144,60
-73.324626,-40.2331213,60
-73.3246281,-40.2332346,60
-73.3246396,-40.2333127,60
-73.3246637,-40.2333579,60
-73.3246987,-40.2333853,60
-73.3247585,-40.233411,60
-73.3248392,-40.233434,60
-73.3248929,-40.2334312,60
-73.3249211,-40.2333926,60
-73.3249262,-40.2333498,60
-73.3249267,-40.2332877,60
-73.3249262,-40.2332152,60
-73.324926,-40.2331229,60
-73.3249254,-40.2330288,60
-73.3249261,-40.2329375,60
-73.3249251,-40.2328417,60
-73.324925,-40.2327266,60
-73.3249245,-40.232606,60
-73.3249243,-40.232497,60
-73.3249244,-40.232377,60
-73.3249241,-40.2322688,60
-73.3249235,-40.232149,60
-73.324924,-40.2320294,60
-73.3249237,-40.2319225,60
-73.3249237,-40.2318034,60
-73.3249238,-40.2316842,60
-73.3249244,-40.2315766,60
-73.3249244,-40.2314572,60
-73.3249242,-40.231338,60
-73.3249241,-40.2312309,60
-73.3249244,-40.2311118,60
-73.3249252,-40.2309967,60
-73.3249361,-40.2309152,60
-73.324965,-40.2308805,60
-73.3250124,-40.2308763,60
-73.3250828,-40.2308906,60
-73.3251542,-40.2309153,60
-73.3252036,-40.2309553,60
-73.3252285,-40.2310058,60
-73.3252279,-40.2310692,60
-73.3252262,-40.2311495,60
-73.3252271,-40.2312431,60
-73.3252267,-40.2313379,60
-73.3252269,-40.2314458,60
-73.3252275,-40.2315455,60
-73.3252281,-40.231659,60
-73.3252281,-40.231781,60
-73.3252282,-40.2319026,60
-73.3252281,-40.232011,60
-73.3252279,-40.2321307,60
-73.3252278,-40.2322375,60
-73.3252277,-40.2323553,60
-73.3252279,-40.2324735,60
-73.3252275,-40.23258,60
-73.3252276,-40.2326988,60
-73.3252271,-40.2328178,60
-73.3252271,-40.232936,60
-73.3252275,-40.233043,60
-73.3252278,-40.2331605,60
-73.3252277,-40.233266,60
-73.3252305,-40.2333649,60
-73.3252407,-40.2334215,60
-73.3252621,-40.2334464,60
-73.325323,-40.2334584,60
-73.3253975,-40.2334595,60
-73.3254658,-40.2334454,60
-73.3255126,-40.2334045,60
-73.3255269,-40.2333497,60
-73.3255297,-40.2332896,60
-73.3255303,-40.2332079,60
-73.3255304,-40.2331128,60
-73.3255324,-40.2330045,60
-73.3255336,-40.232899,60
-73.325535,-40.2327777,60
-73.3255358,-40.2326695,60
-73.325537,-40.2325501,60
-73.3255383,-40.2324321,60
-73.3255395,-40.2323141,60
-73.3255408,-40.2322063,60
-73.3255417,-40.2320875,60
-73.3255432,-40.2319686,60
-73.3255447,-40.2318619,60
-73.3255461,-40.2317448,60
-73.3255465,-40.2316393,60
-73.3255483,-40.2315188,60
-73.3255496,-40.2313984,60
-73.3255512,-40.2312913,60
-73.3255534,-40.231175,60
-73.3255604,-40.231073,60
-73.3255843,-40.2310191,60
-73.32563,-40.2310003,60
-73.3256968,-40.2310041,60
-73.3257694,-40.2310224,60
-73.325811,-40.231059,60
-73.3258255,-40.2311127,60
-73.3258277,-40.2311762,60
-73.3258278,-40.2312486,60
-73.3258278,-40.2313441,60
-73.3258278,-40.2314502,60
-73.3258276,-40.2315527,60
-73.3258281,-40.2316706,60
-73.3258282,-40.2317939,60
-73.3258286,-40.2318998,60
-73.3258277,-40.2320125,60
-73.325828,-40.2321206,60
-73.3258282,-40.2322427,60
-73.3258281,-40.2323619,60
-73.3258286,-40.2324635,60
-73.3258284,-40.232573,60
-73.3258291,-40.2326888,60
-73.3258286,-40.2327942,60
-73.3258287,-40.2329151,60
-73.325828,-40.2330336,60
-73.3258277,-40.2331354,60
-73.3258284,-40.2332329,60
-73.3258309,-40.2333328,60
-73.3258407,-40.2333968,60
-73.3258652,-40.2334355,60
-73.3259262,-40.2334339,60
-73.3259908,-40.2334317,60
-73.3260732,-40.2334386,60
-73.3261169,-40.2334341,60
-73.3261301,-40.2334028,60
-73.3261291,-40.2333547,60
-73.3261284,-40.2332836,60
-73.3261274,-40.233205,60
-73.3261269,-40.2331053,60
-73.326127,-40.2329933,60
-73.3261267,-40.2328736,60
-73.3261266,-40.2327637,60
-73.3261263,-40.2326444,60
-73.326126,-40.2325375,60
-73.326126,-40.2324189,60
-73.3261252,-40.232304,60
-73.3261255,-40.2322011,60
-73.3261258,-40.2320793,60
-73.3261263,-40.2319579,60
-73.3261267,-40.2318492,60
-73.3261265,-40.2317299,60
-73.3261263,-40.231611,60
-73.3261266,-40.2315041,60
-73.3261263,-40.2313848,60
-73.3261264,-40.2312655,60
-73.3261287,-40.2311655,60
-73.3261445,-40.2310913,60
-73.3261928,-40.2310621,60
-73.3262539,-40.2310605,60
-73.3263325,-40.2310731,60
-73.326396,-40.231104,60
-73.3264229,-40.2311502,60
-73.3264284,-40.2312112,60
-73.3264281,-40.2312854,60
-73.3264286,-40.2313666,60
-73.3264293,-40.2314687,60
-73.3264293,-40.2315788,60
-73.3264297,-40.2316858,60
-73.3264298,-40.2318055,60
-73.3264295,-40.2319271,60
-73.3264295,-40.2320362,60
-73.3264291,-40.2321556,60
-73.3264291,-40.2322624,60
-73.3264293,-40.2323808,60
-73.3264291,-40.2324995,60
-73.326429,-40.232618,60
-73.3264294,-40.2327246,60
-73.3264294,-40.2328434,60
-73.3264293,-40.2329627,60
-73.326429,-40.2330686,60
-73.3264287,-40.2331878,60
-73.3264289,-40.2333062,60
-73.3264294,-40.2334084,60
-73.3264395,-40.2335028,60
-73.3264822,-40.233565,60
-73.3265489,-40.2336056,60
-73.3266344,-40.2336327,60
-73.3266916,-40.2336309,60
-73.3267227,-40.2336,60
-73.3267315,-40.2335532,60
-73.32673,-40.2334926,60
-73.3267288,-40.2334219,60
-73.3267284,-40.2333286,60
-73.3267288,-40.2332215,60
-73.326729,-40.2331045,60
-73.3267289,-40.2329956,60
-73.3267281,-40.2328839,60
-73.3267281,-40.2327938,60
-73.3267273,-40.2326796,60
-73.3267276,-40.2325562,60
-73.3267278,-40.2324472,60
-73.3267284,-40.2323269,60
-73.3267274,-40.2322074,60
-73.3267272,-40.2320995,60
-73.326727,-40.2319795,60
-73.3267266,-40.23186,60
-73.326727,-40.2317528,60
-73.3267273,-40.2316333,60
-73.3267278,-40.2315141,60
-73.3267278,-40.2314074,60
-73.3267273,-40.2312901,60
-73.3267296,-40.2311908,60
-73.3267395,-40.2311352,60
-73.326762,-40.2311132,60
-73.326802,-40.2311088,60
-73.3268421,-40.2310885,60
-73.3268805,-40.2310543,60
-73.3269353,-40.2310057,60
-73.326975,-40.2309779,60
-73.3270099,-40.2309758,60
-73.327027,-40.2310056,60
-73.3270294,-40.2310395,60
-73.3270301,-40.2310944,60
-73.3270304,-40.2311692,60
-73.3270311,-40.2312486,60
-73.327031,-40.2313462,60
-73.3270309,-40.2314431,60
-73.3270307,-40.2315604,60
-73.3270308,-40.2316787,60
-73.3270309,-40.2318006,60
-73.3270308,-40.2319099,60
-73.3270307,-40.2320294,60
-73.3270307,-40.2321363,60
-73.3270303,-40.232255,60
-73.3270307,-40.2323738,60
-73.3270303,-40.2324926,60
-73.3270304,-40.2325989,60
-73.3270304,-40.2327171,60
-73.3270305,-40.2328365,60
-73.3270313,-40.2329419,60
-73.3270311,-40.2330617,60
-73.327031,-40.2331689,60
-73.327031,-40.2332882,60
-73.3270309,-40.2334055,60
-73.3270321,-40.2335087,60
-73.327042,-40.2335826,60
-73.3270652,-40.2336197,60
-73.3271215,-40.2336244,60
-73.3271758,-40.2336096,60
-73.3272445,-40.2335813,60
-73.3273015,-40.2335323,60
-73.3273276,-40.2334632,60
-73.32733,-40.2333854,60
-73.3273302,-40.2333029,60
-73.3273301,-40.2332001,60
-73.3273292,-40.2330862,60
-73.3273296,-40.2329695,60
-73.3273293,-40.2328826,60
-73.3273289,-40.2327888,60
-73.3273287,-40.2326806,60
-73.3273286,-40.2325727,60
-73.3273288,-40.2324662,60
-73.3273289,-40.2323786,60
-73.3273285,-40.2322657,60
-73.3273286,-40.2321443,60
-73.3273289,-40.2320343,60
-73.3273285,-40.2319135,60
-73.3273286,-40.2317937,60
-73.3273287,-40.2316857,60
-73.3273292,-40.2315656,60
-73.3273291,-40.2314461,60
-73.3273289,-40.2313391,60
-73.3273294,-40.2312206,60
-73.3273292,-40.231102,60
-73.3273292,-40.2309953,60
-73.3273291,-40.2308768,60
-73.32733,-40.2307637,60
-73.3273413,-40.2306645,60
-73.327386,-40.230572,60
-73.3274659,-40.2304911,60
-73.3275364,-40.2304306,60
-73.3275882,-40.2304014,60
-73.32762,-40.2304137,60
-73.3276293,-40.2304497,60
-73.3276309,-40.2304905,60
-73.3276321,-40.230555,60
-73.3276319,-40.2306283,60
-73.327632,-40.230719,60
-73.3276324,-40.2308208,60
-73.3276324,-40.2309232,60
-73.3276324,-40.2310437,60
-73.3276322,-40.231166,60
-73.3276322,-40.2312751,60
-73.3276325,-40.2313942,60
-73.3276328,-40.2315127,60
-73.3276323,-40.2316187,60
-73.3276321,-40.2317368,60
-73.3276313,-40.2318562,60
-73.3276315,-40.2319624,60
-73.3276314,-40.2320805,60
-73.3276308,-40.2321994,60
-73.3276306,-40.2323061,60
-73.3276307,-40.2324249,60
-73.3276307,-40.2325436,60
-73.3276306,-40.2326517,60
-73.3276306,-40.2327714,60
-73.3276309,-40.2328763,60
-73.3276311,-40.2329961,60
-73.3276314,-40.2331145,60
-73.3276313,-40.2332319,60
-73.3276353,-40.2333179,60
-73.3276464,-40.2333652,60
-73.3276803,-40.2333866,60
-73.3277242,-40.2333762,60
-73.3277724,-40.2333487,60
-73.3278342,-40.2333071,60
-73.3278918,-40.2332496,60
-73.3279274,-40.2331659,60
-73.3279322,-40.2330746,60
-73.3279325,-40.2329822,60
-73.3279322,-40.2328726,60
-73.3279319,-40.2327593,60
-73.327931,-40.2326492,60
-73.3279316,-40.2325276,60
-73.3279316,-40.2324077,60
-73.3279308,-40.2323149,60
-73.3279311,-40.2322186,60
-73.3279306,-40.2321052,60
-73.3279306,-40.231997,60
-73.3279303,-40.2318759,60
-73.3279309,-40.2317553,60
-73.327931,-40.2316467,60
-73.3279311,-40.2315265,60
-73.3279307,-40.2314073,60
-73.3279304,-40.2312878,60
-73.3279301,-40.23118,60
-73.3279303,-40.2310601,60
-73.3279306,-40.2309407,60
-73.3279308,-40.2308338,60
-73.3279303,-40.2307151,60
-73.3279309,-40.2306089,60
-73.3279306,-40.2304931,60
-73.3279306,-40.2303746,60
-73.3279308,-40.2302532,60
-73.3279359,-40.2301497,60
-73.3279629,-40.2300629,60
-73.3280362,-40.2300007,60
-73.3281158,-40.2299569,60
-73.3281722,-40.2299393,60
-73.3282114,-40.2299515,60
-73.3282288,-40.2299879,60
-73.3282315,-40.2300351,60
-73.328232,-40.2301005,60
-73.3282327,-40.230176,60
-73.3282323,-40.2302716,60
-73.3282326,-40.2303661,60
-73.3282321,-40.2304786,60
-73.3282326,-40.2306002,60
-73.3282327,-40.2307202,60
-73.3282323,-40.2308267,60
-73.3282325,-40.230947,60
-73.3282326,-40.231054,60
-73.3282326,-40.2311722,60
-73.3282332,-40.2312844,60
-73.328233,-40.231404,60
-73.3282335,-40.2315153,60
-73.3282333,-40.2316257,60
-73.328233,-40.231726,60
-73.3282343,-40.2318391,60
-73.3282395,-40.2319078,60
-73.3282468,-40.2319286,60
-73.3282553,-40.2319257,60
-73.3282689,-40.2318918,60
-73.3282844,-40.2318413,60
-73.3283026,-40.2317778,60
-73.3283268,-40.2316925,60
-73.3283542,-40.2315973,60
-73.3283828,-40.2314983,60
-73.3284165,-40.23138,60
-73.3284497,-40.2312609,60
-73.3284794,-40.2311551,60
-73.3285103,-40.2310377,60
-73.3285265,-40.2309292,60
-73.3285311,-40.2308099,60
-73.3285321,-40.2306907,60
-73.3285321,-40.2305723,60
-73.3285318,-40.2304662,60
-73.3285315,-40.2303475,60
-73.3285318,-40.2302406,60
-73.3285321,-40.2301254,60
-73.3285319,-40.2300551,60
-73.3285326,-40.230024,60
-73.328532,-40.230012,60
-73.3285317,-40.2300097,60
</coordinates></LineString>
</Placemark>
<Placemark>
<name>DJI_202603261720_004_LASTTRANCAS008_Timestamp.MRK</name>
<description>Equipo: M3E | Fecha: 26-03-2026 | Puntos: 455</description>
<styleUrl>#m3e</styleUrl>
<LineString><altitudeMode>relativeToGround</altitudeMode><coordinates>
-73.3175685,-40.2162782,60
-73.3175676,-40.2162473,60
-73.3175677,-40.2161974,60
-73.3175677,-40.2161236,60
-73.3175682,-40.216035,60
-73.3175679,-40.2159457,60
-73.3175694,-40.2158437,60
-73.3175883,-40.2157561,60
-73.3176507,-40.2156704,60
-73.3177327,-40.215594,60
-73.3178009,-40.215545,60
-73.317842,-40.2155337,60
-73.3178677,-40.2155582,60
-73.3178689,-40.2156027,60
-73.3178679,-40.2156542,60
-73.3178681,-40.2157449,60
-73.317868,-40.2158183,60
-73.317868,-40.2159014,60
-73.317868,-40.2159936,60
-73.3178684,-40.2160896,60
-73.3178693,-40.2161597,60
-73.3178691,-40.2162312,60
-73.3178698,-40.2163023,60
-73.3178697,-40.2163385,60
-73.3178691,-40.2163719,60
-73.31787,-40.2164265,60
-73.31787,-40.2164936,60
-73.3178695,-40.2165842,60
-73.3178693,-40.2166871,60
-73.3178753,-40.2167878,60
-73.317909,-40.2169034,60
-73.3179689,-40.2170115,60
-73.318028,-40.2171096,60
-73.3180905,-40.2172074,60
-73.3181366,-40.2172566,60
-73.3181625,-40.2172629,60
-73.3181714,-40.2172368,60
-73.3181707,-40.2171922,60
-73.3181701,-40.2171351,60
-73.3181696,-40.2170551,60
-73.3181695,-40.2169601,60
-73.3181692,-40.2168642,60
-73.3181684,-40.216749,60
-73.3181683,-40.2166401,60
-73.3181674,-40.2165185,60
-73.3181674,-40.2163991,60
-73.3181675,-40.2162949,60
-73.3181672,-40.2161842,60
-73.3181679,-40.2160759,60
-73.318168,-40.215961,60
-73.3181675,-40.2158551,60
-73.3181685,-40.2157454,60
-73.3181678,-40.2156311,60
-73.3181673,-40.2155231,60
-73.318167,-40.215434,60
-73.3181672,-40.2153597,60
-73.3181684,-40.2153054,60
-73.3181795,-40.2152455,60
-73.31822,-40.2151807,60
-73.3182919,-40.2151075,60
-73.3183726,-40.2150414,60
-73.3184391,-40.2150027,60
-73.3184732,-40.2150046,60
-73.318473,-40.2150367,60
-73.3184692,-40.2150687,60
-73.318469,-40.2151143,60
-73.318469,-40.2151802,60
-73.3184693,-40.215238,60
-73.3184692,-40.2152855,60
-73.3184704,-40.2153568,60
-73.3184707,-40.2154436,60
-73.318471,-40.2155337,60
-73.3184712,-40.2156434,60
-73.3184706,-40.2157588,60
-73.3184706,-40.2158667,60
-73.318471,-40.2159873,60
-73.3184708,-40.216107,60
-73.3184708,-40.2162138,60
-73.3184696,-40.2163326,60
-73.3184698,-40.2164504,60
-73.3184699,-40.2165563,60
-73.3184699,-40.2166748,60
-73.3184697,-40.2167819,60
-73.318469,-40.2169012,60
-73.3184687,-40.2170201,60
-73.3184689,-40.217127,60
-73.3184684,-40.2172457,60
-73.3184686,-40.2173647,60
-73.3184691,-40.2174822,60
-73.3184796,-40.2175742,60
-73.3185227,-40.2176494,60
-73.3185966,-40.2177089,60
-73.3186716,-40.2177462,60
-73.3187224,-40.2177577,60
-73.3187596,-40.2177376,60
-73.3187689,-40.2177006,60
-73.31877,-40.2176501,60
-73.3187699,-40.2175789,60
-73.3187698,-40.2174995,60
-73.3187693,-40.217399,60
-73.3187695,-40.2172878,60
-73.3187692,-40.2171807,60
-73.3187696,-40.2170597,60
-73.3187693,-40.2169395,60
-73.3187694,-40.2168324,60
-73.3187693,-40.2167133,60
-73.3187694,-40.2166059,60
-73.3187691,-40.2164875,60
-73.3187688,-40.216369,60
-73.3187685,-40.216262,60
-73.3187686,-40.2161438,60
-73.3187682,-40.2160258,60
-73.3187682,-40.2159191,60
-73.3187689,-40.2157997,60
-73.318769,-40.2156806,60
-73.3187695,-40.2155685,60
-73.3187695,-40.2154846,60
-73.3187688,-40.2153946,60
-73.3187684,-40.2153053,60
-73.3187685,-40.2152208,60
-73.3187694,-40.215114,60
-73.3187769,-40.215035,60
-73.3187948,-40.2149916,60
-73.3188436,-40.2149795,60
-73.3189101,-40.2149998,60
-73.3189744,-40.2150227,60
-73.3190404,-40.2150708,60
-73.3190645,-40.2151295,60
-73.3190692,-40.215201,60
-73.3190695,-40.2152866,60
-73.3190702,-40.2153845,60
-73.3190701,-40.215483,60
-73.31907,-40.2155991,60
-73.3190699,-40.2157187,60
-73.3190699,-40.2158273,60
-73.3190699,-40.2159464,60
-73.3190702,-40.2160651,60
-73.3190703,-40.2161715,60
-73.3190698,-40.2162895,60
-73.3190706,-40.2164081,60
-73.3190703,-40.216527,60
-73.3190701,-40.2166337,60
-73.31907,-40.2167519,60
-73.3190697,-40.216859,60
-73.3190703,-40.2169769,60
-73.3190698,-40.2170951,60
-73.31907,-40.2172024,60
-73.3190703,-40.2173206,60
-73.3190699,-40.2174388,60
-73.3190699,-40.2175458,60
-73.3190704,-40.2176634,60
-73.3190818,-40.2177447,60
-73.3191075,-40.217787,60
-73.3191728,-40.2178059,60
-73.319248,-40.2178073,60
-73.319316,-40.2177929,60
-73.3193594,-40.2177522,60
-73.3193699,-40.2176975,60
-73.3193704,-40.2176385,60
-73.3193704,-40.2175556,60
-73.31937,-40.217458,60
-73.3193701,-40.2173606,60
-73.3193699,-40.2172431,60
-73.3193701,-40.2171222,60
-73.3193698,-40.2170172,60
-73.31937,-40.2168992,60
-73.3193696,-40.2167791,60
-73.3193695,-40.2166718,60
-73.3193694,-40.2165529,60
-73.3193692,-40.2164339,60
-73.3193696,-40.216327,60
-73.3193694,-40.2162082,60
-73.3193697,-40.2160892,60
-73.31937,-40.2159822,60
-73.3193698,-40.2158637,60
-73.3193699,-40.2157466,60
-73.3193695,-40.2156385,60
-73.3193692,-40.2155177,60
-73.3193688,-40.2154028,60
-73.3193699,-40.2152978,60
-73.3193801,-40.2152134,60
-73.3194101,-40.2151738,60
-73.3194576,-40.215165,60
-73.3195208,-40.2151811,60
-73.319594,-40.2152094,60
-73.3196491,-40.2152555,60
-73.3196671,-40.2153229,60
-73.3196707,-40.2153962,60
-73.3196712,-40.2154739,60
-73.3196713,-40.2155747,60
-73.3196719,-40.2156809,60
-73.3196717,-40.2157991,60
-73.3196714,-40.2159105,60
-73.3196715,-40.2160326,60
-73.3196714,-40.216152,60
-73.3196713,-40.2162588,60
-73.3196716,-40.2163774,60
-73.3196713,-40.2164958,60
-73.3196713,-40.2166021,60
-73.3196707,-40.2167204,60
-73.3196707,-40.2168269,60
-73.3196703,-40.2169457,60
-73.3196702,-40.2170643,60
-73.3196704,-40.217171,60
-73.3196707,-40.2172888,60
-73.3196708,-40.2174061,60
-73.319671,-40.2175132,60
-73.3196709,-40.2176318,60
-73.3196776,-40.2177245,60
-73.3196945,-40.2177685,60
-73.3197309,-40.2177908,60
-73.3197977,-40.2177956,60
-73.3198708,-40.2177897,60
-73.3199254,-40.2177704,60
-73.3199589,-40.2177358,60
-73.3199743,-40.2176906,60
-73.319972,-40.2176156,60
-73.3199711,-40.2175293,60
-73.3199713,-40.2174306,60
-73.3199706,-40.2173327,60
-73.3199704,-40.2172158,60
-73.3199705,-40.2170951,60
-73.3199707,-40.2169871,60
-73.3199708,-40.2168681,60
-73.3199703,-40.216761,60
-73.3199702,-40.2166425,60
-73.3199702,-40.216524,60
-73.3199704,-40.2164054,60
-73.3199704,-40.2162987,60
-73.3199708,-40.2161806,60
-73.3199711,-40.2160621,60
-73.3199709,-40.2159557,60
-73.3199714,-40.2158481,60
-73.3199713,-40.2157673,60
-73.3199714,-40.2156854,60
-73.3199713,-40.2155856,60
-73.3199722,-40.2154727,60
-73.3199795,-40.2153908,60
-73.3200082,-40.2153464,60
-73.320058,-40.2153405,60
-73.3201196,-40.2153588,60
-73.320194,-40.2153876,60
-73.3202538,-40.2154394,60
-73.3202693,-40.2154995,60
-73.3202713,-40.2155742,60
-73.3202714,-40.2156626,60
-73.3202718,-40.2157547,60
-73.3202719,-40.215866,60
-73.3202721,-40.215982,60
-73.320272,-40.2160858,60
-73.3202721,-40.2162092,60
-73.3202721,-40.2163313,60
-73.3202728,-40.2164392,60
-73.3202731,-40.2165572,60
-73.3202725,-40.2166753,60
-73.3202725,-40.2167814,60
-73.3202718,-40.2168989,60
-73.3202713,-40.2170171,60
-73.3202719,-40.2171246,60
-73.3202716,-40.2172405,60
-73.3202719,-40.2173437,60
-73.3202715,-40.2174126,60
-73.3202721,-40.2174755,60
-73.3202719,-40.2175367,60
-73.3202723,-40.217606,60
-73.320279,-40.2176907,60
-73.3202948,-40.2177446,60
-73.320325,-40.2177568,60
-73.3203514,-40.2177595,60
-73.3204048,-40.2177581,60
-73.3204753,-40.2177492,60
-73.3205375,-40.2177218,60
-73.3205688,-40.2176821,60
-73.3205746,-40.2176213,60
-73.3205724,-40.2175451,60
-73.3205723,-40.2174648,60
-73.3205714,-40.2173868,60
-73.3205716,-40.2173091,60
-73.3205712,-40.2172401,60
-73.320571,-40.2171782,60
-73.3205709,-40.2170962,60
-73.3205711,-40.2169998,60
-73.3205708,-40.2169037,60
-73.3205706,-40.2167883,60
-73.320571,-40.2166676,60
-73.320571,-40.2165592,60
-73.3205712,-40.2164397,60
-73.3205713,-40.2163208,60
-73.3205711,-40.2162138,60
-73.3205714,-40.2161015,60
-73.3205719,-40.2160053,60
-73.3205721,-40.2159083,60
-73.3205722,-40.2157907,60
-73.3205747,-40.2156816,60
-73.3205879,-40.2156248,60
-73.3206242,-40.2156019,60
-73.3206759,-40.2156113,60
-73.3207226,-40.2156335,60
-73.3207898,-40.2156727,60
-73.3208507,-40.2157383,60
-73.320873,-40.215811,60
-73.3208723,-40.2158996,60
-73.3208722,-40.2159967,60
-73.3208723,-40.2160952,60
-73.3208725,-40.2162137,60
-73.320873,-40.2163234,60
-73.3208732,-40.2164448,60
-73.3208735,-40.2165653,60
-73.3208733,-40.2166841,60
-73.3208731,-40.2167907,60
-73.3208731,-40.2169086,60
-73.3208734,-40.2170275,60
-73.3208734,-40.2171348,60
-73.3208733,-40.2172483,60
-73.3208736,-40.2173569,60
-73.3208729,-40.2174615,60
-73.3208745,-40.2175789,60
-73.320884,-40.2176637,60
-73.3209147,-40.2177004,60
-73.3209777,-40.2177148,60
-73.3210507,-40.2177112,60
-73.3211184,-40.2176932,60
-73.3211619,-40.217653,60
-73.3211721,-40.2175992,60
-73.3211733,-40.2175421,60
-73.3211735,-40.2174692,60
-73.3211735,-40.2174019,60
-73.3211727,-40.2173263,60
-73.3211728,-40.2172538,60
-73.3211728,-40.2171638,60
-73.3211724,-40.2170683,60
-73.3211726,-40.2169564,60
-73.3211722,-40.2168354,60
-73.3211726,-40.216726,60
-73.3211721,-40.2166054,60
-73.3211726,-40.2164862,60
-73.3211727,-40.2163786,60
-73.3211725,-40.2162593,60
-73.3211726,-40.2161406,60
-73.3211738,-40.2160356,60
-73.3211831,-40.2159503,60
-73.3212107,-40.2159132,60
-73.3212503,-40.2159161,60
-73.321302,-40.2159386,60
-73.3213675,-40.2159715,60
-73.3214368,-40.216009,60
-73.3214715,-40.2160404,60
-73.3214732,-40.2160801,60
-73.3214737,-40.2161318,60
-73.3214733,-40.2162086,60
-73.3214733,-40.2163022,60
-73.3214739,-40.2163969,60
-73.3214741,-40.2165113,60
-73.3214738,-40.2166314,60
-73.3214739,-40.2167409,60
-73.3214744,-40.2168613,60
-73.3214748,-40.2169799,60
-73.3214743,-40.217085,60
-73.3214739,-40.2172039,60
-73.3214738,-40.2173162,60
-73.321474,-40.2174065,60
-73.3214746,-40.2174955,60
-73.3214739,-40.2175478,60
-73.3214741,-40.2175787,60
-73.3214741,-40.2175979,60
-73.3214741,-40.2176037,60
-73.3214737,-40.2176036,60
-73.3214742,-40.2176083,60
-73.3214879,-40.2176329,60
-73.3215331,-40.2176567,60
-73.3215941,-40.2176557,60
-73.3216601,-40.2176442,60
-73.3217109,-40.2176265,60
-73.3217468,-40.2176001,60
-73.3217664,-40.2175671,60
-73.3217728,-40.2175221,60
-73.3217738,-40.2174563,60
-73.3217738,-40.2173757,60
-73.3217733,-40.2172819,60
-73.3217734,-40.2171861,60
-73.3217734,-40.2170703,60
-73.3217734,-40.2169495,60
-73.3217729,-40.2168415,60
-73.3217729,-40.2167234,60
-73.321773,-40.2166053,60
-73.3217733,-40.2164991,60
-73.3217732,-40.2163823,60
-73.3217729,-40.2162816,60
-73.3217747,-40.216201,60
-73.3217886,-40.216151,60
-73.3218236,-40.2161241,60
-73.3218821,-40.2161243,60
-73.3219462,-40.2161405,60
-73.3220196,-40.2161753,60
-73.3220603,-40.216225,60
-73.3220721,-40.2162942,60
-73.3220739,-40.2163707,60
-73.3220743,-40.2164538,60
-73.3220748,-40.216558,60
-73.3220747,-40.2166731,60
-73.3220745,-40.2167808,60
-73.3220745,-40.2169029,60
-73.3220749,-40.2170237,60
-73.3220751,-40.2171269,60
-73.322075,-40.2172434,60
-73.3220753,-40.2173643,60
-73.3220795,-40.2174556,60
-73.3220951,-40.2175145,60
-73.3221374,-40.2175375,60
-73.3222016,-40.217535,60
-73.3222731,-40.2175201,60
-73.3223413,-40.2174829,60
-73.3223693,-40.2174311,60
-73.3223754,-40.2173654,60
-73.3223761,-40.2172862,60
-73.3223764,-40.2172021,60
-73.3223754,-40.2170961,60
-73.3223753,-40.2169932,60
-73.3223755,-40.2169213,60
-73.3223757,-40.2168321,60
-73.3223758,-40.2167309,60
-73.3223752,-40.2166301,60
-73.3223747,-40.2165103,60
-73.3223757,-40.216393,60
-73.3223874,-40.2163227,60
-73.3224235,-40.2162896,60
-73.3224807,-40.2162895,60
-73.3225408,-40.2163052,60
-73.322616,-40.2163391,60
-73.3226629,-40.2163951,60
-73.3226731,-40.2164633,60
-73.3226743,-40.2165323,60
-73.3226749,-40.2166233,60
-73.3226748,-40.2167163,60
-73.3226754,-40.2168299,60
-73.3226755,-40.2169517,60
-73.3226755,-40.2170614,60
-73.3226756,-40.2171815,60
-73.3226777,-40.2172883,60
-73.322689,-40.2173521,60
-73.3227041,-40.2173732,60
-73.3227394,-40.2173643,60
-73.3227689,-40.2173354,60
-73.3228039,-40.2172969,60
-73.3228573,-40.2172356,60
-73.3229191,-40.2171586,60
-73.3229606,-40.2170743,60
-73.3229759,-40.2169663,60
-73.3229757,-40.2168506,60
-73.322976,-40.2167415,60
-73.3229757,-40.2166216,60
-73.3229752,-40.2165253,60
-73.322976,-40.216465,60
-73.322976,-40.2164378,60
-73.3229761,-40.2164288,60
</coordinates></LineString>
</Placemark>
</Document>
</kml>