<?xml version="1.0" encoding="UTF-8"?>
<kml xmlns="http://www.opengis.net/kml/2.2">
<Document>
<name>Líneas M3E — 25/03/2026</name>
<description>Líneas de vuelo - Generado por TeMapeo</description>
<Style id="m3e"><LineStyle><color>fff5a521</color><width>3</width></LineStyle></Style>
<Style id="m3m"><LineStyle><color>ff0098ff</color><width>3</width></LineStyle></Style>
<Style id="default"><LineStyle><color>ff0aaed9</color><width>3</width></LineStyle></Style>
<Placemark>
<name>DJI_202603250854_001_LAESPERANZA001_Timestamp.MRK</name>
<description>Equipo: M3E | Fecha: 25-03-2026 | Puntos: 386</description>
<styleUrl>#m3e</styleUrl>
<LineString><altitudeMode>relativeToGround</altitudeMode><coordinates>
-73.0223332,-40.2256191,60
-73.0223338,-40.2255937,60
-73.0223346,-40.2255427,60
-73.0223343,-40.2254789,60
-73.0223344,-40.2253926,60
-73.0223402,-40.2252949,60
-73.0223614,-40.2252225,60
-73.0224264,-40.2251623,60
-73.0225178,-40.2251211,60
-73.0225723,-40.2251079,60
-73.0226172,-40.2251274,60
-73.0226322,-40.2251679,60
-73.0226339,-40.2252132,60
-73.0226345,-40.225281,60
-73.0226346,-40.2253668,60
-73.0226352,-40.2254562,60
-73.0226353,-40.225567,60
-73.0226358,-40.2256852,60
-73.0226358,-40.2257957,60
-73.0226387,-40.2259169,60
-73.0226689,-40.2260271,60
-73.0227295,-40.2261166,60
-73.0228087,-40.2262128,60
-73.0228736,-40.2262803,60
-73.0229107,-40.2262966,60
-73.0229331,-40.2262789,60
-73.0229346,-40.2262414,60
-73.0229349,-40.2261895,60
-73.0229349,-40.2261251,60
-73.0229355,-40.2260372,60
-73.0229356,-40.2259459,60
-73.0229353,-40.2258349,60
-73.022935,-40.2257175,60
-73.0229348,-40.2256073,60
-73.0229344,-40.2254861,60
-73.0229346,-40.2253674,60
-73.0229356,-40.2252523,60
-73.0229435,-40.2251817,60
-73.0229676,-40.2251358,60
-73.023028,-40.2251242,60
-73.0230936,-40.2251352,60
-73.0231714,-40.225159,60
-73.0232169,-40.2251996,60
-73.0232332,-40.2252595,60
-73.0232352,-40.2253283,60
-73.0232355,-40.2254044,60
-73.0232353,-40.2255026,60
-73.0232354,-40.2256128,60
-73.0232354,-40.2257199,60
-73.0232356,-40.2258423,60
-73.0232363,-40.2259628,60
-73.0232355,-40.2260816,60
-73.023236,-40.2261882,60
-73.0232363,-40.226307,60
-73.0232365,-40.2264133,60
-73.0232366,-40.2265236,60
-73.023241,-40.2266328,60
-73.0232653,-40.2267175,60
-73.0233313,-40.2267971,60
-73.0234157,-40.226866,60
-73.0234774,-40.226904,60
-73.0235183,-40.2269001,60
-73.023534,-40.2268666,60
-73.0235356,-40.2268293,60
-73.0235353,-40.2267702,60
-73.0235349,-40.2266917,60
-73.0235348,-40.2265973,60
-73.0235347,-40.2265024,60
-73.0235349,-40.2263867,60
-73.0235347,-40.2262774,60
-73.0235347,-40.2261563,60
-73.0235343,-40.2260394,60
-73.023534,-40.225918,60
-73.0235344,-40.2258102,60
-73.0235348,-40.2256915,60
-73.0235349,-40.2255727,60
-73.023535,-40.2254666,60
-73.0235364,-40.2253509,60
-73.0235459,-40.2252688,60
-73.0235755,-40.2252317,60
-73.0236333,-40.225221,60
-73.0237063,-40.2252337,60
-73.0237754,-40.225257,60
-73.0238225,-40.2253044,60
-73.0238334,-40.2253591,60
-73.0238356,-40.2254287,60
-73.0238363,-40.2255144,60
-73.0238364,-40.2256149,60
-73.0238359,-40.2257156,60
-73.0238359,-40.2258353,60
-73.0238362,-40.2259573,60
-73.0238361,-40.2260657,60
-73.0238365,-40.2261842,60
-73.0238367,-40.2263017,60
-73.0238374,-40.2264093,60
-73.0238375,-40.2265283,60
-73.0238375,-40.2266464,60
-73.0238379,-40.2267528,60
-73.023838,-40.2268718,60
-73.0238394,-40.2269872,60
-73.0238517,-40.2270592,60
-73.0238933,-40.2271094,60
-73.0239671,-40.2271357,60
-73.0240413,-40.2271451,60
-73.0240991,-40.2271372,60
-73.0241296,-40.227103,60
-73.0241356,-40.2270512,60
-73.0241365,-40.2269951,60
-73.0241362,-40.2269152,60
-73.0241361,-40.2268302,60
-73.0241363,-40.2267236,60
-73.0241361,-40.2266063,60
-73.0241357,-40.2264844,60
-73.0241359,-40.2263756,60
-73.0241358,-40.226256,60
-73.0241357,-40.2261493,60
-73.0241359,-40.2260305,60
-73.0241362,-40.2259121,60
-73.0241361,-40.2258059,60
-73.0241357,-40.2256868,60
-73.0241361,-40.2255689,60
-73.0241372,-40.225456,60
-73.0241489,-40.2253905,60
-73.0241818,-40.2253557,60
-73.0242353,-40.2253509,60
-73.0243012,-40.2253642,60
-73.0243756,-40.2253934,60
-73.0244233,-40.2254458,60
-73.0244353,-40.2255049,60
-73.0244368,-40.2255784,60
-73.0244372,-40.2256671,60
-73.0244377,-40.2257591,60
-73.0244378,-40.2258727,60
-73.0244381,-40.2259933,60
-73.0244386,-40.2261156,60
-73.0244388,-40.2262238,60
-73.0244388,-40.2263428,60
-73.0244387,-40.22645,60
-73.0244387,-40.2265686,60
-73.024439,-40.2266868,60
-73.0244389,-40.2267929,60
-73.0244394,-40.2269122,60
-73.0244388,-40.2270278,60
-73.0244395,-40.2271285,60
-73.0244479,-40.2272127,60
-73.024478,-40.2272499,60
-73.0245235,-40.2272529,60
-73.0245802,-40.2272732,60
-73.0246538,-40.2273115,60
-73.0247002,-40.2273295,60
-73.0247298,-40.2273171,60
-73.0247364,-40.2272838,60
-73.024737,-40.2272446,60
-73.024737,-40.2271802,60
-73.0247371,-40.2270977,60
-73.0247368,-40.2270102,60
-73.0247364,-40.2269017,60
-73.0247363,-40.2267953,60
-73.0247361,-40.2266985,60
-73.0247363,-40.2265841,60
-73.0247367,-40.226464,60
-73.0247366,-40.2263435,60
-73.0247365,-40.2262361,60
-73.0247364,-40.2261175,60
-73.0247364,-40.225999,60
-73.0247369,-40.2258924,60
-73.0247369,-40.2257741,60
-73.0247369,-40.2256676,60
-73.024743,-40.22557,60
-73.0247622,-40.2255179,60
-73.0248055,-40.2255012,60
-73.024865,-40.2255108,60
-73.024932,-40.2255332,60
-73.0249961,-40.2255739,60
-73.0250315,-40.225638,60
-73.0250374,-40.2257114,60
-73.0250378,-40.2257869,60
-73.0250382,-40.2258847,60
-73.0250383,-40.2259943,60
-73.0250379,-40.2261131,60
-73.0250387,-40.2262234,60
-73.0250393,-40.2263441,60
-73.0250394,-40.2264636,60
-73.0250392,-40.2265706,60
-73.0250394,-40.2266889,60
-73.0250395,-40.2268072,60
-73.0250394,-40.2269139,60
-73.0250399,-40.2270268,60
-73.0250396,-40.2271401,60
-73.0250393,-40.2272406,60
-73.0250384,-40.2273408,60
-73.0250431,-40.2274489,60
-73.0250592,-40.2275167,60
-73.0251129,-40.2275649,60
-73.0251935,-40.2275907,60
-73.0252646,-40.2275995,60
-73.0253152,-40.227581,60
-73.0253361,-40.2275382,60
-73.0253379,-40.2274916,60
-73.025338,-40.2274245,60
-73.0253382,-40.227339,60
-73.0253373,-40.2272482,60
-73.0253376,-40.2271411,60
-73.0253376,-40.2270201,60
-73.0253374,-40.2269091,60
-73.0253377,-40.2267883,60
-73.0253378,-40.2266693,60
-73.0253376,-40.2265623,60
-73.0253374,-40.2264441,60
-73.0253378,-40.2263261,60
-73.0253382,-40.2262197,60
-73.0253378,-40.2261013,60
-73.0253384,-40.225983,60
-73.0253378,-40.2258763,60
-73.025341,-40.225773,60
-73.0253575,-40.2257164,60
-73.0254017,-40.2256946,60
-73.0254545,-40.2257003,60
-73.0255183,-40.2257205,60
-73.0255908,-40.2257616,60
-73.0256283,-40.2258172,60
-73.0256374,-40.2258886,60
-73.0256388,-40.2259705,60
-73.025639,-40.2260567,60
-73.0256391,-40.2261642,60
-73.0256395,-40.2262813,60
-73.0256397,-40.2263914,60
-73.0256406,-40.2265124,60
-73.0256409,-40.2266318,60
-73.0256407,-40.2267386,60
-73.0256407,-40.2268567,60
-73.0256409,-40.226963,60
-73.0256405,-40.2270818,60
-73.0256404,-40.2271995,60
-73.0256412,-40.2273024,60
-73.0256406,-40.2274104,60
-73.0256407,-40.2275039,60
-73.025649,-40.2275914,60
-73.0256755,-40.2276383,60
-73.0257393,-40.2276686,60
-73.0258182,-40.2276789,60
-73.0258823,-40.2276734,60
-73.0259263,-40.2276405,60
-73.025938,-40.2275908,60
-73.0259393,-40.2275376,60
-73.0259395,-40.2274615,60
-73.0259391,-40.2273678,60
-73.0259392,-40.2272727,60
-73.0259394,-40.2271563,60
-73.025939,-40.2270351,60
-73.0259386,-40.2269253,60
-73.0259387,-40.2268057,60
-73.0259386,-40.226687,60
-73.025938,-40.2265689,60
-73.0259379,-40.2264637,60
-73.0259375,-40.2263491,60
-73.0259375,-40.2262315,60
-73.0259366,-40.2261262,60
-73.0259389,-40.2260101,60
-73.0259465,-40.2259355,60
-73.0259729,-40.2258968,60
-73.0260265,-40.2258883,60
-73.0260802,-40.2259008,60
-73.0261502,-40.2259278,60
-73.0262129,-40.2259798,60
-73.0262351,-40.2260402,60
-73.0262389,-40.2261144,60
-73.0262395,-40.2262017,60
-73.0262405,-40.226304,60
-73.0262401,-40.2264057,60
-73.0262411,-40.2265262,60
-73.0262414,-40.2266486,60
-73.0262413,-40.2267566,60
-73.0262419,-40.2268759,60
-73.026242,-40.2269947,60
-73.0262417,-40.2271011,60
-73.0262418,-40.2272193,60
-73.0262418,-40.2273239,60
-73.0262416,-40.2274373,60
-73.0262422,-40.2275529,60
-73.0262465,-40.2276594,60
-73.026266,-40.227723,60
-73.0263261,-40.2277627,60
-73.0264093,-40.227782,60
-73.0264801,-40.2277845,60
-73.026522,-40.2277603,60
-73.0265394,-40.2277154,60
-73.0265405,-40.2276612,60
-73.0265406,-40.2275951,60
-73.0265403,-40.2275074,60
-73.0265402,-40.2274192,60
-73.02654,-40.2273085,60
-73.0265398,-40.2271895,60
-73.0265395,-40.2270787,60
-73.0265394,-40.2269597,60
-73.0265393,-40.2268407,60
-73.0265393,-40.2267222,60
-73.0265395,-40.2266142,60
-73.0265394,-40.2264959,60
-73.0265392,-40.2263887,60
-73.0265393,-40.2262794,60
-73.0265392,-40.2262014,60
-73.0265399,-40.2261496,60
-73.026551,-40.226093,60
-73.0265914,-40.2260588,60
-73.0266454,-40.2260543,60
-73.0267127,-40.2260663,60
-73.0267877,-40.2260954,60
-73.0268261,-40.2261398,60
-73.0268382,-40.2261935,60
-73.0268414,-40.2262507,60
-73.0268415,-40.2263277,60
-73.026842,-40.226399,60
-73.0268422,-40.2264876,60
-73.0268421,-40.2265694,60
-73.0268424,-40.2266725,60
-73.0268427,-40.2267849,60
-73.0268426,-40.2268929,60
-73.0268433,-40.2270139,60
-73.026843,-40.2271336,60
-73.0268434,-40.2272403,60
-73.0268434,-40.2273587,60
-73.0268435,-40.2274767,60
-73.0268439,-40.2275921,60
-73.026845,-40.2276923,60
-73.0268564,-40.227763,60
-73.0268862,-40.2277958,60
-73.0269347,-40.2277975,60
-73.026991,-40.2277778,60
-73.027059,-40.2277451,60
-73.0271158,-40.2276921,60
-73.0271392,-40.227618,60
-73.0271415,-40.2275379,60
-73.0271416,-40.2274555,60
-73.0271414,-40.2273519,60
-73.0271412,-40.2272378,60
-73.0271415,-40.2271267,60
-73.0271411,-40.2270034,60
-73.0271413,-40.226884,60
-73.0271408,-40.2267786,60
-73.0271406,-40.2266626,60
-73.0271412,-40.2265417,60
-73.0271412,-40.2264536,60
-73.0271402,-40.2263872,60
-73.0271404,-40.2263344,60
-73.0271419,-40.2262721,60
-73.0271528,-40.226218,60
-73.0271799,-40.2261814,60
-73.0272308,-40.226169,60
-73.027305,-40.226186,60
-73.0273806,-40.2262116,60
-73.0274285,-40.226263,60
-73.0274397,-40.2263202,60
-73.0274416,-40.2263831,60
-73.0274421,-40.2264784,60
-73.0274422,-40.226573,60
-73.0274431,-40.2266829,60
-73.0274434,-40.2267907,60
-73.0274437,-40.2268975,60
-73.0274442,-40.2270104,60
-73.0274439,-40.227109,60
-73.0274444,-40.227205,60
-73.0274441,-40.22732,60
-73.0274447,-40.2274395,60
-73.0274469,-40.2275381,60
-73.0274618,-40.2276096,60
-73.0275023,-40.227643,60
-73.0275716,-40.2276531,60
-73.0276504,-40.2276488,60
-73.0277071,-40.2276289,60
-73.0277369,-40.2275818,60
-73.0277421,-40.2275247,60
-73.0277426,-40.2274626,60
-73.0277424,-40.227376,60
-73.0277428,-40.2272762,60
-73.0277426,-40.2271765,60
-73.0277429,-40.2270561,60
-73.0277425,-40.2269351,60
-73.0277422,-40.2268137,60
-73.0277418,-40.2267053,60
-73.0277424,-40.2265862,60
-73.0277425,-40.2264811,60
-73.027742,-40.2263763,60
-73.0277421,-40.2263164,60
-73.0277417,-40.2262848,60
-73.0277412,-40.2262755,60
</coordinates></LineString>
</Placemark>
<Placemark>
<name>DJI_202603250854_002_LAESPERANZA002_Timestamp.MRK</name>
<description>Equipo: M3E | Fecha: 25-03-2026 | Puntos: 286</description>
<styleUrl>#m3e</styleUrl>
<LineString><altitudeMode>relativeToGround</altitudeMode><coordinates>
-73.0278353,-40.2258721,60
-73.0278358,-40.225851,60
-73.0278357,-40.225802,60
-73.0278356,-40.225732,60
-73.0278352,-40.2256451,60
-73.0278354,-40.2255573,60
-73.0278356,-40.2254468,60
-73.0278354,-40.2253385,60
-73.0278353,-40.2252475,60
-73.0278357,-40.2251983,60
-73.0278361,-40.2251843,60
-73.0278364,-40.2251667,60
-73.0278363,-40.2251257,60
-73.027836,-40.2250755,60
-73.0278361,-40.225005,60
-73.0278359,-40.2249169,60
-73.0278358,-40.2248266,60
-73.0278361,-40.2247155,60
-73.0278364,-40.2246019,60
-73.0278345,-40.2245031,60
-73.0278233,-40.22443,60
-73.0277818,-40.2243791,60
-73.027734,-40.2243505,60
-73.0276619,-40.2243401,60
-73.0275946,-40.2243404,60
-73.02755,-40.2243687,60
-73.0275356,-40.2244095,60
-73.0275352,-40.2244664,60
-73.0275354,-40.2245355,60
-73.0275352,-40.2246105,60
-73.0275355,-40.2247088,60
-73.0275355,-40.2248173,60
-73.0275354,-40.2249221,60
-73.0275359,-40.2250424,60
-73.0275361,-40.2251633,60
-73.0275363,-40.2252695,60
-73.0275364,-40.2253885,60
-73.0275361,-40.2254964,60
-73.0275369,-40.2256148,60
-73.0275364,-40.2257329,60
-73.027534,-40.2258468,60
-73.0275194,-40.2259238,60
-73.0274751,-40.2259702,60
-73.0273959,-40.2259993,60
-73.0273217,-40.226014,60
-73.0272681,-40.2260046,60
-73.0272401,-40.225966,60
-73.027236,-40.225921,60
-73.0272351,-40.2258591,60
-73.0272348,-40.2257788,60
-73.0272343,-40.2256831,60
-73.0272344,-40.2255944,60
-73.0272338,-40.2254851,60
-73.0272339,-40.225381,60
-73.0272337,-40.2252608,60
-73.0272335,-40.2251395,60
-73.0272335,-40.2250318,60
-73.0272334,-40.2249128,60
-73.0272334,-40.2247955,60
-73.027233,-40.2246895,60
-73.0272334,-40.224562,60
-73.0272344,-40.2244577,60
-73.0272305,-40.2243589,60
-73.0272149,-40.224283,60
-73.0271589,-40.2242393,60
-73.0270868,-40.2242194,60
-73.0270076,-40.2242115,60
-73.0269569,-40.2242325,60
-73.0269355,-40.2242778,60
-73.0269335,-40.2243263,60
-73.0269335,-40.2243963,60
-73.0269337,-40.2244821,60
-73.026934,-40.2245731,60
-73.0269341,-40.2246869,60
-73.0269343,-40.224795,60
-73.0269348,-40.2249162,60
-73.0269349,-40.2250363,60
-73.0269351,-40.2251434,60
-73.0269353,-40.2252614,60
-73.0269351,-40.2253792,60
-73.0269352,-40.2254856,60
-73.0269352,-40.2256149,60
-73.0269347,-40.2257223,60
-73.0269349,-40.2258391,60
-73.0269351,-40.2259399,60
-73.0269283,-40.2260323,60
-73.0269112,-40.226093,60
-73.0268682,-40.2261316,60
-73.0267824,-40.2261465,60
-73.026707,-40.2261499,60
-73.0266564,-40.2261276,60
-73.0266366,-40.2260841,60
-73.0266337,-40.2260363,60
-73.0266336,-40.2259676,60
-73.0266337,-40.2258787,60
-73.0266332,-40.2257893,60
-73.0266329,-40.2256838,60
-73.0266332,-40.2255697,60
-73.026633,-40.2254488,60
-73.0266321,-40.22534,60
-73.0266318,-40.2252203,60
-73.0266317,-40.2251012,60
-73.0266314,-40.2249943,60
-73.0266317,-40.2248773,60
-73.0266319,-40.2247611,60
-73.0266314,-40.2246621,60
-73.0266314,-40.2245809,60
-73.0266309,-40.2245069,60
-73.0266311,-40.2244638,60
-73.0266314,-40.2244069,60
-73.0266318,-40.2243432,60
-73.0266321,-40.224269,60
-73.0266233,-40.2241892,60
-73.0265923,-40.2241388,60
-73.026515,-40.2241008,60
-73.0264392,-40.2240868,60
-73.026376,-40.224093,60
-73.0263411,-40.2241248,60
-73.0263322,-40.2241738,60
-73.0263324,-40.2242346,60
-73.026333,-40.2243056,60
-73.0263332,-40.2243973,60
-73.0263335,-40.2245055,60
-73.0263339,-40.2246214,60
-73.0263339,-40.2247278,60
-73.0263341,-40.2248482,60
-73.0263341,-40.2249563,60
-73.0263341,-40.2250753,60
-73.0263345,-40.2251935,60
-73.0263345,-40.2253,60
-73.0263342,-40.2254181,60
-73.0263341,-40.2255365,60
-73.0263343,-40.2256422,60
-73.0263339,-40.2257568,60
-73.026334,-40.2258602,60
-73.0263342,-40.2259807,60
-73.0263328,-40.2260957,60
-73.0263207,-40.2261749,60
-73.0262795,-40.2262134,60
-73.0262077,-40.2262334,60
-73.0261248,-40.226238,60
-73.02607,-40.2262257,60
-73.026038,-40.2261841,60
-73.0260333,-40.226131,60
-73.0260322,-40.2260726,60
-73.0260317,-40.2259937,60
-73.0260316,-40.2258978,60
-73.0260314,-40.2258037,60
-73.0260316,-40.2256899,60
-73.0260313,-40.2255692,60
-73.0260311,-40.2254479,60
-73.0260312,-40.2253401,60
-73.0260312,-40.2252208,60
-73.0260309,-40.2251138,60
-73.0260311,-40.2249952,60
-73.0260315,-40.2248768,60
-73.0260317,-40.2247732,60
-73.0260318,-40.224667,60
-73.0260317,-40.224553,60
-73.0260313,-40.224449,60
-73.0260315,-40.2243425,60
-73.0260281,-40.224235,60
-73.0260186,-40.2241734,60
-73.0259841,-40.224145,60
-73.0259293,-40.2241476,60
-73.0258715,-40.2241587,60
-73.0257884,-40.2241785,60
-73.0257376,-40.2242038,60
-73.0257293,-40.2242426,60
-73.02573,-40.2242909,60
-73.0257306,-40.2243649,60
-73.025731,-40.2244551,60
-73.0257312,-40.2245459,60
-73.0257314,-40.2246515,60
-73.0257317,-40.2247631,60
-73.0257314,-40.2248678,60
-73.0257319,-40.2249875,60
-73.0257318,-40.2251073,60
-73.0257313,-40.2252149,60
-73.0257318,-40.2253328,60
-73.0257316,-40.2254508,60
-73.0257319,-40.2255572,60
-73.0257315,-40.225676,60
-73.0257319,-40.2257945,60
-73.0257318,-40.2259132,60
-73.0257318,-40.2260196,60
-73.0257282,-40.226121,60
-73.0257089,-40.2261713,60
-73.0256582,-40.2261877,60
-73.0255972,-40.2261776,60
-73.0255275,-40.2261559,60
-73.0254659,-40.2261139,60
-73.0254358,-40.2260508,60
-73.025431,-40.2259797,60
-73.0254302,-40.2259047,60
-73.0254303,-40.2258066,60
-73.0254306,-40.2257084,60
-73.0254306,-40.2255906,60
-73.0254305,-40.225469,60
-73.0254306,-40.2253604,60
-73.02543,-40.2252411,60
-73.0254296,-40.2251219,60
-73.0254299,-40.2250036,60
-73.0254298,-40.2248974,60
-73.0254297,-40.2247793,60
-73.0254298,-40.2246608,60
-73.0254301,-40.2245541,60
-73.0254299,-40.2244349,60
-73.0254278,-40.2243358,60
-73.0254134,-40.2242672,60
-73.0253696,-40.2242351,60
-73.0253106,-40.2242308,60
-73.0252373,-40.2242396,60
-73.0251694,-40.2242688,60
-73.0251375,-40.2243146,60
-73.0251308,-40.2243827,60
-73.0251306,-40.2244497,60
-73.025131,-40.2245395,60
-73.0251313,-40.2246324,60
-73.0251314,-40.2247456,60
-73.0251312,-40.2248544,60
-73.0251316,-40.2249759,60
-73.0251317,-40.225096,60
-73.0251319,-40.225203,60
-73.0251316,-40.2253219,60
-73.025132,-40.2254401,60
-73.0251322,-40.2255467,60
-73.0251318,-40.225665,60
-73.0251315,-40.2257831,60
-73.0251303,-40.2258855,60
-73.0251201,-40.2259647,60
-73.025084,-40.2259958,60
-73.025032,-40.2259954,60
-73.0249689,-40.2259777,60
-73.0248954,-40.2259438,60
-73.024844,-40.2258847,60
-73.0248323,-40.225822,60
-73.0248308,-40.225744,60
-73.02483,-40.2256612,60
-73.0248302,-40.2255565,60
-73.0248302,-40.2254417,60
-73.0248299,-40.2253208,60
-73.0248297,-40.2252113,60
-73.0248295,-40.2250911,60
-73.0248296,-40.2249841,60
-73.0248292,-40.2248666,60
-73.0248289,-40.2247482,60
-73.0248291,-40.2246415,60
-73.0248323,-40.2245357,60
-73.0248495,-40.2244765,60
-73.0248983,-40.2244476,60
-73.0249593,-40.2244483,60
-73.0250332,-40.2244621,60
-73.0251182,-40.2244797,60
-73.0252323,-40.2245033,60
-73.0253632,-40.224531,60
-73.0254928,-40.2245576,60
-73.0256464,-40.2245888,60
-73.0257997,-40.2246191,60
-73.0259512,-40.2246498,60
-73.0260861,-40.2246777,60
-73.0262355,-40.2247085,60
-73.0263705,-40.2247363,60
-73.02652,-40.2247667,60
-73.0266693,-40.2247973,60
-73.0268044,-40.224825,60
-73.0269542,-40.2248557,60
-73.0271028,-40.2248864,60
-73.0272398,-40.2249142,60
-73.0273895,-40.2249444,60
-73.0275199,-40.2249711,60
-73.0276339,-40.2249943,60
-73.0277239,-40.2250124,60
-73.0278392,-40.2250374,60
-73.0279698,-40.225065,60
-73.0280559,-40.2250914,60
-73.0281119,-40.225138,60
-73.0281315,-40.2251968,60
-73.0281346,-40.225269,60
-73.0281353,-40.2253559,60
-73.0281358,-40.2254462,60
-73.0281361,-40.2255484,60
-73.0281366,-40.2256483,60
-73.0281368,-40.2257035,60
-73.0281372,-40.2257359,60
-73.0281372,-40.2257506,60
</coordinates></LineString>
</Placemark>
<Placemark>
<name>DJI_202603250854_003_LAESPERANZA003_Timestamp.MRK</name>
<description>Equipo: M3E | Fecha: 25-03-2026 | Puntos: 172</description>
<styleUrl>#m3e</styleUrl>
<LineString><altitudeMode>relativeToGround</altitudeMode><coordinates>
-73.0279229,-40.2242003,60
-73.0279227,-40.2241672,60
-73.0279225,-40.2241097,60
-73.0279223,-40.224041,60
-73.0279225,-40.22395,60
-73.0279229,-40.2238462,60
-73.027923,-40.2237443,60
-73.0279227,-40.2236246,60
-73.0279128,-40.2235103,60
-73.0278764,-40.2234314,60
-73.0278007,-40.2233559,60
-73.0277253,-40.2232999,60
-73.0276725,-40.2232729,60
-73.0276354,-40.2232851,60
-73.0276238,-40.223321,60
-73.0276233,-40.2233621,60
-73.0276237,-40.2234271,60
-73.0276241,-40.22351,60
-73.0276239,-40.2236079,60
-73.027624,-40.2237063,60
-73.0276242,-40.2238249,60
-73.0276244,-40.2239346,60
-73.0276241,-40.2240546,60
-73.0276185,-40.2241459,60
-73.0276062,-40.2242063,60
-73.0275859,-40.2242409,60
-73.0275494,-40.2242257,60
-73.0275165,-40.2242184,60
-73.0274705,-40.2242148,60
-73.0273982,-40.2242028,60
-73.0273478,-40.2241722,60
-73.0273261,-40.2241267,60
-73.0273225,-40.2240624,60
-73.0273227,-40.2239899,60
-73.0273228,-40.2238951,60
-73.0273227,-40.2237879,60
-73.0273227,-40.2236847,60
-73.027322,-40.223564,60
-73.0273217,-40.2234441,60
-73.0273212,-40.2233228,60
-73.0273141,-40.2232349,60
-73.0272836,-40.2231787,60
-73.0272171,-40.2231463,60
-73.027144,-40.2231335,60
-73.0270743,-40.2231366,60
-73.0270325,-40.2231695,60
-73.0270223,-40.2232137,60
-73.0270214,-40.2232726,60
-73.0270219,-40.2233415,60
-73.0270219,-40.2234321,60
-73.0270224,-40.2235377,60
-73.0270224,-40.2236485,60
-73.0270228,-40.2237506,60
-73.0270228,-40.2238696,60
-73.0270225,-40.2239906,60
-73.0270198,-40.224086,60
-73.027004,-40.2241458,60
-73.026983,-40.2241608,60
-73.0269411,-40.2241538,60
-73.0268787,-40.2241477,60
-73.0267951,-40.224135,60
-73.0267425,-40.2241079,60
-73.0267249,-40.224065,60
-73.0267222,-40.2240088,60
-73.0267218,-40.223945,60
-73.0267221,-40.2238569,60
-73.0267216,-40.2237525,60
-73.0267214,-40.2236544,60
-73.0267219,-40.2235364,60
-73.026722,-40.2234149,60
-73.0267207,-40.2232953,60
-73.0267148,-40.2232143,60
-73.0266916,-40.2231684,60
-73.0266441,-40.2231564,60
-73.0265842,-40.2231687,60
-73.0265154,-40.2231929,60
-73.0264548,-40.2232367,60
-73.0264255,-40.2233023,60
-73.0264211,-40.223376,60
-73.0264206,-40.2234615,60
-73.0264205,-40.2235503,60
-73.0264208,-40.2236473,60
-73.0264214,-40.2237239,60
-73.0264215,-40.2237903,60
-73.0264212,-40.2238679,60
-73.0264215,-40.2239501,60
-73.0264213,-40.2240495,60
-73.0264149,-40.2241613,60
-73.026384,-40.2242539,60
-73.0263275,-40.2243206,60
-73.0262494,-40.22439,60
-73.0261889,-40.2244236,60
-73.0261511,-40.2244272,60
-73.0261277,-40.2244008,60
-73.0261221,-40.2243668,60
-73.0261208,-40.2243153,60
-73.0261204,-40.224241,60
-73.0261206,-40.2241649,60
-73.0261201,-40.2240654,60
-73.02612,-40.223956,60
-73.0261197,-40.2238422,60
-73.0261199,-40.2237643,60
-73.0261201,-40.2237113,60
-73.02612,-40.2236614,60
-73.0261202,-40.2236092,60
-73.0261197,-40.2235427,60
-73.0261198,-40.2234606,60
-73.0261198,-40.2233743,60
-73.0261165,-40.2232736,60
-73.0261014,-40.2232125,60
-73.026059,-40.223184,60
-73.0259898,-40.2231738,60
-73.0259118,-40.2231783,60
-73.025856,-40.2232003,60
-73.0258239,-40.2232478,60
-73.025819,-40.2233058,60
-73.0258195,-40.2233783,60
-73.0258202,-40.2234572,60
-73.0258202,-40.2235597,60
-73.0258204,-40.2236605,60
-73.0258202,-40.2237795,60
-73.0258202,-40.223901,60
-73.0258205,-40.2240093,60
-73.0258204,-40.2241283,60
-73.0258203,-40.2242449,60
-73.0258203,-40.2243531,60
-73.0258203,-40.2244656,60
-73.0258174,-40.2245669,60
-73.0257999,-40.2246199,60
-73.02576,-40.2246418,60
-73.0256962,-40.2246434,60
-73.025619,-40.2246314,60
-73.0255573,-40.2246027,60
-73.0255257,-40.2245503,60
-73.02552,-40.2244942,60
-73.025519,-40.2244198,60
-73.025519,-40.2243292,60
-73.025519,-40.2242247,60
-73.0255187,-40.2241216,60
-73.0255189,-40.2240006,60
-73.0255189,-40.2238794,60
-73.0255189,-40.2237714,60
-73.0255191,-40.2236523,60
-73.0255186,-40.2235368,60
-73.0255098,-40.2234632,60
-73.0254905,-40.2234273,60
-73.0254506,-40.2234277,60
-73.0254175,-40.2234503,60
-73.0253737,-40.2234866,60
-73.0253116,-40.2235415,60
-73.0252555,-40.2236073,60
-73.0252207,-40.2236998,60
-73.0252185,-40.2238024,60
-73.0252185,-40.2239,60
-73.0252187,-40.2240166,60
-73.0252191,-40.224137,60
-73.0252192,-40.2242449,60
-73.0252194,-40.2243641,60
-73.0252161,-40.2244704,60
-73.0252012,-40.2245279,60
-73.0251557,-40.2245559,60
-73.0250915,-40.2245568,60
-73.0250252,-40.2245467,60
-73.0249567,-40.2245152,60
-73.0249253,-40.224462,60
-73.0249192,-40.2244066,60
-73.0249186,-40.2243317,60
-73.0249178,-40.2242544,60
-73.0249182,-40.2242129,60
-73.024918,-40.2241944,60
-73.024918,-40.2241901,60
-73.0249173,-40.2241877,60
</coordinates></LineString>
</Placemark>
<Placemark>
<name>DJI_202603250854_004_LAESPERANZA004_Timestamp.MRK</name>
<description>Equipo: M3E | Fecha: 25-03-2026 | Puntos: 337</description>
<styleUrl>#m3e</styleUrl>
<LineString><altitudeMode>relativeToGround</altitudeMode><coordinates>
-73.0257102,-40.2231507,60
-73.0257105,-40.2231245,60
-73.0257108,-40.2230717,60
-73.0257107,-40.2230056,60
-73.0257105,-40.2228731,60
-73.0257106,-40.2228339,60
-73.0257106,-40.2227264,60
-73.0257108,-40.2226117,60
-73.025711,-40.2224915,60
-73.025711,-40.2223849,60
-73.0257108,-40.2222636,60
-73.0257097,-40.2221474,60
-73.0256952,-40.2220435,60
-73.0256426,-40.2219415,60
-73.0255655,-40.2218468,60
-73.0254988,-40.221775,60
-73.0254507,-40.2217412,60
-73.0254194,-40.2217484,60
-73.0254116,-40.221778,60
-73.0254108,-40.2218209,60
-73.0254107,-40.2218856,60
-73.0254111,-40.2219686,60
-73.0254111,-40.2220558,60
-73.0254112,-40.2221641,60
-73.0254113,-40.2222687,60
-73.025412,-40.2223906,60
-73.0254118,-40.2225115,60
-73.025412,-40.2226191,60
-73.0254121,-40.2227376,60
-73.0254123,-40.2228561,60
-73.0254118,-40.2229615,60
-73.0254028,-40.2230488,60
-73.0253775,-40.2230947,60
-73.025329,-40.2231058,60
-73.0252606,-40.2230945,60
-73.025185,-40.2230715,60
-73.0251306,-40.2230236,60
-73.0251137,-40.2229685,60
-73.0251113,-40.2229,60
-73.0251109,-40.2228147,60
-73.0251109,-40.2227281,60
-73.0251101,-40.2226215,60
-73.0251102,-40.222521,60
-73.02511,-40.2224056,60
-73.0251093,-40.2222926,60
-73.0251094,-40.2221702,60
-73.0251105,-40.2220629,60
-73.0251096,-40.2219418,60
-73.0251091,-40.2218222,60
-73.0251058,-40.2217242,60
-73.0250866,-40.2216574,60
-73.0250315,-40.2216175,60
-73.0249626,-40.2216008,60
-73.0248828,-40.2215968,60
-73.0248356,-40.2216163,60
-73.024812,-40.2216612,60
-73.0248092,-40.2217157,60
-73.0248091,-40.2217871,60
-73.0248096,-40.2218659,60
-73.0248099,-40.2219672,60
-73.0248097,-40.2220792,60
-73.0248097,-40.2221876,60
-73.0248101,-40.2223089,60
-73.0248105,-40.2224264,60
-73.0248103,-40.2225344,60
-73.0248108,-40.222635,60
-73.0248106,-40.2227509,60
-73.0248074,-40.2228427,60
-73.0247978,-40.2229068,60
-73.0247595,-40.2229309,60
-73.0247117,-40.2229221,60
-73.0246583,-40.2228973,60
-73.0245915,-40.2228582,60
-73.0245316,-40.2227922,60
-73.0245085,-40.2227191,60
-73.0245094,-40.2226309,60
-73.0245098,-40.2225363,60
-73.024509,-40.2224382,60
-73.0245087,-40.2223187,60
-73.024509,-40.2221981,60
-73.0245089,-40.2220908,60
-73.0245088,-40.2219721,60
-73.0245083,-40.2218532,60
-73.0245082,-40.221747,60
-73.0245042,-40.2216361,60
-73.024487,-40.2215671,60
-73.0244396,-40.2215301,60
-73.0243638,-40.2215101,60
-73.0242833,-40.2215063,60
-73.024235,-40.2215249,60
-73.0242107,-40.2215695,60
-73.0242076,-40.2216181,60
-73.0242077,-40.2216873,60
-73.024208,-40.2217739,60
-73.024208,-40.2218747,60
-73.0242086,-40.221975,60
-73.0242089,-40.2220941,60
-73.0242092,-40.2222162,60
-73.0242095,-40.2223247,60
-73.0242101,-40.2224438,60
-73.02421,-40.2225628,60
-73.0242098,-40.222667,60
-73.0242003,-40.2227508,60
-73.0241714,-40.2227967,60
-73.0241148,-40.2228106,60
-73.024039,-40.2228064,60
-73.0239632,-40.2227883,60
-73.0239227,-40.2227518,60
-73.02391,-40.222695,60
-73.0239075,-40.2226302,60
-73.0239056,-40.2225572,60
-73.023904,-40.2224583,60
-73.0239023,-40.2223529,60
-73.0239013,-40.2222485,60
-73.0238997,-40.2221257,60
-73.0238979,-40.222004,60
-73.0238965,-40.2218915,60
-73.0238954,-40.2217989,60
-73.0238935,-40.2216834,60
-73.0238899,-40.2215653,60
-73.0238781,-40.2214966,60
-73.0238371,-40.2214541,60
-73.0237681,-40.2214362,60
-73.0236966,-40.2214338,60
-73.0236377,-40.2214512,60
-73.023612,-40.2214894,60
-73.0236074,-40.2215419,60
-73.0236071,-40.2216094,60
-73.0236075,-40.2216854,60
-73.0236077,-40.2217834,60
-73.0236079,-40.2218931,60
-73.0236084,-40.2219995,60
-73.0236081,-40.2221211,60
-73.0236088,-40.2222421,60
-73.0236087,-40.2223476,60
-73.0236085,-40.2224664,60
-73.0236058,-40.2225741,60
-73.0235906,-40.2226359,60
-73.0235511,-40.2226525,60
-73.0235088,-40.2226329,60
-73.0234678,-40.222601,60
-73.0234068,-40.2225557,60
-73.0233438,-40.2224904,60
-73.023311,-40.222414,60
-73.0233079,-40.2223163,60
-73.0233069,-40.2222151,60
-73.0233075,-40.2221167,60
-73.0233065,-40.2219944,60
-73.0233059,-40.2218712,60
-73.023306,-40.2217507,60
-73.0233057,-40.2216442,60
-73.023305,-40.2215284,60
-73.0232923,-40.221447,60
-73.0232676,-40.2214044,60
-73.0231973,-40.2213847,60
-73.0231115,-40.2213799,60
-73.0230522,-40.2213907,60
-73.0230146,-40.2214299,60
-73.023007,-40.2214829,60
-73.0230066,-40.2215406,60
-73.0230067,-40.2216228,60
-73.0230068,-40.2217092,60
-73.0230071,-40.2218173,60
-73.0230074,-40.221934,60
-73.0230074,-40.2220431,60
-73.023007,-40.222162,60
-73.0229999,-40.2222501,60
-73.0229783,-40.222294,60
-73.0229584,-40.2222927,60
-73.0229391,-40.222265,60
-73.0228994,-40.2222418,60
-73.0228366,-40.2222164,60
-73.0227545,-40.2221831,60
-73.0227178,-40.2221505,60
-73.0227074,-40.2220998,60
-73.0227063,-40.2220386,60
-73.0227056,-40.2219679,60
-73.0227057,-40.2218746,60
-73.0227059,-40.2217676,60
-73.022706,-40.2216518,60
-73.0227054,-40.221541,60
-73.0227026,-40.2214291,60
-73.0226915,-40.2213684,60
-73.0226534,-40.2213375,60
-73.022602,-40.2213287,60
-73.0225285,-40.2213158,60
-73.0224535,-40.2213016,60
-73.0224144,-40.221302,60
-73.022404,-40.221318,60
-73.0224057,-40.2213521,60
-73.0224056,-40.2214034,60
-73.0224059,-40.2214753,60
-73.0224058,-40.2215542,60
-73.0224061,-40.2216556,60
-73.0224061,-40.2217668,60
-73.0224062,-40.221874,60
-73.0224047,-40.2219877,60
-73.0223929,-40.2220529,60
-73.0223694,-40.2220807,60
-73.0223281,-40.2220718,60
-73.0222656,-40.2220659,60
-73.0221802,-40.2220759,60
-73.0221333,-40.2220755,60
-73.02211,-40.2220491,60
-73.0221062,-40.2220146,60
-73.0221057,-40.2219616,60
-73.022105,-40.2218872,60
-73.0221048,-40.2218059,60
-73.022105,-40.221703,60
-73.022105,-40.2215896,60
-73.0221049,-40.2214813,60
-73.0221054,-40.2213599,60
-73.0221015,-40.2212486,60
-73.0220875,-40.2211834,60
-73.0220344,-40.2211414,60
-73.0219564,-40.2211204,60
-73.021884,-40.2211146,60
-73.0218324,-40.2211317,60
-73.0218093,-40.2211778,60
-73.0218056,-40.2212267,60
-73.0218053,-40.2212957,60
-73.0218048,-40.221383,60
-73.021805,-40.2214731,60
-73.0218051,-40.2215846,60
-73.0218055,-40.2217039,60
-73.0218051,-40.2218131,60
-73.0218051,-40.221932,60
-73.0218052,-40.2220516,60
-73.021805,-40.2221694,60
-73.0218053,-40.2222755,60
-73.021805,-40.2223915,60
-73.021805,-40.2224999,60
-73.0218052,-40.2226205,60
-73.0218019,-40.2227383,60
-73.0217804,-40.222819,60
-73.0217178,-40.2228907,60
-73.0216318,-40.2229482,60
-73.0215739,-40.2229755,60
-73.0215306,-40.222971,60
-73.0215087,-40.2229388,60
-73.0215058,-40.2228998,60
-73.0215052,-40.2228413,60
-73.0215047,-40.2227642,60
-73.0215044,-40.2226725,60
-73.0215036,-40.222589,60
-73.0215034,-40.2224869,60
-73.0215031,-40.2223876,60
-73.0215034,-40.2222688,60
-73.0215032,-40.2221471,60
-73.0215036,-40.2220384,60
-73.0215036,-40.2219191,60
-73.0215036,-40.2218012,60
-73.0215031,-40.2216939,60
-73.0215029,-40.2215753,60
-73.0215027,-40.2214594,60
-73.0214978,-40.2213619,60
-73.0214846,-40.2213086,60
-73.0214408,-40.2212945,60
-73.0213859,-40.2213127,60
-73.0213302,-40.2213417,60
-73.0212681,-40.2213828,60
-73.021219,-40.2214461,60
-73.0212023,-40.2215294,60
-73.0212029,-40.2216201,60
-73.0212036,-40.2217224,60
-73.0212036,-40.2218235,60
-73.0212037,-40.2219431,60
-73.0212042,-40.222064,60
-73.0212041,-40.2221722,60
-73.0212041,-40.222291,60
-73.0212041,-40.2224089,60
-73.0212041,-40.2225155,60
-73.0212042,-40.2226338,60
-73.0212041,-40.2227516,60
-73.0212029,-40.2228557,60
-73.0211935,-40.222937,60
-73.0211616,-40.2229777,60
-73.0211079,-40.2229911,60
-73.0210367,-40.2229871,60
-73.0209605,-40.222968,60
-73.020918,-40.2229304,60
-73.0209052,-40.2228734,60
-73.0209036,-40.2228073,60
-73.0209035,-40.2227329,60
-73.0209033,-40.2226362,60
-73.0209034,-40.2225263,60
-73.0209031,-40.2224199,60
-73.020903,-40.222298,60
-73.0209024,-40.2221769,60
-73.0209022,-40.2220699,60
-73.0209025,-40.2219512,60
-73.0209016,-40.2218449,60
-73.0209006,-40.2217309,60
-73.0208892,-40.221659,60
-73.0208612,-40.221629,60
-73.0208176,-40.2216323,60
-73.0207712,-40.221658,60
-73.0207122,-40.2216943,60
-73.0206516,-40.221746,60
-73.0206079,-40.2218252,60
-73.0206022,-40.2219153,60
-73.0206024,-40.2220028,60
-73.020603,-40.2221104,60
-73.020603,-40.2222274,60
-73.0206033,-40.2223364,60
-73.0206031,-40.2224561,60
-73.0206037,-40.2225753,60
-73.0206037,-40.2226819,60
-73.0205976,-40.2227787,60
-73.0205811,-40.2228281,60
-73.0205499,-40.2228334,60
-73.0205124,-40.2228163,60
-73.0204482,-40.2227934,60
-73.0203716,-40.2227672,60
-73.0203188,-40.2227379,60
-73.0203047,-40.2226932,60
-73.0203027,-40.2226446,60
-73.0203024,-40.2225727,60
-73.0203023,-40.2224843,60
-73.0203021,-40.2223925,60
-73.020302,-40.2222803,60
-73.0203015,-40.2221597,60
-73.0202979,-40.2220703,60
-73.0202835,-40.2220167,60
-73.0202455,-40.2219996,60
-73.0202028,-40.2220119,60
-73.0201561,-40.2220406,60
-73.0200924,-40.2220837,60
-73.0200354,-40.222143,60
-73.020003,-40.2222277,60
-73.0200013,-40.2223207,60
-73.0200014,-40.2224123,60
-73.0200022,-40.2225231,60
-73.0200023,-40.2226106,60
-73.0200026,-40.2226483,60
-73.0200028,-40.2226681,60
-73.0200027,-40.2226736,60
</coordinates></LineString>
</Placemark>
<Placemark>
<name>DJI_202603250919_005_LAESPERANZA005_Timestamp.MRK</name>
<description>Equipo: M3E | Fecha: 25-03-2026 | Puntos: 305</description>
<styleUrl>#m3e</styleUrl>
<LineString><altitudeMode>relativeToGround</altitudeMode><coordinates>
-73.0224466,-40.2210068,60
-73.0224467,-40.2209759,60
-73.0224466,-40.2209275,60
-73.0224467,-40.2208539,60
-73.0224473,-40.2207776,60
-73.0224467,-40.220679,60
-73.0224394,-40.220584,60
-73.0224165,-40.2205335,60
-73.0223522,-40.220508,60
-73.0222722,-40.2205008,60
-73.022206,-40.2205072,60
-73.0221607,-40.2205412,60
-73.0221478,-40.2205928,60
-73.0221459,-40.2206466,60
-73.0221454,-40.2207235,60
-73.0221459,-40.220817,60
-73.0221463,-40.220912,60
-73.0221468,-40.2210275,60
-73.0221402,-40.2211441,60
-73.0221167,-40.2212216,60
-73.0220479,-40.2212886,60
-73.0219609,-40.2213413,60
-73.0219102,-40.2213618,60
-73.0218677,-40.2213514,60
-73.0218496,-40.2213168,60
-73.021848,-40.2212765,60
-73.0218475,-40.2212151,60
-73.0218471,-40.2211337,60
-73.0218472,-40.2210371,60
-73.0218465,-40.220944,60
-73.0218464,-40.2208277,60
-73.021846,-40.2207084,60
-73.0218405,-40.2206198,60
-73.0218177,-40.2205677,60
-73.0217697,-40.2205473,60
-73.021703,-40.2205496,60
-73.021627,-40.2205646,60
-73.0215691,-40.2206021,60
-73.0215483,-40.2206526,60
-73.0215452,-40.2207173,60
-73.0215451,-40.2207966,60
-73.0215454,-40.2208807,60
-73.0215452,-40.2209873,60
-73.0215456,-40.221104,60
-73.0215461,-40.2212138,60
-73.0215418,-40.2213187,60
-73.0215207,-40.2213763,60
-73.0214728,-40.2214015,60
-73.0213942,-40.2214063,60
-73.0213224,-40.2213979,60
-73.0212687,-40.2213677,60
-73.0212496,-40.2213214,60
-73.0212467,-40.2212619,60
-73.0212459,-40.2211949,60
-73.0212455,-40.221095,60
-73.0212452,-40.2210005,60
-73.0212456,-40.2208869,60
-73.0212453,-40.2207764,60
-73.0212456,-40.2206544,60
-73.0212451,-40.2205465,60
-73.0212443,-40.2204275,60
-73.0212445,-40.2203222,60
-73.0212439,-40.2202517,60
-73.0212388,-40.220164,60
-73.0212153,-40.2200931,60
-73.021152,-40.2200424,60
-73.021071,-40.2200092,60
-73.0209949,-40.2199674,60
-73.020964,-40.2199331,60
-73.0209496,-40.2199162,60
-73.020944,-40.2199137,60
-73.0209423,-40.2199382,60
-73.0209437,-40.219976,60
-73.0209437,-40.2200344,60
-73.0209434,-40.2201038,60
-73.0209436,-40.2201963,60
-73.0209443,-40.2203001,60
-73.0209444,-40.2204037,60
-73.0209447,-40.2205192,60
-73.0209447,-40.2206358,60
-73.020945,-40.2207554,60
-73.0209449,-40.2208628,60
-73.0209447,-40.2209816,60
-73.0209451,-40.2210885,60
-73.0209451,-40.2212061,60
-73.0209455,-40.2213252,60
-73.0209449,-40.2214429,60
-73.0209448,-40.2215498,60
-73.0209387,-40.2216617,60
-73.0209104,-40.2217447,60
-73.0208481,-40.2218049,60
-73.0207605,-40.2218577,60
-73.0207048,-40.2218793,60
-73.0206631,-40.2218653,60
-73.0206465,-40.2218299,60
-73.0206441,-40.2217835,60
-73.0206434,-40.2217251,60
-73.0206438,-40.2216434,60
-73.0206436,-40.221556,60
-73.0206433,-40.2214475,60
-73.0206435,-40.2213288,60
-73.0206431,-40.22122,60
-73.0206427,-40.221106,60
-73.0206428,-40.22099,60
-73.0206428,-40.2208709,60
-73.0206428,-40.2207629,60
-73.0206426,-40.2206443,60
-73.0206424,-40.2205394,60
-73.0206424,-40.2204205,60
-73.0206426,-40.2203106,60
-73.0206422,-40.220229,60
-73.0206415,-40.2201588,60
-73.0206422,-40.2201029,60
-73.0206427,-40.2200393,60
-73.0206429,-40.2199658,60
-73.0206428,-40.2198719,60
-73.0206429,-40.2197675,60
-73.0206425,-40.2196659,60
-73.0206328,-40.219583,60
-73.0206056,-40.2195469,60
-73.0205601,-40.2195432,60
-73.0205087,-40.2195629,60
-73.0204548,-40.2195902,60
-73.0203873,-40.2196425,60
-73.0203458,-40.2197193,60
-73.0203432,-40.2198054,60
-73.0203437,-40.2198897,60
-73.0203438,-40.2199947,60
-73.0203441,-40.2201098,60
-73.0203439,-40.2202179,60
-73.0203444,-40.2203388,60
-73.0203446,-40.2204544,60
-73.0203445,-40.2205608,60
-73.0203445,-40.2206802,60
-73.0203448,-40.2207982,60
-73.0203447,-40.2209166,60
-73.0203446,-40.2210236,60
-73.0203444,-40.2211413,60
-73.0203448,-40.221246,60
-73.0203445,-40.2213563,60
-73.0203442,-40.2214702,60
-73.0203442,-40.2215791,60
-73.020344,-40.2217007,60
-73.0203438,-40.2218348,60
-73.0203416,-40.2219419,60
-73.0203266,-40.2220303,60
-73.0202856,-40.2220904,60
-73.0201988,-40.2221362,60
-73.0201168,-40.2221627,60
-73.020072,-40.2221536,60
-73.0200476,-40.222117,60
-73.020044,-40.2220705,60
-73.020043,-40.2220151,60
-73.0200428,-40.2219349,60
-73.0200423,-40.2218392,60
-73.020042,-40.221742,60
-73.0200424,-40.2216255,60
-73.0200421,-40.2215035,60
-73.0200422,-40.2213932,60
-73.0200417,-40.2212734,60
-73.0200419,-40.2211547,60
-73.020042,-40.2210484,60
-73.0200419,-40.2209299,60
-73.020042,-40.2208117,60
-73.0200421,-40.2206931,60
-73.0200419,-40.2205862,60
-73.0200416,-40.2204702,60
-73.020041,-40.2203593,60
-73.0200416,-40.2202522,60
-73.0200417,-40.2201326,60
-73.0200409,-40.2200262,60
-73.0200335,-40.2199466,60
-73.0200213,-40.2199167,60
-73.0199989,-40.2199253,60
-73.0199817,-40.2199494,60
-73.0199515,-40.2199938,60
-73.019922,-40.2200574,60
-73.0198976,-40.2200945,60
-73.0198646,-40.2200985,60
-73.0198205,-40.2200818,60
-73.0197742,-40.2200769,60
-73.0197472,-40.2200983,60
-73.0197425,-40.220136,60
-73.019742,-40.2201814,60
-73.0197423,-40.220253,60
-73.019743,-40.2203417,60
-73.0197433,-40.2204326,60
-73.0197433,-40.2205432,60
-73.019743,-40.2206624,60
-73.0197435,-40.2207706,60
-73.0197433,-40.2208917,60
-73.0197433,-40.2210117,60
-73.0197438,-40.2211187,60
-73.0197437,-40.221237,60
-73.0197434,-40.2213561,60
-73.0197434,-40.2214624,60
-73.0197438,-40.2215781,60
-73.0197433,-40.2216841,60
-73.0197436,-40.2217879,60
-73.0197435,-40.2219069,60
-73.0197432,-40.2220281,60
-73.0197432,-40.2221483,60
-73.0197372,-40.2222428,60
-73.019713,-40.2223134,60
-73.0196464,-40.2223589,60
-73.0195624,-40.2223822,60
-73.0194961,-40.2223902,60
-73.0194545,-40.2223628,60
-73.0194438,-40.2223228,60
-73.0194421,-40.222269,60
-73.0194417,-40.2221962,60
-73.0194416,-40.2221156,60
-73.0194415,-40.2220131,60
-73.0194414,-40.2219017,60
-73.0194412,-40.2218047,60
-73.0194416,-40.2216922,60
-73.0194414,-40.2215864,60
-73.019441,-40.2214546,60
-73.0194407,-40.2213466,60
-73.0194408,-40.2212274,60
-73.0194411,-40.2211209,60
-73.0194408,-40.221002,60
-73.0194405,-40.2208952,60
-73.0194404,-40.2207766,60
-73.0194406,-40.2206596,60
-73.0194407,-40.2205522,60
-73.0194409,-40.2204337,60
-73.0194416,-40.2203216,60
-73.0194412,-40.2202254,60
-73.0194369,-40.2201371,60
-73.0194221,-40.2200787,60
-73.0193756,-40.2200554,60
-73.0193204,-40.2200581,60
-73.019252,-40.2200746,60
-73.0191863,-40.2201082,60
-73.0191494,-40.2201653,60
-73.0191423,-40.2202335,60
-73.0191418,-40.2203041,60
-73.0191415,-40.2203973,60
-73.0191416,-40.2205029,60
-73.0191417,-40.2206187,60
-73.0191416,-40.2207279,60
-73.019142,-40.2208487,60
-73.0191418,-40.2209685,60
-73.019142,-40.2210745,60
-73.0191402,-40.2211847,60
-73.0191302,-40.2212413,60
-73.0191127,-40.221257,60
-73.0190936,-40.2212382,60
-73.0190756,-40.2212072,60
-73.01905,-40.2211613,60
-73.0190128,-40.2210915,60
-73.018968,-40.2210067,60
-73.018922,-40.2209204,60
-73.0188719,-40.220814,60
-73.0188458,-40.2206967,60
-73.0188413,-40.2205884,60
-73.018842,-40.2205028,60
-73.0188438,-40.2204615,60
-73.0188456,-40.2204686,60
-73.0188482,-40.2205016,60
-73.0188515,-40.2205482,60
-73.0188556,-40.2206087,60
-73.018861,-40.2206918,60
-73.0188667,-40.2207891,60
-73.0188773,-40.2208861,60
-73.0189154,-40.2209986,60
-73.0189828,-40.2211095,60
-73.0190483,-40.2212052,60
-73.019119,-40.2213081,60
-73.0191553,-40.2213739,60
-73.0191588,-40.2214096,60
-73.0191344,-40.2214139,60
-73.0190941,-40.2214095,60
-73.0190245,-40.2214003,60
-73.0189428,-40.2213951,60
-73.0188799,-40.2214089,60
-73.0188471,-40.2214521,60
-73.0188415,-40.2215006,60
-73.0188406,-40.2215675,60
-73.0188408,-40.221643,60
-73.0188409,-40.2217406,60
-73.0188406,-40.2218498,60
-73.0188408,-40.2219678,60
-73.0188423,-40.2220767,60
-73.018861,-40.2221889,60
-73.0189115,-40.2222755,60
-73.0189896,-40.2223636,60
-73.0190614,-40.222433,60
-73.0191019,-40.2224591,60
-73.0191311,-40.2224523,60
-73.0191409,-40.2224204,60
-73.0191415,-40.2223771,60
-73.0191412,-40.2223211,60
-73.0191408,-40.2222406,60
-73.0191405,-40.2221446,60
-73.0191402,-40.2220364,60
-73.0191401,-40.2219313,60
-73.0191399,-40.2218098,60
-73.0191397,-40.2216998,60
-73.0191399,-40.2215807,60
-73.0191404,-40.221497,60
-73.0191398,-40.2214512,60
-73.0191402,-40.2214287,60
-73.0191401,-40.2214215,60
</coordinates></LineString>
</Placemark>
<Placemark>
<name>DJI_202603250919_006_LAESPERANZA006_Timestamp.MRK</name>
<description>Equipo: M3E | Fecha: 25-03-2026 | Puntos: 109</description>
<styleUrl>#m3e</styleUrl>
<LineString><altitudeMode>relativeToGround</altitudeMode><coordinates>
-73.0219954,-40.2194417,60
-73.0219952,-40.2194144,60
-73.0219949,-40.2193596,60
-73.0219948,-40.2192933,60
-73.021995,-40.2192047,60
-73.0219952,-40.2191034,60
-73.0219928,-40.2189917,60
-73.0219834,-40.2189096,60
-73.0219372,-40.2188532,60
-73.0218655,-40.2188218,60
-73.0217818,-40.2188024,60
-73.0217282,-40.2188102,60
-73.0217012,-40.2188428,60
-73.0216962,-40.2188922,60
-73.0216958,-40.2189551,60
-73.021696,-40.2190269,60
-73.0216961,-40.2191219,60
-73.0216961,-40.2192291,60
-73.0216955,-40.2193457,60
-73.0216892,-40.219434,60
-73.0216573,-40.2194903,60
-73.0215897,-40.2195218,60
-73.0215058,-40.2195357,60
-73.021447,-40.2195333,60
-73.0214068,-40.2195,60
-73.0213974,-40.2194567,60
-73.0213957,-40.2193985,60
-73.021395,-40.2193226,60
-73.0213951,-40.2192409,60
-73.0213943,-40.2191356,60
-73.0213946,-40.2190195,60
-73.0213944,-40.2189113,60
-73.0213942,-40.218803,60
-73.0213805,-40.2187235,60
-73.0213437,-40.2186728,60
-73.0212687,-40.2186381,60
-73.0211843,-40.2186202,60
-73.0211341,-40.2186253,60
-73.021101,-40.2186611,60
-73.0210947,-40.2187054,60
-73.0210939,-40.2187731,60
-73.0210941,-40.2188455,60
-73.0210941,-40.2189402,60
-73.0210942,-40.219036,60
-73.0210942,-40.2191525,60
-73.0210941,-40.2192738,60
-73.0210943,-40.219373,60
-73.0210931,-40.2194729,60
-73.0210784,-40.2195421,60
-73.0210308,-40.2195803,60
-73.0209678,-40.219593,60
-73.0208875,-40.2195936,60
-73.0208313,-40.2195771,60
-73.0207995,-40.2195338,60
-73.0207943,-40.2194791,60
-73.0207933,-40.2194187,60
-73.0207928,-40.219335,60
-73.0207924,-40.2192357,60
-73.0207928,-40.2191251,60
-73.0207929,-40.2190166,60
-73.0207931,-40.218893,60
-73.0207933,-40.2187841,60
-73.0207921,-40.218667,60
-73.0207825,-40.2185788,60
-73.0207495,-40.218531,60
-73.0206741,-40.2185016,60
-73.0205914,-40.2184868,60
-73.0205379,-40.2184921,60
-73.0205012,-40.2185273,60
-73.0204935,-40.218578,60
-73.020493,-40.2186327,60
-73.0204926,-40.2187123,60
-73.0204927,-40.218807,60
-73.0204927,-40.218903,60
-73.0204931,-40.2190189,60
-73.0204931,-40.2191383,60
-73.0204935,-40.2192438,60
-73.0204938,-40.2193626,60
-73.0204917,-40.2194802,60
-73.0204832,-40.2195503,60
-73.0204583,-40.2195982,60
-73.0204033,-40.2196043,60
-73.020331,-40.2195864,60
-73.0202615,-40.219565,60
-73.02021,-40.2195182,60
-73.0201946,-40.2194576,60
-73.0201936,-40.2193952,60
-73.0201929,-40.2193112,60
-73.0201921,-40.2192234,60
-73.0201921,-40.2191125,60
-73.020192,-40.2189919,60
-73.0201919,-40.2188807,60
-73.0201919,-40.2187655,60
-73.0201916,-40.2186568,60
-73.0201844,-40.2185845,60
-73.0201682,-40.218543,60
-73.0201221,-40.2185299,60
-73.020071,-40.218547,60
-73.0200208,-40.2185723,60
-73.0199517,-40.218619,60
-73.0199012,-40.2186916,60
-73.019891,-40.2187672,60
-73.0198921,-40.2188586,60
-73.0198924,-40.2189607,60
-73.0198925,-40.2190704,60
-73.0198931,-40.2191365,60
-73.0198938,-40.2191692,60
-73.0198937,-40.21918,60
-73.0198931,-40.2191832,60
</coordinates></LineString>
</Placemark>
<Placemark>
<name>DJI_202603250919_007_LAESPERANZA007_Timestamp.MRK</name>
<description>Equipo: M3E | Fecha: 25-03-2026 | Puntos: 203</description>
<styleUrl>#m3e</styleUrl>
<LineString><altitudeMode>relativeToGround</altitudeMode><coordinates>
-73.0183982,-40.2197966,60
-73.0183981,-40.2198199,60
-73.0183978,-40.2198696,60
-73.018398,-40.219941,60
-73.0183983,-40.2200186,60
-73.0183983,-40.2201184,60
-73.0183985,-40.220229,60
-73.0183991,-40.2203353,60
-73.0183989,-40.2204566,60
-73.0183987,-40.2205765,60
-73.0183988,-40.2206835,60
-73.0183985,-40.2208017,60
-73.0183987,-40.2209085,60
-73.0183984,-40.2210267,60
-73.0183985,-40.2211448,60
-73.0183984,-40.2212512,60
-73.0183985,-40.2213667,60
-73.0183953,-40.2214701,60
-73.0183807,-40.2215287,60
-73.0183402,-40.2215455,60
-73.0182846,-40.2215296,60
-73.0182263,-40.2215025,60
-73.0181638,-40.2214629,60
-73.0181102,-40.2213944,60
-73.0180955,-40.2213199,60
-73.018098,-40.22123,60
-73.0180979,-40.2211292,60
-73.0180976,-40.2210177,60
-73.0180976,-40.2209095,60
-73.018097,-40.2207871,60
-73.0180972,-40.2206784,60
-73.0180966,-40.2205588,60
-73.018097,-40.2204442,60
-73.0180967,-40.2203335,60
-73.0180967,-40.2202277,60
-73.0180966,-40.2201126,60
-73.018097,-40.2199937,60
-73.0180968,-40.2198871,60
-73.018097,-40.2197682,60
-73.0180904,-40.2196742,60
-73.0180745,-40.2196304,60
-73.0180345,-40.219618,60
-73.0179904,-40.2196371,60
-73.017948,-40.219665,60
-73.0178818,-40.2197101,60
-73.0177969,-40.2197679,60
-73.0177098,-40.219827,60
-73.017602,-40.2199014,60
-73.0174952,-40.2199735,60
-73.0173802,-40.220052,60
-73.0172928,-40.2201029,60
-73.0172414,-40.220124,60
-73.0172071,-40.220117,60
-73.0171968,-40.2200736,60
-73.0171969,-40.2200292,60
-73.0171965,-40.2199643,60
-73.0171965,-40.2198825,60
-73.0171961,-40.2197952,60
-73.0171969,-40.2196881,60
-73.0171956,-40.2195803,60
-73.0171958,-40.2194653,60
-73.0171956,-40.2193567,60
-73.0171959,-40.2192474,60
-73.0171948,-40.2191522,60
-73.0171952,-40.2190549,60
-73.0171961,-40.2189425,60
-73.0171956,-40.2188488,60
-73.017196,-40.2187342,60
-73.0171993,-40.2186149,60
-73.0172135,-40.2185547,60
-73.0172608,-40.2185235,60
-73.017337,-40.2185108,60
-73.017417,-40.218511,60
-73.017467,-40.2185314,60
-73.0174934,-40.2185766,60
-73.0174978,-40.2186325,60
-73.0174972,-40.2186958,60
-73.0174976,-40.2187602,60
-73.0174972,-40.2188278,60
-73.0174978,-40.2189001,60
-73.0174979,-40.2189914,60
-73.0174978,-40.2190666,60
-73.0174982,-40.2191468,60
-73.0174983,-40.2192197,60
-73.0174979,-40.219314,60
-73.0174977,-40.2194109,60
-73.0174977,-40.2195262,60
-73.0174976,-40.2196473,60
-73.0174976,-40.2197682,60
-73.0174975,-40.2198749,60
-73.0174972,-40.219994,60
-73.0174969,-40.2200989,60
-73.017497,-40.2202147,60
-73.0174969,-40.2203361,60
-73.0174974,-40.2204442,60
-73.0174981,-40.2205635,60
-73.0174984,-40.2206814,60
-73.0174978,-40.2207804,60
-73.0174983,-40.2208965,60
-73.0174978,-40.2210124,60
-73.0174976,-40.2211339,60
-73.0175032,-40.2212274,60
-73.0175287,-40.2212874,60
-73.0175888,-40.2213226,60
-73.0176613,-40.2213347,60
-73.0177378,-40.2213329,60
-73.0177828,-40.2213014,60
-73.0177966,-40.221253,60
-73.0177978,-40.2212008,60
-73.0177974,-40.2211256,60
-73.0177972,-40.2210423,60
-73.0177966,-40.220938,60
-73.0177968,-40.2208355,60
-73.0177961,-40.2207163,60
-73.0177962,-40.2205975,60
-73.0177963,-40.2204792,60
-73.0177965,-40.2203722,60
-73.0177965,-40.2202533,60
-73.0177959,-40.2201351,60
-73.0177962,-40.2200291,60
-73.0177967,-40.2199108,60
-73.017796,-40.2197927,60
-73.0177957,-40.2196859,60
-73.0177965,-40.2195678,60
-73.0177959,-40.2194481,60
-73.0177955,-40.2193408,60
-73.0177959,-40.2192228,60
-73.0177958,-40.2191264,60
-73.0177959,-40.2190662,60
-73.0177953,-40.2189885,60
-73.0177955,-40.2188952,60
-73.0177959,-40.2188049,60
-73.0177954,-40.2186995,60
-73.017793,-40.218608,60
-73.0177848,-40.2185533,60
-73.0177572,-40.2185328,60
-73.0177149,-40.2185508,60
-73.0176817,-40.2185791,60
-73.0176311,-40.218624,60
-73.0175712,-40.2186774,60
-73.0174927,-40.2187476,60
-73.0174002,-40.2188303,60
-73.017324,-40.2188976,60
-73.0172642,-40.218951,60
-73.0172079,-40.2190012,60
-73.0171314,-40.2190695,60
-73.0170542,-40.2191392,60
-73.0169654,-40.2192248,60
-73.0169119,-40.2193121,60
-73.0168993,-40.219403,60
-73.0168965,-40.2195073,60
-73.0168965,-40.2196211,60
-73.016897,-40.219729,60
-73.0169076,-40.2198369,60
-73.0169402,-40.2199141,60
-73.0170049,-40.2199952,60
-73.0170917,-40.2200808,60
-73.0171889,-40.2201721,60
-73.017274,-40.2202538,60
-73.0173329,-40.220325,60
-73.0173429,-40.2203891,60
-73.0173373,-40.2204506,60
-73.0173059,-40.2205242,60
-73.0172623,-40.2206125,60
-73.0172264,-40.2206951,60
-73.0172015,-40.2207916,60
-73.0171998,-40.2208876,60
-73.0172071,-40.2209527,60
-73.0172402,-40.2209948,60
-73.0173055,-40.2209974,60
-73.0173736,-40.2209784,60
-73.0174605,-40.2209562,60
-73.01757,-40.2209281,60
-73.0176927,-40.2208962,60
-73.0178187,-40.2208636,60
-73.0179648,-40.2208264,60
-73.018097,-40.2207929,60
-73.0182469,-40.2207553,60
-73.0183988,-40.2207176,60
-73.0185373,-40.2206848,60
-73.0186179,-40.2206752,60
-73.0186729,-40.2206892,60
-73.0186954,-40.2207229,60
-73.0186969,-40.2207819,60
-73.0186983,-40.2208516,60
-73.0186988,-40.220929,60
-73.018699,-40.2210276,60
-73.0186994,-40.2211382,60
-73.0186994,-40.2212441,60
-73.0186992,-40.221366,60
-73.0187041,-40.2214707,60
-73.0187243,-40.2215258,60
-73.01877,-40.2215515,60
-73.0188375,-40.2215538,60
-73.0189075,-40.2215447,60
-73.018974,-40.2215094,60
-73.0189952,-40.2214616,60
-73.0189988,-40.221407,60
-73.0189991,-40.2213328,60
-73.0189981,-40.221234,60
-73.0189983,-40.2212095,60
-73.0189982,-40.221186,60
-73.0189983,-40.2211785,60
</coordinates></LineString>
</Placemark>
<Placemark>
<name>DJI_202603251040_008_PELECO001_Timestamp.MRK</name>
<description>Equipo: M3E | Fecha: 25-03-2026 | Puntos: 391</description>
<styleUrl>#m3e</styleUrl>
<LineString><altitudeMode>relativeToGround</altitudeMode><coordinates>
-72.991399,-40.1464913,60
-72.9913989,-40.1465138,60
-72.9913989,-40.1465629,60
-72.9913991,-40.1466341,60
-72.991399,-40.1467125,60
-72.9913991,-40.1468113,60
-72.9913992,-40.1469231,60
-72.991399,-40.1470304,60
-72.9913992,-40.1471522,60
-72.9913987,-40.1472718,60
-72.991399,-40.1473784,60
-72.991399,-40.1474976,60
-72.9913988,-40.1476162,60
-72.9913991,-40.1477229,60
-72.991399,-40.1478414,60
-72.9913993,-40.1479484,60
-72.9913949,-40.1480579,60
-72.9913678,-40.1481395,60
-72.9913237,-40.1482114,60
-72.9912772,-40.1482446,60
-72.9912263,-40.1482815,60
-72.9911633,-40.1483186,60
-72.9911264,-40.1483317,60
-72.991106,-40.1483052,60
-72.9910999,-40.1482623,60
-72.9910981,-40.1482157,60
-72.9910979,-40.1481458,60
-72.9910974,-40.148072,60
-72.9910976,-40.1480054,60
-72.9910977,-40.1479259,60
-72.9910976,-40.1478454,60
-72.9910973,-40.1477899,60
-72.9910975,-40.14772,60
-72.9910979,-40.1476285,60
-72.991098,-40.1475249,60
-72.9910975,-40.1474258,60
-72.9910973,-40.1473064,60
-72.9910981,-40.1471851,60
-72.9910982,-40.1470834,60
-72.9910982,-40.1469673,60
-72.9910978,-40.1468596,60
-72.9910976,-40.1467432,60
-72.9910977,-40.1466307,60
-72.991097,-40.1465492,60
-72.991097,-40.1464661,60
-72.9910983,-40.1463689,60
-72.9910984,-40.1462717,60
-72.9910981,-40.146158,60
-72.9910854,-40.1460383,60
-72.9910391,-40.1459234,60
-72.9909822,-40.1458259,60
-72.990917,-40.1457225,60
-72.9908639,-40.1456461,60
-72.9908232,-40.1456119,60
-72.990798,-40.1456197,60
-72.9907972,-40.1456545,60
-72.9907978,-40.145698,60
-72.990798,-40.1457657,60
-72.9907981,-40.1458417,60
-72.9907985,-40.1459397,60
-72.9907987,-40.1460506,60
-72.9907987,-40.1461564,60
-72.9907994,-40.1462787,60
-72.9907993,-40.1463998,60
-72.9907995,-40.1465075,60
-72.9907997,-40.1466269,60
-72.9907998,-40.1467464,60
-72.9907995,-40.1468645,60
-72.9907994,-40.1469717,60
-72.9907993,-40.147091,60
-72.9907996,-40.1471983,60
-72.9907995,-40.1473171,60
-72.9907998,-40.147436,60
-72.9907993,-40.1475546,60
-72.9907991,-40.1476613,60
-72.9907988,-40.1477798,60
-72.9907989,-40.1478865,60
-72.9907995,-40.1480054,60
-72.9907994,-40.1481236,60
-72.9907997,-40.1482306,60
-72.9907994,-40.1483493,60
-72.9907983,-40.1484677,60
-72.9907873,-40.1485666,60
-72.9907534,-40.1486279,60
-72.9906886,-40.1486788,60
-72.990633,-40.1487101,60
-72.9906204,-40.1487162,60
-72.9906206,-40.148716,60
-72.9906201,-40.1487159,60
-72.9906141,-40.14872,60
-72.9905824,-40.1487323,60
-72.9905288,-40.148722,60
-72.990504,-40.1486921,60
-72.9904988,-40.148648,60
-72.9904976,-40.1485889,60
-72.9904978,-40.1485227,60
-72.9904978,-40.1484429,60
-72.9904971,-40.1483689,60
-72.9904973,-40.1482997,60
-72.9904971,-40.1482138,60
-72.9904975,-40.1481139,60
-72.9904968,-40.1480161,60
-72.9904968,-40.1478676,60
-72.9904971,-40.1477853,60
-72.9904968,-40.1476809,60
-72.9904971,-40.1475725,60
-72.9904968,-40.1474623,60
-72.9904968,-40.1473568,60
-72.9904968,-40.1472369,60
-72.9904968,-40.1471185,60
-72.9904969,-40.1470165,60
-72.9904972,-40.1469005,60
-72.9904968,-40.1467795,60
-72.990497,-40.1466698,60
-72.9904972,-40.146551,60
-72.9904979,-40.1464339,60
-72.9904976,-40.1463262,60
-72.9904985,-40.1462148,60
-72.9904985,-40.1461258,60
-72.9904983,-40.1460318,60
-72.9904982,-40.1459176,60
-72.9904983,-40.1457981,60
-72.9904981,-40.1456892,60
-72.990498,-40.1455687,60
-72.9904977,-40.1454507,60
-72.9904976,-40.1453477,60
-72.9904972,-40.1452297,60
-72.9904895,-40.1451382,60
-72.9904648,-40.1450908,60
-72.9903999,-40.1450637,60
-72.9903213,-40.1450552,60
-72.9902567,-40.1450616,60
-72.9902111,-40.1450961,60
-72.9901993,-40.1451469,60
-72.9901974,-40.1452014,60
-72.9901976,-40.1452795,60
-72.990198,-40.1453733,60
-72.9901984,-40.14548,60
-72.9901984,-40.1455845,60
-72.9901987,-40.1457062,60
-72.990199,-40.1458155,60
-72.990199,-40.1459356,60
-72.9901988,-40.1460543,60
-72.9901989,-40.1461731,60
-72.9901991,-40.14628,60
-72.9901992,-40.1463981,60
-72.9901989,-40.1465046,60
-72.9901986,-40.1466233,60
-72.9901986,-40.1467416,60
-72.9901988,-40.1468485,60
-72.9901988,-40.1469672,60
-72.990199,-40.1470856,60
-72.9901982,-40.1472041,60
-72.9901985,-40.1473104,60
-72.9901987,-40.1474287,60
-72.9901988,-40.1475477,60
-72.9901986,-40.1476551,60
-72.9901986,-40.1477737,60
-72.9901986,-40.1478804,60
-72.9901988,-40.1479989,60
-72.9901988,-40.1481172,60
-72.9901993,-40.148236,60
-72.990199,-40.1483426,60
-72.990199,-40.1484612,60
-72.9901991,-40.1485797,60
-72.9901989,-40.1486863,60
-72.9901934,-40.1487938,60
-72.9901715,-40.1488559,60
-72.9901209,-40.1488998,60
-72.9900572,-40.1489259,60
-72.9899788,-40.1489461,60
-72.9899311,-40.1489385,60
-72.9899048,-40.1488981,60
-72.989899,-40.148849,60
-72.9898979,-40.148791,60
-72.9898974,-40.1487102,60
-72.9898973,-40.1486243,60
-72.9898974,-40.1485193,60
-72.9898973,-40.1484074,60
-72.9898972,-40.1482925,60
-72.989897,-40.1481822,60
-72.989897,-40.1480618,60
-72.9898966,-40.1479418,60
-72.9898965,-40.1478396,60
-72.9898962,-40.1477253,60
-72.9898962,-40.1476204,60
-72.9898968,-40.1475048,60
-72.9898963,-40.1473982,60
-72.9898968,-40.1472894,60
-72.9898975,-40.1471843,60
-72.9898974,-40.1470702,60
-72.9898975,-40.1469634,60
-72.9898977,-40.1468625,60
-72.9898981,-40.1467427,60
-72.9898978,-40.146621,60
-72.9898981,-40.146513,60
-72.9898977,-40.1463926,60
-72.9898977,-40.1462732,60
-72.9898978,-40.1461677,60
-72.9898976,-40.1460509,60
-72.9898975,-40.1459345,60
-72.9898977,-40.1458264,60
-72.9898977,-40.1457062,60
-72.9898977,-40.145588,60
-72.9898975,-40.1454807,60
-72.9898973,-40.1453617,60
-72.9898978,-40.1452437,60
-72.9898956,-40.1451411,60
-72.9898828,-40.1450629,60
-72.9898367,-40.145021,60
-72.9897723,-40.1450047,60
-72.9896907,-40.1450016,60
-72.9896317,-40.1450207,60
-72.9896037,-40.1450606,60
-72.9895985,-40.1451148,60
-72.9895987,-40.1451833,60
-72.9895986,-40.1452609,60
-72.9895983,-40.1453605,60
-72.9895983,-40.1454704,60
-72.9895984,-40.145579,60
-72.9895987,-40.1457,60
-72.9895988,-40.1458207,60
-72.9895985,-40.1459291,60
-72.9895988,-40.1460477,60
-72.9895991,-40.1461661,60
-72.989599,-40.1462724,60
-72.9895993,-40.1463911,60
-72.9895988,-40.1465091,60
-72.9895987,-40.1466274,60
-72.9895985,-40.1467342,60
-72.9895985,-40.146853,60
-72.9895986,-40.1469706,60
-72.9895985,-40.1470776,60
-72.9895988,-40.1471972,60
-72.9895987,-40.1473159,60
-72.9895986,-40.1474216,60
-72.9895989,-40.1475413,60
-72.989599,-40.1476587,60
-72.9895986,-40.1477663,60
-72.9895986,-40.1478848,60
-72.9895988,-40.1480024,60
-72.9895982,-40.1481054,60
-72.9895982,-40.1481863,60
-72.9895982,-40.1482272,60
-72.9895981,-40.1482394,60
-72.9895978,-40.1482606,60
-72.9895974,-40.1483058,60
-72.9895981,-40.1483743,60
-72.9895983,-40.1484471,60
-72.9895979,-40.1485372,60
-72.9895982,-40.1486391,60
-72.9895982,-40.1487275,60
-72.9895985,-40.1488341,60
-72.9895959,-40.1489414,60
-72.9895827,-40.1490025,60
-72.9895568,-40.1490275,60
-72.9895422,-40.1490333,60
-72.9895244,-40.1490341,60
-72.9894802,-40.1490201,60
-72.9894193,-40.1489949,60
-72.9893474,-40.1489505,60
-72.9893088,-40.1488898,60
-72.9893007,-40.1488264,60
-72.9892971,-40.1487493,60
-72.9892966,-40.1486728,60
-72.9892966,-40.1486223,60
-72.9892959,-40.1485579,60
-72.9892966,-40.1484794,60
-72.9892965,-40.1483939,60
-72.9892965,-40.1482881,60
-72.9892964,-40.1481778,60
-72.9892969,-40.1480814,60
-72.9892969,-40.1479696,60
-72.9892966,-40.1478671,60
-72.9892971,-40.1477965,60
-72.9892969,-40.1477245,60
-72.9892973,-40.1476274,60
-72.9892972,-40.1475379,60
-72.9892969,-40.1474367,60
-72.9892971,-40.1473299,60
-72.9892971,-40.1472206,60
-72.9892973,-40.1470747,60
-72.9892972,-40.1470066,60
-72.9892973,-40.1469203,60
-72.989297,-40.1468331,60
-72.9892974,-40.1467297,60
-72.9892976,-40.1466304,60
-72.9892975,-40.1465148,60
-72.9892975,-40.1464069,60
-72.9892977,-40.1463032,60
-72.9892978,-40.146186,60
-72.9892971,-40.146069,60
-72.9892969,-40.1459466,60
-72.9892977,-40.1458361,60
-72.9892979,-40.1457162,60
-72.9892976,-40.14561,60
-72.9892976,-40.1454958,60
-72.9892971,-40.1453814,60
-72.9892974,-40.1452839,60
-72.9892977,-40.1451673,60
-72.9892935,-40.1450562,60
-72.9892729,-40.1449903,60
-72.9892205,-40.1449608,60
-72.9891434,-40.1449475,60
-72.9890727,-40.1449486,60
-72.9890196,-40.144975,60
-72.9889994,-40.1450234,60
-72.9889973,-40.1450815,60
-72.9889974,-40.1451491,60
-72.9889974,-40.1452381,60
-72.9889972,-40.1453425,60
-72.9889974,-40.1454442,60
-72.9889979,-40.1455649,60
-72.9889983,-40.1456762,60
-72.9889984,-40.1457953,60
-72.9889987,-40.1459152,60
-72.9889983,-40.1460344,60
-72.9889979,-40.1461424,60
-72.9889975,-40.1462611,60
-72.9889978,-40.1463796,60
-72.9889979,-40.1464864,60
-72.9889977,-40.1466047,60
-72.9889985,-40.1467117,60
-72.9889985,-40.1468422,60
-72.9889983,-40.1469483,60
-72.9889981,-40.1470671,60
-72.9889983,-40.1471726,60
-72.9889981,-40.147291,60
-72.9889985,-40.147409,60
-72.9889983,-40.1475111,60
-72.9889982,-40.1476238,60
-72.9889976,-40.1477435,60
-72.9889978,-40.1478501,60
-72.9889975,-40.1479699,60
-72.9889982,-40.1480858,60
-72.9889989,-40.1481656,60
-72.9889994,-40.1482314,60
-72.9889989,-40.1482679,60
-72.9889991,-40.1482719,60
-72.9889984,-40.1482785,60
-72.9889978,-40.1483099,60
-72.9889973,-40.1483601,60
-72.9889978,-40.148437,60
-72.9889982,-40.1485258,60
-72.9889979,-40.1486082,60
-72.9889963,-40.1487028,60
-72.9889833,-40.1487618,60
-72.9889613,-40.1487836,60
-72.9889522,-40.1487885,60
-72.9889379,-40.1487902,60
-72.9888975,-40.1487816,60
-72.9888304,-40.1487561,60
-72.9887528,-40.1487099,60
-72.9887113,-40.1486497,60
-72.9886989,-40.148578,60
-72.9886977,-40.1484898,60
-72.9886979,-40.1483946,60
-72.9886968,-40.1483034,60
-72.9886965,-40.1481915,60
-72.9886966,-40.1480716,60
-72.988697,-40.1479664,60
-72.9886966,-40.1478533,60
-72.9886963,-40.147748,60
-72.9886964,-40.1476329,60
-72.9886962,-40.1475223,60
-72.9886936,-40.1474207,60
-72.9886871,-40.1473694,60
-72.9886809,-40.1473381,60
-72.9886657,-40.1473401,60
-72.9886508,-40.1473714,60
-72.9886337,-40.1474157,60
-72.9886098,-40.1474745,60
-72.9885772,-40.1475562,60
-72.9885475,-40.1476311,60
-72.9885262,-40.1476836,60
-72.9885109,-40.1477207,60
-72.988508,-40.1477289,60
-72.9885055,-40.1477336,60
-72.9884946,-40.1477603,60
-72.9884746,-40.1478109,60
-72.9884504,-40.1478713,60
-72.988426,-40.147936,60
-72.9884058,-40.1480139,60
-72.9883987,-40.1480982,60
-72.9883976,-40.1482037,60
-72.9883974,-40.1483203,60
-72.9883974,-40.1484282,60
-72.9883978,-40.1485165,60
-72.9883969,-40.1485572,60
-72.9883974,-40.1485732,60
-72.9883974,-40.1485783,60
</coordinates></LineString>
</Placemark>
<Placemark>
<name>DJI_202603251118_009_PELECO002_Timestamp.MRK</name>
<description>Equipo: M3E | Fecha: 25-03-2026 | Puntos: 391</description>
<styleUrl>#m3e</styleUrl>
<LineString><altitudeMode>relativeToGround</altitudeMode><coordinates>
-73.0551297,-40.1803104,60
-73.0551298,-40.180333,60
-73.0551301,-40.1803829,60
-73.0551293,-40.1804465,60
-73.0551298,-40.1805323,60
-73.0551301,-40.1806313,60
-73.0551299,-40.1807295,60
-73.0551304,-40.1808485,60
-73.0551296,-40.1809708,60
-73.0551297,-40.1810786,60
-73.0551297,-40.1811977,60
-73.0551299,-40.1813163,60
-73.0551298,-40.1814228,60
-73.0551304,-40.1815413,60
-73.0551299,-40.1816599,60
-73.0551297,-40.1817664,60
-73.0551303,-40.1818854,60
-73.0551305,-40.1820048,60
-73.0551303,-40.182112,60
-73.0551305,-40.1822313,60
-73.0551302,-40.1823493,60
-73.0551299,-40.1824572,60
-73.0551269,-40.1825665,60
-73.05511,-40.182627,60
-73.0550651,-40.182656,60
-73.0550073,-40.1826569,60
-73.0549423,-40.1826472,60
-73.0548775,-40.1826191,60
-73.0548388,-40.1825687,60
-73.0548311,-40.1825072,60
-73.0548296,-40.1824415,60
-73.0548298,-40.1823565,60
-73.0548293,-40.1822582,60
-73.0548292,-40.1821638,60
-73.0548288,-40.1820509,60
-73.0548291,-40.181931,60
-73.0548289,-40.1818287,60
-73.0548293,-40.1817428,60
-73.0548293,-40.1816468,60
-73.0548292,-40.1815462,60
-73.054829,-40.1814262,60
-73.0548286,-40.1813037,60
-73.0548291,-40.1811835,60
-73.0548289,-40.181076,60
-73.054829,-40.180957,60
-73.0548288,-40.1808499,60
-73.0548291,-40.1807315,60
-73.0548293,-40.1806128,60
-73.0548295,-40.1805059,60
-73.0548277,-40.1803924,60
-73.0548127,-40.180317,60
-73.0547744,-40.1802804,60
-73.0547018,-40.1802645,60
-73.0546185,-40.1802603,60
-73.054561,-40.1802791,60
-73.0545349,-40.1803182,60
-73.0545293,-40.1803716,60
-73.0545286,-40.1804323,60
-73.0545293,-40.1805163,60
-73.0545287,-40.1806159,60
-73.0545287,-40.1807272,60
-73.0545289,-40.1808346,60
-73.0545292,-40.1809564,60
-73.0545291,-40.1810769,60
-73.0545291,-40.1811841,60
-73.0545297,-40.1813027,60
-73.0545294,-40.1814093,60
-73.0545296,-40.1815281,60
-73.0545293,-40.1816467,60
-73.0545291,-40.181765,60
-73.0545293,-40.1818716,60
-73.0545298,-40.1819903,60
-73.05453,-40.1820971,60
-73.0545303,-40.1822156,60
-73.0545307,-40.1823341,60
-73.0545294,-40.1824386,60
-73.0545177,-40.1825211,60
-73.0544811,-40.1825576,60
-73.0544196,-40.1825648,60
-73.054357,-40.182557,60
-73.0542819,-40.1825306,60
-73.0542424,-40.1824887,60
-73.0542302,-40.1824289,60
-73.0542293,-40.1823564,60
-73.0542291,-40.1822775,60
-73.0542292,-40.1821779,60
-73.0542292,-40.1820666,60
-73.0542285,-40.1819469,60
-73.0542288,-40.1818372,60
-73.0542284,-40.1817171,60
-73.0542282,-40.1816098,60
-73.0542285,-40.1814915,60
-73.0542284,-40.1813732,60
-73.0542283,-40.1812546,60
-73.0542284,-40.1811478,60
-73.0542284,-40.1810291,60
-73.0542286,-40.180913,60
-73.0542289,-40.1808062,60
-73.0542282,-40.1806873,60
-73.0542286,-40.1805785,60
-73.0542283,-40.1804603,60
-73.0542263,-40.1803468,60
-73.054215,-40.1802708,60
-73.0541832,-40.1802277,60
-73.0541276,-40.180204,60
-73.0540446,-40.1801983,60
-73.0539796,-40.1802083,60
-73.053938,-40.1802445,60
-73.0539274,-40.180289,60
-73.0539287,-40.1803413,60
-73.0539291,-40.1804183,60
-73.0539293,-40.1805119,60
-73.053929,-40.1806054,60
-73.0539294,-40.1807197,60
-73.0539296,-40.1808397,60
-73.0539299,-40.1809485,60
-73.0539303,-40.181069,60
-73.0539298,-40.1811887,60
-73.0539299,-40.1812952,60
-73.0539299,-40.1814135,60
-73.0539292,-40.181532,60
-73.0539289,-40.1816384,60
-73.0539288,-40.1817572,60
-73.0539286,-40.1818758,60
-73.0539293,-40.1819789,60
-73.0539293,-40.1820911,60
-73.0539293,-40.1822095,60
-73.0539292,-40.1823155,60
-73.0539225,-40.1824062,60
-73.0539045,-40.1824622,60
-73.0538542,-40.1824767,60
-73.0537818,-40.1824683,60
-73.0537036,-40.1824491,60
-73.0536488,-40.1824068,60
-73.0536314,-40.1823542,60
-73.0536286,-40.1822879,60
-73.0536283,-40.1822135,60
-73.0536283,-40.1821181,60
-73.0536279,-40.1820102,60
-73.0536278,-40.1818914,60
-73.0536281,-40.1817822,60
-73.0536283,-40.1816691,60
-73.0536279,-40.1815687,60
-73.0536278,-40.1814511,60
-73.0536276,-40.1813322,60
-73.0536279,-40.1812092,60
-73.0536281,-40.1811003,60
-73.0536279,-40.1809803,60
-73.0536276,-40.1808605,60
-73.0536275,-40.1807539,60
-73.0536275,-40.1806354,60
-73.0536277,-40.1805292,60
-73.0536278,-40.1804104,60
-73.0536262,-40.1802943,60
-73.0536181,-40.180219,60
-73.0535868,-40.1801705,60
-73.0535201,-40.1801471,60
-73.0534404,-40.1801392,60
-73.0533753,-40.1801451,60
-73.0533353,-40.1801818,60
-73.0533294,-40.180236,60
-73.0533281,-40.1802901,60
-73.053328,-40.1803704,60
-73.0533285,-40.180467,60
-73.0533286,-40.180564,60
-73.0533289,-40.1806812,60
-73.0533291,-40.180803,60
-73.0533292,-40.1809121,60
-73.0533292,-40.1810318,60
-73.0533291,-40.1811504,60
-73.053329,-40.181257,60
-73.0533288,-40.1813751,60
-73.0533286,-40.1814934,60
-73.0533287,-40.1816,60
-73.0533291,-40.181718,60
-73.0533286,-40.1818368,60
-73.0533292,-40.1819562,60
-73.0533295,-40.1820628,60
-73.0533292,-40.1821812,60
-73.0533258,-40.1822857,60
-73.053313,-40.1823409,60
-73.0532738,-40.1823742,60
-73.0532177,-40.1823784,60
-73.0531475,-40.1823685,60
-73.0530748,-40.18234,60
-73.053037,-40.1822881,60
-73.0530284,-40.1822323,60
-73.053028,-40.1821681,60
-73.0530277,-40.1820795,60
-73.0530275,-40.1819775,60
-73.0530273,-40.1818634,60
-73.0530271,-40.1817439,60
-73.053027,-40.1816346,60
-73.0530267,-40.1815142,60
-73.0530268,-40.1814155,60
-73.0530265,-40.1813219,60
-73.0530263,-40.1812181,60
-73.0530265,-40.1811134,60
-73.0530263,-40.1809911,60
-73.0530263,-40.1808706,60
-73.0530265,-40.1807518,60
-73.0530268,-40.1806441,60
-73.053027,-40.1805251,60
-73.0530271,-40.180418,60
-73.0530273,-40.1802996,60
-73.0530228,-40.1801941,60
-73.0530104,-40.1801387,60
-73.0529829,-40.1801046,60
-73.0529369,-40.1800866,60
-73.0528693,-40.1800793,60
-73.0527905,-40.1800822,60
-73.0527423,-40.1801082,60
-73.0527282,-40.1801602,60
-73.0527275,-40.1802143,60
-73.0527282,-40.180292,60
-73.052728,-40.180384,60
-73.0527282,-40.18048,60
-73.0527279,-40.1805973,60
-73.0527279,-40.1807069,60
-73.0527277,-40.1808283,60
-73.0527276,-40.1809477,60
-73.0527273,-40.1810543,60
-73.0527274,-40.1811729,60
-73.0527273,-40.1812911,60
-73.0527274,-40.1813974,60
-73.0527275,-40.1815158,60
-73.0527278,-40.1816339,60
-73.0527278,-40.1817521,60
-73.0527282,-40.1818512,60
-73.0527279,-40.181949,60
-73.0527279,-40.1820568,60
-73.0527267,-40.182155,60
-73.0527187,-40.1822371,60
-73.0526849,-40.1822751,60
-73.0526313,-40.1822857,60
-73.0525639,-40.1822786,60
-73.0524911,-40.1822556,60
-73.0524446,-40.1822141,60
-73.0524283,-40.1821542,60
-73.0524264,-40.1820857,60
-73.0524261,-40.1820084,60
-73.0524264,-40.1819088,60
-73.0524266,-40.1817984,60
-73.052426,-40.1816912,60
-73.0524264,-40.1815698,60
-73.0524264,-40.1814618,60
-73.0524265,-40.1813305,60
-73.0524264,-40.1812241,60
-73.0524265,-40.1811057,60
-73.0524262,-40.1809984,60
-73.0524262,-40.1808798,60
-73.0524261,-40.1807616,60
-73.052426,-40.1806552,60
-73.0524264,-40.1805381,60
-73.0524264,-40.1804233,60
-73.0524263,-40.1803232,60
-73.0524269,-40.1802375,60
-73.0524268,-40.1801734,60
-73.0524258,-40.1801303,60
-73.0524139,-40.1800852,60
-73.0523791,-40.1800474,60
-73.0523422,-40.1800303,60
-73.0522871,-40.1800181,60
-73.0522046,-40.1800177,60
-73.0521468,-40.1800335,60
-73.0521258,-40.1800786,60
-73.0521262,-40.1801368,60
-73.052127,-40.1802078,60
-73.0521276,-40.1802854,60
-73.0521272,-40.1803875,60
-73.0521274,-40.180488,60
-73.0521274,-40.1806078,60
-73.0521271,-40.1807302,60
-73.0521275,-40.1808383,60
-73.0521272,-40.1809574,60
-73.052127,-40.1810759,60
-73.0521268,-40.1811825,60
-73.0521265,-40.1813011,60
-73.0521266,-40.1814198,60
-73.0521266,-40.1815262,60
-73.0521263,-40.1816448,60
-73.0521263,-40.1817553,60
-73.0521267,-40.1818622,60
-73.0521264,-40.181968,60
-73.0521254,-40.1820832,60
-73.0521138,-40.1821492,60
-73.0520782,-40.182185,60
-73.0520174,-40.1821923,60
-73.0519548,-40.1821844,60
-73.0518802,-40.1821588,60
-73.0518371,-40.1821108,60
-73.0518282,-40.1820559,60
-73.0518266,-40.1819848,60
-73.0518264,-40.1818977,60
-73.0518261,-40.1818071,60
-73.0518261,-40.1816955,60
-73.0518257,-40.1815788,60
-73.0518258,-40.1814707,60
-73.0518255,-40.1813478,60
-73.0518257,-40.1812273,60
-73.0518262,-40.1811089,60
-73.051826,-40.181005,60
-73.0518262,-40.1808854,60
-73.0518263,-40.1807657,60
-73.0518265,-40.1806589,60
-73.0518263,-40.1805408,60
-73.051826,-40.1804236,60
-73.0518259,-40.1803171,60
-73.0518262,-40.1802015,60
-73.0518235,-40.1800873,60
-73.0518123,-40.1800265,60
-73.0517849,-40.1799842,60
-73.0517358,-40.1799565,60
-73.0516509,-40.1799541,60
-73.0515782,-40.1799638,60
-73.0515367,-40.1800006,60
-73.0515273,-40.1800469,60
-73.0515264,-40.1801086,60
-73.0515269,-40.1801882,60
-73.051527,-40.1802731,60
-73.051527,-40.1803796,60
-73.0515271,-40.180496,60
-73.051527,-40.1806054,60
-73.0515267,-40.1807263,60
-73.0515268,-40.180846,60
-73.0515267,-40.180953,60
-73.0515265,-40.1810712,60
-73.0515267,-40.1811893,60
-73.051527,-40.1812959,60
-73.0515271,-40.1814138,60
-73.0515268,-40.1815326,60
-73.0515264,-40.1816265,60
-73.0515259,-40.1817019,60
-73.051527,-40.1817827,60
-73.0515271,-40.181855,60
-73.0515268,-40.1819288,60
-73.0515221,-40.1820159,60
-73.0515114,-40.1820701,60
-73.0514661,-40.1820983,60
-73.0513995,-40.1820978,60
-73.051333,-40.1820867,60
-73.0512643,-40.1820552,60
-73.0512312,-40.1820041,60
-73.0512255,-40.1819478,60
-73.0512259,-40.1818723,60
-73.0512259,-40.1817817,60
-73.0512257,-40.181689,60
-73.0512251,-40.1815767,60
-73.0512252,-40.1814825,60
-73.0512253,-40.1813713,60
-73.051225,-40.181254,60
-73.0512258,-40.1811355,60
-73.0512253,-40.1810314,60
-73.0512252,-40.1809154,60
-73.0512248,-40.1807962,60
-73.0512248,-40.18069,60
-73.0512249,-40.1805749,60
-73.0512254,-40.1804566,60
-73.0512266,-40.180349,60
-73.051226,-40.1802326,60
-73.0512219,-40.1801566,60
-73.0512158,-40.1801156,60
-73.0512028,-40.1801175,60
-73.0511937,-40.1801462,60
-73.0511841,-40.1801821,60
-73.0511657,-40.1802434,60
-73.0511421,-40.1803231,60
-73.0511174,-40.1804064,60
-73.0510865,-40.1805098,60
-73.0510526,-40.1806237,60
-73.0510176,-40.1807422,60
-73.0509869,-40.180848,60
-73.0509549,-40.1809655,60
-73.0509359,-40.181062,60
-73.0509276,-40.1811388,60
-73.0509268,-40.1812202,60
-73.0509265,-40.1812954,60
-73.0509263,-40.1813786,60
-73.0509263,-40.1814429,60
-73.0509271,-40.1814995,60
-73.050927,-40.1815412,60
-73.0509264,-40.1815886,60
-73.0509264,-40.1816394,60
-73.0509265,-40.1816918,60
-73.050927,-40.1817459,60
-73.0509267,-40.1818027,60
-73.0509265,-40.1818775,60
-73.0509268,-40.1819501,60
-73.0509273,-40.1819949,60
-73.0509273,-40.1820163,60
-73.0509273,-40.182025,60
</coordinates></LineString>
</Placemark>
<Placemark>
<name>DJI_202603251306_010_PENABLANCA016_Timestamp.MRK</name>
<description>Equipo: M3E | Fecha: 25-03-2026 | Puntos: 200</description>
<styleUrl>#m3e</styleUrl>
<LineString><altitudeMode>relativeToGround</altitudeMode><coordinates>
-73.0835379,-40.1350989,60
-73.0835375,-40.135068,60
-73.0835368,-40.1350178,60
-73.0835367,-40.1349432,60
-73.0835362,-40.1348634,60
-73.0835366,-40.1347871,60
-73.0835365,-40.134713,60
-73.0835362,-40.134644,60
-73.083536,-40.1345642,60
-73.0835349,-40.1344994,60
-73.0835276,-40.1344474,60
-73.0835158,-40.1344041,60
-73.0834919,-40.1343576,60
-73.0834595,-40.1342987,60
-73.0834243,-40.134241,60
-73.0833736,-40.1341628,60
-73.0833161,-40.1340772,60
-73.0832738,-40.1340275,60
-73.0832433,-40.1340236,60
-73.0832349,-40.1340498,60
-73.0832366,-40.1340875,60
-73.0832372,-40.1341468,60
-73.0832373,-40.1342243,60
-73.0832373,-40.134307,60
-73.0832376,-40.134411,60
-73.0832383,-40.1345079,60
-73.0832379,-40.1346247,60
-73.083238,-40.1347437,60
-73.0832385,-40.1348651,60
-73.0832381,-40.1349726,60
-73.083238,-40.1350903,60
-73.0832383,-40.1351976,60
-73.0832355,-40.1353138,60
-73.083213,-40.1353989,60
-73.0831494,-40.1354631,60
-73.0830694,-40.1355049,60
-73.0830038,-40.1355256,60
-73.0829617,-40.1355147,60
-73.0829412,-40.1354766,60
-73.0829377,-40.1354296,60
-73.0829372,-40.1353651,60
-73.0829377,-40.1352907,60
-73.0829378,-40.1351923,60
-73.0829379,-40.1350817,60
-73.0829372,-40.1349754,60
-73.0829371,-40.1348592,60
-73.0829374,-40.1347434,60
-73.082937,-40.1346341,60
-73.0829367,-40.1345171,60
-73.0829367,-40.1344099,60
-73.0829372,-40.1342902,60
-73.0829369,-40.1341689,60
-73.082937,-40.1340531,60
-73.0829375,-40.1339501,60
-73.0829376,-40.133832,60
-73.0829377,-40.1337151,60
-73.0829367,-40.1336119,60
-73.0829213,-40.1334923,60
-73.0828735,-40.1333769,60
-73.0828156,-40.1332783,60
-73.0827495,-40.1331734,60
-73.0826935,-40.1330977,60
-73.0826551,-40.1330632,60
-73.0826354,-40.1330724,60
-73.0826384,-40.1331064,60
-73.0826382,-40.1331439,60
-73.0826377,-40.1332055,60
-73.0826377,-40.1332861,60
-73.082638,-40.1333712,60
-73.0826379,-40.1334796,60
-73.0826388,-40.1335948,60
-73.0826389,-40.1337154,60
-73.0826392,-40.1338237,60
-73.0826395,-40.1339427,60
-73.0826396,-40.1340495,60
-73.0826392,-40.134168,60
-73.0826393,-40.1342866,60
-73.0826395,-40.1343935,60
-73.0826398,-40.134509,60
-73.0826395,-40.1346241,60
-73.0826395,-40.1347305,60
-73.0826393,-40.1348492,60
-73.0826396,-40.1349572,60
-73.0826393,-40.1350585,60
-73.0826395,-40.1351778,60
-73.0826396,-40.135289,60
-73.0826392,-40.1353809,60
-73.0826391,-40.1354928,60
-73.0826338,-40.1355873,60
-73.082613,-40.1356342,60
-73.0825708,-40.1356406,60
-73.0825241,-40.1356159,60
-73.0824759,-40.1355823,60
-73.0824085,-40.1355314,60
-73.0823536,-40.1354563,60
-73.0823356,-40.1353793,60
-73.0823377,-40.1352868,60
-73.0823377,-40.1351822,60
-73.0823373,-40.1350781,60
-73.0823374,-40.1349579,60
-73.0823372,-40.1348398,60
-73.0823368,-40.1347306,60
-73.0823366,-40.1346108,60
-73.0823367,-40.1345057,60
-73.0823365,-40.1343792,60
-73.0823373,-40.1342765,60
-73.0823373,-40.1341732,60
-73.0823372,-40.1340527,60
-73.082337,-40.1339316,60
-73.0823368,-40.1338297,60
-73.0823368,-40.1337014,60
-73.0823371,-40.1335927,60
-73.0823371,-40.1334737,60
-73.0823368,-40.1333705,60
-73.0823371,-40.1332573,60
-73.0823369,-40.1331554,60
-73.0823326,-40.1330556,60
-73.0823209,-40.1330017,60
-73.0822888,-40.1329677,60
-73.0822338,-40.132967,60
-73.0821636,-40.1329903,60
-73.0820885,-40.1330232,60
-73.0820492,-40.1330747,60
-73.0820394,-40.1331393,60
-73.0820375,-40.1332101,60
-73.0820373,-40.1332991,60
-73.082038,-40.1334025,60
-73.0820382,-40.1335185,60
-73.0820382,-40.1336252,60
-73.0820386,-40.1337141,60
-73.0820384,-40.1338237,60
-73.0820388,-40.133928,60
-73.0820391,-40.1340476,60
-73.0820389,-40.1341623,60
-73.0820385,-40.1342607,60
-73.0820386,-40.1343763,60
-73.0820385,-40.1344975,60
-73.0820385,-40.1346063,60
-73.0820384,-40.1347252,60
-73.0820386,-40.1348407,60
-73.0820386,-40.1349442,60
-73.0820387,-40.1350623,60
-73.0820383,-40.1351765,60
-73.0820351,-40.1352696,60
-73.0820194,-40.135328,60
-73.081976,-40.1353521,60
-73.0819229,-40.1353485,60
-73.0818579,-40.1353303,60
-73.0817843,-40.135291,60
-73.0817477,-40.1352375,60
-73.0817386,-40.1351685,60
-73.0817369,-40.1350886,60
-73.0817363,-40.1350042,60
-73.0817366,-40.1348976,60
-73.0817365,-40.1347815,60
-73.0817363,-40.1346539,60
-73.0817366,-40.1345596,60
-73.0817366,-40.1344368,60
-73.0817369,-40.1343292,60
-73.081737,-40.1342357,60
-73.0817372,-40.1341613,60
-73.081737,-40.1340854,60
-73.0817367,-40.1339845,60
-73.0817365,-40.1338726,60
-73.0817361,-40.1337648,60
-73.0817361,-40.1336472,60
-73.0817359,-40.1335264,60
-73.0817359,-40.1334373,60
-73.0817359,-40.1333248,60
-73.0817321,-40.1332367,60
-73.081729,-40.1331919,60
-73.0817251,-40.1331948,60
-73.0817189,-40.1332235,60
-73.0817142,-40.1332606,60
-73.0817059,-40.1333196,60
-73.081695,-40.1333979,60
-73.0816821,-40.1334907,60
-73.0816688,-40.1335848,60
-73.0816573,-40.1336992,60
-73.0816563,-40.1338102,60
-73.0816606,-40.133906,60
-73.0816653,-40.1340007,60
-73.0816712,-40.1340883,60
-73.0816759,-40.1341632,60
-73.0816824,-40.134256,60
-73.0816885,-40.134353,60
-73.0816804,-40.1344667,60
-73.0816367,-40.1345725,60
-73.0815635,-40.1346699,60
-73.081504,-40.1347512,60
-73.0814562,-40.1348544,60
-73.0814384,-40.1349409,60
-73.0814354,-40.1349997,60
-73.081438,-40.1350352,60
-73.0814389,-40.1350551,60
-73.0814391,-40.1351007,60
-73.0814397,-40.1351582,60
-73.0814387,-40.1351869,60
-73.0814384,-40.1352026,60
-73.0814383,-40.1352053,60
</coordinates></LineString>
</Placemark>
<Placemark>
<name>DJI_202603251306_011_PENABLANCA015_Timestamp.MRK</name>
<description>Equipo: M3E | Fecha: 25-03-2026 | Puntos: 138</description>
<styleUrl>#m3e</styleUrl>
<LineString><altitudeMode>relativeToGround</altitudeMode><coordinates>
-73.0812607,-40.1336368,60
-73.081261,-40.133668,60
-73.0812618,-40.1337196,60
-73.0812618,-40.1337948,60
-73.0812616,-40.1338811,60
-73.0812617,-40.1339663,60
-73.0812618,-40.1340669,60
-73.0812623,-40.1341764,60
-73.0812627,-40.1342824,60
-73.0812623,-40.1343693,60
-73.0812624,-40.134472,60
-73.0812626,-40.1345775,60
-73.0812619,-40.1346985,60
-73.0812617,-40.1348183,60
-73.0812615,-40.1349261,60
-73.0812581,-40.1350337,60
-73.0812383,-40.1350951,60
-73.0811927,-40.1351274,60
-73.0811215,-40.1351391,60
-73.081048,-40.1351367,60
-73.08099,-40.1351145,60
-73.0809656,-40.1350676,60
-73.0809619,-40.1350111,60
-73.0809612,-40.1349472,60
-73.0809604,-40.1348609,60
-73.0809603,-40.1347606,60
-73.0809595,-40.1346658,60
-73.0809597,-40.1345488,60
-73.0809596,-40.1344271,60
-73.0809596,-40.134318,60
-73.0809592,-40.1341994,60
-73.0809591,-40.1340823,60
-73.0809592,-40.1339754,60
-73.0809597,-40.1338595,60
-73.08096,-40.1337461,60
-73.0809596,-40.1336445,60
-73.0809593,-40.1335592,60
-73.0809587,-40.1334561,60
-73.0809511,-40.1333873,60
-73.0809227,-40.1333427,60
-73.080861,-40.1333247,60
-73.0807954,-40.1333269,60
-73.0807195,-40.1333439,60
-73.080674,-40.1333845,60
-73.0806623,-40.1334349,60
-73.0806607,-40.1334983,60
-73.080661,-40.1335768,60
-73.080661,-40.1336607,60
-73.0806615,-40.1337581,60
-73.0806616,-40.1338664,60
-73.0806616,-40.1339683,60
-73.0806614,-40.1340744,60
-73.0806617,-40.1341834,60
-73.0806616,-40.1342995,60
-73.0806613,-40.1344079,60
-73.0806614,-40.1345272,60
-73.0806614,-40.1346318,60
-73.0806621,-40.134746,60
-73.0806621,-40.1348471,60
-73.0806625,-40.1349538,60
-73.0806623,-40.1350274,60
-73.0806558,-40.1350926,60
-73.0806404,-40.1351353,60
-73.0806176,-40.1351531,60
-73.0805974,-40.1351481,60
-73.0805684,-40.1351506,60
-73.0805089,-40.135152,60
-73.080434,-40.1351425,60
-73.0803849,-40.135115,60
-73.0803652,-40.1350659,60
-73.0803615,-40.1350081,60
-73.0803605,-40.1349414,60
-73.0803604,-40.1348522,60
-73.0803596,-40.1347511,60
-73.0803587,-40.1346586,60
-73.080359,-40.1345495,60
-73.0803594,-40.1344291,60
-73.0803595,-40.1343091,60
-73.0803597,-40.1342027,60
-73.0803595,-40.1340882,60
-73.0803593,-40.133972,60
-73.0803591,-40.1338715,60
-73.0803593,-40.1337602,60
-73.0803592,-40.1336567,60
-73.0803596,-40.1335717,60
-73.0803565,-40.1334773,60
-73.0803444,-40.133424,60
-73.0803167,-40.1334065,60
-73.0802668,-40.1334179,60
-73.0802208,-40.1334459,60
-73.0801667,-40.1334835,60
-73.0801015,-40.1335441,60
-73.0800671,-40.1336204,60
-73.0800611,-40.13371,60
-73.08006,-40.1338035,60
-73.0800601,-40.133908,60
-73.0800605,-40.1340134,60
-73.0800609,-40.1341307,60
-73.0800613,-40.1342465,60
-73.0800612,-40.1343526,60
-73.0800616,-40.1344731,60
-73.0800622,-40.134592,60
-73.0800699,-40.134682,60
-73.0801061,-40.1347449,60
-73.0801778,-40.1347823,60
-73.0802541,-40.1348032,60
-73.0803639,-40.1348301,60
-73.0804912,-40.1348602,60
-73.0806191,-40.1348903,60
-73.080767,-40.1349246,60
-73.080918,-40.1349592,60
-73.0810543,-40.1349899,60
-73.0811786,-40.1350183,60
-73.0812878,-40.1350441,60
-73.0814158,-40.1350694,60
-73.08149,-40.1350744,60
-73.0815411,-40.1350466,60
-73.0815577,-40.135004,60
-73.0815609,-40.1349519,60
-73.0815611,-40.1348789,60
-73.0815609,-40.1348032,60
-73.0815611,-40.134705,60
-73.0815607,-40.1345958,60
-73.0815612,-40.1344885,60
-73.0815693,-40.1343995,60
-73.0815826,-40.1343495,60
-73.0816104,-40.1343459,60
-73.0816412,-40.134373,60
-73.0816798,-40.1344163,60
-73.081728,-40.1344684,60
-73.0817919,-40.1345419,60
-73.0818439,-40.1346323,60
-73.0818638,-40.1347275,60
-73.0818616,-40.1348529,60
-73.081861,-40.1349373,60
-73.0818614,-40.1349837,60
-73.0818626,-40.1350047,60
-73.0818625,-40.1350108,60
</coordinates></LineString>
</Placemark>
<Placemark>
<name>DJI_202603251306_012_PENABLANCA014_Timestamp.MRK</name>
<description>Equipo: M3E | Fecha: 25-03-2026 | Puntos: 451</description>
<styleUrl>#m3e</styleUrl>
<LineString><altitudeMode>relativeToGround</altitudeMode><coordinates>
-73.0805823,-40.1327742,60
-73.080582,-40.132801,60
-73.0805823,-40.1328474,60
-73.0805825,-40.1329188,60
-73.0805828,-40.1330063,60
-73.0805834,-40.1330967,60
-73.080583,-40.1332068,60
-73.0805829,-40.1333133,60
-73.0805785,-40.1334353,60
-73.0805456,-40.1335501,60
-73.0804854,-40.1336446,60
-73.0804083,-40.1337472,60
-73.0803438,-40.1338212,60
-73.080304,-40.1338427,60
-73.0802874,-40.1338295,60
-73.0802835,-40.1337905,60
-73.0802821,-40.1337374,60
-73.0802817,-40.1336725,60
-73.0802812,-40.1335858,60
-73.0802818,-40.1334961,60
-73.0802817,-40.1333838,60
-73.080282,-40.1332631,60
-73.0802821,-40.1331412,60
-73.0802823,-40.133033,60
-73.080282,-40.1329137,60
-73.0802821,-40.1327953,60
-73.0802821,-40.1326895,60
-73.0802817,-40.1325714,60
-73.080281,-40.1324525,60
-73.0802756,-40.1323587,60
-73.0802499,-40.1322921,60
-73.0801852,-40.1322489,60
-73.0800993,-40.1322248,60
-73.0800391,-40.132221,60
-73.0799938,-40.1322474,60
-73.0799817,-40.1322889,60
-73.0799789,-40.1323442,60
-73.0799774,-40.1324161,60
-73.0799762,-40.1324971,60
-73.0799745,-40.1326009,60
-73.0799731,-40.132715,60
-73.0799715,-40.1328228,60
-73.0799689,-40.1329436,60
-73.0799665,-40.1330636,60
-73.0799647,-40.1331702,60
-73.0799623,-40.1332884,60
-73.0799602,-40.1334061,60
-73.0799581,-40.1335127,60
-73.0799565,-40.1336279,60
-73.0799513,-40.1337368,60
-73.0799346,-40.1338059,60
-73.0798827,-40.1338391,60
-73.0798167,-40.1338502,60
-73.0797419,-40.1338488,60
-73.0797016,-40.133825,60
-73.0796853,-40.1337795,60
-73.0796819,-40.133731,60
-73.0796816,-40.1336592,60
-73.079682,-40.1335685,60
-73.0796822,-40.1334632,60
-73.079682,-40.1333614,60
-73.0796823,-40.1332423,60
-73.0796822,-40.1331213,60
-73.079682,-40.133013,60
-73.0796817,-40.132894,60
-73.079682,-40.1327872,60
-73.0796813,-40.1326709,60
-73.0796812,-40.1325553,60
-73.0796812,-40.132442,60
-73.0796818,-40.1323382,60
-73.079681,-40.1322675,60
-73.0796806,-40.132208,60
-73.079667,-40.1321489,60
-73.07961,-40.1320942,60
-73.0795286,-40.1320631,60
-73.0794579,-40.1320527,60
-73.0794057,-40.1320687,60
-73.0793845,-40.1321111,60
-73.0793821,-40.132157,60
-73.0793819,-40.1322237,60
-73.0793819,-40.1323072,60
-73.0793827,-40.1323989,60
-73.0793822,-40.1325076,60
-73.0793823,-40.1326102,60
-73.0793827,-40.1327297,60
-73.0793831,-40.1328499,60
-73.0793831,-40.1329696,60
-73.0793833,-40.1330893,60
-73.0793829,-40.1331963,60
-73.0793828,-40.1333152,60
-73.0793826,-40.1334214,60
-73.0793828,-40.1335387,60
-73.079382,-40.1336564,60
-73.0793822,-40.1337635,60
-73.0793777,-40.1338746,60
-73.079355,-40.1339471,60
-73.0792994,-40.133994,60
-73.0792241,-40.1340409,60
-73.0791581,-40.1341113,60
-73.0791222,-40.1341782,60
-73.0791003,-40.1342115,60
-73.0790895,-40.1342179,60
-73.079083,-40.1341929,60
-73.0790823,-40.1341676,60
-73.0790817,-40.1341102,60
-73.0790815,-40.1340412,60
-73.0790815,-40.1339509,60
-73.0790816,-40.1338482,60
-73.0790807,-40.1337308,60
-73.0790808,-40.1336218,60
-73.0790807,-40.1335007,60
-73.0790807,-40.1333815,60
-73.0790808,-40.133275,60
-73.0790812,-40.1331569,60
-73.0790814,-40.1330504,60
-73.0790814,-40.132931,60
-73.0790815,-40.1328129,60
-73.0790816,-40.1327066,60
-73.0790813,-40.132588,60
-73.0790808,-40.1324696,60
-73.0790807,-40.1323505,60
-73.0790806,-40.132243,60
-73.0790801,-40.1321281,60
-73.0790767,-40.132032,60
-73.0790523,-40.1319653,60
-73.0790017,-40.1319164,60
-73.078926,-40.1318949,60
-73.0788747,-40.1318839,60
-73.0788502,-40.1318808,60
-73.0788308,-40.1318828,60
-73.0787981,-40.1319061,60
-73.0787819,-40.1319584,60
-73.078781,-40.1320143,60
-73.0787821,-40.1320808,60
-73.0787821,-40.1321708,60
-73.0787819,-40.1322735,60
-73.078782,-40.1323755,60
-73.078782,-40.1324957,60
-73.0787826,-40.1326177,60
-73.0787833,-40.1327377,60
-73.0787832,-40.132845,60
-73.0787832,-40.1329512,60
-73.078783,-40.1330692,60
-73.0787831,-40.1331882,60
-73.078783,-40.133307,60
-73.0787829,-40.1334132,60
-73.0787827,-40.1335318,60
-73.0787826,-40.1336503,60
-73.0787827,-40.1337565,60
-73.0787829,-40.1338718,60
-73.0787823,-40.1339857,60
-73.0787823,-40.1340925,60
-73.0787823,-40.1342135,60
-73.0787825,-40.1343336,60
-73.0787821,-40.1344394,60
-73.0787824,-40.134552,60
-73.078782,-40.1346689,60
-73.0787821,-40.134776,60
-73.0787826,-40.1348955,60
-73.0787826,-40.1349886,60
-73.0787832,-40.1350357,60
-73.0787829,-40.1350719,60
-73.0787822,-40.1351261,60
-73.0787819,-40.1352001,60
-73.078782,-40.1352818,60
-73.078782,-40.1353837,60
-73.0787819,-40.1354861,60
-73.078782,-40.1356082,60
-73.0787821,-40.1357297,60
-73.0787825,-40.1358369,60
-73.0787754,-40.1359405,60
-73.0787561,-40.1359843,60
-73.0787101,-40.1360033,60
-73.0786463,-40.1359969,60
-73.0785724,-40.1359783,60
-73.0785138,-40.135942,60
-73.0784867,-40.1358832,60
-73.0784822,-40.1358166,60
-73.0784817,-40.1357451,60
-73.0784811,-40.1356489,60
-73.078481,-40.1355363,60
-73.0784812,-40.1354457,60
-73.0784809,-40.1353247,60
-73.078481,-40.1352017,60
-73.0784808,-40.1350822,60
-73.0784809,-40.1349749,60
-73.0784809,-40.1348561,60
-73.0784809,-40.1347374,60
-73.0784807,-40.134631,60
-73.0784808,-40.1345125,60
-73.0784807,-40.1343939,60
-73.078481,-40.134287,60
-73.0784812,-40.1341686,60
-73.0784811,-40.1340503,60
-73.0784811,-40.1339443,60
-73.0784811,-40.1338263,60
-73.0784815,-40.1337081,60
-73.0784818,-40.1336004,60
-73.078482,-40.1334818,60
-73.078482,-40.133363,60
-73.078482,-40.133244,60
-73.0784819,-40.1331366,60
-73.0784825,-40.1330178,60
-73.0784829,-40.1328997,60
-73.0784827,-40.1327922,60
-73.0784825,-40.1326739,60
-73.0784822,-40.1325555,60
-73.0784823,-40.1324488,60
-73.0784819,-40.1323307,60
-73.0784821,-40.1322244,60
-73.0784812,-40.1321282,60
-73.0784819,-40.1320447,60
-73.0784819,-40.1319591,60
-73.0784761,-40.1318745,60
-73.0784459,-40.1318214,60
-73.0783887,-40.1317939,60
-73.0783087,-40.1317835,60
-73.0782364,-40.1317898,60
-73.0781933,-40.1318236,60
-73.0781816,-40.1318686,60
-73.078181,-40.1319282,60
-73.0781812,-40.1319967,60
-73.0781816,-40.1320902,60
-73.0781821,-40.1321959,60
-73.0781823,-40.1323006,60
-73.0781825,-40.132422,60
-73.0781826,-40.132544,60
-73.0781824,-40.132664,60
-73.0781825,-40.1327706,60
-73.0781829,-40.132889,60
-73.0781829,-40.1330079,60
-73.0781831,-40.1331149,60
-73.0781832,-40.1332334,60
-73.0781833,-40.1333398,60
-73.0781833,-40.1334583,60
-73.0781832,-40.1335764,60
-73.0781828,-40.133695,60
-73.0781829,-40.133814,60
-73.0781826,-40.1339203,60
-73.0781826,-40.1340393,60
-73.0781825,-40.1341453,60
-73.078182,-40.1342637,60
-73.0781821,-40.1343825,60
-73.0781822,-40.1345007,60
-73.0781821,-40.1346071,60
-73.0781824,-40.1347255,60
-73.0781827,-40.1348326,60
-73.0781824,-40.1349506,60
-73.0781828,-40.1350635,60
-73.0781828,-40.1351684,60
-73.0781827,-40.1352882,60
-73.0781824,-40.1354072,60
-73.0781822,-40.1355144,60
-73.0781823,-40.1356334,60
-73.0781817,-40.1357518,60
-73.0781763,-40.1358367,60
-73.0781548,-40.1358863,60
-73.0781008,-40.1359092,60
-73.0780396,-40.1359069,60
-73.0779623,-40.1358922,60
-73.077905,-40.1358561,60
-73.0778841,-40.1358006,60
-73.0778814,-40.1357431,60
-73.077881,-40.1356465,60
-73.0778811,-40.1355787,60
-73.0778817,-40.1354763,60
-73.0778817,-40.1353639,60
-73.0778817,-40.1352537,60
-73.0778815,-40.1351312,60
-73.0778813,-40.1350104,60
-73.0778811,-40.1349029,60
-73.0778813,-40.1347839,60
-73.0778807,-40.1346651,60
-73.0778805,-40.1345583,60
-73.077881,-40.1344278,60
-73.0778815,-40.1343217,60
-73.0778811,-40.1342155,60
-73.0778807,-40.1340979,60
-73.0778806,-40.1339795,60
-73.0778808,-40.1338721,60
-73.0778809,-40.1337531,60
-73.0778813,-40.1336343,60
-73.0778814,-40.1335157,60
-73.0778809,-40.133409,60
-73.0778812,-40.1332918,60
-73.0778812,-40.1331855,60
-73.0778813,-40.1330722,60
-73.0778812,-40.1329509,60
-73.0778816,-40.1328289,60
-73.0778818,-40.1327238,60
-73.0778821,-40.1326101,60
-73.0778819,-40.1325043,60
-73.0778822,-40.1323886,60
-73.0778818,-40.1322703,60
-73.0778819,-40.1321528,60
-73.0778818,-40.132044,60
-73.077881,-40.1319234,60
-73.0778726,-40.1318437,60
-73.07786,-40.1318015,60
-73.0778347,-40.1317972,60
-73.0778066,-40.1318301,60
-73.0777796,-40.1318643,60
-73.0777362,-40.1319189,60
-73.0776797,-40.1319902,60
-73.0776256,-40.1320656,60
-73.0775893,-40.132169,60
-73.0775821,-40.1322784,60
-73.0775813,-40.1323816,60
-73.0775818,-40.1324983,60
-73.0775819,-40.1326191,60
-73.0775824,-40.1327292,60
-73.0775823,-40.1328496,60
-73.0775824,-40.1329691,60
-73.0775824,-40.1330883,60
-73.0775826,-40.1331952,60
-73.0775827,-40.1333142,60
-73.0775827,-40.1334209,60
-73.0775821,-40.1335396,60
-73.077582,-40.1336575,60
-73.0775824,-40.1337759,60
-73.0775823,-40.1338828,60
-73.0775819,-40.134001,60
-73.0775819,-40.1341197,60
-73.0775818,-40.1342269,60
-73.0775816,-40.134345,60
-73.0775821,-40.1344636,60
-73.0775823,-40.1345707,60
-73.0775826,-40.1346897,60
-73.0775823,-40.1348089,60
-73.0775819,-40.1349154,60
-73.0775819,-40.135034,60
-73.0775816,-40.1351516,60
-73.0775815,-40.135269,60
-73.0775822,-40.1353778,60
-73.0775822,-40.1354842,60
-73.0775815,-40.1356139,60
-73.0775766,-40.1357004,60
-73.0775558,-40.1357486,60
-73.0775091,-40.1357626,60
-73.077461,-40.1357489,60
-73.0774017,-40.135722,60
-73.0773384,-40.1356801,60
-73.07729,-40.1356099,60
-73.0772806,-40.1355289,60
-73.0772813,-40.1354393,60
-73.0772814,-40.1353469,60
-73.0772815,-40.135232,60
-73.077281,-40.1351113,60
-73.0772803,-40.1350046,60
-73.0772805,-40.1348866,60
-73.0772806,-40.1347683,60
-73.0772808,-40.1346647,60
-73.0772804,-40.1345498,60
-73.07728,-40.1344493,60
-73.0772801,-40.1343487,60
-73.0772801,-40.134244,60
-73.0772805,-40.1341312,60
-73.077281,-40.1340212,60
-73.0772809,-40.1339014,60
-73.0772779,-40.1338065,60
-73.0772725,-40.1337672,60
-73.0772671,-40.1337533,60
-73.0772553,-40.1337707,60
-73.0772474,-40.1338019,60
-73.0772343,-40.1338544,60
-73.0772162,-40.1339268,60
-73.0771933,-40.134005,60
-73.0771468,-40.1341005,60
-73.0770784,-40.1342011,60
-73.0770185,-40.1342985,60
-73.0769852,-40.1344131,60
-73.0769813,-40.1345311,60
-73.0769812,-40.1346381,60
-73.0769817,-40.1347578,60
-73.0769817,-40.1348764,60
-73.0769816,-40.1349827,60
-73.076982,-40.1350809,60
-73.0769818,-40.135157,60
-73.0769823,-40.1352336,60
-73.076982,-40.1353159,60
-73.0769865,-40.1354148,60
-73.0770016,-40.1354793,60
-73.0770537,-40.1355273,60
-73.0771357,-40.1355506,60
-73.0772216,-40.1355658,60
-73.0773342,-40.1355851,60
-73.0774656,-40.1356085,60
-73.0776107,-40.1356337,60
-73.0777506,-40.1356576,60
-73.0778956,-40.1356803,60
-73.0780217,-40.1357019,60
-73.078172,-40.1357274,60
-73.0783205,-40.1357518,60
-73.0784395,-40.1357717,60
-73.0785562,-40.1357918,60
-73.0786965,-40.1358164,60
-73.0788474,-40.1358416,60
-73.0789592,-40.1358544,60
-73.0790322,-40.1358482,60
-73.0790714,-40.1358074,60
-73.0790804,-40.1357597,60
-73.0790814,-40.1356962,60
-73.0790818,-40.1356146,60
-73.0790817,-40.1355296,60
-73.0790818,-40.1354221,60
-73.0790818,-40.1353144,60
-73.0790816,-40.135243,60
-73.0790822,-40.1351862,60
-73.0790825,-40.1351415,60
-73.0790818,-40.1351031,60
-73.0790818,-40.1350446,60
-73.079082,-40.1349702,60
-73.0790823,-40.1348853,60
-73.0790818,-40.1348007,60
-73.0790847,-40.134709,60
-73.0790906,-40.1346683,60
-73.0790935,-40.1346479,60
-73.0790992,-40.1346481,60
-73.0791143,-40.1346734,60
-73.0791291,-40.1347084,60
-73.0791501,-40.1347675,60
-73.0791693,-40.1348376,60
-73.0791957,-40.1349288,60
-73.0792254,-40.1349915,60
-73.0792782,-40.1350184,60
-73.0793356,-40.1350349,60
-73.0793734,-40.1350665,60
-73.079382,-40.135108,60
-73.0793825,-40.1351635,60
-73.0793822,-40.1352387,60
-73.0793824,-40.1353203,60
-73.0793832,-40.1354215,60
-73.0793907,-40.1355086,60
-73.0794104,-40.1355459,60
-73.0794542,-40.1355503,60
-73.0795059,-40.1355254,60
-73.0795563,-40.135496,60
-73.0796252,-40.1354418,60
-73.0796731,-40.1353655,60
-73.0796833,-40.1352899,60
-73.0796842,-40.1351972,60
-73.0796976,-40.135132,60
-73.0797394,-40.1351059,60
-73.0798021,-40.1351015,60
-73.0798746,-40.1351117,60
-73.0799431,-40.1351295,60
-73.0799748,-40.1351587,60
-73.0799817,-40.135199,60
-73.0799818,-40.1352241,60
-73.0799821,-40.1352378,60
-73.0799829,-40.1352411,60
</coordinates></LineString>
</Placemark>
<Placemark>
<name>DJI_202603251306_013_PENABLANCA013_Timestamp.MRK</name>
<description>Equipo: M3E | Fecha: 25-03-2026 | Puntos: 175</description>
<styleUrl>#m3e</styleUrl>
<LineString><altitudeMode>relativeToGround</altitudeMode><coordinates>
-73.0739875,-40.1319584,60
-73.0739873,-40.1319309,60
-73.0739876,-40.1318843,60
-73.0739874,-40.1318126,60
-73.0739877,-40.1317251,60
-73.0739877,-40.1316346,60
-73.0739874,-40.1315242,60
-73.0739877,-40.1314057,60
-73.0739881,-40.1312836,60
-73.073988,-40.131175,60
-73.0739872,-40.1310565,60
-73.0739863,-40.1309499,60
-73.0739867,-40.1308317,60
-73.0739866,-40.1307135,60
-73.0739869,-40.1306073,60
-73.0739868,-40.1304887,60
-73.0739874,-40.1303706,60
-73.0739874,-40.1302523,60
-73.0739874,-40.1301463,60
-73.0739877,-40.1300312,60
-73.0739877,-40.1299129,60
-73.0739878,-40.129805,60
-73.0739853,-40.1296921,60
-73.0739748,-40.1296294,60
-73.0739436,-40.1295928,60
-73.0738832,-40.1295879,60
-73.0738208,-40.1296031,60
-73.0737453,-40.1296323,60
-73.0736985,-40.1296847,60
-73.0736882,-40.1297428,60
-73.0736869,-40.1298157,60
-73.073687,-40.1299043,60
-73.0736873,-40.1300066,60
-73.0736876,-40.1301092,60
-73.0736871,-40.1302273,60
-73.0736884,-40.1303467,60
-73.0736881,-40.130454,60
-73.0736884,-40.1305646,60
-73.0736877,-40.1306694,60
-73.0736878,-40.1307765,60
-73.073688,-40.1309009,60
-73.0736877,-40.1310211,60
-73.0736882,-40.1311277,60
-73.0736876,-40.1312462,60
-73.0736881,-40.1313464,60
-73.0736884,-40.1314608,60
-73.0736856,-40.1315638,60
-73.073673,-40.1316162,60
-73.0736544,-40.1316303,60
-73.0736262,-40.1316143,60
-73.0736011,-40.1315837,60
-73.0735681,-40.1315387,60
-73.0735194,-40.1314724,60
-73.0734609,-40.1313922,60
-73.0734159,-40.1313082,60
-73.073392,-40.1312086,60
-73.0733882,-40.1311178,60
-73.0733866,-40.1310323,60
-73.073386,-40.1309277,60
-73.073386,-40.1308107,60
-73.0733863,-40.1306982,60
-73.0733855,-40.1305896,60
-73.0733853,-40.1304843,60
-73.0733854,-40.1303764,60
-73.073386,-40.1302541,60
-73.0733856,-40.1301346,60
-73.0733865,-40.1300276,60
-73.0733966,-40.1299294,60
-73.0734313,-40.129863,60
-73.0734994,-40.1298216,60
-73.0735947,-40.1297879,60
-73.0737043,-40.1297481,60
-73.0738156,-40.1297076,60
-73.0739469,-40.1296599,60
-73.074081,-40.1296132,60
-73.074176,-40.1295852,60
-73.0742385,-40.1295838,60
-73.0742766,-40.1296158,60
-73.074286,-40.1296581,60
-73.074286,-40.1297153,60
-73.0742867,-40.1297907,60
-73.074287,-40.1298731,60
-73.0742871,-40.1299776,60
-73.0742874,-40.1300925,60
-73.0742871,-40.1302019,60
-73.0742874,-40.1303234,60
-73.0742875,-40.1304437,60
-73.0742878,-40.1305507,60
-73.0742879,-40.1306698,60
-73.0742879,-40.1307885,60
-73.074288,-40.1309074,60
-73.0742882,-40.131014,60
-73.0742884,-40.131132,60
-73.0742885,-40.1312385,60
-73.074288,-40.1313566,60
-73.0742883,-40.1314748,60
-73.074288,-40.1315818,60
-73.0742881,-40.1317008,60
-73.074288,-40.131818,60
-73.0742875,-40.1319245,60
-73.0742876,-40.1320261,60
-73.0742879,-40.1321325,60
-73.0742882,-40.1322483,60
-73.0742881,-40.1323579,60
-73.0742882,-40.1324776,60
-73.0742886,-40.1325863,60
-73.0742884,-40.1326626,60
-73.0742886,-40.1327546,60
-73.0742882,-40.132854,60
-73.0742878,-40.1329468,60
-73.0742877,-40.1330555,60
-73.0742876,-40.1331552,60
-73.0742877,-40.1332733,60
-73.0742879,-40.1333952,60
-73.0742881,-40.1335157,60
-73.0742885,-40.1336224,60
-73.0742877,-40.133741,60
-73.074288,-40.133848,60
-73.0742882,-40.1339656,60
-73.0742883,-40.1340721,60
-73.0742883,-40.1341446,60
-73.0742889,-40.1341984,60
-73.0742885,-40.1342389,60
-73.0742878,-40.1343017,60
-73.0742872,-40.1343739,60
-73.074287,-40.1344669,60
-73.0742871,-40.1345731,60
-73.0742875,-40.134679,60
-73.0742863,-40.1347961,60
-73.0742739,-40.1348683,60
-73.0742521,-40.1348957,60
-73.0742062,-40.1348946,60
-73.0741604,-40.1348698,60
-73.0741097,-40.1348371,60
-73.074042,-40.1347821,60
-73.0739977,-40.1347122,60
-73.0739855,-40.134622,60
-73.0739873,-40.1345246,60
-73.0739871,-40.1344189,60
-73.0739873,-40.1343164,60
-73.0739908,-40.134217,60
-73.0739971,-40.1341602,60
-73.0740061,-40.1341328,60
-73.0740216,-40.1341497,60
-73.0740331,-40.1341793,60
-73.0740484,-40.1342144,60
-73.0740753,-40.1342736,60
-73.0741099,-40.1343525,60
-73.0741454,-40.1344335,60
-73.0741907,-40.1345363,60
-73.074239,-40.1346486,60
-73.0742821,-40.1347492,60
-73.0743315,-40.1348634,60
-73.0743801,-40.1349787,60
-73.0744176,-40.1350817,60
-73.0744549,-40.1351965,60
-73.0744901,-40.1353123,60
-73.0745223,-40.1354166,60
-73.0745548,-40.1355042,60
-73.0745784,-40.1355445,60
-73.0745897,-40.1355457,60
-73.0745867,-40.135517,60
-73.0745865,-40.1354782,60
-73.074587,-40.1354247,60
-73.0745871,-40.1353467,60
-73.0745873,-40.1352534,60
-73.0745871,-40.1351584,60
-73.0745871,-40.1350437,60
-73.0745873,-40.134923,60
-73.0745873,-40.1348147,60
-73.0745871,-40.1346972,60
-73.0745871,-40.1345814,60
-73.074587,-40.1344803,60
-73.0745865,-40.1343735,60
-73.0745871,-40.1342662,60
</coordinates></LineString>
</Placemark>
<Placemark>
<name>DJI_202603251327_001_PENABLANCA013_Timestamp.MRK</name>
<description>Equipo: M3E | Fecha: 25-03-2026 | Puntos: 500</description>
<styleUrl>#m3e</styleUrl>
<LineString><altitudeMode>relativeToGround</altitudeMode><coordinates>
-73.0745868,-40.1342278,60
-73.074587,-40.1341989,60
-73.0745871,-40.1341511,60
-73.0745871,-40.1340785,60
-73.0745868,-40.134,60
-73.0745871,-40.1338995,60
-73.074587,-40.1337885,60
-73.0745873,-40.1336786,60
-73.074587,-40.1335738,60
-73.0745868,-40.1334536,60
-73.0745872,-40.1333495,60
-73.0745874,-40.1332529,60
-73.0745872,-40.1331828,60
-73.0745878,-40.1331039,60
-73.0745876,-40.1330123,60
-73.0745878,-40.13292,60
-73.0745878,-40.1328121,60
-73.0745881,-40.1327075,60
-73.0745881,-40.1326005,60
-73.0745882,-40.1325058,60
-73.074588,-40.1323898,60
-73.074588,-40.1322709,60
-73.074588,-40.1321461,60
-73.0745874,-40.1320375,60
-73.0745872,-40.1319243,60
-73.0745875,-40.1318118,60
-73.0745873,-40.1317051,60
-73.0745876,-40.1315864,60
-73.0745878,-40.1314787,60
-73.0745881,-40.1313598,60
-73.074588,-40.1312416,60
-73.0745882,-40.1311228,60
-73.0745883,-40.1310041,60
-73.0745883,-40.130896,60
-73.0745881,-40.1307915,60
-73.0745884,-40.1306723,60
-73.0745886,-40.1305535,60
-73.074589,-40.1304356,60
-73.0745889,-40.1303284,60
-73.0745888,-40.1302095,60
-73.0745885,-40.1300916,60
-73.0745881,-40.1299868,60
-73.0745883,-40.129868,60
-73.074588,-40.129749,60
-73.07459,-40.1296482,60
-73.0746005,-40.12958,60
-73.074636,-40.1295477,60
-73.0746907,-40.1295437,60
-73.0747584,-40.1295554,60
-73.0748333,-40.1295842,60
-73.074874,-40.12963,60
-73.0748863,-40.1296934,60
-73.0748882,-40.1297583,60
-73.074888,-40.1298452,60
-73.0748878,-40.1299403,60
-73.0748886,-40.1300245,60
-73.0748886,-40.1301197,60
-73.0748887,-40.1302147,60
-73.0748888,-40.1303114,60
-73.0748885,-40.1304067,60
-73.0748885,-40.1305185,60
-73.0748882,-40.1306355,60
-73.0748879,-40.1307448,60
-73.0748884,-40.1308654,60
-73.0748884,-40.1309842,60
-73.0748888,-40.1310907,60
-73.0748884,-40.131209,60
-73.0748885,-40.1313167,60
-73.0748879,-40.1314337,60
-73.074888,-40.1315522,60
-73.0748881,-40.1316709,60
-73.0748883,-40.1317782,60
-73.074888,-40.1318968,60
-73.0748883,-40.132015,60
-73.0748885,-40.1321248,60
-73.074888,-40.132226,60
-73.0748877,-40.1323422,60
-73.0748876,-40.1324442,60
-73.074888,-40.1325627,60
-73.0748878,-40.1326859,60
-73.0748881,-40.132795,60
-73.0748884,-40.1329146,60
-73.0748887,-40.1330337,60
-73.0748889,-40.1331402,60
-73.0748892,-40.1332582,60
-73.0748888,-40.1333778,60
-73.0748883,-40.1334974,60
-73.0748882,-40.1336035,60
-73.0748881,-40.133736,60
-73.074888,-40.1338421,60
-73.0748884,-40.133945,60
-73.0748887,-40.1340485,60
-73.0748888,-40.1341521,60
-73.0748898,-40.1342259,60
-73.0748895,-40.1343088,60
-73.0748873,-40.1344016,60
-73.0748876,-40.1344992,60
-73.0748878,-40.134584,60
-73.0748895,-40.134652,60
-73.0748894,-40.1347161,60
-73.0748878,-40.1348024,60
-73.0748867,-40.1349016,60
-73.0748871,-40.1350016,60
-73.0748873,-40.1351208,60
-73.0748878,-40.1352419,60
-73.0748882,-40.1353516,60
-73.0748884,-40.1354713,60
-73.0748882,-40.1355888,60
-73.0748888,-40.1356902,60
-73.0748881,-40.135822,60
-73.0748882,-40.1359296,60
-73.074895,-40.1360414,60
-73.0749251,-40.1361157,60
-73.0749967,-40.1361841,60
-73.0750736,-40.1362302,60
-73.0751315,-40.1362508,60
-73.0751732,-40.1362347,60
-73.0751861,-40.1362003,60
-73.0751882,-40.1361539,60
-73.0751879,-40.1360892,60
-73.075188,-40.1360131,60
-73.0751879,-40.1359152,60
-73.0751876,-40.1358119,60
-73.0751876,-40.1357067,60
-73.0751876,-40.1355829,60
-73.0751875,-40.1354617,60
-73.0751876,-40.1353542,60
-73.0751875,-40.1352235,60
-73.0751872,-40.1351169,60
-73.0751872,-40.1350107,60
-73.075187,-40.1348928,60
-73.075187,-40.1347747,60
-73.0751872,-40.1346687,60
-73.0751869,-40.1345575,60
-73.0751868,-40.134442,60
-73.0751867,-40.1343224,60
-73.0751865,-40.1342132,60
-73.0751866,-40.1340936,60
-73.0751868,-40.1339867,60
-73.075187,-40.1338681,60
-73.0751875,-40.1337508,60
-73.0751879,-40.1336436,60
-73.0751877,-40.1335242,60
-73.0751884,-40.1334059,60
-73.0751884,-40.1332875,60
-73.0751882,-40.1331805,60
-73.0751882,-40.1330617,60
-73.0751881,-40.1329562,60
-73.0751875,-40.1328382,60
-73.0751873,-40.1327189,60
-73.0751876,-40.1326003,60
-73.0751872,-40.132494,60
-73.0751873,-40.1323754,60
-73.0751876,-40.1322554,60
-73.075188,-40.1321491,60
-73.0751882,-40.1320309,60
-73.0751886,-40.1319246,60
-73.0751886,-40.1318066,60
-73.0751884,-40.131688,60
-73.0751883,-40.1315824,60
-73.0751888,-40.1314634,60
-73.0751885,-40.1313443,60
-73.0751887,-40.1312371,60
-73.0751887,-40.1311183,60
-73.075188,-40.1309996,60
-73.0751881,-40.1308811,60
-73.0751881,-40.1307741,60
-73.0751874,-40.1306553,60
-73.0751874,-40.1305419,60
-73.0751874,-40.1304351,60
-73.0751875,-40.1303157,60
-73.0751878,-40.1301965,60
-73.0751874,-40.130089,60
-73.0751872,-40.1299801,60
-73.0751883,-40.1298953,60
-73.0751951,-40.1298396,60
-73.0752171,-40.1298146,60
-73.0752551,-40.1298144,60
-73.0752932,-40.1298381,60
-73.0753389,-40.1298764,60
-73.0753952,-40.1299237,60
-73.0754452,-40.1299795,60
-73.0754823,-40.1300641,60
-73.0754887,-40.1301605,60
-73.0754886,-40.1302569,60
-73.0754888,-40.1303527,60
-73.0754882,-40.130438,60
-73.0754883,-40.1305452,60
-73.0754882,-40.1306618,60
-73.0754883,-40.1307789,60
-73.0754886,-40.1308853,60
-73.0754889,-40.1310043,60
-73.0754887,-40.1311231,60
-73.0754884,-40.1312298,60
-73.0754885,-40.1313488,60
-73.0754886,-40.131467,60
-73.0754883,-40.1315745,60
-73.0754874,-40.1316927,60
-73.0754877,-40.131799,60
-73.075488,-40.131917,60
-73.0754886,-40.1320353,60
-73.0754885,-40.1321536,60
-73.0754886,-40.132261,60
-73.0754888,-40.13238,60
-73.0754886,-40.1324989,60
-73.0754888,-40.1326058,60
-73.0754887,-40.1327241,60
-73.0754886,-40.1328424,60
-73.075489,-40.1329486,60
-73.0754891,-40.1330678,60
-73.0754887,-40.133186,60
-73.0754886,-40.1332927,60
-73.0754882,-40.1334111,60
-73.0754887,-40.1335302,60
-73.075488,-40.1336378,60
-73.0754876,-40.1337688,60
-73.0754878,-40.1338758,60
-73.0754874,-40.1339943,60
-73.075488,-40.1341016,60
-73.0754879,-40.13422,60
-73.0754885,-40.1343386,60
-73.0754885,-40.1344575,60
-73.0754881,-40.1345646,60
-73.0754885,-40.134683,60
-73.0754885,-40.1347895,60
-73.0754886,-40.1349079,60
-73.0754883,-40.135025,60
-73.0754884,-40.1351322,60
-73.0754882,-40.1352511,60
-73.0754885,-40.1353673,60
-73.0754886,-40.1354751,60
-73.0754886,-40.1355941,60
-73.0754883,-40.1356997,60
-73.0754885,-40.1358174,60
-73.0754876,-40.1359363,60
-73.0754881,-40.1360388,60
-73.0754908,-40.1361452,60
-73.075505,-40.1362104,60
-73.075548,-40.136242,60
-73.0756041,-40.1362439,60
-73.0756738,-40.1362321,60
-73.0757456,-40.1362002,60
-73.0757795,-40.136153,60
-73.0757876,-40.1360905,60
-73.0757882,-40.1360248,60
-73.0757882,-40.1359359,60
-73.075788,-40.1358338,60
-73.075788,-40.1357198,60
-73.075788,-40.1356116,60
-73.0757877,-40.1354912,60
-73.0757875,-40.1353852,60
-73.0757872,-40.1352635,60
-73.0757868,-40.1351431,60
-73.075786,-40.1350247,60
-73.0757867,-40.1349178,60
-73.0757874,-40.1347995,60
-73.0757877,-40.1346809,60
-73.0757878,-40.1345753,60
-73.0757879,-40.1344565,60
-73.0757877,-40.1343495,60
-73.0757876,-40.1342309,60
-73.0757878,-40.1340644,60
-73.0757875,-40.1340053,60
-73.0757871,-40.133889,60
-73.0757871,-40.1337685,60
-73.0757872,-40.1336487,60
-73.0757874,-40.1335415,60
-73.0757876,-40.1334219,60
-73.0757878,-40.1333035,60
-73.075788,-40.1331968,60
-73.075788,-40.1330785,60
-73.0757877,-40.1329597,60
-73.0757877,-40.1328524,60
-73.0757876,-40.1327339,60
-73.0757876,-40.1326153,60
-73.0757875,-40.1325084,60
-73.0757879,-40.1323899,60
-73.0757881,-40.1322708,60
-73.0757883,-40.1321522,60
-73.075788,-40.1320459,60
-73.0757874,-40.131928,60
-73.0757877,-40.1318213,60
-73.0757883,-40.1317031,60
-73.0757885,-40.1315844,60
-73.0757884,-40.1314646,60
-73.0757884,-40.1313573,60
-73.0757879,-40.1312428,60
-73.0757879,-40.1311253,60
-73.075788,-40.1310157,60
-73.0757878,-40.1308959,60
-73.0757876,-40.1307885,60
-73.0757878,-40.1306699,60
-73.0757877,-40.1305525,60
-73.0757886,-40.130439,60
-73.0757934,-40.1303561,60
-73.0758013,-40.1303208,60
-73.0758177,-40.130321,60
-73.0758402,-40.1303402,60
-73.0758806,-40.1303727,60
-73.0759391,-40.130414,60
-73.076018,-40.1304724,60
-73.0760696,-40.130535,60
-73.0760861,-40.130615,60
-73.0760878,-40.1307007,60
-73.076088,-40.1307882,60
-73.0760888,-40.1308977,60
-73.0760885,-40.1310163,60
-73.0760892,-40.131128,60
-73.0760892,-40.1312498,60
-73.0760894,-40.1313688,60
-73.0760892,-40.1314755,60
-73.0760892,-40.1315957,60
-73.0760891,-40.1317128,60
-73.0760892,-40.131814,60
-73.0760896,-40.1319184,60
-73.0760889,-40.1320066,60
-73.0760893,-40.1321077,60
-73.0760891,-40.1322111,60
-73.0760888,-40.1323306,60
-73.0760891,-40.1324516,60
-73.0760892,-40.1325413,60
-73.0760892,-40.1326415,60
-73.076089,-40.1327535,60
-73.0760894,-40.1328491,60
-73.0760892,-40.1329482,60
-73.0760894,-40.1330467,60
-73.0760887,-40.1331424,60
-73.0760885,-40.1332576,60
-73.0760885,-40.1333672,60
-73.0760888,-40.1334879,60
-73.0760887,-40.1336071,60
-73.0760886,-40.1337258,60
-73.0760884,-40.1338328,60
-73.076088,-40.1339513,60
-73.0760884,-40.1340696,60
-73.0760885,-40.134176,60
-73.0760887,-40.1342931,60
-73.0760892,-40.1344076,60
-73.0760889,-40.1345143,60
-73.0760885,-40.1346338,60
-73.0760884,-40.1347482,60
-73.0760882,-40.1348524,60
-73.0760883,-40.1349725,60
-73.076088,-40.1350851,60
-73.0760877,-40.1351749,60
-73.0760883,-40.1352826,60
-73.0760877,-40.135399,60
-73.0760878,-40.1355017,60
-73.0760879,-40.1356214,60
-73.0760876,-40.1357407,60
-73.076092,-40.1358427,60
-73.0761051,-40.1358966,60
-73.0761316,-40.1359148,60
-73.0761637,-40.1358967,60
-73.0761971,-40.1358628,60
-73.0762445,-40.1358143,60
-73.0763,-40.1357558,60
-73.0763582,-40.1356734,60
-73.0763872,-40.1355735,60
-73.076388,-40.1354753,60
-73.0763878,-40.1353596,60
-73.0763872,-40.135239,60
-73.0763874,-40.1351301,60
-73.0763881,-40.1350105,60
-73.076388,-40.1348937,60
-73.0763882,-40.1348036,60
-73.0763884,-40.1347234,60
-73.0763879,-40.1346392,60
-73.0763875,-40.1345571,60
-73.0763876,-40.1344562,60
-73.0763874,-40.1343422,60
-73.0763875,-40.1342226,60
-73.0763874,-40.1341135,60
-73.0763874,-40.1339973,60
-73.0763872,-40.1338829,60
-73.0763873,-40.1337764,60
-73.0763877,-40.133661,60
-73.076388,-40.1335561,60
-73.0763881,-40.1334582,60
-73.076388,-40.1333394,60
-73.0763878,-40.1332224,60
-73.0763875,-40.1331145,60
-73.0763875,-40.1329964,60
-73.0763875,-40.1328749,60
-73.0763895,-40.132791,60
-73.0763939,-40.1327442,60
-73.0763997,-40.1327329,60
-73.0764075,-40.1327513,60
-73.0764141,-40.1327835,60
-73.0764241,-40.1328307,60
-73.076439,-40.1329028,60
-73.0764562,-40.1329905,60
-73.0764762,-40.1330919,60
-73.0764959,-40.1331915,60
-73.076519,-40.1333095,60
-73.0765395,-40.1334184,60
-73.0765621,-40.1335375,60
-73.0765852,-40.1336555,60
-73.0766079,-40.1337732,60
-73.0766281,-40.1338782,60
-73.0766506,-40.133994,60
-73.0766704,-40.1341006,60
-73.0766844,-40.1342201,60
-73.0766883,-40.1343357,60
-73.076689,-40.1344325,60
-73.0766893,-40.1345579,60
-73.0766892,-40.1346782,60
-73.0766892,-40.1347985,60
-73.0766892,-40.134907,60
-73.0766889,-40.1350265,60
-73.0766879,-40.1351259,60
-73.0766841,-40.1351948,60
-73.0766808,-40.135203,60
-73.0766768,-40.1351823,60
-73.0766679,-40.135141,60
-73.07666,-40.1350889,60
-73.0766487,-40.1350128,60
-73.0766358,-40.1349252,60
-73.0766234,-40.134834,60
-73.0766085,-40.1347219,60
-73.0765944,-40.1346186,60
-73.0765779,-40.1344965,60
-73.0765615,-40.1343786,60
-73.0765446,-40.1342596,60
-73.0765305,-40.1341525,60
-73.0765168,-40.1340521,60
-73.0765015,-40.1339458,60
-73.0764865,-40.1338392,60
-73.0764706,-40.1337188,60
-73.0764542,-40.1335989,60
-73.0764399,-40.1334919,60
-73.0764234,-40.1333731,60
-73.0764088,-40.1332675,60
-73.0763919,-40.133149,60
-73.0763763,-40.1330343,60
-73.07636,-40.1329156,60
-73.0763455,-40.1328111,60
-73.0763303,-40.1326981,60
-73.0763136,-40.1325768,60
-73.0762985,-40.1324571,60
-73.0762933,-40.1323535,60
-73.0762984,-40.1322353,60
-73.0763084,-40.1321272,60
-73.0763235,-40.132072,60
-73.076352,-40.1320447,60
-73.076381,-40.1320193,60
-73.0763868,-40.1319885,60
-73.0763877,-40.1319419,60
-73.0763877,-40.1318815,60
-73.0763876,-40.1317962,60
-73.0763873,-40.1316974,60
-73.0763868,-40.1316198,60
-73.0763882,-40.1315412,60
-73.0763878,-40.1314481,60
-73.0763883,-40.1313438,60
-73.0763884,-40.1312428,60
-73.0763881,-40.1311214,60
-73.0763886,-40.1310007,60
-73.0763884,-40.1309067,60
-73.0763904,-40.1308239,60
-73.0764013,-40.1307637,60
-73.0764269,-40.1307514,60
-73.076464,-40.1307674,60
-73.0765066,-40.1307938,60
-73.0765672,-40.1308269,60
-73.0766474,-40.1308663,60
-73.0766823,-40.1309016,60
-73.0766873,-40.1309432,60
-73.0766882,-40.1310022,60
-73.0766884,-40.131082,60
-73.0766887,-40.1311669,60
-73.076689,-40.1312726,60
-73.0766887,-40.1313854,60
-73.0766882,-40.1314901,60
-73.076688,-40.1316083,60
-73.0766881,-40.1317318,60
-73.0766922,-40.1318226,60
-73.0767084,-40.1318748,60
-73.0767403,-40.1318836,60
-73.0767748,-40.1318626,60
-73.0768067,-40.1318325,60
-73.076858,-40.1317822,60
-73.0769157,-40.1317229,60
-73.0769673,-40.1316361,60
-73.0769871,-40.1315362,60
-73.0769882,-40.1314401,60
-73.076988,-40.131327,60
-73.0769879,-40.131203,60
-73.0769896,-40.131099,60
-73.077002,-40.1310263,60
-73.0770381,-40.1309957,60
-73.0770964,-40.1309978,60
-73.0771533,-40.1310141,60
-73.077227,-40.1310498,60
-73.0772736,-40.1311001,60
-73.0772863,-40.131169,60
-73.0772881,-40.1312372,60
-73.0772877,-40.1312744,60
-73.0772881,-40.131296,60
-73.0772883,-40.1313003,60
</coordinates></LineString>
</Placemark>
<Placemark>
<name>DJI_202603251327_002_PENABLANCA012_Timestamp.MRK</name>
<description>Equipo: M3E | Fecha: 25-03-2026 | Puntos: 429</description>
<styleUrl>#m3e</styleUrl>
<LineString><altitudeMode>relativeToGround</altitudeMode><coordinates>
-73.0741286,-40.1328695,60
-73.0741281,-40.1328398,60
-73.0741279,-40.1327908,60
-73.074128,-40.1327177,60
-73.0741283,-40.1326294,60
-73.0741285,-40.1325371,60
-73.0741285,-40.1324253,60
-73.0741287,-40.1323187,60
-73.0741284,-40.1321962,60
-73.0741289,-40.132076,60
-73.0741289,-40.1319695,60
-73.0741286,-40.1318524,60
-73.0741283,-40.1317336,60
-73.0741321,-40.1316343,60
-73.0741461,-40.1315803,60
-73.0741738,-40.1315726,60
-73.074195,-40.1315964,60
-73.0742223,-40.1316352,60
-73.074263,-40.1316897,60
-73.074316,-40.13176,60
-73.0743692,-40.1318348,60
-73.0744155,-40.1319336,60
-73.0744281,-40.1320492,60
-73.0744288,-40.1321577,60
-73.0744293,-40.1322737,60
-73.0744264,-40.1323941,60
-73.0744015,-40.1324996,60
-73.07434,-40.1326053,60
-73.074269,-40.1326978,60
-73.0741909,-40.1327992,60
-73.0741185,-40.1328999,60
-73.0740802,-40.1329952,60
-73.0740821,-40.1330849,60
-73.0741018,-40.1331872,60
-73.0741207,-40.1332987,60
-73.074128,-40.1334059,60
-73.0741293,-40.1335273,60
-73.0741291,-40.1336467,60
-73.0741292,-40.1337539,60
-73.0741289,-40.1338718,60
-73.0741284,-40.1339891,60
-73.0741286,-40.1340898,60
-73.074129,-40.1342004,60
-73.0741288,-40.1343171,60
-73.0741266,-40.1344068,60
-73.0741037,-40.1344982,60
-73.074053,-40.134598,60
-73.0739955,-40.1346927,60
-73.0739306,-40.1347997,60
-73.0738803,-40.134866,60
-73.0738556,-40.1348893,60
-73.0738345,-40.1348804,60
-73.0738299,-40.1348514,60
-73.0738286,-40.1348121,60
-73.0738281,-40.1347478,60
-73.0738286,-40.134664,60
-73.0738284,-40.134579,60
-73.0738278,-40.134474,60
-73.0738278,-40.1343619,60
-73.0738281,-40.1342573,60
-73.0738276,-40.1341358,60
-73.0738279,-40.1340147,60
-73.0738273,-40.1339077,60
-73.073828,-40.133789,60
-73.0738282,-40.1336718,60
-73.0738279,-40.1335716,60
-73.073828,-40.133453,60
-73.0738283,-40.1333431,60
-73.0738286,-40.133211,60
-73.0738286,-40.1331021,60
-73.0738287,-40.1329831,60
-73.0738286,-40.1328649,60
-73.0738287,-40.1327579,60
-73.0738286,-40.1326396,60
-73.0738288,-40.1325407,60
-73.0738282,-40.1324314,60
-73.0738288,-40.132312,60
-73.0738287,-40.1321889,60
-73.073829,-40.1320794,60
-73.0738287,-40.1319612,60
-73.0738284,-40.1318587,60
-73.0738283,-40.1317378,60
-73.073828,-40.1316169,60
-73.0738281,-40.1315092,60
-73.0738282,-40.1313912,60
-73.0738277,-40.1312719,60
-73.0738203,-40.1311661,60
-73.073782,-40.1310506,60
-73.0737287,-40.1309744,60
-73.0736641,-40.1308889,60
-73.0736022,-40.1308154,60
-73.0735593,-40.130775,60
-73.0735333,-40.1307787,60
-73.0735291,-40.1308133,60
-73.0735282,-40.1308572,60
-73.073528,-40.1309135,60
-73.073528,-40.130993,60
-73.0735282,-40.1310875,60
-73.0735286,-40.1311846,60
-73.073529,-40.1313014,60
-73.0735286,-40.1314176,60
-73.0735283,-40.1315168,60
-73.0735286,-40.1316331,60
-73.0735286,-40.1317521,60
-73.0735287,-40.1318599,60
-73.0735287,-40.1319787,60
-73.0735286,-40.1320977,60
-73.0735291,-40.1322046,60
-73.0735291,-40.1323222,60
-73.0735295,-40.1324411,60
-73.0735294,-40.1325603,60
-73.0735295,-40.1326671,60
-73.0735291,-40.132785,60
-73.0735288,-40.1329035,60
-73.0735292,-40.1330096,60
-73.0735289,-40.1331286,60
-73.0735287,-40.1332473,60
-73.0735285,-40.1333541,60
-73.0735284,-40.1334724,60
-73.0735284,-40.1335792,60
-73.0735284,-40.1336979,60
-73.0735289,-40.1338167,60
-73.073529,-40.1339351,60
-73.0735286,-40.1340533,60
-73.0735288,-40.1341603,60
-73.0735289,-40.1342795,60
-73.0735293,-40.1343866,60
-73.0735292,-40.1345051,60
-73.0735293,-40.1346118,60
-73.0735294,-40.1347302,60
-73.073529,-40.1348491,60
-73.073529,-40.1349677,60
-73.0735292,-40.135074,60
-73.0735299,-40.1351936,60
-73.0735293,-40.1353124,60
-73.0735289,-40.1354168,60
-73.0735286,-40.1355248,60
-73.0735291,-40.1356407,60
-73.0735293,-40.1357489,60
-73.0735289,-40.1358702,60
-73.0735284,-40.1359889,60
-73.0735222,-40.1360844,60
-73.0734897,-40.1361545,60
-73.0734197,-40.1362043,60
-73.073332,-40.1362353,60
-73.07328,-40.1362401,60
-73.0732397,-40.1362133,60
-73.0732298,-40.1361744,60
-73.0732281,-40.1361204,60
-73.0732278,-40.1360466,60
-73.0732284,-40.1359574,60
-73.0732285,-40.1358678,60
-73.0732287,-40.1357556,60
-73.0732284,-40.1356526,60
-73.0732283,-40.1355298,60
-73.0732277,-40.1354076,60
-73.0732283,-40.135301,60
-73.073228,-40.135182,60
-73.0732273,-40.1350655,60
-73.0732274,-40.1349464,60
-73.0732276,-40.1348381,60
-73.0732278,-40.1347233,60
-73.0732274,-40.1346098,60
-73.0732274,-40.1345023,60
-73.073227,-40.1343827,60
-73.0732275,-40.1342631,60
-73.0732277,-40.1341563,60
-73.0732275,-40.1340374,60
-73.0732276,-40.1339189,60
-73.0732277,-40.1338126,60
-73.0732276,-40.1336937,60
-73.0732279,-40.1335755,60
-73.0732282,-40.1334686,60
-73.0732282,-40.1333498,60
-73.0732285,-40.1332424,60
-73.0732282,-40.1331242,60
-73.0732287,-40.1330052,60
-73.0732286,-40.1328868,60
-73.0732288,-40.1327797,60
-73.0732289,-40.1326606,60
-73.073229,-40.1325425,60
-73.073229,-40.132436,60
-73.073229,-40.1323175,60
-73.0732291,-40.1321984,60
-73.0732286,-40.1320917,60
-73.0732287,-40.1319744,60
-73.0732288,-40.1318555,60
-73.0732286,-40.1317481,60
-73.0732283,-40.1316349,60
-73.0732281,-40.1315275,60
-73.0732285,-40.1314245,60
-73.0732283,-40.1313047,60
-73.0732288,-40.1311842,60
-73.0732289,-40.1310856,60
-73.0732274,-40.1309792,60
-73.073218,-40.1309009,60
-73.0731887,-40.1308719,60
-73.0731517,-40.1308877,60
-73.0731205,-40.1309212,60
-73.0730805,-40.1309551,60
-73.0730188,-40.1310091,60
-73.0729592,-40.1310804,60
-73.0729317,-40.1311379,60
-73.0729295,-40.1312145,60
-73.0729287,-40.1312882,60
-73.072928,-40.1313369,60
-73.0729283,-40.1313976,60
-73.0729285,-40.1314806,60
-73.0729289,-40.1315691,60
-73.0729288,-40.1316799,60
-73.0729292,-40.1317982,60
-73.0729297,-40.13192,60
-73.0729295,-40.1320285,60
-73.0729291,-40.1321475,60
-73.0729292,-40.132254,60
-73.0729286,-40.132372,60
-73.0729282,-40.1324908,60
-73.0729288,-40.1325969,60
-73.0729287,-40.132715,60
-73.0729287,-40.1328334,60
-73.0729286,-40.1329399,60
-73.0729286,-40.1330582,60
-73.0729284,-40.1331771,60
-73.0729279,-40.1332846,60
-73.072928,-40.1334025,60
-73.0729286,-40.1335214,60
-73.0729287,-40.1336286,60
-73.0729288,-40.1337469,60
-73.0729287,-40.1338654,60
-73.0729284,-40.1339838,60
-73.0729285,-40.134103,60
-73.0729284,-40.1342099,60
-73.0729287,-40.1343162,60
-73.072928,-40.1344347,60
-73.0729285,-40.1345531,60
-73.0729285,-40.1346596,60
-73.0729284,-40.1347781,60
-73.0729284,-40.1348962,60
-73.0729285,-40.134997,60
-73.0729286,-40.1351103,60
-73.0729285,-40.1352299,60
-73.0729282,-40.1353493,60
-73.0729283,-40.1354575,60
-73.0729283,-40.1355767,60
-73.072929,-40.1356834,60
-73.0729289,-40.1358011,60
-73.0729292,-40.135922,60
-73.0729291,-40.1360211,60
-73.0729292,-40.1361155,60
-73.0729287,-40.1362114,60
-73.0729241,-40.1363043,60
-73.0729035,-40.1363741,60
-73.0728446,-40.136416,60
-73.0727599,-40.1364369,60
-73.0726929,-40.136442,60
-73.0726466,-40.1364163,60
-73.0726299,-40.136372,60
-73.0726284,-40.1363233,60
-73.072628,-40.1362514,60
-73.0726281,-40.1361624,60
-73.0726284,-40.1360728,60
-73.0726279,-40.1359604,60
-73.0726276,-40.1358696,60
-73.0726269,-40.1357613,60
-73.0726269,-40.1356454,60
-73.0726273,-40.135537,60
-73.0726273,-40.1354165,60
-73.0726273,-40.1352973,60
-73.0726275,-40.1351788,60
-73.0726276,-40.1350726,60
-73.0726281,-40.1349547,60
-73.0726279,-40.1348371,60
-73.0726277,-40.1347345,60
-73.0726282,-40.1346259,60
-73.0726279,-40.1345217,60
-73.0726276,-40.1344149,60
-73.0726278,-40.1343005,60
-73.0726277,-40.1341824,60
-73.0726273,-40.1340851,60
-73.0726281,-40.1339881,60
-73.072628,-40.1338921,60
-73.0726282,-40.1337787,60
-73.0726283,-40.1336601,60
-73.0726285,-40.1335497,60
-73.0726283,-40.1334326,60
-73.072628,-40.1333206,60
-73.0726279,-40.1332011,60
-73.0726284,-40.1330906,60
-73.072628,-40.1329709,60
-73.0726281,-40.1328516,60
-73.0726286,-40.1327484,60
-73.0726284,-40.132638,60
-73.0726284,-40.1325217,60
-73.072629,-40.1324151,60
-73.0726284,-40.1322944,60
-73.0726284,-40.1321888,60
-73.0726279,-40.1320734,60
-73.0726272,-40.131959,60
-73.0726276,-40.1318568,60
-73.0726277,-40.1317438,60
-73.0726272,-40.1316303,60
-73.0726274,-40.1315441,60
-73.0726275,-40.1314727,60
-73.0726257,-40.1314232,60
-73.0726243,-40.1314123,60
-73.0726197,-40.131411,60
-73.0725932,-40.1314107,60
-73.0725691,-40.131433,60
-73.0725483,-40.131463,60
-73.0725166,-40.1315126,60
-73.0724828,-40.1315655,60
-73.072447,-40.1316245,60
-73.0724062,-40.1316909,60
-73.072362,-40.1317711,60
-73.0723353,-40.1318598,60
-73.0723282,-40.1319813,60
-73.0723282,-40.13209,60
-73.0723284,-40.1321996,60
-73.0723282,-40.1323196,60
-73.0723285,-40.1324263,60
-73.0723284,-40.1325452,60
-73.0723283,-40.1326633,60
-73.0723286,-40.1327636,60
-73.0723285,-40.1328778,60
-73.0723285,-40.1329969,60
-73.0723283,-40.1331155,60
-73.0723288,-40.1332249,60
-73.0723288,-40.1333442,60
-73.0723287,-40.1334626,60
-73.0723286,-40.1335681,60
-73.0723288,-40.1336865,60
-73.0723286,-40.133805,60
-73.0723284,-40.1339114,60
-73.0723285,-40.1340301,60
-73.0723289,-40.1341381,60
-73.072329,-40.134255,60
-73.0723288,-40.1343679,60
-73.0723292,-40.1344852,60
-73.0723294,-40.1345925,60
-73.0723292,-40.1347115,60
-73.0723292,-40.1348302,60
-73.0723291,-40.1349372,60
-73.0723287,-40.1350555,60
-73.0723282,-40.1351732,60
-73.0723284,-40.13528,60
-73.0723284,-40.1353985,60
-73.0723285,-40.1355169,60
-73.0723283,-40.1356233,60
-73.0723281,-40.1357414,60
-73.0723286,-40.1358582,60
-73.0723284,-40.1359666,60
-73.0723291,-40.1360792,60
-73.0723289,-40.1361851,60
-73.0723266,-40.1362822,60
-73.0723183,-40.13636,60
-73.0722866,-40.1363917,60
-73.072226,-40.1363991,60
-73.072154,-40.1363865,60
-73.072085,-40.1363628,60
-73.0720386,-40.1363152,60
-73.0720283,-40.1362535,60
-73.0720278,-40.1361815,60
-73.0720281,-40.136106,60
-73.072028,-40.1360045,60
-73.0720278,-40.1359089,60
-73.072028,-40.1358348,60
-73.0720279,-40.1357467,60
-73.0720275,-40.1356448,60
-73.0720275,-40.1355442,60
-73.0720274,-40.1354343,60
-73.0720273,-40.1353375,60
-73.0720277,-40.1352364,60
-73.0720277,-40.1351331,60
-73.0720274,-40.1350324,60
-73.0720275,-40.134913,60
-73.0720277,-40.134795,60
-73.0720283,-40.1347044,60
-73.0720281,-40.1346207,60
-73.0720282,-40.1345141,60
-73.0720285,-40.1344079,60
-73.0720283,-40.134319,60
-73.0720286,-40.1342078,60
-73.0720282,-40.1340997,60
-73.072028,-40.1340284,60
-73.0720283,-40.1339428,60
-73.0720281,-40.1338388,60
-73.0720282,-40.1337376,60
-73.0720279,-40.133618,60
-73.0720275,-40.1334965,60
-73.0720274,-40.13339,60
-73.0720276,-40.1332778,60
-73.0720228,-40.1332022,60
-73.0720158,-40.133159,60
-73.0720054,-40.1331438,60
-73.0719915,-40.1331611,60
-73.0719815,-40.1331889,60
-73.071963,-40.1332403,60
-73.0719369,-40.1333116,60
-73.0719083,-40.1333904,60
-73.0718729,-40.1334885,60
-73.0718338,-40.133593,60
-73.0717961,-40.133699,60
-73.0717568,-40.1338182,60
-73.0717339,-40.1339361,60
-73.0717297,-40.1340438,60
-73.071729,-40.1341623,60
-73.0717285,-40.1342778,60
-73.0717289,-40.1343865,60
-73.071729,-40.134506,60
-73.0717285,-40.1346259,60
-73.071728,-40.1347325,60
-73.0717279,-40.1348464,60
-73.0717278,-40.1349661,60
-73.0717276,-40.1350743,60
-73.0717279,-40.1351944,60
-73.0717278,-40.1353132,60
-73.0717281,-40.1354173,60
-73.0717278,-40.1355347,60
-73.0717277,-40.1356465,60
-73.0717277,-40.135748,60
-73.0717284,-40.1358421,60
-73.0717283,-40.1359389,60
-73.0717284,-40.1360105,60
-73.071728,-40.1360865,60
-73.0717278,-40.1361824,60
-73.0717279,-40.1362545,60
-73.0717279,-40.1362924,60
-73.071728,-40.1363087,60
-73.0717288,-40.1363141,60
</coordinates></LineString>
</Placemark>
<Placemark>
<name>DJI_202603251327_003_PENABLANCA011_Timestamp.MRK</name>
<description>Equipo: M3E | Fecha: 25-03-2026 | Puntos: 200</description>
<styleUrl>#m3e</styleUrl>
<LineString><altitudeMode>relativeToGround</altitudeMode><coordinates>
-73.0716293,-40.1337256,60
-73.0716291,-40.1337564,60
-73.0716291,-40.1338116,60
-73.071629,-40.1338802,60
-73.071629,-40.1339705,60
-73.0716293,-40.1340738,60
-73.0716292,-40.1341724,60
-73.0716291,-40.1342881,60
-73.071629,-40.1344105,60
-73.0716269,-40.1345209,60
-73.0716099,-40.13464,60
-73.0715761,-40.1347444,60
-73.0715289,-40.1348511,60
-73.0714853,-40.1349521,60
-73.0714375,-40.1350643,60
-73.0713957,-40.1351594,60
-73.0713564,-40.1352261,60
-73.0713297,-40.1352399,60
-73.0713282,-40.1352223,60
-73.0713291,-40.1351853,60
-73.0713286,-40.1351317,60
-73.0713281,-40.1350579,60
-73.0713278,-40.1349775,60
-73.0713278,-40.1348759,60
-73.0713277,-40.134774,60
-73.0713278,-40.1346585,60
-73.0713278,-40.1345528,60
-73.0713279,-40.1344493,60
-73.0713285,-40.1343326,60
-73.0713287,-40.1342163,60
-73.0713282,-40.1341005,60
-73.0713285,-40.1340014,60
-73.0713291,-40.1339082,60
-73.0713286,-40.133814,60
-73.071328,-40.1337027,60
-73.0713279,-40.1335887,60
-73.0713255,-40.133474,60
-73.0712999,-40.1333587,60
-73.0712423,-40.1332673,60
-73.0711718,-40.1331803,60
-73.0711015,-40.1331075,60
-73.0710572,-40.1330801,60
-73.0710304,-40.1330942,60
-73.071028,-40.1331261,60
-73.0710272,-40.133173,60
-73.0710276,-40.1332332,60
-73.0710277,-40.1333162,60
-73.071028,-40.1334092,60
-73.0710278,-40.1335124,60
-73.071028,-40.1336154,60
-73.071028,-40.1337284,60
-73.0710284,-40.1338401,60
-73.0710287,-40.133936,60
-73.0710282,-40.1340259,60
-73.0710285,-40.1341249,60
-73.0710289,-40.1342335,60
-73.0710285,-40.1343395,60
-73.0710292,-40.1344605,60
-73.0710284,-40.1345681,60
-73.0710286,-40.1346848,60
-73.0710282,-40.1348008,60
-73.0710283,-40.134908,60
-73.0710283,-40.1350251,60
-73.071028,-40.1351402,60
-73.0710282,-40.1352594,60
-73.0710279,-40.1353692,60
-73.0710282,-40.1354895,60
-73.0710279,-40.1355965,60
-73.0710191,-40.1357038,60
-73.0709796,-40.1357839,60
-73.0709086,-40.1358403,60
-73.0708235,-40.1358869,60
-73.0707724,-40.1358977,60
-73.0707386,-40.1358745,60
-73.0707296,-40.1358353,60
-73.0707281,-40.1357883,60
-73.0707276,-40.1357262,60
-73.070727,-40.1356398,60
-73.0707273,-40.135538,60
-73.0707275,-40.1354411,60
-73.0707273,-40.1353246,60
-73.0707273,-40.1352008,60
-73.0707274,-40.1350907,60
-73.0707275,-40.1349708,60
-73.0707277,-40.134852,60
-73.0707272,-40.134734,60
-73.0707276,-40.1346291,60
-73.0707275,-40.1345098,60
-73.0707281,-40.1344022,60
-73.0707278,-40.1342833,60
-73.0707287,-40.1341645,60
-73.0707283,-40.1340458,60
-73.0707284,-40.1339398,60
-73.0707279,-40.1338209,60
-73.0707281,-40.133715,60
-73.070728,-40.1335967,60
-73.0707276,-40.1334886,60
-73.0707276,-40.1333757,60
-73.0707278,-40.1332726,60
-73.0707271,-40.1331564,60
-73.0707276,-40.1330534,60
-73.0707277,-40.1329344,60
-73.0707268,-40.1328114,60
-73.0707199,-40.1327097,60
-73.0706813,-40.1326156,60
-73.0706088,-40.1325185,60
-73.0705387,-40.1324365,60
-73.0704807,-40.1323824,60
-73.0704459,-40.1323758,60
-73.0704283,-40.1324001,60
-73.0704275,-40.1324331,60
-73.0704275,-40.1324878,60
-73.0704279,-40.1325534,60
-73.0704276,-40.1326435,60
-73.070428,-40.1327474,60
-73.070428,-40.1328502,60
-73.0704281,-40.13297,60
-73.0704284,-40.1330922,60
-73.0704283,-40.1332001,60
-73.0704283,-40.1333188,60
-73.0704282,-40.1334374,60
-73.0704282,-40.1335441,60
-73.0704281,-40.1336621,60
-73.070428,-40.1337809,60
-73.0704279,-40.1338876,60
-73.0704281,-40.1340058,60
-73.0704285,-40.1341246,60
-73.0704288,-40.1342314,60
-73.0704284,-40.1343617,60
-73.0704284,-40.1344682,60
-73.0704285,-40.1345751,60
-73.0704281,-40.1346941,60
-73.0704279,-40.1348131,60
-73.0704279,-40.1349192,60
-73.0704279,-40.1350379,60
-73.0704277,-40.1351569,60
-73.070428,-40.135262,60
-73.0704281,-40.1353615,60
-73.070428,-40.1354374,60
-73.0704278,-40.1354949,60
-73.0704281,-40.1355586,60
-73.0704284,-40.135649,60
-73.0704289,-40.1357418,60
-73.0704288,-40.1358547,60
-73.0704256,-40.1359575,60
-73.0704139,-40.1360042,60
-73.0703927,-40.136015,60
-73.0703726,-40.1359939,60
-73.0703504,-40.1359593,60
-73.0703203,-40.1359097,60
-73.0702776,-40.1358375,60
-73.070232,-40.1357608,60
-73.0701775,-40.1356646,60
-73.0701386,-40.1355559,60
-73.0701288,-40.1354487,60
-73.0701276,-40.1353275,60
-73.0701277,-40.1352078,60
-73.0701279,-40.1351038,60
-73.0701276,-40.1349885,60
-73.0701274,-40.1348686,60
-73.0701277,-40.1347608,60
-73.0701282,-40.1346414,60
-73.0701276,-40.1345226,60
-73.0701275,-40.1344038,60
-73.0701267,-40.1342972,60
-73.0701267,-40.1341904,60
-73.0701265,-40.1340733,60
-73.0701268,-40.1339616,60
-73.0701267,-40.133842,60
-73.0701269,-40.1337339,60
-73.0701276,-40.1336125,60
-73.0701272,-40.1334934,60
-73.0701275,-40.1333744,60
-73.0701272,-40.1332679,60
-73.0701277,-40.1331495,60
-73.0701279,-40.133043,60
-73.070127,-40.1329272,60
-73.0701271,-40.1328118,60
-73.0701274,-40.1327095,60
-73.0701267,-40.1325935,60
-73.0701265,-40.1324967,60
-73.0701263,-40.1324068,60
-73.0701264,-40.1322979,60
-73.0701264,-40.1321803,60
-73.0701263,-40.1320854,60
-73.0701116,-40.1319874,60
-73.0700699,-40.1318973,60
-73.0700147,-40.1318211,60
-73.0699391,-40.1317325,60
-73.0698847,-40.1316792,60
-73.0698558,-40.1316647,60
-73.0698296,-40.1316822,60
-73.0698258,-40.131717,60
-73.0698257,-40.1317611,60
-73.069826,-40.1318282,60
-73.0698267,-40.131916,60
-73.0698273,-40.132,60
-73.0698274,-40.132084,60
-73.0698276,-40.1321673,60
-73.0698278,-40.1322542,60
</coordinates></LineString>
</Placemark>
<Placemark>
<name>DJI_202603251350_004_PENABLANCA011_Timestamp.MRK</name>
<description>Equipo: M3E | Fecha: 25-03-2026 | Puntos: 345</description>
<styleUrl>#m3e</styleUrl>
<LineString><altitudeMode>relativeToGround</altitudeMode><coordinates>
-73.0698283,-40.1322895,60
-73.0698285,-40.1323169,60
-73.0698284,-40.1323719,60
-73.0698286,-40.1324497,60
-73.0698282,-40.1325308,60
-73.0698279,-40.1326136,60
-73.0698287,-40.1326987,60
-73.069829,-40.1328033,60
-73.0698287,-40.1329193,60
-73.0698286,-40.1330274,60
-73.0698284,-40.1331484,60
-73.0698283,-40.1332676,60
-73.0698282,-40.1333868,60
-73.069828,-40.1334937,60
-73.0698284,-40.1336121,60
-73.0698283,-40.1337183,60
-73.0698277,-40.1338361,60
-73.0698277,-40.1339545,60
-73.0698279,-40.1340727,60
-73.0698279,-40.1341805,60
-73.0698276,-40.1342991,60
-73.0698279,-40.1344173,60
-73.0698278,-40.134525,60
-73.0698281,-40.134643,60
-73.0698278,-40.1347615,60
-73.0698283,-40.134868,60
-73.0698276,-40.134987,60
-73.0698275,-40.1351069,60
-73.069828,-40.1351989,60
-73.0698283,-40.1352825,60
-73.0698266,-40.1353652,60
-73.0698175,-40.135441,60
-73.0697845,-40.1354779,60
-73.0697325,-40.135483,60
-73.0696654,-40.1354674,60
-73.06959,-40.1354382,60
-73.0695438,-40.1353933,60
-73.0695301,-40.1353287,60
-73.0695293,-40.1352567,60
-73.0695283,-40.1351826,60
-73.069528,-40.1351167,60
-73.0695281,-40.135025,60
-73.0695284,-40.1349222,60
-73.0695284,-40.1348226,60
-73.0695279,-40.1347041,60
-73.0695274,-40.134582,60
-73.0695272,-40.1344735,60
-73.0695275,-40.1343544,60
-73.0695274,-40.1342359,60
-73.0695274,-40.1341289,60
-73.0695271,-40.1340101,60
-73.0695273,-40.1338904,60
-73.0695275,-40.1337831,60
-73.0695278,-40.133665,60
-73.0695283,-40.1335471,60
-73.0695283,-40.1334412,60
-73.069528,-40.1333242,60
-73.0695284,-40.1332055,60
-73.0695281,-40.1330867,60
-73.0695279,-40.1329794,60
-73.0695281,-40.1328603,60
-73.0695279,-40.1327412,60
-73.0695281,-40.1326339,60
-73.069528,-40.1325159,60
-73.0695278,-40.1324106,60
-73.0695277,-40.1322984,60
-73.0695266,-40.1321991,60
-73.0695271,-40.1320984,60
-73.0695281,-40.131984,60
-73.0695279,-40.1318842,60
-73.0695276,-40.1317922,60
-73.0695286,-40.1316875,60
-73.0695272,-40.131596,60
-73.0695267,-40.1315402,60
-73.0695268,-40.1314943,60
-73.0695268,-40.1314557,60
-73.0695274,-40.1314366,60
-73.0695283,-40.1314136,60
-73.0695284,-40.1313697,60
-73.069524,-40.131313,60
-73.0694925,-40.1312607,60
-73.0694265,-40.1312277,60
-73.0693442,-40.1312133,60
-73.0692823,-40.1312163,60
-73.0692393,-40.1312484,60
-73.0692279,-40.1312923,60
-73.0692271,-40.1313503,60
-73.069227,-40.1314272,60
-73.0692275,-40.1315317,60
-73.0692274,-40.1316169,60
-73.0692274,-40.1317323,60
-73.0692281,-40.1318532,60
-73.0692282,-40.1319616,60
-73.0692278,-40.132081,60
-73.0692277,-40.1321869,60
-73.0692275,-40.1323055,60
-73.0692283,-40.1324237,60
-73.0692284,-40.132542,60
-73.0692281,-40.1326486,60
-73.0692284,-40.1327673,60
-73.0692288,-40.1328854,60
-73.0692288,-40.1329926,60
-73.0692288,-40.1331099,60
-73.0692285,-40.1332288,60
-73.0692284,-40.1333355,60
-73.0692283,-40.1334545,60
-73.0692283,-40.1335742,60
-73.0692282,-40.1336804,60
-73.0692277,-40.1337984,60
-73.0692279,-40.1339166,60
-73.0692275,-40.1340233,60
-73.0692278,-40.1341536,60
-73.0692274,-40.1342609,60
-73.0692275,-40.1343794,60
-73.0692274,-40.1344861,60
-73.0692273,-40.1346046,60
-73.0692271,-40.1347118,60
-73.0692269,-40.13483,60
-73.0692263,-40.1349486,60
-73.0692266,-40.1350672,60
-73.0692272,-40.1351683,60
-73.0692245,-40.1352621,60
-73.0692122,-40.1353178,60
-73.0691681,-40.1353434,60
-73.0691045,-40.1353387,60
-73.0690398,-40.1353244,60
-73.0689694,-40.1352872,60
-73.0689327,-40.1352322,60
-73.0689282,-40.1351643,60
-73.0689278,-40.1350935,60
-73.0689275,-40.1350033,60
-73.0689275,-40.1348988,60
-73.0689288,-40.1347961,60
-73.0689286,-40.134676,60
-73.0689277,-40.1345541,60
-73.0689273,-40.1344457,60
-73.068927,-40.1343269,60
-73.0689264,-40.1342084,60
-73.0689268,-40.1341018,60
-73.0689267,-40.1339834,60
-73.0689266,-40.133877,60
-73.0689268,-40.1337587,60
-73.0689276,-40.13364,60
-73.0689273,-40.1335217,60
-73.068927,-40.1334152,60
-73.0689281,-40.1332988,60
-73.0689281,-40.1331909,60
-73.068928,-40.1330711,60
-73.0689278,-40.132952,60
-73.0689275,-40.1328461,60
-73.0689273,-40.1327274,60
-73.0689278,-40.1326086,60
-73.0689276,-40.1324899,60
-73.0689273,-40.1323832,60
-73.0689264,-40.1322645,60
-73.0689268,-40.1321463,60
-73.068927,-40.1320405,60
-73.0689269,-40.1319213,60
-73.0689268,-40.1318016,60
-73.0689265,-40.1316959,60
-73.0689258,-40.1315784,60
-73.0689264,-40.1314635,60
-73.0689229,-40.1313679,60
-73.0689139,-40.1313203,60
-73.0688761,-40.1312885,60
-73.0688225,-40.1312838,60
-73.0687565,-40.1312971,60
-73.0686814,-40.1313279,60
-73.06864,-40.1313753,60
-73.0686282,-40.1314404,60
-73.068627,-40.1315068,60
-73.0686273,-40.1315959,60
-73.0686274,-40.1316957,60
-73.0686274,-40.1318042,60
-73.0686272,-40.1319252,60
-73.0686277,-40.1320374,60
-73.0686279,-40.1321586,60
-73.0686279,-40.132266,60
-73.0686281,-40.1323853,60
-73.0686276,-40.1325051,60
-73.0686275,-40.1326121,60
-73.0686275,-40.1327308,60
-73.0686274,-40.1328372,60
-73.0686275,-40.1329565,60
-73.0686276,-40.1330758,60
-73.0686274,-40.1331946,60
-73.0686273,-40.1333129,60
-73.0686272,-40.1334196,60
-73.0686275,-40.133538,60
-73.0686275,-40.1336441,60
-73.0686275,-40.1337627,60
-73.0686278,-40.1338813,60
-73.068628,-40.1339885,60
-73.068628,-40.1341079,60
-73.0686279,-40.1342268,60
-73.0686275,-40.1343331,60
-73.0686271,-40.1344524,60
-73.0686274,-40.1345713,60
-73.0686277,-40.1346781,60
-73.0686278,-40.1347959,60
-73.0686279,-40.1349152,60
-73.0686283,-40.1350192,60
-73.0686245,-40.1351163,60
-73.0686122,-40.1351757,60
-73.0685754,-40.1352011,60
-73.0685186,-40.1352012,60
-73.0684538,-40.1351848,60
-73.0683863,-40.1351536,60
-73.0683396,-40.1350967,60
-73.0683283,-40.1350294,60
-73.0683276,-40.1349608,60
-73.0683271,-40.1348701,60
-73.0683276,-40.1347718,60
-73.0683269,-40.1346712,60
-73.0683276,-40.1345512,60
-73.0683276,-40.1344288,60
-73.0683277,-40.1343203,60
-73.068328,-40.1342017,60
-73.0683276,-40.1340822,60
-73.0683277,-40.1339749,60
-73.0683271,-40.1338556,60
-73.0683267,-40.1337377,60
-73.0683269,-40.1336309,60
-73.0683267,-40.1335121,60
-73.068327,-40.1333939,60
-73.0683276,-40.1332877,60
-73.068327,-40.1331703,60
-73.0683267,-40.1330509,60
-73.0683267,-40.1329434,60
-73.0683266,-40.1328238,60
-73.0683268,-40.1327064,60
-73.0683273,-40.1325879,60
-73.0683276,-40.1324811,60
-73.0683277,-40.1323616,60
-73.0683272,-40.132242,60
-73.0683269,-40.132135,60
-73.068326,-40.132017,60
-73.0683268,-40.13191,60
-73.0683275,-40.1317909,60
-73.0683272,-40.1316726,60
-73.0683266,-40.1315581,60
-73.0683206,-40.1314776,60
-73.068296,-40.1314313,60
-73.0682406,-40.1314179,60
-73.0681834,-40.131425,60
-73.0681097,-40.1314468,60
-73.0680501,-40.1314923,60
-73.0680307,-40.1315477,60
-73.068028,-40.131617,60
-73.0680278,-40.1317004,60
-73.0680275,-40.1317881,60
-73.0680276,-40.1318983,60
-73.0680272,-40.1320176,60
-73.0680268,-40.132127,60
-73.0680269,-40.1322476,60
-73.0680273,-40.1323549,60
-73.0680274,-40.1324738,60
-73.0680274,-40.132605,60
-73.0680275,-40.1327121,60
-73.0680273,-40.1328192,60
-73.0680275,-40.1329376,60
-73.0680272,-40.1330441,60
-73.0680276,-40.1331708,60
-73.0680276,-40.1332745,60
-73.0680277,-40.1333928,60
-73.0680273,-40.1335002,60
-73.0680275,-40.1336201,60
-73.0680275,-40.1337391,60
-73.0680277,-40.1338461,60
-73.0680276,-40.1339651,60
-73.068027,-40.134084,60
-73.0680272,-40.1341904,60
-73.0680271,-40.1343087,60
-73.0680273,-40.1344155,60
-73.0680271,-40.1345346,60
-73.0680276,-40.1346462,60
-73.0680271,-40.1347564,60
-73.0680223,-40.1348397,60
-73.0680069,-40.1348894,60
-73.0679692,-40.1348974,60
-73.0679246,-40.1348794,60
-73.0678741,-40.1348487,60
-73.0678065,-40.1348014,60
-73.0677529,-40.1347374,60
-73.067724,-40.1346513,60
-73.0677259,-40.1345587,60
-73.0677274,-40.1344624,60
-73.067728,-40.1343476,60
-73.0677279,-40.1342422,60
-73.0677274,-40.1341246,60
-73.067727,-40.134007,60
-73.0677269,-40.133898,60
-73.0677277,-40.1337756,60
-73.0677264,-40.1336547,60
-73.067726,-40.1335352,60
-73.0677259,-40.1334306,60
-73.0677253,-40.1333124,60
-73.0677262,-40.1332059,60
-73.0677266,-40.1330916,60
-73.0677266,-40.1329754,60
-73.0677265,-40.1328541,60
-73.0677258,-40.1327446,60
-73.0677259,-40.132624,60
-73.0677267,-40.1325158,60
-73.0677267,-40.1323966,60
-73.0677267,-40.1322801,60
-73.0677268,-40.1321918,60
-73.0677269,-40.1321422,60
-73.0677261,-40.1320907,60
-73.0677263,-40.1320188,60
-73.0677263,-40.1319416,60
-73.0677256,-40.1318448,60
-73.0677165,-40.1317746,60
-73.0677046,-40.1317454,60
-73.0676739,-40.1317479,60
-73.0676461,-40.131773,60
-73.0676165,-40.1318061,60
-73.067569,-40.1318623,60
-73.0675102,-40.1319337,60
-73.0674592,-40.1320128,60
-73.0674269,-40.1321163,60
-73.0674273,-40.1322329,60
-73.0674276,-40.1323416,60
-73.0674277,-40.1324625,60
-73.0674277,-40.1325807,60
-73.0674277,-40.1326885,60
-73.0674271,-40.1328061,60
-73.0674271,-40.1329136,60
-73.0674276,-40.1330441,60
-73.0674273,-40.1331626,60
-73.0674276,-40.1332695,60
-73.0674276,-40.1333768,60
-73.067428,-40.1334958,60
-73.0674279,-40.1336143,60
-73.0674279,-40.133721,60
-73.0674277,-40.1338393,60
-73.0674279,-40.1339525,60
-73.0674272,-40.1340487,60
-73.067428,-40.1341642,60
-73.0674277,-40.1342797,60
-73.0674274,-40.1343749,60
-73.0674275,-40.1344707,60
-73.0674284,-40.1345218,60
-73.0674289,-40.1345427,60
-73.0674281,-40.1345512,60
</coordinates></LineString>
</Placemark>
<Placemark>
<name>DJI_202603251350_005_PENABLANCA010_Timestamp.MRK</name>
<description>Equipo: M3E | Fecha: 25-03-2026 | Puntos: 404</description>
<styleUrl>#m3e</styleUrl>
<LineString><altitudeMode>relativeToGround</altitudeMode><coordinates>
-73.0675077,-40.1334735,60
-73.0675081,-40.1334978,60
-73.0675079,-40.1335413,60
-73.067507,-40.1336114,60
-73.0675071,-40.1336978,60
-73.0675073,-40.1337985,60
-73.0675071,-40.1338989,60
-73.0674932,-40.1340162,60
-73.0674453,-40.1341211,60
-73.0673769,-40.1342074,60
-73.0673014,-40.1342911,60
-73.0672495,-40.1343303,60
-73.067221,-40.1343294,60
-73.0672098,-40.1342995,60
-73.0672079,-40.134264,60
-73.067207,-40.1342055,60
-73.0672069,-40.1341281,60
-73.0672069,-40.1340352,60
-73.0672064,-40.1339382,60
-73.0672066,-40.1338225,60
-73.0672074,-40.1337034,60
-73.0672075,-40.1335831,60
-73.0672072,-40.1334746,60
-73.0672072,-40.1333541,60
-73.0672067,-40.1332493,60
-73.0672065,-40.133136,60
-73.067207,-40.1330191,60
-73.0672067,-40.1329219,60
-73.0672018,-40.132833,60
-73.0671759,-40.1327477,60
-73.0671287,-40.1326891,60
-73.067076,-40.1326342,60
-73.0670139,-40.1325708,60
-73.0669647,-40.1325312,60
-73.0669354,-40.1325223,60
-73.0669118,-40.1325482,60
-73.066908,-40.132585,60
-73.0669068,-40.132631,60
-73.0669065,-40.132704,60
-73.0669068,-40.1327938,60
-73.0669072,-40.1328848,60
-73.0669072,-40.1329983,60
-73.0669068,-40.1331187,60
-73.0669071,-40.1332288,60
-73.0669074,-40.1333492,60
-73.0669075,-40.1334569,60
-73.0669076,-40.1335759,60
-73.0669071,-40.1336943,60
-73.0669073,-40.1338015,60
-73.0669072,-40.1339205,60
-73.0669074,-40.1340393,60
-73.0669075,-40.1341438,60
-73.0669068,-40.1342579,60
-73.0669,-40.1343425,60
-73.0668797,-40.1343895,60
-73.0668193,-40.1344109,60
-73.0667544,-40.1344114,60
-73.0666759,-40.1343984,60
-73.0666291,-40.134367,60
-73.0666099,-40.1343138,60
-73.0666075,-40.1342511,60
-73.0666069,-40.1341805,60
-73.0666072,-40.1340889,60
-73.0666069,-40.133981,60
-73.0666072,-40.1338757,60
-73.0666073,-40.1337546,60
-73.0666073,-40.1336333,60
-73.0666073,-40.1335255,60
-73.0666066,-40.1334069,60
-73.0666072,-40.1332884,60
-73.0666069,-40.1331814,60
-73.0666067,-40.1330629,60
-73.0666069,-40.1329449,60
-73.0666069,-40.1328265,60
-73.066608,-40.1327203,60
-73.0666075,-40.1326074,60
-73.0666073,-40.1325031,60
-73.066608,-40.1323876,60
-73.066605,-40.1322681,60
-73.0665876,-40.1321663,60
-73.0665341,-40.1320725,60
-73.0664674,-40.1319969,60
-73.0664266,-40.1319517,60
-73.0664019,-40.1319254,60
-73.0663821,-40.1319049,60
-73.0663653,-40.1318929,60
-73.0663278,-40.1318982,60
-73.0663096,-40.1319261,60
-73.0663072,-40.1319601,60
-73.0663068,-40.1320167,60
-73.0663068,-40.132089,60
-73.0663072,-40.1321698,60
-73.0663069,-40.1322526,60
-73.066307,-40.1323562,60
-73.0663075,-40.1324576,60
-73.0663073,-40.1325758,60
-73.0663077,-40.1326971,60
-73.0663075,-40.132817,60
-73.0663073,-40.1329241,60
-73.066307,-40.1330427,60
-73.066307,-40.1331496,60
-73.0663069,-40.1332913,60
-73.0663071,-40.1333858,60
-73.0663071,-40.1335045,60
-73.0663072,-40.1336109,60
-73.0663075,-40.1337274,60
-73.066307,-40.1338256,60
-73.0663069,-40.13394,60
-73.0663068,-40.1340585,60
-73.0663072,-40.134166,60
-73.0663049,-40.134276,60
-73.0662894,-40.1343401,60
-73.0662443,-40.1343721,60
-73.0661843,-40.1343789,60
-73.0661073,-40.1343729,60
-73.0660418,-40.1343472,60
-73.066014,-40.1343036,60
-73.0660086,-40.1342451,60
-73.0660082,-40.134174,60
-73.0660074,-40.1340959,60
-73.0660074,-40.1339937,60
-73.0660072,-40.1338829,60
-73.0660074,-40.1337778,60
-73.0660065,-40.1336535,60
-73.0660067,-40.1335321,60
-73.0660067,-40.1334251,60
-73.0660061,-40.1333069,60
-73.066006,-40.1331885,60
-73.0660064,-40.1330702,60
-73.066007,-40.1329638,60
-73.0660075,-40.1328464,60
-73.0660073,-40.1327397,60
-73.0660068,-40.1326223,60
-73.0660073,-40.1325031,60
-73.0660075,-40.1323974,60
-73.066007,-40.1322834,60
-73.0660059,-40.1321864,60
-73.0660057,-40.1321085,60
-73.0660054,-40.1320304,60
-73.0659977,-40.1319513,60
-73.0659735,-40.1319086,60
-73.0659239,-40.1318921,60
-73.0658642,-40.131897,60
-73.0657889,-40.1319156,60
-73.0657291,-40.1319565,60
-73.0657068,-40.1320159,60
-73.0657058,-40.1320762,60
-73.0657058,-40.132157,60
-73.0657064,-40.1322466,60
-73.0657065,-40.1323194,60
-73.0657066,-40.1323939,60
-73.0657069,-40.1324832,60
-73.0657072,-40.1325738,60
-73.0657075,-40.1326854,60
-73.0657073,-40.1328055,60
-73.065707,-40.1329269,60
-73.0657075,-40.1330348,60
-73.0657075,-40.133154,60
-73.0657075,-40.133273,60
-73.0657075,-40.1333793,60
-73.0657074,-40.1334984,60
-73.0657075,-40.1336051,60
-73.0657072,-40.1337231,60
-73.0657072,-40.1338418,60
-73.0657071,-40.1339493,60
-73.0657074,-40.134067,60
-73.0657065,-40.1341842,60
-73.0657008,-40.1342673,60
-73.0656802,-40.1343177,60
-73.0656272,-40.1343387,60
-73.0655588,-40.1343362,60
-73.0654882,-40.1343226,60
-73.0654308,-40.1342855,60
-73.0654106,-40.1342355,60
-73.0654076,-40.1341726,60
-73.0654071,-40.134097,60
-73.0654071,-40.1340021,60
-73.0654072,-40.1339128,60
-73.0654068,-40.1338022,60
-73.0654072,-40.1336985,60
-73.0654062,-40.1335768,60
-73.0654063,-40.1334552,60
-73.0654057,-40.1333348,60
-73.0654053,-40.1332283,60
-73.0654055,-40.133112,60
-73.0654052,-40.1330062,60
-73.0654051,-40.1328861,60
-73.0654046,-40.1327657,60
-73.0654054,-40.1326506,60
-73.0654058,-40.1325503,60
-73.0654063,-40.1324434,60
-73.0654065,-40.1323386,60
-73.0654066,-40.132265,60
-73.065407,-40.132197,60
-73.0654069,-40.1321311,60
-73.0654004,-40.1320658,60
-73.0653838,-40.1320212,60
-73.065336,-40.1319996,60
-73.0652668,-40.1320028,60
-73.0651923,-40.1320206,60
-73.0651364,-40.1320561,60
-73.0651099,-40.1321133,60
-73.0651059,-40.1321787,60
-73.065106,-40.1322506,60
-73.065106,-40.1323442,60
-73.0651064,-40.1324499,60
-73.0651067,-40.1325545,60
-73.0651065,-40.1326551,60
-73.0651067,-40.132773,60
-73.0651067,-40.1328934,60
-73.0651062,-40.1330015,60
-73.0651064,-40.1331206,60
-73.0651066,-40.133239,60
-73.0651066,-40.1333453,60
-73.0651067,-40.1334637,60
-73.065107,-40.1335822,60
-73.0651069,-40.1336885,60
-73.0651072,-40.1338071,60
-73.0651068,-40.1339259,60
-73.0651074,-40.134033,60
-73.0651052,-40.1341435,60
-73.0650945,-40.1342155,60
-73.0650592,-40.1342504,60
-73.0650063,-40.1342568,60
-73.0649355,-40.1342497,60
-73.0648648,-40.1342282,60
-73.0648176,-40.1341784,60
-73.0648091,-40.1341239,60
-73.0648075,-40.1340495,60
-73.0648068,-40.1339796,60
-73.0648062,-40.1338919,60
-73.0648063,-40.1337882,60
-73.0648063,-40.1336765,60
-73.0648061,-40.1335573,60
-73.0648063,-40.1334485,60
-73.0648057,-40.1333282,60
-73.0648061,-40.1332106,60
-73.0648064,-40.1331086,60
-73.0648057,-40.1329891,60
-73.0648056,-40.1328697,60
-73.0648055,-40.1327622,60
-73.0648058,-40.1326448,60
-73.0648063,-40.1325309,60
-73.0648062,-40.1324383,60
-73.0648058,-40.1323552,60
-73.0648063,-40.1322796,60
-73.0648043,-40.132205,60
-73.0647924,-40.1321442,60
-73.0647526,-40.1321107,60
-73.0647002,-40.1321042,60
-73.0646392,-40.1321134,60
-73.0645633,-40.132141,60
-73.0645194,-40.132188,60
-73.0645068,-40.1322489,60
-73.0645064,-40.1323135,60
-73.0645062,-40.1323899,60
-73.064507,-40.1324883,60
-73.0645071,-40.1325785,60
-73.0645063,-40.1326681,60
-73.0645063,-40.1327588,60
-73.0645067,-40.1328683,60
-73.0645069,-40.1329865,60
-73.0645068,-40.1330961,60
-73.0645065,-40.1332168,60
-73.0645071,-40.1333242,60
-73.0645068,-40.133443,60
-73.0645068,-40.1335609,60
-73.0645063,-40.1336668,60
-73.0645063,-40.1337859,60
-73.0645066,-40.133901,60
-73.0645061,-40.134004,60
-73.0645017,-40.1340865,60
-73.0644889,-40.1341395,60
-73.0644441,-40.1341659,60
-73.0643849,-40.1341687,60
-73.0643116,-40.1341571,60
-73.0642433,-40.134125,60
-73.0642136,-40.1340769,60
-73.0642081,-40.1340142,60
-73.0642069,-40.1339395,60
-73.0642063,-40.1338588,60
-73.0642063,-40.1337529,60
-73.0642058,-40.1336441,60
-73.0642057,-40.1335365,60
-73.0642059,-40.1334133,60
-73.0642056,-40.1333038,60
-73.064206,-40.1331722,60
-73.064206,-40.1330664,60
-73.064206,-40.1329524,60
-73.064206,-40.1328493,60
-73.0642056,-40.1327317,60
-73.0642054,-40.1326311,60
-73.0642063,-40.1325357,60
-73.0642063,-40.1324418,60
-73.0642052,-40.1323437,60
-73.064198,-40.1322684,60
-73.064172,-40.1322259,60
-73.064126,-40.1322085,60
-73.0640582,-40.1322164,60
-73.0639827,-40.1322364,60
-73.0639299,-40.1322749,60
-73.0639087,-40.1323345,60
-73.0639062,-40.1324013,60
-73.0639062,-40.132475,60
-73.0639064,-40.1325727,60
-73.0639066,-40.1326806,60
-73.063907,-40.1327976,60
-73.0639062,-40.1329079,60
-73.0639062,-40.1330288,60
-73.0639064,-40.133148,60
-73.0639065,-40.1332549,60
-73.063907,-40.1333729,60
-73.0639072,-40.1334899,60
-73.0639072,-40.1335975,60
-73.0639071,-40.133716,60
-73.0639066,-40.1338161,60
-73.0639069,-40.1339112,60
-73.0639006,-40.1339996,60
-73.0638813,-40.1340434,60
-73.0638382,-40.1340565,60
-73.0637853,-40.1340436,60
-73.0637254,-40.1340176,60
-73.0636625,-40.1339763,60
-73.0636147,-40.1339064,60
-73.0636068,-40.1338249,60
-73.0636068,-40.1337452,60
-73.0636065,-40.1336453,60
-73.0636067,-40.1335378,60
-73.0636056,-40.1334307,60
-73.0636061,-40.1333141,60
-73.0636056,-40.1331935,60
-73.0636058,-40.1330719,60
-73.0636058,-40.1329638,60
-73.0636058,-40.1328453,60
-73.0636055,-40.1327392,60
-73.0636054,-40.1326219,60
-73.0636048,-40.132503,60
-73.0636015,-40.1324101,60
-73.0635889,-40.1323485,60
-73.0635444,-40.1323205,60
-73.0634872,-40.1323189,60
-73.0634153,-40.1323321,60
-73.0633465,-40.1323641,60
-73.0633144,-40.1324124,60
-73.063306,-40.1324751,60
-73.0633048,-40.1325462,60
-73.0633054,-40.1326271,60
-73.0633059,-40.1327209,60
-73.0633058,-40.1328246,60
-73.0633061,-40.1329276,60
-73.0633061,-40.1330479,60
-73.0633061,-40.1331693,60
-73.0633067,-40.1332875,60
-73.0633075,-40.1333948,60
-73.063307,-40.1335093,60
-73.0633064,-40.133615,60
-73.0632972,-40.1336949,60
-73.0632731,-40.1337299,60
-73.0632322,-40.1337336,60
-73.0631856,-40.1337139,60
-73.0631291,-40.1336818,60
-73.0630673,-40.1336359,60
-73.0630147,-40.1335644,60
-73.0630044,-40.1334745,60
-73.0630061,-40.1333905,60
-73.063006,-40.1332869,60
-73.0630062,-40.1331723,60
-73.0630059,-40.1330707,60
-73.0630051,-40.132961,60
-73.0630046,-40.1328465,60
-73.0630049,-40.1327449,60
-73.0630045,-40.1326346,60
-73.0630027,-40.1325281,60
-73.0629932,-40.1324607,60
-73.0629594,-40.1324297,60
-73.0628977,-40.1324226,60
-73.0628359,-40.1324316,60
-73.06276,-40.1324576,60
-73.0627158,-40.1325074,60
-73.0627064,-40.1325634,60
-73.0627052,-40.1326342,60
-73.0627047,-40.1327221,60
-73.0627048,-40.1328136,60
-73.0627046,-40.1329242,60
-73.0627047,-40.1330458,60
-73.0627053,-40.1331689,60
-73.062705,-40.1332674,60
-73.0626943,-40.1333312,60
-73.0626861,-40.1333559,60
-73.0626616,-40.1333594,60
-73.0626357,-40.1333324,60
-73.0626107,-40.1332998,60
-73.0625743,-40.1332506,60
-73.0625334,-40.133193,60
-73.0624873,-40.1331307,60
-73.0624383,-40.133049,60
-73.0624108,-40.1329508,60
-73.0624069,-40.1328516,60
-73.0624063,-40.1327352,60
-73.0624056,-40.1326211,60
-73.062405,-40.1325523,60
-73.0624052,-40.1325245,60
-73.0624053,-40.1325105,60
-73.0624051,-40.1325071,60
</coordinates></LineString>
</Placemark>
<Placemark>
<name>DJI_202603251350_006_PENABLANCA009_Timestamp.MRK</name>
<description>Equipo: M3E | Fecha: 25-03-2026 | Puntos: 508</description>
<styleUrl>#m3e</styleUrl>
<LineString><altitudeMode>relativeToGround</altitudeMode><coordinates>
-73.0621554,-40.1329141,60
-73.0621555,-40.1329406,60
-73.0621545,-40.1329951,60
-73.0621547,-40.1330672,60
-73.0621547,-40.1331481,60
-73.0621544,-40.1332375,60
-73.0621551,-40.1333246,60
-73.0621554,-40.1334347,60
-73.0621553,-40.1335409,60
-73.0621553,-40.1336619,60
-73.0621549,-40.1337824,60
-73.062155,-40.1338893,60
-73.0621553,-40.1340082,60
-73.0621552,-40.1341143,60
-73.0621557,-40.1342333,60
-73.0621555,-40.1343515,60
-73.062156,-40.1344695,60
-73.0621553,-40.1345741,60
-73.062155,-40.1346929,60
-73.0621548,-40.1348113,60
-73.0621541,-40.1349185,60
-73.0621544,-40.1350374,60
-73.0621548,-40.1351504,60
-73.0621544,-40.135231,60
-73.0621543,-40.1353114,60
-73.0621536,-40.1353914,60
-73.0621534,-40.1354909,60
-73.0621542,-40.1356026,60
-73.0621713,-40.1357565,60
-73.0621986,-40.135826,60
-73.0622642,-40.1359361,60
-73.0623356,-40.136043,60
-73.0623923,-40.1361153,60
-73.0624345,-40.1361492,60
-73.0624557,-40.136143,60
-73.0624558,-40.1361103,60
-73.0624564,-40.1360647,60
-73.0624565,-40.1359989,60
-73.062456,-40.135925,60
-73.0624555,-40.1358298,60
-73.0624545,-40.1357192,60
-73.0624547,-40.1356173,60
-73.0624546,-40.1355072,60
-73.0624547,-40.1354166,60
-73.0624544,-40.1353545,60
-73.0624545,-40.1352843,60
-73.0624534,-40.1352074,60
-73.0624543,-40.1351103,60
-73.0624544,-40.1349996,60
-73.0624547,-40.1348795,60
-73.0624544,-40.1347684,60
-73.0624545,-40.1346478,60
-73.0624547,-40.1345292,60
-73.0624542,-40.1344226,60
-73.0624542,-40.1343041,60
-73.0624542,-40.1341858,60
-73.0624553,-40.1340668,60
-73.0624552,-40.1339606,60
-73.0624555,-40.1338548,60
-73.0624553,-40.1337635,60
-73.0624539,-40.133679,60
-73.062454,-40.1336094,60
-73.062454,-40.1335293,60
-73.0624538,-40.1334525,60
-73.0624584,-40.1333705,60
-73.0624703,-40.1333196,60
-73.0624972,-40.1333129,60
-73.0625302,-40.133336,60
-73.0625583,-40.1333665,60
-73.0626036,-40.1334174,60
-73.0626627,-40.1334838,60
-73.0627231,-40.1335693,60
-73.0627498,-40.1336769,60
-73.0627538,-40.1337599,60
-73.0627545,-40.1338699,60
-73.0627556,-40.1339633,60
-73.0627554,-40.1340745,60
-73.0627552,-40.1341977,60
-73.0627559,-40.1343056,60
-73.0627556,-40.1344013,60
-73.0627557,-40.1344916,60
-73.0627561,-40.1346005,60
-73.0627559,-40.1347184,60
-73.0627552,-40.1348274,60
-73.0627546,-40.1349478,60
-73.0627547,-40.1350663,60
-73.0627545,-40.1351732,60
-73.062755,-40.1353032,60
-73.0627549,-40.1354096,60
-73.0627552,-40.1355153,60
-73.0627547,-40.1356086,60
-73.0627544,-40.1357215,60
-73.0627551,-40.1358392,60
-73.0627546,-40.1359435,60
-73.0627552,-40.1360622,60
-73.0627551,-40.1361797,60
-73.0627551,-40.1362845,60
-73.0627548,-40.1364,60
-73.0627554,-40.1364989,60
-73.0627644,-40.1366101,60
-73.0628073,-40.1367106,60
-73.0628758,-40.1367913,60
-73.0629579,-40.1368709,60
-73.0630183,-40.1369119,60
-73.0630523,-40.1369058,60
-73.063058,-40.1368748,60
-73.0630567,-40.1368289,60
-73.063057,-40.136771,60
-73.0630565,-40.1367032,60
-73.063056,-40.1366172,60
-73.0630554,-40.1365185,60
-73.0630548,-40.1364202,60
-73.0630548,-40.1363021,60
-73.0630549,-40.136181,60
-73.0630542,-40.1360733,60
-73.063055,-40.1359543,60
-73.0630552,-40.1358471,60
-73.0630544,-40.1357287,60
-73.0630546,-40.1356101,60
-73.0630548,-40.1354934,60
-73.0630543,-40.135386,60
-73.0630547,-40.1352664,60
-73.0630549,-40.1351475,60
-73.0630547,-40.1350412,60
-73.0630551,-40.1349226,60
-73.0630547,-40.1348047,60
-73.0630539,-40.1347015,60
-73.0630545,-40.1346023,60
-73.0630537,-40.1344922,60
-73.0630535,-40.1343923,60
-73.0630542,-40.1342929,60
-73.0630543,-40.1342051,60
-73.0630545,-40.1341447,60
-73.0630561,-40.1340702,60
-73.0630639,-40.1340044,60
-73.063071,-40.1339779,60
-73.063098,-40.1339788,60
-73.0631204,-40.1340031,60
-73.0631484,-40.1340334,60
-73.0632103,-40.1340806,60
-73.0632953,-40.1341308,60
-73.0633414,-40.1341719,60
-73.0633531,-40.1342292,60
-73.0633555,-40.1342954,60
-73.0633559,-40.1343698,60
-73.0633558,-40.1344669,60
-73.0633551,-40.1345755,60
-73.0633556,-40.1346837,60
-73.0633556,-40.1348067,60
-73.0633558,-40.1349156,60
-73.0633557,-40.1350348,60
-73.0633554,-40.1351534,60
-73.0633553,-40.1352603,60
-73.0633553,-40.1353787,60
-73.0633549,-40.1354972,60
-73.0633545,-40.1356156,60
-73.0633552,-40.1357222,60
-73.063355,-40.1358407,60
-73.0633547,-40.1359596,60
-73.0633544,-40.136066,60
-73.0633545,-40.1361847,60
-73.0633545,-40.1363033,60
-73.0633547,-40.1364096,60
-73.0633549,-40.1365278,60
-73.0633554,-40.1366342,60
-73.0633555,-40.1367539,60
-73.0633553,-40.1368686,60
-73.0633584,-40.1369703,60
-73.0633763,-40.137051,60
-73.0634343,-40.1371045,60
-73.0635202,-40.1371387,60
-73.0635848,-40.1371516,60
-73.0636328,-40.1371351,60
-73.0636536,-40.1370946,60
-73.0636565,-40.1370501,60
-73.0636559,-40.1369829,60
-73.0636563,-40.1369003,60
-73.0636554,-40.1368168,60
-73.0636549,-40.1367133,60
-73.0636547,-40.1366117,60
-73.0636542,-40.136494,60
-73.0636545,-40.1363776,60
-73.0636548,-40.1362563,60
-73.0636548,-40.1361465,60
-73.0636548,-40.1360258,60
-73.0636542,-40.1359059,60
-73.0636535,-40.1357981,60
-73.063654,-40.1356787,60
-73.0636533,-40.1355717,60
-73.0636542,-40.135453,60
-73.0636541,-40.1353345,60
-73.0636545,-40.1352156,60
-73.0636547,-40.1351085,60
-73.0636543,-40.1349891,60
-73.0636544,-40.1348822,60
-73.0636553,-40.1348137,60
-73.0636544,-40.134729,60
-73.0636548,-40.1346675,60
-73.0636559,-40.1346097,60
-73.0636552,-40.1345361,60
-73.0636549,-40.1344484,60
-73.0636605,-40.1343757,60
-73.0636828,-40.1343357,60
-73.0637318,-40.1343243,60
-73.0637787,-40.1343361,60
-73.0638306,-40.1343592,60
-73.0638996,-40.1344035,60
-73.0639422,-40.1344644,60
-73.0639542,-40.1345426,60
-73.0639549,-40.1346295,60
-73.0639552,-40.1347168,60
-73.0639556,-40.1348178,60
-73.0639556,-40.1349286,60
-73.063956,-40.1350397,60
-73.0639563,-40.1351628,60
-73.0639558,-40.1352708,60
-73.0639553,-40.1353899,60
-73.0639552,-40.1355091,60
-73.0639551,-40.1356162,60
-73.0639553,-40.135735,60
-73.0639554,-40.1358537,60
-73.063956,-40.1359608,60
-73.0639561,-40.1360793,60
-73.0639558,-40.136198,60
-73.0639558,-40.1363163,60
-73.0639559,-40.1364227,60
-73.0639551,-40.1365408,60
-73.0639545,-40.1366474,60
-73.0639553,-40.1367658,60
-73.0639555,-40.1368821,60
-73.0639551,-40.1369912,60
-73.0639555,-40.1371074,60
-73.0639625,-40.1372119,60
-73.0639904,-40.1372808,60
-73.0640492,-40.1373259,60
-73.0641361,-40.1373569,60
-73.0642007,-40.137365,60
-73.0642401,-40.1373427,60
-73.0642545,-40.1373001,60
-73.064256,-40.1372467,60
-73.0642561,-40.1371827,60
-73.0642558,-40.137096,60
-73.0642555,-40.1369969,60
-73.0642553,-40.1368983,60
-73.0642555,-40.1367817,60
-73.0642557,-40.1366717,60
-73.064256,-40.1365509,60
-73.0642554,-40.136432,60
-73.064255,-40.136325,60
-73.0642548,-40.1362066,60
-73.064254,-40.1360902,60
-73.0642552,-40.1359835,60
-73.0642544,-40.1358683,60
-73.064255,-40.1357477,60
-73.0642552,-40.1356389,60
-73.0642553,-40.1355186,60
-73.0642542,-40.1353988,60
-73.0642542,-40.1352922,60
-73.0642543,-40.1351744,60
-73.0642542,-40.1350722,60
-73.0642548,-40.1349948,60
-73.0642544,-40.1349381,60
-73.0642541,-40.1349075,60
-73.0642546,-40.1348736,60
-73.0642546,-40.1348119,60
-73.0642546,-40.1347364,60
-73.0642577,-40.1346593,60
-73.0642737,-40.1346058,60
-73.0643178,-40.1345852,60
-73.0643694,-40.1345907,60
-73.0644235,-40.1346166,60
-73.0644983,-40.1346627,60
-73.0645407,-40.1347241,60
-73.0645544,-40.1348089,60
-73.0645551,-40.134885,60
-73.0645558,-40.1349809,60
-73.0645558,-40.1350718,60
-73.0645557,-40.13517,60
-73.0645558,-40.1352661,60
-73.0645564,-40.1353874,60
-73.0645566,-40.1355114,60
-73.0645567,-40.1356319,60
-73.064556,-40.1357392,60
-73.064556,-40.1358582,60
-73.0645561,-40.1359651,60
-73.0645559,-40.1360835,60
-73.064556,-40.136202,60
-73.0645558,-40.1363088,60
-73.0645557,-40.1364275,60
-73.0645553,-40.1365459,60
-73.0645553,-40.1366524,60
-73.0645556,-40.1367707,60
-73.0645552,-40.1368892,60
-73.0645554,-40.1369969,60
-73.0645552,-40.1371156,60
-73.0645552,-40.137218,60
-73.0645553,-40.1373363,60
-73.064559,-40.1374426,60
-73.0645762,-40.1375028,60
-73.0646165,-40.1375308,60
-73.0646669,-40.1375623,60
-73.0646901,-40.1376075,60
-73.0646969,-40.137662,60
-73.064702,-40.1377268,60
-73.0647087,-40.1378148,60
-73.0647144,-40.137905,60
-73.0647222,-40.1380162,60
-73.0647304,-40.138136,60
-73.0647378,-40.1382459,60
-73.0647455,-40.1383667,60
-73.0647538,-40.1384859,60
-73.0647625,-40.1386047,60
-73.06477,-40.1387111,60
-73.0647785,-40.1388283,60
-73.0647868,-40.138948,60
-73.0647939,-40.1390514,60
-73.0648022,-40.1391672,60
-73.0648097,-40.1392742,60
-73.064818,-40.1393936,60
-73.0648271,-40.1395124,60
-73.0648355,-40.1396311,60
-73.0648427,-40.1397361,60
-73.0648502,-40.1398171,60
-73.0648551,-40.1398448,60
-73.0648557,-40.1398482,60
-73.0648561,-40.1398487,60
-73.0648563,-40.1398489,60
-73.0648572,-40.1398491,60
-73.0648574,-40.1398255,60
-73.0648569,-40.1397869,60
-73.0648569,-40.1397355,60
-73.0648565,-40.1396589,60
-73.0648562,-40.1395765,60
-73.0648554,-40.1394735,60
-73.0648551,-40.1393605,60
-73.0648554,-40.1392528,60
-73.0648561,-40.1391337,60
-73.0648552,-40.1390125,60
-73.0648552,-40.1388956,60
-73.0648545,-40.1387883,60
-73.0648545,-40.1386684,60
-73.0648551,-40.1385606,60
-73.0648556,-40.1384411,60
-73.0648552,-40.1383274,60
-73.0648554,-40.1382072,60
-73.0648556,-40.1380979,60
-73.0648556,-40.1379785,60
-73.0648554,-40.1378605,60
-73.0648553,-40.1377543,60
-73.0648551,-40.1376344,60
-73.0648545,-40.1375171,60
-73.064854,-40.1374116,60
-73.0648544,-40.1372932,60
-73.0648545,-40.1371843,60
-73.0648539,-40.1370907,60
-73.0648546,-40.1370325,60
-73.064855,-40.1369762,60
-73.0648547,-40.1368969,60
-73.0648547,-40.1368028,60
-73.0648548,-40.1367116,60
-73.0648553,-40.1365972,60
-73.0648556,-40.1364754,60
-73.0648561,-40.136365,60
-73.064856,-40.1362449,60
-73.0648559,-40.1361266,60
-73.0648547,-40.1360077,60
-73.0648555,-40.1359005,60
-73.0648562,-40.1357826,60
-73.0648561,-40.1356781,60
-73.0648558,-40.1355625,60
-73.0648555,-40.1354535,60
-73.0648554,-40.1353845,60
-73.0648556,-40.1353315,60
-73.0648556,-40.1352868,60
-73.0648557,-40.1352379,60
-73.0648551,-40.1351675,60
-73.0648556,-40.1350817,60
-73.0648556,-40.1349968,60
-73.064861,-40.1349034,60
-73.0648813,-40.1348567,60
-73.0649204,-40.1348392,60
-73.0649698,-40.1348558,60
-73.0650293,-40.1348795,60
-73.0650916,-40.1349167,60
-73.0651426,-40.1349838,60
-73.0651554,-40.1350615,60
-73.0651563,-40.1351461,60
-73.0651557,-40.135216,60
-73.065156,-40.1352915,60
-73.0651562,-40.1353456,60
-73.0651561,-40.1353967,60
-73.065156,-40.1354562,60
-73.0651561,-40.1355271,60
-73.0651564,-40.1356186,60
-73.0651562,-40.1357227,60
-73.065156,-40.1358376,60
-73.0651561,-40.1359469,60
-73.0651563,-40.1360688,60
-73.0651563,-40.1361761,60
-73.0651567,-40.1362948,60
-73.0651561,-40.1364123,60
-73.0651563,-40.1365183,60
-73.0651558,-40.1366375,60
-73.0651559,-40.1367568,60
-73.0651558,-40.1368635,60
-73.0651556,-40.1369825,60
-73.0651559,-40.1371019,60
-73.0651558,-40.1372077,60
-73.0651554,-40.137324,60
-73.0651556,-40.1374447,60
-73.0651559,-40.1375834,60
-73.0651552,-40.1376671,60
-73.0651549,-40.1377851,60
-73.0651558,-40.1378934,60
-73.0651559,-40.1380131,60
-73.0651555,-40.1381319,60
-73.0651556,-40.1382389,60
-73.0651559,-40.1383577,60
-73.0651562,-40.1384762,60
-73.0651561,-40.1385823,60
-73.0651555,-40.1387018,60
-73.0651548,-40.1388134,60
-73.0651548,-40.1389184,60
-73.0651548,-40.1390386,60
-73.0651558,-40.1391584,60
-73.0651561,-40.1392631,60
-73.0651558,-40.1393751,60
-73.0651557,-40.1394858,60
-73.0651558,-40.1395919,60
-73.0651558,-40.1397108,60
-73.0651557,-40.1398239,60
-73.0651565,-40.1399414,60
-73.0651638,-40.1400382,60
-73.0652037,-40.1401131,60
-73.0652733,-40.1401645,60
-73.0653588,-40.140203,60
-73.0654119,-40.1402102,60
-73.0654447,-40.1401872,60
-73.0654548,-40.1401453,60
-73.065456,-40.1400921,60
-73.0654558,-40.1400272,60
-73.0654557,-40.1399389,60
-73.0654556,-40.1398376,60
-73.0654557,-40.1397259,60
-73.0654556,-40.1396165,60
-73.0654554,-40.1394941,60
-73.0654554,-40.1393843,60
-73.0654553,-40.1392647,60
-73.0654551,-40.1391463,60
-73.0654559,-40.1390281,60
-73.0654565,-40.1389227,60
-73.0654565,-40.1388043,60
-73.0654562,-40.1386862,60
-73.0654557,-40.1385794,60
-73.0654547,-40.1384606,60
-73.0654552,-40.1383414,60
-73.0654564,-40.1382347,60
-73.0654561,-40.1381168,60
-73.0654564,-40.13801,60
-73.065455,-40.13789,60
-73.0654541,-40.1377709,60
-73.0654544,-40.1376638,60
-73.0654546,-40.1375449,60
-73.065455,-40.1374267,60
-73.0654555,-40.1373205,60
-73.0654557,-40.1372017,60
-73.0654563,-40.137083,60
-73.0654555,-40.1369638,60
-73.0654551,-40.1368567,60
-73.065455,-40.1367375,60
-73.0654546,-40.1366184,60
-73.065455,-40.1365121,60
-73.0654558,-40.1363938,60
-73.0654558,-40.136286,60
-73.0654558,-40.136167,60
-73.0654557,-40.1360479,60
-73.0654552,-40.1359405,60
-73.0654551,-40.1358226,60
-73.0654552,-40.135704,60
-73.065455,-40.1356008,60
-73.065455,-40.1354919,60
-73.0654547,-40.1354165,60
-73.0654548,-40.1353525,60
-73.0654549,-40.1352764,60
-73.0654553,-40.1352307,60
-73.0654557,-40.1351819,60
-73.0654611,-40.1351205,60
-73.0654847,-40.135074,60
-73.0655329,-40.1350598,60
-73.0655948,-40.1350692,60
-73.0656591,-40.1350872,60
-73.0657249,-40.1351311,60
-73.0657517,-40.1351932,60
-73.0657554,-40.1352628,60
-73.0657557,-40.1353376,60
-73.0657561,-40.1354348,60
-73.0657559,-40.1355448,60
-73.0657561,-40.1356649,60
-73.0657561,-40.1357748,60
-73.0657564,-40.1358954,60
-73.0657564,-40.1360152,60
-73.0657569,-40.1361229,60
-73.0657571,-40.1362413,60
-73.0657567,-40.1363493,60
-73.0657563,-40.1364675,60
-73.0657556,-40.1365855,60
-73.0657559,-40.1366918,60
-73.0657558,-40.1368109,60
</coordinates></LineString>
</Placemark>
<Placemark>
<name>DJI_202603251414_007_PENABLANCA009_Timestamp.MRK</name>
<description>Equipo: M3E | Fecha: 25-03-2026 | Puntos: 954</description>
<styleUrl>#m3e</styleUrl>
<LineString><altitudeMode>relativeToGround</altitudeMode><coordinates>
-73.0657566,-40.1368174,60
-73.065757,-40.1368455,60
-73.0657561,-40.1368933,60
-73.0657559,-40.1369659,60
-73.0657558,-40.1370543,60
-73.0657554,-40.1371565,60
-73.0657551,-40.1372566,60
-73.0657552,-40.1373763,60
-73.0657551,-40.1374969,60
-73.0657555,-40.1376053,60
-73.0657558,-40.1377247,60
-73.0657556,-40.1378435,60
-73.0657561,-40.1379496,60
-73.0657559,-40.1380678,60
-73.0657562,-40.1381868,60
-73.065756,-40.1382933,60
-73.0657564,-40.1384117,60
-73.0657561,-40.1385425,60
-73.0657561,-40.1386371,60
-73.0657562,-40.138756,60
-73.0657561,-40.1388744,60
-73.065756,-40.1389809,60
-73.0657562,-40.1390993,60
-73.065756,-40.1392176,60
-73.0657558,-40.1393249,60
-73.065756,-40.1394435,60
-73.0657559,-40.1395619,60
-73.0657561,-40.1396815,60
-73.065756,-40.1397888,60
-73.0657561,-40.1399077,60
-73.065756,-40.1400149,60
-73.0657558,-40.1401334,60
-73.065756,-40.1402506,60
-73.0657632,-40.1403367,60
-73.0657909,-40.1403905,60
-73.0658512,-40.1404156,60
-73.0659171,-40.1404202,60
-73.0659935,-40.1404104,60
-73.0660397,-40.1403741,60
-73.0660545,-40.1403218,60
-73.066056,-40.1402664,60
-73.0660565,-40.1401908,60
-73.0660572,-40.1400977,60
-73.0660571,-40.1400026,60
-73.0660566,-40.1398895,60
-73.066057,-40.139769,60
-73.0660574,-40.1396591,60
-73.0660573,-40.1395387,60
-73.0660572,-40.1394204,60
-73.0660563,-40.1393142,60
-73.0660566,-40.1391973,60
-73.0660568,-40.1390908,60
-73.0660566,-40.1389716,60
-73.0660562,-40.1388523,60
-73.066056,-40.1387333,60
-73.0660561,-40.1386258,60
-73.066056,-40.1385074,60
-73.066056,-40.1384003,60
-73.0660556,-40.138282,60
-73.0660562,-40.1381631,60
-73.0660558,-40.1380445,60
-73.0660563,-40.1379264,60
-73.066057,-40.137821,60
-73.0660566,-40.1377136,60
-73.0660564,-40.1375937,60
-73.066056,-40.1374749,60
-73.0660556,-40.137357,60
-73.0660553,-40.1372496,60
-73.0660553,-40.1371306,60
-73.0660556,-40.1370122,60
-73.0660553,-40.1369064,60
-73.0660558,-40.1367883,60
-73.0660561,-40.1366695,60
-73.0660569,-40.1365629,60
-73.066057,-40.1364449,60
-73.0660572,-40.1363258,60
-73.0660564,-40.1362192,60
-73.0660565,-40.1360993,60
-73.0660561,-40.1359796,60
-73.0660563,-40.1358738,60
-73.0660554,-40.1357732,60
-73.0660553,-40.1356665,60
-73.0660551,-40.135581,60
-73.0660551,-40.1354909,60
-73.0660561,-40.1353864,60
-73.0660609,-40.1352845,60
-73.0660738,-40.1352358,60
-73.0661192,-40.1352131,60
-73.0661805,-40.1352178,60
-73.066243,-40.1352336,60
-73.0663146,-40.1352723,60
-73.0663495,-40.1353306,60
-73.066356,-40.1353913,60
-73.066357,-40.1354705,60
-73.0663566,-40.1355641,60
-73.0663565,-40.1356611,60
-73.0663565,-40.1357764,60
-73.0663567,-40.1358965,60
-73.0663569,-40.1360063,60
-73.0663567,-40.1361262,60
-73.0663565,-40.1362696,60
-73.0663567,-40.1363644,60
-73.0663567,-40.1364709,60
-73.066356,-40.136589,60
-73.0663561,-40.1366957,60
-73.0663561,-40.1368141,60
-73.0663567,-40.1369329,60
-73.0663564,-40.1370401,60
-73.0663567,-40.1371585,60
-73.0663564,-40.1372764,60
-73.0663562,-40.1373837,60
-73.0663563,-40.1375029,60
-73.0663561,-40.1376216,60
-73.0663561,-40.1377288,60
-73.0663562,-40.1378474,60
-73.0663565,-40.137966,60
-73.0663564,-40.1380729,60
-73.066356,-40.1381912,60
-73.0663563,-40.1383097,60
-73.0663567,-40.1384159,60
-73.066357,-40.138534,60
-73.0663571,-40.1386534,60
-73.0663569,-40.1387603,60
-73.0663569,-40.1388787,60
-73.0663562,-40.1389974,60
-73.0663561,-40.1391038,60
-73.0663564,-40.1392225,60
-73.0663561,-40.1393411,60
-73.066356,-40.1394598,60
-73.0663561,-40.139567,60
-73.0663564,-40.1396854,60
-73.0663568,-40.1398041,60
-73.0663563,-40.1399111,60
-73.0663562,-40.1400269,60
-73.0663559,-40.1401325,60
-73.0663563,-40.1402518,60
-73.0663637,-40.1403439,60
-73.06639,-40.1403973,60
-73.0664451,-40.1404171,60
-73.0665221,-40.1404172,60
-73.0665975,-40.1404042,60
-73.0666398,-40.1403716,60
-73.0666551,-40.1403183,60
-73.0666569,-40.1402568,60
-73.0666571,-40.1401866,60
-73.0666569,-40.1400916,60
-73.0666564,-40.1399857,60
-73.0666566,-40.1398801,60
-73.0666568,-40.1397571,60
-73.0666561,-40.1396475,60
-73.0666557,-40.1395276,60
-73.066656,-40.1394094,60
-73.0666566,-40.1392915,60
-73.0666562,-40.139185,60
-73.0666563,-40.1390655,60
-73.0666566,-40.1389456,60
-73.0666556,-40.1388399,60
-73.0666562,-40.1387226,60
-73.0666563,-40.1386046,60
-73.0666565,-40.1384975,60
-73.0666559,-40.1383777,60
-73.0666561,-40.1382617,60
-73.066656,-40.1381578,60
-73.0666565,-40.138037,60
-73.0666564,-40.1379167,60
-73.0666557,-40.1378093,60
-73.0666561,-40.1376904,60
-73.0666562,-40.1375831,60
-73.0666556,-40.1374649,60
-73.0666552,-40.1373456,60
-73.0666553,-40.1372393,60
-73.0666557,-40.1371208,60
-73.0666559,-40.1370015,60
-73.0666559,-40.1368825,60
-73.0666549,-40.1367761,60
-73.066655,-40.1366573,60
-73.0666549,-40.1365387,60
-73.0666553,-40.1364317,60
-73.0666555,-40.136313,60
-73.0666557,-40.1361945,60
-73.0666552,-40.136087,60
-73.066656,-40.1359699,60
-73.0666559,-40.1358732,60
-73.0666555,-40.1357559,60
-73.0666559,-40.1356422,60
-73.0666565,-40.1355441,60
-73.0666597,-40.1354461,60
-73.0666707,-40.1353919,60
-73.06671,-40.1353669,60
-73.0667694,-40.1353672,60
-73.0668357,-40.1353829,60
-73.0669092,-40.1354192,60
-73.0669463,-40.1354694,60
-73.0669559,-40.1355358,60
-73.0669571,-40.1356133,60
-73.066957,-40.1356951,60
-73.0669564,-40.1358027,60
-73.0669561,-40.1359194,60
-73.066956,-40.1360288,60
-73.0669561,-40.1361502,60
-73.0669566,-40.1362699,60
-73.0669566,-40.1363773,60
-73.0669568,-40.1364963,60
-73.0669568,-40.1366151,60
-73.0669565,-40.1367214,60
-73.0669564,-40.1368403,60
-73.0669564,-40.1369585,60
-73.0669564,-40.1370651,60
-73.066956,-40.1371837,60
-73.0669566,-40.1373019,60
-73.0669567,-40.1374086,60
-73.0669564,-40.1375273,60
-73.0669562,-40.1376457,60
-73.0669564,-40.1377531,60
-73.0669562,-40.1378722,60
-73.0669561,-40.1379908,60
-73.0669568,-40.1380977,60
-73.0669573,-40.1382164,60
-73.0669572,-40.1383348,60
-73.0669572,-40.1384407,60
-73.0669567,-40.1385598,60
-73.0669567,-40.1386669,60
-73.0669563,-40.138786,60
-73.0669568,-40.1389043,60
-73.0669566,-40.1390112,60
-73.0669563,-40.1391301,60
-73.0669565,-40.1392485,60
-73.066956,-40.1393672,60
-73.0669557,-40.1394746,60
-73.0669558,-40.1395935,60
-73.0669559,-40.1397121,60
-73.0669562,-40.1398185,60
-73.0669558,-40.1399311,60
-73.0669566,-40.1400231,60
-73.0669567,-40.1401166,60
-73.0669559,-40.1402105,60
-73.0669619,-40.1402988,60
-73.0669721,-40.1403463,60
-73.0670114,-40.1403635,60
-73.0670548,-40.1403511,60
-73.0671025,-40.140324,60
-73.0671723,-40.1402765,60
-73.0672346,-40.1402049,60
-73.0672573,-40.1401187,60
-73.0672562,-40.1400351,60
-73.0672565,-40.1399343,60
-73.0672566,-40.1398202,60
-73.0672567,-40.1397021,60
-73.067256,-40.1395926,60
-73.0672558,-40.1394837,60
-73.0672558,-40.1393641,60
-73.0672561,-40.1392452,60
-73.0672561,-40.1391267,60
-73.0672558,-40.1390206,60
-73.0672557,-40.1389023,60
-73.0672559,-40.1387954,60
-73.0672561,-40.1386769,60
-73.0672559,-40.1385585,60
-73.0672563,-40.1384518,60
-73.0672562,-40.1383335,60
-73.0672565,-40.1382147,60
-73.0672565,-40.1380958,60
-73.0672564,-40.1379893,60
-73.0672563,-40.1378712,60
-73.0672567,-40.1377526,60
-73.0672562,-40.1376462,60
-73.0672564,-40.1375286,60
-73.0672564,-40.1374098,60
-73.067256,-40.1373033,60
-73.0672565,-40.1371851,60
-73.0672562,-40.1370662,60
-73.0672556,-40.1369596,60
-73.0672564,-40.1368411,60
-73.0672562,-40.136734,60
-73.0672562,-40.1366157,60
-73.0672556,-40.1364963,60
-73.0672565,-40.1363777,60
-73.0672568,-40.1362718,60
-73.0672562,-40.1361526,60
-73.0672557,-40.136047,60
-73.0672559,-40.1359298,60
-73.0672558,-40.1358372,60
-73.0672557,-40.1357394,60
-73.0672557,-40.1356504,60
-73.0672621,-40.1355684,60
-73.0672874,-40.1355252,60
-73.0673369,-40.1355141,60
-73.0674003,-40.1355245,60
-73.0674734,-40.1355481,60
-73.0675289,-40.1355896,60
-73.0675541,-40.1356511,60
-73.0675567,-40.1357144,60
-73.0675567,-40.1357964,60
-73.0675569,-40.1359068,60
-73.0675567,-40.1360063,60
-73.0675563,-40.1361049,60
-73.0675562,-40.1362203,60
-73.0675569,-40.1363394,60
-73.0675573,-40.1364474,60
-73.0675569,-40.1365665,60
-73.0675564,-40.1366854,60
-73.0675569,-40.1367919,60
-73.0675565,-40.1369104,60
-73.0675562,-40.1370285,60
-73.0675567,-40.1371348,60
-73.0675564,-40.1372528,60
-73.0675566,-40.1373703,60
-73.0675565,-40.1374765,60
-73.0675564,-40.1375952,60
-73.0675561,-40.1377144,60
-73.0675562,-40.1378212,60
-73.0675565,-40.13794,60
-73.0675564,-40.1380585,60
-73.0675562,-40.1381653,60
-73.0675566,-40.1382835,60
-73.0675571,-40.1383981,60
-73.067557,-40.1385054,60
-73.0675569,-40.1386254,60
-73.0675567,-40.1387446,60
-73.0675576,-40.1388519,60
-73.0675576,-40.1389705,60
-73.0675589,-40.1390811,60
-73.0675686,-40.1391472,60
-73.0675964,-40.1391774,60
-73.0676438,-40.1391755,60
-73.0676914,-40.1391522,60
-73.0677453,-40.1391199,60
-73.0678128,-40.1390622,60
-73.0678526,-40.1389825,60
-73.0678565,-40.1389028,60
-73.0678571,-40.1388068,60
-73.0678571,-40.1386995,60
-73.0678566,-40.1385939,60
-73.0678565,-40.1384727,60
-73.0678565,-40.1383514,60
-73.0678571,-40.1382436,60
-73.0678567,-40.1381256,60
-73.0678565,-40.1380077,60
-73.0678564,-40.1379012,60
-73.0678562,-40.137784,60
-73.067857,-40.1376652,60
-73.067857,-40.1375587,60
-73.0678568,-40.137441,60
-73.0678566,-40.1373217,60
-73.0678572,-40.137215,60
-73.067857,-40.1370957,60
-73.0678569,-40.1369766,60
-73.0678573,-40.1368697,60
-73.0678576,-40.13674,60
-73.0678573,-40.1366336,60
-73.0678577,-40.1365149,60
-73.0678571,-40.1364083,60
-73.0678575,-40.1362903,60
-73.0678574,-40.1361835,60
-73.0678564,-40.1360648,60
-73.0678565,-40.1359553,60
-73.0678563,-40.1358565,60
-73.0678579,-40.1357704,60
-73.0678652,-40.1357058,60
-73.0678841,-40.1356674,60
-73.0679381,-40.1356587,60
-73.0680069,-40.1356762,60
-73.0680757,-40.1357,60
-73.0681346,-40.1357476,60
-73.068155,-40.1358114,60
-73.0681567,-40.1358759,60
-73.0681576,-40.13596,60
-73.0681577,-40.1360624,60
-73.0681573,-40.1361751,60
-73.0681574,-40.1362832,60
-73.0681577,-40.1364049,60
-73.0681576,-40.1365135,60
-73.0681575,-40.1366331,60
-73.0681572,-40.1367525,60
-73.0681573,-40.1368593,60
-73.0681572,-40.1369779,60
-73.0681572,-40.1370965,60
-73.068157,-40.137203,60
-73.0681572,-40.137321,60
-73.0681572,-40.1374378,60
-73.0681572,-40.1375457,60
-73.068157,-40.1376649,60
-73.0681574,-40.137783,60
-73.0681573,-40.1378905,60
-73.068157,-40.1380091,60
-73.0681569,-40.1381272,60
-73.068157,-40.1382454,60
-73.0681569,-40.1383519,60
-73.0681572,-40.1384707,60
-73.0681576,-40.1385891,60
-73.0681627,-40.1386753,60
-73.0681776,-40.1387223,60
-73.0682048,-40.138734,60
-73.0682414,-40.1387167,60
-73.0682784,-40.1386841,60
-73.0683254,-40.1386402,60
-73.0683894,-40.1385754,60
-73.0684402,-40.1384905,60
-73.068458,-40.1384,60
-73.0684569,-40.1382933,60
-73.0684568,-40.1381786,60
-73.0684571,-40.1380704,60
-73.0684566,-40.137937,60
-73.0684565,-40.1378295,60
-73.0684564,-40.1377229,60
-73.0684567,-40.137604,60
-73.0684566,-40.1374852,60
-73.0684565,-40.1373672,60
-73.0684571,-40.1372609,60
-73.0684568,-40.1371427,60
-73.0684564,-40.1370358,60
-73.0684568,-40.1369176,60
-73.0684572,-40.1367998,60
-73.0684574,-40.1366812,60
-73.0684573,-40.1365745,60
-73.0684573,-40.1364553,60
-73.0684576,-40.1363511,60
-73.0684572,-40.1362307,60
-73.0684573,-40.1361159,60
-73.0684578,-40.1360133,60
-73.0684595,-40.1359023,60
-73.0684728,-40.1358377,60
-73.0685091,-40.1358083,60
-73.0685705,-40.1358042,60
-73.0686405,-40.1358161,60
-73.0687126,-40.135846,60
-73.0687483,-40.1358931,60
-73.0687576,-40.135956,60
-73.068758,-40.1360219,60
-73.0687583,-40.1361103,60
-73.068758,-40.1362133,60
-73.0687576,-40.1363159,60
-73.0687586,-40.1364371,60
-73.0687576,-40.1365584,60
-73.0687579,-40.1366661,60
-73.0687577,-40.1367849,60
-73.0687577,-40.1369042,60
-73.0687575,-40.1370234,60
-73.0687577,-40.1371302,60
-73.0687577,-40.1372476,60
-73.0687575,-40.137366,60
-73.0687574,-40.1374726,60
-73.0687572,-40.1375911,60
-73.0687575,-40.137696,60
-73.0687572,-40.1377851,60
-73.0687576,-40.1378949,60
-73.0687571,-40.138013,60
-73.0687573,-40.1381214,60
-73.0687628,-40.1382178,60
-73.0687799,-40.1382719,60
-73.0688231,-40.1382956,60
-73.0688906,-40.1382926,60
-73.0689664,-40.1382792,60
-73.0690245,-40.138248,60
-73.0690537,-40.1381944,60
-73.0690571,-40.138137,60
-73.0690578,-40.1380614,60
-73.0690577,-40.1379706,60
-73.0690574,-40.1378756,60
-73.0690579,-40.1377604,60
-73.0690578,-40.1376388,60
-73.0690571,-40.1375291,60
-73.0690575,-40.1374094,60
-73.0690571,-40.1372907,60
-73.0690578,-40.1371726,60
-73.0690578,-40.1370662,60
-73.0690579,-40.136948,60
-73.069058,-40.1368299,60
-73.0690579,-40.1367227,60
-73.0690574,-40.1366041,60
-73.069057,-40.1364971,60
-73.0690571,-40.1363794,60
-73.0690573,-40.1362621,60
-73.0690571,-40.1361628,60
-73.069057,-40.1360672,60
-73.069062,-40.1359771,60
-73.0690833,-40.1359266,60
-73.0691295,-40.1359088,60
-73.0691968,-40.1359145,60
-73.069272,-40.1359315,60
-73.0693281,-40.1359662,60
-73.0693545,-40.1360235,60
-73.0693583,-40.1360892,60
-73.0693584,-40.1361689,60
-73.0693577,-40.1362561,60
-73.069358,-40.1363675,60
-73.0693578,-40.1364734,60
-73.0693574,-40.1365943,60
-73.0693577,-40.1367144,60
-73.0693579,-40.136822,60
-73.0693577,-40.1369415,60
-73.069358,-40.1370603,60
-73.0693581,-40.137167,60
-73.0693584,-40.1372853,60
-73.0693588,-40.1374037,60
-73.0693581,-40.1375097,60
-73.0693575,-40.1376276,60
-73.0693573,-40.1377466,60
-73.0693572,-40.1378536,60
-73.0693577,-40.1379716,60
-73.0693591,-40.1380863,60
-73.0693689,-40.138157,60
-73.0693996,-40.1381961,60
-73.0694517,-40.1382088,60
-73.0695196,-40.1382028,60
-73.0695963,-40.1381811,60
-73.0696445,-40.1381371,60
-73.0696571,-40.1380773,60
-73.069658,-40.1380156,60
-73.0696581,-40.1379324,60
-73.069658,-40.1378428,60
-73.0696581,-40.1377357,60
-73.069658,-40.1376206,60
-73.0696578,-40.1375096,60
-73.069658,-40.1373753,60
-73.0696584,-40.1372672,60
-73.0696582,-40.1371602,60
-73.0696581,-40.1370417,60
-73.0696583,-40.1369232,60
-73.0696582,-40.1368165,60
-73.069658,-40.1366982,60
-73.0696574,-40.1365833,60
-73.0696571,-40.1364757,60
-73.0696571,-40.1363687,60
-73.0696585,-40.1362544,60
-73.0696586,-40.1361496,60
-73.0696648,-40.1360745,60
-73.0696894,-40.1360305,60
-73.0697396,-40.1360154,60
-73.0698056,-40.1360218,60
-73.0698817,-40.1360414,60
-73.0699373,-40.1360839,60
-73.0699559,-40.1361375,60
-73.0699588,-40.1362046,60
-73.0699592,-40.1362877,60
-73.069959,-40.1363746,60
-73.0699587,-40.136484,60
-73.0699585,-40.1366032,60
-73.0699584,-40.136709,60
-73.0699583,-40.1368304,60
-73.0699585,-40.1369523,60
-73.0699584,-40.1370723,60
-73.0699582,-40.1371799,60
-73.0699586,-40.1372995,60
-73.0699584,-40.1374062,60
-73.0699585,-40.1375369,60
-73.0699586,-40.1376434,60
-73.0699585,-40.1377463,60
-73.0699586,-40.1378597,60
-73.0699592,-40.1379747,60
-73.0699656,-40.1380569,60
-73.06999,-40.1381047,60
-73.0700454,-40.1381226,60
-73.0701051,-40.1381192,60
-73.0701819,-40.1381016,60
-73.0702378,-40.1380619,60
-73.070256,-40.1380098,60
-73.0702585,-40.1379445,60
-73.070258,-40.1378637,60
-73.0702579,-40.1377773,60
-73.0702579,-40.1376706,60
-73.0702579,-40.1375525,60
-73.0702579,-40.1374414,60
-73.0702576,-40.137321,60
-73.0702575,-40.1372032,60
-73.0702581,-40.1370809,60
-73.0702577,-40.1369907,60
-73.0702584,-40.136869,60
-73.0702586,-40.1367674,60
-73.0702584,-40.1366558,60
-73.0702582,-40.1365419,60
-73.0702577,-40.1364416,60
-73.0702582,-40.1363414,60
-73.0702647,-40.1362628,60
-73.070273,-40.1362303,60
-73.0703037,-40.1362272,60
-73.0703305,-40.1362487,60
-73.0703575,-40.1362793,60
-73.0704006,-40.1363325,60
-73.0704566,-40.1364029,60
-73.0705105,-40.1364789,60
-73.0705501,-40.1365792,60
-73.0705591,-40.1366925,60
-73.0705595,-40.136801,60
-73.0705593,-40.1369223,60
-73.0705594,-40.1370422,60
-73.0705593,-40.137161,60
-73.0705591,-40.1372681,60
-73.0705589,-40.1373862,60
-73.0705588,-40.1374805,60
-73.0705593,-40.137591,60
-73.0705593,-40.1377078,60
-73.0705678,-40.1377852,60
-73.0705897,-40.1378208,60
-73.0706286,-40.137821,60
-73.0706618,-40.1377992,60
-73.0707077,-40.1377623,60
-73.0707698,-40.1377079,60
-73.0708248,-40.1376407,60
-73.0708576,-40.1375488,60
-73.0708583,-40.1374473,60
-73.0708587,-40.1373502,60
-73.070858,-40.1372328,60
-73.0708577,-40.1371119,60
-73.0708528,-40.1370238,60
-73.0708345,-40.1369767,60
-73.0707941,-40.1369645,60
-73.0707522,-40.1369809,60
-73.0707038,-40.137011,60
-73.0706346,-40.1370552,60
-73.0705589,-40.1371045,60
-73.0704838,-40.1371535,60
-73.0704213,-40.1371928,60
-73.0703442,-40.1372421,60
-73.070261,-40.1372963,60
-73.0701584,-40.1373628,60
-73.0700437,-40.1374377,60
-73.0699349,-40.1375081,60
-73.0698155,-40.1375847,60
-73.0697082,-40.137654,60
-73.0695893,-40.137731,60
-73.0694706,-40.1378076,60
-73.0693635,-40.1378768,60
-73.0692451,-40.1379527,60
-73.0691265,-40.138029,60
-73.0690086,-40.138105,60
-73.0689077,-40.1381703,60
-73.0687947,-40.138244,60
-73.0686777,-40.1383266,60
-73.06858,-40.1384061,60
-73.068482,-40.1384968,60
-73.0683846,-40.1385875,60
-73.0682951,-40.1386709,60
-73.0682021,-40.1387575,60
-73.0681029,-40.1388492,60
-73.0680129,-40.1389329,60
-73.0679073,-40.1390192,60
-73.0677874,-40.1390964,60
-73.0676769,-40.1391627,60
-73.0675591,-40.1392333,60
-73.0674489,-40.1393009,60
-73.0673598,-40.1393639,60
-73.0673262,-40.1394243,60
-73.0673358,-40.1394849,60
-73.0673693,-40.1395525,60
-73.0674137,-40.1396328,60
-73.0674644,-40.1397263,60
-73.0674939,-40.139794,60
-73.0674938,-40.1398283,60
-73.067477,-40.1398257,60
-73.0674509,-40.1398079,60
-73.0674123,-40.1397778,60
-73.0673514,-40.1397289,60
-73.0672827,-40.1396726,60
-73.0671941,-40.1396005,60
-73.0671056,-40.1395284,60
-73.0670012,-40.1394436,60
-73.0668984,-40.1393604,60
-73.0667928,-40.139275,60
-73.0666985,-40.1391969,60
-73.0665894,-40.1391076,60
-73.0664824,-40.1390207,60
-73.0663867,-40.1389427,60
-73.0662885,-40.1388633,60
-73.0662007,-40.1387913,60
-73.066108,-40.1387166,60
-73.066001,-40.1386301,60
-73.065906,-40.1385511,60
-73.0658021,-40.1384671,60
-73.0656986,-40.1383812,60
-73.0656199,-40.1383177,60
-73.0655366,-40.138249,60
-73.0654368,-40.1381683,60
-73.0653598,-40.1381057,60
-73.0652806,-40.1380406,60
-73.0651867,-40.1379638,60
-73.0650901,-40.1378852,60
-73.0649952,-40.1378077,60
-73.0648828,-40.1377173,60
-73.0647835,-40.1376377,60
-73.064665,-40.1375624,60
-73.0645304,-40.1375042,60
-73.0643893,-40.1374534,60
-73.0642617,-40.137408,60
-73.0641207,-40.137358,60
-73.0639972,-40.1373137,60
-73.0638575,-40.1372627,60
-73.0637151,-40.1372122,60
-73.0635891,-40.1371679,60
-73.0634502,-40.1371185,60
-73.0633089,-40.137068,60
-73.0631806,-40.1370222,60
-73.0630429,-40.1369694,60
-73.0629336,-40.1369095,60
-73.0628637,-40.1368372,60
-73.0628145,-40.1367638,60
-73.0627517,-40.1366714,60
-73.0626897,-40.1365807,60
-73.0626177,-40.136473,60
-73.0625475,-40.1363651,60
-73.0624767,-40.1362587,60
-73.0624128,-40.1361633,60
-73.0623417,-40.1360575,60
-73.0622713,-40.1359522,60
-73.0622075,-40.135857,60
-73.0621372,-40.1357518,60
-73.062077,-40.1356694,60
-73.06202,-40.1356171,60
-73.0619465,-40.1355977,60
-73.0618894,-40.1355813,60
-73.0618597,-40.1355455,60
-73.0618549,-40.1354982,60
-73.0618539,-40.1354428,60
-73.061854,-40.1353639,60
-73.0618544,-40.1352737,60
-73.0618544,-40.135172,60
-73.0618549,-40.1350822,60
-73.0618538,-40.1349743,60
-73.0618536,-40.1348571,60
-73.0618537,-40.1347478,60
-73.0618544,-40.1346277,60
-73.0618553,-40.1345209,60
-73.0618552,-40.1344025,60
-73.0618548,-40.1342836,60
-73.0618543,-40.134177,60
-73.0618532,-40.1340589,60
-73.0618535,-40.1339405,60
-73.0618532,-40.1338223,60
-73.0618534,-40.1337159,60
-73.0618537,-40.1335982,60
-73.0618541,-40.1334817,60
-73.0618537,-40.1333886,60
-73.0618541,-40.133316,60
-73.0618545,-40.1332423,60
-73.0618544,-40.133187,60
-73.0618547,-40.1331176,60
-73.0618544,-40.1330435,60
-73.0618544,-40.132974,60
-73.0618494,-40.1328949,60
-73.0618338,-40.1328403,60
-73.0617892,-40.1327989,60
-73.0617115,-40.132775,60
-73.0616286,-40.1327698,60
-73.0615796,-40.1327877,60
-73.061556,-40.1328318,60
-73.0615524,-40.1328856,60
-73.0615528,-40.1329468,60
-73.0615536,-40.1330316,60
-73.061554,-40.1331024,60
-73.061554,-40.1331514,60
-73.0615536,-40.1332113,60
-73.061554,-40.1332705,60
-73.0615551,-40.1333521,60
-73.0615551,-40.1334475,60
-73.0615553,-40.1335488,60
-73.0615547,-40.1336344,60
-73.0615545,-40.1337404,60
-73.0615547,-40.1338433,60
-73.0615544,-40.1339634,60
-73.061554,-40.1340851,60
-73.061554,-40.1341928,60
-73.0615547,-40.1343115,60
-73.0615539,-40.1344293,60
-73.061554,-40.1345468,60
-73.0615541,-40.1346522,60
-73.0615538,-40.1347709,60
-73.061554,-40.1348908,60
-73.0615545,-40.1349984,60
-73.0615542,-40.135117,60
-73.0615544,-40.1352175,60
-73.0615549,-40.1353253,60
-73.0615534,-40.1354273,60
-73.0615455,-40.1355005,60
-73.0615073,-40.1355413,60
-73.0614419,-40.1355475,60
-73.0613738,-40.1355404,60
-73.0613015,-40.1355178,60
-73.0612642,-40.1354697,60
-73.0612554,-40.1354109,60
-73.0612547,-40.135349,60
-73.0612543,-40.1352623,60
-73.0612537,-40.1351738,60
-73.0612537,-40.1350727,60
-73.0612534,-40.1349639,60
-73.0612533,-40.1348602,60
-73.0612531,-40.1347399,60
-73.061254,-40.13462,60
-73.0612539,-40.1345133,60
-73.0612535,-40.1343977,60
-73.0612537,-40.1342803,60
-73.0612546,-40.1341711,60
-73.0612543,-40.13404,60
-73.0612547,-40.1339339,60
-73.061255,-40.1338259,60
-73.0612554,-40.1336966,60
-73.0612553,-40.1335969,60
-73.0612544,-40.1334813,60
-73.0612534,-40.1333819,60
-73.0612527,-40.1332746,60
-73.0612528,-40.1332063,60
-73.0612534,-40.1331529,60
-73.0612536,-40.133109,60
-73.0612536,-40.1330599,60
-73.0612533,-40.1330071,60
-73.0612526,-40.132948,60
-73.0612471,-40.1328995,60
-73.0612261,-40.132862,60
-73.0611775,-40.1328418,60
-73.0611121,-40.1328485,60
-73.0610465,-40.1328662,60
-73.0609826,-40.1329088,60
-73.0609568,-40.1329641,60
-73.0609523,-40.1330319,60
-73.0609525,-40.1331143,60
-73.060953,-40.1332112,60
-73.0609532,-40.1332943,60
-73.0609535,-40.1333803,60
-73.060954,-40.1334631,60
-73.0609538,-40.1335681,60
-73.0609539,-40.1336818,60
-73.0609544,-40.1337905,60
-73.0609536,-40.1339114,60
-73.0609541,-40.1340298,60
-73.0609548,-40.134136,60
-73.0609546,-40.1342545,60
-73.0609542,-40.1343548,60
-73.0609547,-40.1344433,60
-73.060955,-40.1345537,60
-73.0609546,-40.1346705,60
-73.0609547,-40.134792,60
-73.0609546,-40.1349022,60
-73.0609542,-40.1350226,60
-73.0609539,-40.1351412,60
-73.0609541,-40.1352476,60
-73.0609525,-40.1353599,60
-73.0609424,-40.1354322,60
-73.0609064,-40.1354612,60
-73.0608558,-40.1354556,60
-73.0608016,-40.1354318,60
-73.06073,-40.1353936,60
-73.0606718,-40.1353291,60
-73.0606543,-40.1352583,60
-73.0606535,-40.1351734,60
-73.0606543,-40.1350773,60
-73.0606543,-40.1349802,60
-73.0606538,-40.1348511,60
-73.0606533,-40.1347428,60
-73.0606529,-40.1346346,60
-73.0606531,-40.1345245,60
-73.0606525,-40.1344209,60
-73.060653,-40.1343165,60
-73.060653,-40.1342205,60
-73.0606522,-40.1341134,60
-73.0606519,-40.134029,60
-73.0606519,-40.1339269,60
-73.060652,-40.1338237,60
-73.0606529,-40.1337248,60
-73.0606527,-40.1336066,60
-73.0606523,-40.1334921,60
-73.0606533,-40.1333942,60
-73.0606534,-40.1333007,60
-73.0606526,-40.1332138,60
-73.0606524,-40.1331336,60
-73.0606498,-40.1330638,60
-73.0606368,-40.1330039,60
-73.0606023,-40.1329769,60
-73.0605366,-40.1329805,60
-73.0604656,-40.1329992,60
-73.0603999,-40.1330315,60
-73.0603573,-40.133078,60
-73.0603542,-40.1331441,60
-73.060353,-40.1332289,60
-73.0603521,-40.1333146,60
-73.0603531,-40.1334222,60
-73.0603535,-40.133531,60
-73.0603531,-40.1336558,60
-73.0603527,-40.133789,60
-73.0603534,-40.1338971,60
-73.0603536,-40.1340047,60
-73.0603537,-40.1341237,60
-73.0603539,-40.1342304,60
-73.0603539,-40.134349,60
-73.0603541,-40.1344672,60
-73.0603516,-40.1345716,60
-73.0603427,-40.1346247,60
-73.0603293,-40.1346423,60
-73.0603112,-40.1346284,60
-73.0602968,-40.1346025,60
-73.060272,-40.1345532,60
-73.0602426,-40.1344919,60
-73.0602025,-40.1344081,60
-73.0601563,-40.1343173,60
-73.0601206,-40.1342621,60
-73.0600838,-40.1342412,60
-73.0600574,-40.1342178,60
-73.0600533,-40.1341874,60
-73.0600526,-40.1341396,60
-73.0600522,-40.1340637,60
-73.0600529,-40.1339849,60
-73.0600527,-40.1339011,60
-73.060054,-40.1338393,60
-73.0600535,-40.1337532,60
-73.0600533,-40.133668,60
-73.0600536,-40.1335717,60
-73.0600532,-40.1334923,60
-73.0600529,-40.1334434,60
-73.0600526,-40.1333929,60
-73.0600536,-40.1333343,60
-73.0600537,-40.1332728,60
-73.0600499,-40.1331924,60
-73.060032,-40.1331393,60
-73.0599863,-40.1331195,60
-73.0599225,-40.1331237,60
-73.0598598,-40.1331389,60
-73.0597897,-40.1331775,60
-73.0597584,-40.1332363,60
-73.0597528,-40.1332972,60
-73.0597528,-40.1333764,60
-73.0597535,-40.1334714,60
-73.0597535,-40.133579,60
-73.0597533,-40.1336847,60
-73.0597526,-40.1338043,60
-73.0597528,-40.1339253,60
-73.059752,-40.1340293,60
-73.0597415,-40.1341089,60
-73.0597139,-40.1341443,60
-73.0596568,-40.134154,60
-73.0595894,-40.1341425,60
-73.0595133,-40.1341142,60
-73.0594705,-40.134071,60
-73.0594562,-40.1340101,60
-73.0594541,-40.1339369,60
-73.0594538,-40.1338591,60
-73.0594533,-40.133759,60
-73.0594533,-40.1336489,60
-73.0594542,-40.1335443,60
-73.0594538,-40.1334223,60
-73.0594472,-40.1333234,60
-73.0594303,-40.1332768,60
-73.0593806,-40.1332558,60
-73.0593164,-40.1332635,60
-73.0592521,-40.1332806,60
-73.0591857,-40.133321,60
-73.0591567,-40.1333803,60
-73.0591532,-40.1334417,60
-73.0591534,-40.1335223,60
-73.0591531,-40.1336085,60
-73.0591541,-40.133716,60
-73.0591537,-40.1338333,60
-73.0591541,-40.1339472,60
-73.0591547,-40.1340086,60
-73.0591542,-40.1340383,60
-73.0591542,-40.1340514,60
-73.0591543,-40.1340533,60
</coordinates></LineString>
</Placemark>
<Placemark>
<name>DJI_202603251414_008_PENABLANCA008_Timestamp.MRK</name>
<description>Equipo: M3E | Fecha: 25-03-2026 | Puntos: 217</description>
<styleUrl>#m3e</styleUrl>
<LineString><altitudeMode>relativeToGround</altitudeMode><coordinates>
-73.0607794,-40.1366965,60
-73.0607795,-40.136722,60
-73.0607801,-40.1367686,60
-73.0607801,-40.1368409,60
-73.0607803,-40.136927,60
-73.060781,-40.1370293,60
-73.060781,-40.1371313,60
-73.0607807,-40.1372504,60
-73.0607803,-40.1373576,60
-73.0607808,-40.1374776,60
-73.0607811,-40.1375965,60
-73.0607873,-40.1376954,60
-73.0608046,-40.1377433,60
-73.0608506,-40.1377692,60
-73.06092,-40.1377713,60
-73.0609888,-40.1377609,60
-73.0610505,-40.1377289,60
-73.0610745,-40.1376814,60
-73.0610794,-40.1376203,60
-73.0610805,-40.1375443,60
-73.0610806,-40.1374529,60
-73.0610803,-40.1373605,60
-73.0610801,-40.1372451,60
-73.0610808,-40.1371308,60
-73.0610801,-40.1370239,60
-73.0610801,-40.1368998,60
-73.0610806,-40.1367974,60
-73.0610923,-40.1367167,60
-73.0611227,-40.136675,60
-73.0611856,-40.1366547,60
-73.061268,-40.136649,60
-73.0613348,-40.1366603,60
-73.0613704,-40.1366998,60
-73.0613783,-40.1367476,60
-73.0613799,-40.1368114,60
-73.0613805,-40.1368948,60
-73.0613804,-40.1369822,60
-73.0613802,-40.1370907,60
-73.0613802,-40.1372092,60
-73.0613804,-40.1373311,60
-73.0613805,-40.1374382,60
-73.0613809,-40.1375401,60
-73.0613814,-40.1376187,60
-73.0613909,-40.1376904,60
-73.0614188,-40.1377229,60
-73.0614722,-40.1377199,60
-73.0615327,-40.1377127,60
-73.0616177,-40.1377021,60
-73.0616643,-40.1376906,60
-73.0616786,-40.1376605,60
-73.0616807,-40.1376203,60
-73.0616807,-40.1375592,60
-73.0616805,-40.1374876,60
-73.0616805,-40.1373985,60
-73.06168,-40.1373026,60
-73.0616804,-40.1372154,60
-73.0616801,-40.1371071,60
-73.0616806,-40.1370056,60
-73.0616812,-40.136892,60
-73.0616816,-40.1367812,60
-73.0616861,-40.1367069,60
-73.0617042,-40.1366622,60
-73.0617556,-40.1366465,60
-73.0618096,-40.1366571,60
-73.0618765,-40.1366787,60
-73.0619461,-40.1367237,60
-73.0619764,-40.1367821,60
-73.0619812,-40.1368549,60
-73.0619807,-40.136941,60
-73.0619805,-40.1370367,60
-73.0619807,-40.1371346,60
-73.0619808,-40.1372535,60
-73.0619808,-40.1373755,60
-73.0619798,-40.1374689,60
-73.0619836,-40.1375736,60
-73.0619925,-40.1376353,60
-73.0620175,-40.1376826,60
-73.0620722,-40.1377,60
-73.0621333,-40.1376892,60
-73.0622051,-40.1376736,60
-73.0622611,-40.1376424,60
-73.0622813,-40.1375959,60
-73.0622802,-40.1375333,60
-73.0622806,-40.1374565,60
-73.0622804,-40.1373732,60
-73.0622813,-40.1373058,60
-73.0622806,-40.1372141,60
-73.062281,-40.1371231,60
-73.062281,-40.1370109,60
-73.0622853,-40.136912,60
-73.0623031,-40.1368665,60
-73.0623416,-40.1368513,60
-73.0623916,-40.1368656,60
-73.0624391,-40.1368904,60
-73.0625074,-40.1369335,60
-73.062565,-40.1369981,60
-73.062581,-40.1370739,60
-73.0625807,-40.1371662,60
-73.0625811,-40.1372625,60
-73.0625814,-40.1373621,60
-73.0625813,-40.1374607,60
-73.0625859,-40.1375677,60
-73.0626084,-40.1376297,60
-73.0626511,-40.1376524,60
-73.0627198,-40.137658,60
-73.0627981,-40.1376488,60
-73.0628504,-40.137623,60
-73.062876,-40.1375728,60
-73.0628805,-40.1375149,60
-73.0628799,-40.1374483,60
-73.0628686,-40.137385,60
-73.0628373,-40.1373505,60
-73.0627684,-40.137346,60
-73.0626945,-40.1373599,60
-73.0626156,-40.1373764,60
-73.0625052,-40.1374003,60
-73.062374,-40.1374269,60
-73.0622376,-40.1374557,60
-73.0621026,-40.1374841,60
-73.0619525,-40.1375146,60
-73.0617965,-40.1375461,60
-73.0616616,-40.1375734,60
-73.0615104,-40.1376043,60
-73.0613591,-40.1376349,60
-73.0612233,-40.1376629,60
-73.0610743,-40.1376938,60
-73.0609233,-40.1377248,60
-73.0607879,-40.1377525,60
-73.0606469,-40.1377807,60
-73.0605572,-40.1377865,60
-73.0605092,-40.1377673,60
-73.0604851,-40.1377212,60
-73.0604816,-40.1376716,60
-73.0604802,-40.1376018,60
-73.0604797,-40.1375141,60
-73.0604796,-40.1374133,60
-73.0604793,-40.1373127,60
-73.0604803,-40.1371903,60
-73.06048,-40.1370708,60
-73.06048,-40.1369688,60
-73.06048,-40.136849,60
-73.06048,-40.1367302,60
-73.0604802,-40.1366231,60
-73.0604798,-40.1365008,60
-73.0604795,-40.1363791,60
-73.0604732,-40.1362756,60
-73.0604381,-40.1361611,60
-73.0603837,-40.136049,60
-73.0603315,-40.1359498,60
-73.0602736,-40.1358418,60
-73.0602257,-40.1357698,60
-73.0602005,-40.1357478,60
-73.0601815,-40.1357595,60
-73.0601797,-40.1357902,60
-73.0601793,-40.1358385,60
-73.0601796,-40.1359015,60
-73.0601796,-40.1359868,60
-73.0601793,-40.136076,60
-73.060179,-40.1361856,60
-73.0601794,-40.1363048,60
-73.0601791,-40.1364146,60
-73.0601793,-40.1365353,60
-73.0601795,-40.1366541,60
-73.0601797,-40.1367621,60
-73.06018,-40.1368818,60
-73.0601803,-40.1370005,60
-73.0601802,-40.1370999,60
-73.06018,-40.1372167,60
-73.0601803,-40.1373366,60
-73.0601801,-40.1374449,60
-73.0601803,-40.1375639,60
-73.0601804,-40.1376822,60
-73.0601743,-40.1377727,60
-73.0601452,-40.1378304,60
-73.0600812,-40.137862,60
-73.0600091,-40.137875,60
-73.0599379,-40.137873,60
-73.0598947,-40.1378414,60
-73.0598828,-40.1377983,60
-73.0598803,-40.1377413,60
-73.05988,-40.1376647,60
-73.0598802,-40.1375819,60
-73.0598799,-40.137478,60
-73.05988,-40.1373643,60
-73.0598801,-40.1372543,60
-73.0598801,-40.1371318,60
-73.0598802,-40.1370119,60
-73.0598803,-40.136905,60
-73.0598804,-40.1367874,60
-73.0598799,-40.1366688,60
-73.0598804,-40.1365614,60
-73.05988,-40.1364427,60
-73.0598801,-40.1363285,60
-73.0598801,-40.1362307,60
-73.05988,-40.1361108,60
-73.0598796,-40.1359931,60
-73.0598796,-40.1358894,60
-73.0598794,-40.1357691,60
-73.0598801,-40.1356459,60
-73.05988,-40.1355375,60
-73.059879,-40.1354182,60
-73.0598794,-40.1352983,60
-73.0598769,-40.1351911,60
-73.0598588,-40.1350824,60
-73.0598082,-40.1349757,60
-73.0597557,-40.1348755,60
-73.0596993,-40.134767,60
-73.0596466,-40.1346759,60
-73.059613,-40.1346347,60
-73.0595917,-40.1346252,60
-73.0595812,-40.134646,60
-73.05958,-40.1346844,60
-73.0595796,-40.134734,60
-73.0595791,-40.1348098,60
-73.0595793,-40.1348917,60
-73.0595797,-40.134995,60
-73.0595799,-40.1351081,60
</coordinates></LineString>
</Placemark>
<Placemark>
<name>DJI_202603251437_001_PENABLANCA008_Timestamp.MRK</name>
<description>Equipo: M3E | Fecha: 25-03-2026 | Puntos: 1241</description>
<styleUrl>#m3e</styleUrl>
<LineString><altitudeMode>relativeToGround</altitudeMode><coordinates>
-73.0595805,-40.1351544,60
-73.0595804,-40.1351806,60
-73.0595796,-40.1352344,60
-73.0595801,-40.1353087,60
-73.0595801,-40.135389,60
-73.0595806,-40.1354909,60
-73.0595804,-40.1356023,60
-73.0595809,-40.1357086,60
-73.0595808,-40.135831,60
-73.0595807,-40.1359392,60
-73.0595795,-40.1360208,60
-73.0595794,-40.1361326,60
-73.0595792,-40.1362332,60
-73.0595794,-40.1363534,60
-73.0595797,-40.1364624,60
-73.0595797,-40.1365837,60
-73.0595804,-40.1367031,60
-73.0595799,-40.1368099,60
-73.0595801,-40.1369286,60
-73.0595802,-40.1370463,60
-73.0595803,-40.1371524,60
-73.0595801,-40.1372718,60
-73.0595798,-40.1373779,60
-73.0595797,-40.137497,60
-73.05958,-40.1376158,60
-73.0595802,-40.1377209,60
-73.059578,-40.1378269,60
-73.0595637,-40.1379028,60
-73.059511,-40.1379421,60
-73.0594418,-40.1379593,60
-73.0593588,-40.1379643,60
-73.0593108,-40.1379475,60
-73.0592842,-40.137905,60
-73.0592797,-40.1378516,60
-73.0592804,-40.1377831,60
-73.0592804,-40.1377054,60
-73.0592801,-40.1376062,60
-73.0592799,-40.1374943,60
-73.0592796,-40.1373904,60
-73.0592793,-40.1372747,60
-73.0592798,-40.1371513,60
-73.0592794,-40.1370421,60
-73.0592798,-40.1369225,60
-73.0592797,-40.1368039,60
-73.0592794,-40.1366973,60
-73.0592795,-40.1365785,60
-73.0592798,-40.1364599,60
-73.0592797,-40.1363532,60
-73.0592796,-40.1362348,60
-73.0592791,-40.1361163,60
-73.05928,-40.1360091,60
-73.05928,-40.1358906,60
-73.0592797,-40.1357724,60
-73.059279,-40.1356717,60
-73.0592784,-40.1355604,60
-73.0592794,-40.1354407,60
-73.0592798,-40.1353351,60
-73.0592788,-40.135219,60
-73.059279,-40.1351004,60
-73.0592784,-40.1349963,60
-73.0592788,-40.1349091,60
-73.0592792,-40.1348124,60
-73.05928,-40.1347166,60
-73.0592798,-40.1345987,60
-73.0592789,-40.1344767,60
-73.0592793,-40.1343676,60
-73.0592787,-40.1342475,60
-73.0592779,-40.1341289,60
-73.0592696,-40.1340226,60
-73.0592346,-40.1339075,60
-73.0591791,-40.1337954,60
-73.0591266,-40.1336957,60
-73.0590678,-40.1335879,60
-73.0590172,-40.1335107,60
-73.0589789,-40.1334905,60
-73.0589698,-40.1335069,60
-73.0589764,-40.1335368,60
-73.0589782,-40.13358,60
-73.0589788,-40.1336381,60
-73.0589792,-40.1337192,60
-73.0589791,-40.1338051,60
-73.0589789,-40.1339119,60
-73.0589791,-40.1340284,60
-73.0589799,-40.1341374,60
-73.0589803,-40.1342598,60
-73.0589806,-40.134376,60
-73.0589804,-40.1344837,60
-73.0589804,-40.1346041,60
-73.0589806,-40.1347227,60
-73.058981,-40.1348154,60
-73.0589797,-40.1348937,60
-73.0589806,-40.1349325,60
-73.0589814,-40.1349608,60
-73.0589799,-40.1350101,60
-73.0589801,-40.1350811,60
-73.0589803,-40.1351575,60
-73.0589804,-40.1352566,60
-73.0589806,-40.1353669,60
-73.0589801,-40.1354747,60
-73.0589805,-40.135596,60
-73.0589805,-40.1357633,60
-73.0589807,-40.1358226,60
-73.058981,-40.1359533,60
-73.0589804,-40.1360592,60
-73.0589799,-40.1361781,60
-73.0589797,-40.1362973,60
-73.05898,-40.1364035,60
-73.0589801,-40.1365218,60
-73.0589806,-40.1366286,60
-73.0589801,-40.1367475,60
-73.0589799,-40.1368655,60
-73.05898,-40.1369716,60
-73.05898,-40.1370917,60
-73.0589801,-40.1372104,60
-73.0589801,-40.1373163,60
-73.0589799,-40.1374354,60
-73.0589798,-40.1375407,60
-73.0589798,-40.1376399,60
-73.0589803,-40.1377426,60
-73.0589797,-40.1378446,60
-73.058974,-40.1379384,60
-73.0589587,-40.1379974,60
-73.0589254,-40.1380393,60
-73.058857,-40.1380561,60
-73.0587752,-40.138053,60
-73.0587165,-40.1380378,60
-73.0586873,-40.1380025,60
-73.0586812,-40.1379508,60
-73.0586818,-40.1378865,60
-73.0586814,-40.1378139,60
-73.0586811,-40.1377178,60
-73.0586802,-40.1376132,60
-73.0586794,-40.1375078,60
-73.058679,-40.1373859,60
-73.058679,-40.1372783,60
-73.058679,-40.1371578,60
-73.0586787,-40.1370383,60
-73.0586786,-40.136921,60
-73.0586785,-40.1368139,60
-73.0586786,-40.1366968,60
-73.0586791,-40.1365891,60
-73.0586789,-40.1364719,60
-73.058679,-40.1363543,60
-73.0586791,-40.1362478,60
-73.0586787,-40.1361287,60
-73.0586787,-40.1360097,60
-73.0586794,-40.1358917,60
-73.058679,-40.1357848,60
-73.0586794,-40.1356656,60
-73.0586787,-40.1355461,60
-73.0586789,-40.1354379,60
-73.058679,-40.1353192,60
-73.0586788,-40.1352005,60
-73.0586794,-40.1350935,60
-73.0586794,-40.1349759,60
-73.0586796,-40.1348688,60
-73.0586799,-40.1347533,60
-73.0586796,-40.1346407,60
-73.0586793,-40.1345329,60
-73.0586797,-40.1344178,60
-73.0586799,-40.1342995,60
-73.0586799,-40.1341777,60
-73.058679,-40.1340668,60
-73.0586792,-40.1339474,60
-73.0586792,-40.1338461,60
-73.0586788,-40.1337548,60
-73.0586792,-40.1336524,60
-73.0586787,-40.1335417,60
-73.0586704,-40.1334653,60
-73.058644,-40.1334231,60
-73.0585937,-40.1334094,60
-73.0585282,-40.1334182,60
-73.0584534,-40.133441,60
-73.0584021,-40.1334804,60
-73.0583823,-40.1335417,60
-73.0583795,-40.1336116,60
-73.0583789,-40.1336948,60
-73.0583793,-40.1337829,60
-73.0583795,-40.1338932,60
-73.0583794,-40.1340007,60
-73.0583793,-40.1341235,60
-73.0583803,-40.1342446,60
-73.0583802,-40.1343638,60
-73.0583793,-40.1344708,60
-73.0583792,-40.1345895,60
-73.058379,-40.1346965,60
-73.0583793,-40.1348147,60
-73.0583797,-40.1349333,60
-73.0583798,-40.1350387,60
-73.0583792,-40.1351575,60
-73.0583793,-40.1352886,60
-73.0583797,-40.1353821,60
-73.0583793,-40.1355009,60
-73.0583798,-40.1356195,60
-73.0583804,-40.1357379,60
-73.0583799,-40.1358451,60
-73.0583805,-40.1359644,60
-73.0583802,-40.1360837,60
-73.0583805,-40.1361906,60
-73.05838,-40.1363088,60
-73.05838,-40.1364284,60
-73.0583802,-40.1365347,60
-73.0583798,-40.1366527,60
-73.0583795,-40.1367717,60
-73.05838,-40.1368782,60
-73.0583797,-40.1369968,60
-73.0583795,-40.1371037,60
-73.0583794,-40.137223,60
-73.0583798,-40.1373414,60
-73.0583798,-40.1374494,60
-73.0583799,-40.137568,60
-73.0583796,-40.1376625,60
-73.0583793,-40.1377331,60
-73.0583797,-40.1377785,60
-73.05838,-40.1378224,60
-73.0583793,-40.1378786,60
-73.0583791,-40.1379483,60
-73.0583735,-40.138033,60
-73.0583467,-40.1380905,60
-73.0582922,-40.1381193,60
-73.0582133,-40.1381297,60
-73.0581379,-40.1381253,60
-73.0580966,-40.1380978,60
-73.0580815,-40.1380489,60
-73.0580798,-40.1379966,60
-73.0580795,-40.1379233,60
-73.0580798,-40.1378318,60
-73.0580802,-40.1377287,60
-73.0580802,-40.1376198,60
-73.0580793,-40.1375124,60
-73.0580791,-40.1373899,60
-73.058079,-40.1372792,60
-73.0580792,-40.1371601,60
-73.0580792,-40.1370424,60
-73.0580793,-40.1369368,60
-73.0580782,-40.1368198,60
-73.0580787,-40.1367007,60
-73.0580795,-40.1365926,60
-73.0580794,-40.1364739,60
-73.0580792,-40.1363551,60
-73.0580796,-40.1362469,60
-73.058079,-40.1361293,60
-73.0580789,-40.1360101,60
-73.0580785,-40.1359026,60
-73.0580788,-40.1357831,60
-73.0580789,-40.1356645,60
-73.0580792,-40.1355592,60
-73.0580793,-40.1354396,60
-73.058079,-40.135322,60
-73.0580793,-40.1352148,60
-73.0580796,-40.1350961,60
-73.0580793,-40.1349777,60
-73.05808,-40.1348586,60
-73.058079,-40.1347521,60
-73.0580788,-40.1346335,60
-73.0580788,-40.1345151,60
-73.0580782,-40.1344084,60
-73.0580783,-40.134289,60
-73.0580777,-40.1341942,60
-73.058078,-40.1341141,60
-73.0580779,-40.1340218,60
-73.0580785,-40.1339238,60
-73.0580786,-40.1338524,60
-73.0580788,-40.1337628,60
-73.058079,-40.1336655,60
-73.0580721,-40.1335884,60
-73.0580463,-40.1335447,60
-73.057988,-40.1335312,60
-73.0579288,-40.1335397,60
-73.057854,-40.1335616,60
-73.0578017,-40.1336021,60
-73.0577802,-40.1336693,60
-73.0577785,-40.1337328,60
-73.0577787,-40.1338172,60
-73.0577791,-40.1339052,60
-73.0577793,-40.1340162,60
-73.0577795,-40.1341354,60
-73.0577791,-40.1342449,60
-73.057779,-40.1343654,60
-73.0577791,-40.1344847,60
-73.0577796,-40.1346033,60
-73.0577796,-40.1347101,60
-73.0577796,-40.1348283,60
-73.0577792,-40.1349349,60
-73.0577793,-40.1350535,60
-73.0577794,-40.135172,60
-73.057779,-40.1352787,60
-73.0577794,-40.1353972,60
-73.0577793,-40.135516,60
-73.0577798,-40.1356224,60
-73.05778,-40.1357411,60
-73.0577801,-40.1358597,60
-73.0577801,-40.1359902,60
-73.0577797,-40.1360974,60
-73.0577801,-40.1362044,60
-73.0577798,-40.1363228,60
-73.0577797,-40.1364296,60
-73.0577793,-40.1365484,60
-73.0577798,-40.1366672,60
-73.0577801,-40.1367742,60
-73.0577796,-40.1368932,60
-73.0577795,-40.1370055,60
-73.0577798,-40.1371108,60
-73.0577801,-40.1372295,60
-73.0577798,-40.1373371,60
-73.0577792,-40.1374568,60
-73.0577791,-40.1375762,60
-73.0577792,-40.1376945,60
-73.0577794,-40.1378008,60
-73.0577793,-40.1379198,60
-73.0577776,-40.1380373,60
-73.0577665,-40.1381195,60
-73.0577288,-40.1381666,60
-73.0576606,-40.1381895,60
-73.0575856,-40.1381945,60
-73.0575262,-40.1381857,60
-73.0574889,-40.1381482,60
-73.057481,-40.1380967,60
-73.0574798,-40.1380331,60
-73.0574798,-40.1379607,60
-73.0574795,-40.1378673,60
-73.0574793,-40.1377718,60
-73.05748,-40.1376567,60
-73.0574796,-40.1375359,60
-73.0574794,-40.137426,60
-73.057479,-40.137305,60
-73.0574792,-40.1371879,60
-73.0574786,-40.1370802,60
-73.0574786,-40.1369614,60
-73.0574785,-40.1368426,60
-73.057479,-40.136724,60
-73.0574791,-40.1366164,60
-73.0574788,-40.1364979,60
-73.0574791,-40.1363918,60
-73.0574791,-40.1362735,60
-73.0574793,-40.1361542,60
-73.0574792,-40.1360358,60
-73.0574792,-40.1359289,60
-73.0574798,-40.1358108,60
-73.0574804,-40.1356929,60
-73.0574799,-40.1355852,60
-73.0574798,-40.1354661,60
-73.0574798,-40.1353594,60
-73.0574799,-40.1352403,60
-73.0574793,-40.1351218,60
-73.0574804,-40.1350029,60
-73.0574799,-40.1348964,60
-73.0574794,-40.1347779,60
-73.0574791,-40.1346591,60
-73.0574802,-40.1345525,60
-73.0574797,-40.1344341,60
-73.0574796,-40.1343273,60
-73.0574794,-40.1342083,60
-73.0574793,-40.1340899,60
-73.0574796,-40.133972,60
-73.0574794,-40.1338539,60
-73.0574761,-40.1337454,60
-73.0574628,-40.1336881,60
-73.0574226,-40.1336582,60
-73.0573612,-40.1336569,60
-73.0573,-40.133669,60
-73.0572266,-40.1337006,60
-73.0571874,-40.133755,60
-73.0571804,-40.1338146,60
-73.0571793,-40.1338814,60
-73.0571796,-40.133971,60
-73.0571794,-40.1340743,60
-73.0571795,-40.1341766,60
-73.0571793,-40.1342971,60
-73.0571792,-40.1344193,60
-73.0571796,-40.1345273,60
-73.0571798,-40.1346461,60
-73.0571796,-40.1347648,60
-73.0571799,-40.1348834,60
-73.0571799,-40.1350017,60
-73.0571799,-40.1351201,60
-73.0571796,-40.1352263,60
-73.0571793,-40.1353329,60
-73.0571795,-40.1354514,60
-73.0571792,-40.1355696,60
-73.0571794,-40.1356762,60
-73.057179,-40.1357949,60
-73.0571792,-40.1359141,60
-73.057179,-40.1360211,60
-73.0571793,-40.1361398,60
-73.057179,-40.1362586,60
-73.0571788,-40.1363657,60
-73.0571787,-40.1364842,60
-73.0571792,-40.1366026,60
-73.0571789,-40.1367091,60
-73.0571784,-40.1368284,60
-73.0571785,-40.1369478,60
-73.0571787,-40.1370601,60
-73.0571789,-40.137136,60
-73.0571789,-40.1372102,60
-73.0571793,-40.1372911,60
-73.0571791,-40.137393,60
-73.0571791,-40.1375066,60
-73.0571794,-40.1376259,60
-73.0571798,-40.1377466,60
-73.0571795,-40.1378316,60
-73.0571802,-40.137939,60
-73.0571799,-40.1380419,60
-73.0571792,-40.1381414,60
-73.0571795,-40.1382265,60
-73.0571682,-40.1383028,60
-73.0571263,-40.1383844,60
-73.0570586,-40.1384559,60
-73.0569743,-40.1385222,60
-73.0569275,-40.1385508,60
-73.0568943,-40.1385416,60
-73.0568822,-40.1385096,60
-73.0568798,-40.1384658,60
-73.0568791,-40.1384022,60
-73.0568791,-40.1383265,60
-73.0568787,-40.1382512,60
-73.056879,-40.1381603,60
-73.0568784,-40.1380729,60
-73.0568786,-40.1379976,60
-73.0568786,-40.1379039,60
-73.0568785,-40.1378149,60
-73.0568782,-40.1377222,60
-73.0568785,-40.1376106,60
-73.0568788,-40.1374906,60
-73.0568787,-40.1373809,60
-73.0568787,-40.1372603,60
-73.0568789,-40.1371534,60
-73.0568782,-40.1370343,60
-73.0568787,-40.1369156,60
-73.0568786,-40.1367976,60
-73.0568787,-40.1366911,60
-73.0568786,-40.1365724,60
-73.0568786,-40.136454,60
-73.0568784,-40.1363466,60
-73.0568787,-40.1362277,60
-73.0568781,-40.1361089,60
-73.0568793,-40.1360018,60
-73.0568792,-40.1358836,60
-73.0568785,-40.1357764,60
-73.0568779,-40.1356578,60
-73.0568781,-40.1355394,60
-73.0568784,-40.1354204,60
-73.056878,-40.1353136,60
-73.0568786,-40.1351953,60
-73.0568787,-40.1350884,60
-73.0568797,-40.1349695,60
-73.0568785,-40.1348511,60
-73.0568794,-40.1347444,60
-73.0568786,-40.1346256,60
-73.0568784,-40.1345067,60
-73.056879,-40.1344007,60
-73.0568788,-40.1342823,60
-73.0568783,-40.1341623,60
-73.0568789,-40.1340443,60
-73.056879,-40.1339387,60
-73.0568732,-40.1338426,60
-73.056851,-40.1337931,60
-73.0568213,-40.1337731,60
-73.0567626,-40.133778,60
-73.0567004,-40.1337901,60
-73.0566277,-40.1338213,60
-73.0565874,-40.1338756,60
-73.056579,-40.1339415,60
-73.0565785,-40.1340093,60
-73.0565793,-40.1341003,60
-73.0565796,-40.1342048,60
-73.056579,-40.1343077,60
-73.0565789,-40.1344291,60
-73.0565786,-40.1345512,60
-73.056579,-40.1346592,60
-73.0565787,-40.1347784,60
-73.0565787,-40.1348969,60
-73.0565787,-40.1350039,60
-73.0565787,-40.135123,60
-73.0565787,-40.1352418,60
-73.056579,-40.1353603,60
-73.0565791,-40.1354663,60
-73.0565787,-40.1355848,60
-73.0565791,-40.135692,60
-73.056579,-40.1358104,60
-73.056579,-40.1359291,60
-73.0565792,-40.1360476,60
-73.0565794,-40.1361664,60
-73.0565792,-40.1362728,60
-73.0565785,-40.1363918,60
-73.0565791,-40.13651,60
-73.0565789,-40.1366164,60
-73.0565791,-40.1367469,60
-73.0565793,-40.1368536,60
-73.056579,-40.1369606,60
-73.0565792,-40.1370787,60
-73.056579,-40.1371973,60
-73.056579,-40.1373049,60
-73.0565791,-40.1374235,60
-73.0565785,-40.1375309,60
-73.0565785,-40.1376499,60
-73.0565789,-40.1377683,60
-73.0565789,-40.1378747,60
-73.0565795,-40.137994,60
-73.0565794,-40.1381134,60
-73.0565789,-40.1382172,60
-73.0565789,-40.138332,60
-73.0565791,-40.1384392,60
-73.0565789,-40.1385608,60
-73.0565793,-40.1386874,60
-73.0565746,-40.1387845,60
-73.0565517,-40.1388708,60
-73.0564943,-40.138952,60
-73.0564037,-40.1390225,60
-73.0563406,-40.1390599,60
-73.0562992,-40.1390593,60
-73.056282,-40.1390278,60
-73.0562798,-40.1389905,60
-73.0562799,-40.1389325,60
-73.0562788,-40.1388552,60
-73.0562788,-40.1387624,60
-73.0562785,-40.138666,60
-73.0562791,-40.1385527,60
-73.0562789,-40.1384376,60
-73.0562788,-40.1383301,60
-73.0562781,-40.1382101,60
-73.0562776,-40.1381028,60
-73.0562775,-40.1379837,60
-73.0562778,-40.1378656,60
-73.0562786,-40.1377593,60
-73.0562784,-40.1376417,60
-73.0562783,-40.1375233,60
-73.0562783,-40.1374166,60
-73.0562786,-40.1372972,60
-73.0562788,-40.1371785,60
-73.0562788,-40.1370585,60
-73.0562788,-40.1369518,60
-73.0562785,-40.1368333,60
-73.0562786,-40.136714,60
-73.0562784,-40.1366112,60
-73.0562782,-40.1365008,60
-73.0562788,-40.1363808,60
-73.0562793,-40.1362709,60
-73.0562798,-40.1361515,60
-73.0562794,-40.1360431,60
-73.0562788,-40.1359237,60
-73.0562786,-40.135805,60
-73.0562783,-40.1356995,60
-73.0562789,-40.1355847,60
-73.0562779,-40.1354655,60
-73.0562786,-40.1353478,60
-73.0562782,-40.1352418,60
-73.0562781,-40.1351224,60
-73.0562779,-40.1350026,60
-73.0562784,-40.1348956,60
-73.0562788,-40.1347772,60
-73.0562781,-40.1346595,60
-73.0562785,-40.1345521,60
-73.0562784,-40.1344332,60
-73.0562781,-40.1343271,60
-73.0562779,-40.1342082,60
-73.0562783,-40.1340891,60
-73.0562753,-40.133982,60
-73.056261,-40.1339243,60
-73.0562066,-40.1338977,60
-73.0561551,-40.1338991,60
-73.056084,-40.1339137,60
-73.0560151,-40.1339487,60
-73.0559842,-40.1340039,60
-73.0559792,-40.1340698,60
-73.0559785,-40.1341484,60
-73.0559786,-40.1342328,60
-73.0559784,-40.1343388,60
-73.0559785,-40.1344427,60
-73.0559785,-40.1345654,60
-73.0559785,-40.134687,60
-73.0559786,-40.1348072,60
-73.055979,-40.1349147,60
-73.055979,-40.1350341,60
-73.0559787,-40.1351413,60
-73.0559789,-40.1352718,60
-73.0559783,-40.1353777,60
-73.0559782,-40.1354845,60
-73.0559783,-40.1356026,60
-73.0559785,-40.1357201,60
-73.0559786,-40.135827,60
-73.0559787,-40.1359456,60
-73.055979,-40.1360647,60
-73.0559791,-40.1361713,60
-73.0559791,-40.1362865,60
-73.0559791,-40.1363843,60
-73.0559792,-40.1364787,60
-73.0559791,-40.1365919,60
-73.0559792,-40.1367128,60
-73.0559788,-40.136822,60
-73.0559786,-40.1369415,60
-73.0559789,-40.1370605,60
-73.0559792,-40.1371676,60
-73.0559791,-40.137286,60
-73.0559791,-40.1374051,60
-73.0559793,-40.137512,60
-73.0559787,-40.1376298,60
-73.0559786,-40.1377488,60
-73.0559788,-40.1378553,60
-73.0559791,-40.1379735,60
-73.0559789,-40.1380917,60
-73.0559786,-40.1381984,60
-73.0559787,-40.1383172,60
-73.0559782,-40.1384362,60
-73.0559784,-40.1385432,60
-73.0559784,-40.138662,60
-73.0559787,-40.1387798,60
-73.0559786,-40.1388866,60
-73.0559782,-40.1389955,60
-73.0559781,-40.1390884,60
-73.055978,-40.1391973,60
-73.0559696,-40.1392968,60
-73.0559456,-40.1393767,60
-73.0558776,-40.1394555,60
-73.055786,-40.1395324,60
-73.0557197,-40.1396147,60
-73.055692,-40.1396603,60
-73.0556799,-40.1396659,60
-73.0556782,-40.1396376,60
-73.0556793,-40.1395991,60
-73.0556787,-40.1395403,60
-73.055679,-40.1394639,60
-73.0556784,-40.1393817,60
-73.0556781,-40.1392811,60
-73.055678,-40.1391713,60
-73.055678,-40.1390654,60
-73.0556785,-40.1389435,60
-73.0556785,-40.1388228,60
-73.0556784,-40.1387162,60
-73.0556783,-40.1385971,60
-73.0556786,-40.1384912,60
-73.0556781,-40.1383728,60
-73.0556778,-40.1382545,60
-73.0556776,-40.1381362,60
-73.0556771,-40.1380293,60
-73.0556772,-40.1379112,60
-73.0556777,-40.1377922,60
-73.0556781,-40.1376856,60
-73.0556778,-40.137556,60
-73.0556778,-40.1374501,60
-73.0556776,-40.137332,60
-73.0556772,-40.1372251,60
-73.0556774,-40.137107,60
-73.0556775,-40.1369888,60
-73.0556785,-40.1368819,60
-73.0556786,-40.1367515,60
-73.0556781,-40.1366449,60
-73.0556783,-40.1365253,60
-73.0556783,-40.1364188,60
-73.0556781,-40.1362884,60
-73.0556779,-40.1361932,60
-73.0556783,-40.1360743,60
-73.0556783,-40.1359673,60
-73.0556779,-40.1358486,60
-73.0556779,-40.1357299,60
-73.0556778,-40.1356112,60
-73.0556778,-40.1355052,60
-73.0556778,-40.1353869,60
-73.0556778,-40.1352676,60
-73.0556784,-40.1351618,60
-73.0556785,-40.1350437,60
-73.0556785,-40.134937,60
-73.0556788,-40.1348185,60
-73.0556779,-40.1346992,60
-73.055678,-40.1345804,60
-73.0556779,-40.1344741,60
-73.0556781,-40.1343561,60
-73.055678,-40.13425,60
-73.055677,-40.1341344,60
-73.0556671,-40.1340534,60
-73.0556328,-40.1340168,60
-73.0555787,-40.1340083,60
-73.0555107,-40.1340182,60
-73.0554365,-40.1340443,60
-73.0553937,-40.1340876,60
-73.0553791,-40.1341508,60
-73.0553783,-40.1342227,60
-73.0553781,-40.134302,60
-73.0553783,-40.134402,60
-73.055378,-40.1345139,60
-73.0553778,-40.1346339,60
-73.0553777,-40.1347436,60
-73.0553785,-40.1348641,60
-73.0553788,-40.1349712,60
-73.0553788,-40.1350906,60
-73.0553794,-40.1352087,60
-73.0553789,-40.1353155,60
-73.0553787,-40.1354342,60
-73.0553788,-40.135553,60
-73.0553784,-40.1356593,60
-73.0553785,-40.1357774,60
-73.055379,-40.1358959,60
-73.0553788,-40.136002,60
-73.0553788,-40.1361201,60
-73.0553787,-40.1362394,60
-73.0553791,-40.1363467,60
-73.0553791,-40.1364647,60
-73.0553793,-40.1365825,60
-73.0553785,-40.1366893,60
-73.055379,-40.1368078,60
-73.055379,-40.1369267,60
-73.0553785,-40.1370337,60
-73.0553783,-40.1371523,60
-73.0553783,-40.137271,60
-73.0553783,-40.1373774,60
-73.055378,-40.1374959,60
-73.0553779,-40.1376142,60
-73.0553779,-40.1377209,60
-73.0553786,-40.1378391,60
-73.0553786,-40.1379457,60
-73.0553781,-40.1380761,60
-73.0553779,-40.138183,60
-73.0553783,-40.1383014,60
-73.0553784,-40.1384077,60
-73.0553788,-40.1385257,60
-73.0553784,-40.1386443,60
-73.0553784,-40.1387508,60
-73.0553782,-40.138869,60
-73.0553784,-40.1389887,60
-73.0553786,-40.1390954,60
-73.0553784,-40.1392117,60
-73.055378,-40.1393231,60
-73.0553782,-40.1394309,60
-73.0553776,-40.1395398,60
-73.0553778,-40.1396146,60
-73.0553786,-40.1396757,60
-73.0553774,-40.1397298,60
-73.0553636,-40.1397765,60
-73.0553213,-40.139822,60
-73.055239,-40.1398572,60
-73.0551564,-40.1398755,60
-73.0551044,-40.1398615,60
-73.0550819,-40.1398251,60
-73.0550783,-40.1397746,60
-73.0550775,-40.139717,60
-73.0550777,-40.1396348,60
-73.0550779,-40.1395387,60
-73.0550779,-40.1394409,60
-73.0550774,-40.1393235,60
-73.0550776,-40.1392099,60
-73.0550774,-40.1391014,60
-73.0550776,-40.1389809,60
-73.0550774,-40.1388613,60
-73.0550775,-40.1387543,60
-73.0550777,-40.1386361,60
-73.0550782,-40.138518,60
-73.055078,-40.1383997,60
-73.0550775,-40.1382926,60
-73.055077,-40.1381741,60
-73.0550765,-40.1380557,60
-73.0550774,-40.1379489,60
-73.0550771,-40.1378304,60
-73.0550774,-40.1377117,60
-73.0550777,-40.1376054,60
-73.0550779,-40.137487,60
-73.0550781,-40.1373686,60
-73.0550782,-40.1372615,60
-73.0550777,-40.1371429,60
-73.0550782,-40.1370243,60
-73.0550775,-40.1369174,60
-73.0550773,-40.1367994,60
-73.0550771,-40.1366814,60
-73.0550776,-40.1365748,60
-73.0550775,-40.1364566,60
-73.0550772,-40.1363381,60
-73.055077,-40.1362313,60
-73.0550765,-40.1361126,60
-73.0550771,-40.1359942,60
-73.0550769,-40.1358872,60
-73.0550774,-40.1357687,60
-73.0550777,-40.1356505,60
-73.0550771,-40.1355444,60
-73.0550772,-40.1354253,60
-73.0550774,-40.1353081,60
-73.0550772,-40.1352015,60
-73.0550775,-40.1350822,60
-73.0550777,-40.1349639,60
-73.0550781,-40.1348574,60
-73.0550778,-40.1347384,60
-73.0550777,-40.1346216,60
-73.0550779,-40.1345154,60
-73.0550786,-40.1343976,60
-73.0550784,-40.1342881,60
-73.0550732,-40.1341962,60
-73.0550605,-40.1341525,60
-73.0550138,-40.1341266,60
-73.0549578,-40.1341283,60
-73.0548897,-40.1341453,60
-73.0548188,-40.134183,60
-73.0547855,-40.1342354,60
-73.0547784,-40.134303,60
-73.054778,-40.1343819,60
-73.0547784,-40.134466,60
-73.0547783,-40.1345718,60
-73.0547784,-40.1346883,60
-73.0547783,-40.1348099,60
-73.0547785,-40.1349191,60
-73.0547788,-40.1350383,60
-73.0547788,-40.1351457,60
-73.054779,-40.1352643,60
-73.0547788,-40.1353825,60
-73.0547784,-40.1354891,60
-73.0547788,-40.1356069,60
-73.0547788,-40.1357251,60
-73.0547788,-40.135843,60
-73.0547786,-40.1359498,60
-73.0547788,-40.1360685,60
-73.0547784,-40.1361873,60
-73.0547782,-40.1362936,60
-73.0547786,-40.1364124,60
-73.0547785,-40.1365309,60
-73.0547789,-40.1366374,60
-73.0547789,-40.1367562,60
-73.0547787,-40.1368744,60
-73.0547786,-40.1369811,60
-73.0547788,-40.1370995,60
-73.0547788,-40.1372182,60
-73.0547784,-40.1373247,60
-73.0547788,-40.1374432,60
-73.054778,-40.1375504,60
-73.0547784,-40.1376689,60
-73.0547785,-40.1377876,60
-73.0547787,-40.1378947,60
-73.0547789,-40.1380135,60
-73.0547784,-40.1381323,60
-73.0547787,-40.1382502,60
-73.0547781,-40.1383571,60
-73.0547785,-40.138475,60
-73.054778,-40.1385941,60
-73.0547782,-40.1387009,60
-73.0547785,-40.1388189,60
-73.0547784,-40.1389345,60
-73.0547784,-40.1390419,60
-73.0547782,-40.1391607,60
-73.0547781,-40.1392702,60
-73.0547787,-40.139377,60
-73.0547784,-40.1394994,60
-73.0547783,-40.139608,60
-73.0547781,-40.1397277,60
-73.054778,-40.1398464,60
-73.0547711,-40.1399318,60
-73.0547449,-40.1399897,60
-73.0546815,-40.1400215,60
-73.0546099,-40.1400448,60
-73.0545268,-40.140071,60
-73.0544869,-40.1400764,60
-73.0544773,-40.1400622,60
-73.0544792,-40.14003,60
-73.0544793,-40.1399816,60
-73.0544788,-40.1399121,60
-73.0544785,-40.1398361,60
-73.0544776,-40.1397381,60
-73.0544777,-40.1396267,60
-73.054478,-40.1395205,60
-73.0544776,-40.1393989,60
-73.0544773,-40.1392899,60
-73.0544769,-40.1391694,60
-73.0544773,-40.1390514,60
-73.0544773,-40.1389338,60
-73.054477,-40.1388273,60
-73.0544774,-40.1387085,60
-73.0544769,-40.1386026,60
-73.0544778,-40.1384823,60
-73.0544771,-40.1383639,60
-73.0544773,-40.1382449,60
-73.0544771,-40.138138,60
-73.0544764,-40.1380197,60
-73.0544766,-40.1379015,60
-73.0544771,-40.1377946,60
-73.0544774,-40.1376759,60
-73.0544776,-40.1375576,60
-73.0544773,-40.1374386,60
-73.0544771,-40.1373318,60
-73.054477,-40.1372133,60
-73.0544778,-40.137108,60
-73.054478,-40.1369899,60
-73.0544777,-40.1368714,60
-73.054478,-40.1367649,60
-73.0544777,-40.1366464,60
-73.0544773,-40.1365272,60
-73.0544771,-40.1364106,60
-73.0544778,-40.136305,60
-73.054477,-40.1361855,60
-73.054477,-40.1360655,60
-73.0544773,-40.1359584,60
-73.0544773,-40.1358398,60
-73.0544773,-40.1357214,60
-73.054478,-40.1356154,60
-73.0544778,-40.135497,60
-73.0544776,-40.1353782,60
-73.0544776,-40.1352721,60
-73.0544775,-40.1351576,60
-73.0544777,-40.1350589,60
-73.0544783,-40.1349399,60
-73.0544775,-40.1348201,60
-73.0544777,-40.1347009,60
-73.0544773,-40.1345935,60
-73.0544778,-40.1344747,60
-73.0544751,-40.1343656,60
-73.0544632,-40.1343066,60
-73.0544266,-40.1342749,60
-73.0543652,-40.134273,60
-73.0543054,-40.1342867,60
-73.0542309,-40.1343186,60
-73.0541876,-40.134374,60
-73.0541782,-40.1344353,60
-73.0541774,-40.1345113,60
-73.0541777,-40.1346029,60
-73.054178,-40.1346964,60
-73.054178,-40.1348109,60
-73.054178,-40.1349322,60
-73.0541778,-40.1350409,60
-73.054178,-40.1351605,60
-73.0541777,-40.1352799,60
-73.0541778,-40.1353869,60
-73.0541781,-40.1355055,60
-73.0541783,-40.135624,60
-73.054178,-40.1357305,60
-73.0541782,-40.1358489,60
-73.0541784,-40.1359674,60
-73.0541782,-40.1360743,60
-73.0541782,-40.1361929,60
-73.0541783,-40.1363106,60
-73.0541782,-40.1364177,60
-73.0541781,-40.136536,60
-73.0541779,-40.1366545,60
-73.0541779,-40.1367723,60
-73.054178,-40.1369141,60
-73.0541779,-40.1369974,60
-73.0541781,-40.1371004,60
-73.0541781,-40.1372168,60
-73.0541779,-40.1373368,60
-73.0541777,-40.1374441,60
-73.0541774,-40.1375632,60
-73.0541776,-40.1376817,60
-73.0541781,-40.1378004,60
-73.0541781,-40.1379067,60
-73.0541782,-40.138025,60
-73.0541777,-40.1381437,60
-73.0541779,-40.1382505,60
-73.0541778,-40.1383687,60
-73.0541777,-40.1384875,60
-73.054178,-40.1385939,60
-73.0541782,-40.1387127,60
-73.0541783,-40.1388193,60
-73.0541783,-40.1389383,60
-73.0541778,-40.1390573,60
-73.0541777,-40.1391762,60
-73.0541775,-40.1392832,60
-73.0541775,-40.1394021,60
-73.0541774,-40.1395088,60
-73.0541775,-40.1396389,60
-73.0541773,-40.1397451,60
-73.0541773,-40.1398632,60
-73.054177,-40.1399631,60
-73.0541768,-40.140079,60
-73.0541723,-40.1401926,60
-73.0541435,-40.1402766,60
-73.0540844,-40.140339,60
-73.0539968,-40.140392,60
-73.0539399,-40.1404157,60
-73.0538974,-40.1404034,60
-73.0538799,-40.1403674,60
-73.0538772,-40.1403267,60
-73.0538767,-40.1402649,60
-73.0538765,-40.1401832,60
-73.0538765,-40.1400994,60
-73.0538767,-40.1399951,60
-73.053876,-40.1398795,60
-73.053876,-40.1397755,60
-73.0538771,-40.1396476,60
-73.0538774,-40.1395522,60
-73.0538763,-40.1394503,60
-73.0538759,-40.139364,60
-73.0538767,-40.1392522,60
-73.0538765,-40.1391461,60
-73.053877,-40.1390257,60
-73.0538777,-40.1389054,60
-73.0538768,-40.1387974,60
-73.0538765,-40.1386777,60
-73.0538767,-40.1385589,60
-73.0538769,-40.1384399,60
-73.0538771,-40.1383326,60
-73.0538767,-40.138214,60
-73.053877,-40.1381074,60
-73.0538767,-40.1379894,60
-73.0538771,-40.1378712,60
-73.0538771,-40.1377636,60
-73.0538772,-40.1376445,60
-73.053877,-40.1375277,60
-73.053877,-40.1374261,60
-73.053877,-40.1373073,60
-73.0538775,-40.1371872,60
-73.053877,-40.1370682,60
-73.0538773,-40.136961,60
-73.053877,-40.1368431,60
-73.0538775,-40.1367277,60
-73.0538777,-40.1366186,60
-73.0538773,-40.1364987,60
-73.0538774,-40.1363802,60
-73.0538771,-40.1362735,60
-73.0538772,-40.1361545,60
-73.0538772,-40.1360363,60
-73.0538772,-40.1359297,60
-73.0538773,-40.1358107,60
-73.0538772,-40.1357036,60
-73.0538772,-40.1355851,60
-73.0538772,-40.1354664,60
-73.0538775,-40.1353476,60
-73.0538779,-40.1352409,60
-73.0538784,-40.1351224,60
-73.0538778,-40.1350031,60
-73.0538777,-40.1348963,60
-73.0538775,-40.1347784,60
-73.0538771,-40.1346612,60
-73.0538778,-40.1345553,60
-73.0538731,-40.1344539,60
-73.0538588,-40.1344048,60
-73.0538471,-40.1343945,60
-73.0538033,-40.1344024,60
-73.0537534,-40.1344107,60
-73.0536719,-40.1344263,60
-73.0536079,-40.1344569,60
-73.0535826,-40.1345032,60
-73.0535775,-40.1345635,60
-73.0535776,-40.1346383,60
-73.0535779,-40.1347291,60
-73.0535777,-40.1348222,60
-73.053578,-40.134936,60
-73.0535781,-40.1350567,60
-73.0535779,-40.1351656,60
-73.0535777,-40.1352854,60
-73.0535782,-40.1354047,60
-73.0535782,-40.1355117,60
-73.0535782,-40.1356304,60
-73.0535782,-40.1357492,60
-73.0535785,-40.1358558,60
-73.0535784,-40.135974,60
-73.053578,-40.1360926,60
-73.0535781,-40.136199,60
-73.0535779,-40.1363171,60
-73.0535784,-40.1364235,60
-73.053578,-40.136542,60
-73.0535775,-40.1366602,60
-73.0535776,-40.1367669,60
-73.0535778,-40.1368843,60
-73.0535778,-40.1370029,60
-73.0535777,-40.1371222,60
-73.0535779,-40.1372278,60
-73.0535774,-40.1373453,60
-73.0535774,-40.1374645,60
-73.0535774,-40.1375715,60
-73.0535776,-40.13769,60
-73.0535777,-40.1378088,60
-73.0535776,-40.1379159,60
-73.0535773,-40.1380348,60
-73.0535775,-40.1381417,60
-73.0535778,-40.1382601,60
-73.0535776,-40.1383788,60
-73.053578,-40.1384971,60
-73.0535776,-40.1386038,60
-73.0535771,-40.1387221,60
-73.0535772,-40.1388292,60
-73.0535773,-40.1389594,60
-73.0535776,-40.1390658,60
-73.0535777,-40.1391843,60
-73.0535775,-40.1392908,60
-73.0535775,-40.139409,60
-73.0535776,-40.1395279,60
-73.0535775,-40.1396346,60
-73.0535777,-40.1397532,60
-73.0535776,-40.1398722,60
-73.0535774,-40.1399912,60
-73.0535777,-40.1400979,60
-73.0535773,-40.1402165,60
-73.0535771,-40.140322,60
-73.053577,-40.1404413,60
-73.0535723,-40.1405553,60
-73.0535498,-40.1406314,60
-73.053484,-40.1406969,60
-73.0533987,-40.1407465,60
-73.0533435,-40.1407664,60
-73.0532992,-40.1407539,60
-73.0532799,-40.140718,60
-73.0532773,-40.140671,60
-73.0532771,-40.1406134,60
-73.0532768,-40.1405311,60
-73.0532767,-40.1404383,60
-73.0532768,-40.1403444,60
-73.0532771,-40.1402284,60
-73.0532771,-40.1401067,60
-73.0532763,-40.1399978,60
-73.0532761,-40.1398778,60
-73.0532762,-40.1397707,60
-73.0532766,-40.1396544,60
-73.0532771,-40.1395422,60
-73.0532767,-40.1394395,60
-73.053277,-40.1393057,60
-73.0532764,-40.1392003,60
-73.0532764,-40.1390918,60
-73.0532767,-40.1389691,60
-73.0532766,-40.1388586,60
-73.0532765,-40.1387377,60
-73.0532764,-40.1386191,60
-73.0532766,-40.1384999,60
-73.0532766,-40.1383927,60
-73.0532764,-40.1382742,60
-73.0532762,-40.1381672,60
-73.0532764,-40.1380371,60
-73.0532763,-40.1379424,60
-73.0532772,-40.1378236,60
-73.0532777,-40.1377054,60
-73.053277,-40.137587,60
-73.0532769,-40.1374804,60
-73.0532769,-40.1373618,60
-73.0532767,-40.1372549,60
-73.0532766,-40.1371367,60
-73.0532773,-40.1370185,60
-73.0532776,-40.136913,60
-73.0532771,-40.1367943,60
-73.0532769,-40.1366756,60
-73.0532772,-40.1365575,60
-73.0532775,-40.1364507,60
-73.0532772,-40.1363322,60
-73.0532772,-40.1362252,60
-73.0532769,-40.136107,60
-73.0532771,-40.1359883,60
-73.0532771,-40.1358819,60
-73.0532773,-40.1357639,60
-73.0532771,-40.135645,60
-73.0532776,-40.1355381,60
-73.0532774,-40.1354202,60
-73.0532769,-40.1353018,60
-73.0532769,-40.1351946,60
-73.0532772,-40.1350762,60
-73.0532775,-40.134958,60
-73.0532773,-40.1348563,60
-73.0532779,-40.1347404,60
-73.0532756,-40.134621,60
-73.0532664,-40.1345478,60
-73.0532342,-40.1345085,60
-73.0531742,-40.1344974,60
-73.0531119,-40.1345041,60
-73.0530367,-40.134527,60
-73.0529899,-40.1345727,60
-73.052978,-40.1346339,60
-73.0529775,-40.1346973,60
-73.0529773,-40.1347833,60
-73.0529776,-40.1348816,60
-73.0529779,-40.1349794,60
-73.0529785,-40.1350996,60
-73.052978,-40.1352234,60
-73.0529782,-40.1353324,60
-73.0529782,-40.1354522,60
-73.0529787,-40.1355592,60
-73.0529786,-40.1356782,60
-73.0529785,-40.1357971,60
-73.0529781,-40.1359042,60
-73.0529781,-40.136023,60
-73.0529777,-40.1361409,60
-73.052978,-40.1362594,60
-73.0529779,-40.1363657,60
-73.0529778,-40.1364837,60
-73.0529782,-40.1366021,60
-73.0529773,-40.136709,60
-73.0529772,-40.1368277,60
-73.0529779,-40.1369463,60
-73.0529776,-40.1370532,60
-73.052978,-40.1371718,60
-73.0529779,-40.1372906,60
-73.0529774,-40.1373978,60
-73.0529776,-40.1375154,60
-73.0529772,-40.1376335,60
-73.0529775,-40.13774,60
-73.0529773,-40.1378586,60
-73.0529771,-40.1379776,60
-73.052977,-40.1380958,60
-73.0529772,-40.1382022,60
-73.0529775,-40.1383207,60
-73.0529777,-40.1384278,60
-73.0529775,-40.138546,60
-73.0529777,-40.1386637,60
-73.0529772,-40.1387719,60
-73.0529775,-40.1388907,60
-73.0529772,-40.1390095,60
-73.0529765,-40.1391166,60
-73.0529769,-40.1392357,60
-73.0529773,-40.1393544,60
-73.052977,-40.1394614,60
-73.0529767,-40.1395802,60
-73.0529767,-40.1396989,60
-73.0529771,-40.1398054,60
-73.0529774,-40.1399241,60
-73.0529773,-40.1400433,60
-73.0529774,-40.14015,60
-73.0529772,-40.1402682,60
-73.0529772,-40.1403858,60
-73.0529769,-40.1405027,60
-73.052977,-40.1406041,60
-73.0529767,-40.1407192,60
-73.0529688,-40.1408167,60
-73.0529407,-40.1408699,60
-73.0528737,-40.1409065,60
-73.0527982,-40.1409249,60
-73.0527304,-40.1409268,60
-73.0526895,-40.1408965,60
-73.0526785,-40.1408541,60
-73.0526772,-40.1407977,60
-73.0526771,-40.1407215,60
-73.0526766,-40.1406388,60
-73.052676,-40.140536,60
-73.0526762,-40.1404213,60
-73.0526766,-40.1403125,60
-73.0526754,-40.1401913,60
-73.0526755,-40.1400718,60
-73.0526755,-40.1399645,60
-73.0526759,-40.1398457,60
-73.052676,-40.1397142,60
-73.0526761,-40.1396187,60
-73.0526767,-40.1395004,60
-73.0526761,-40.1393852,60
-73.0526762,-40.1392776,60
-73.0526761,-40.1391574,60
-73.0526758,-40.1390385,60
-73.0526768,-40.1389323,60
-73.0526768,-40.138813,60
-73.0526766,-40.1387062,60
-73.0526756,-40.1385885,60
-73.0526758,-40.1384576,60
-73.0526764,-40.1383507,60
-73.0526769,-40.1382317,60
-73.0526769,-40.1381247,60
-73.052677,-40.1380058,60
-73.0526765,-40.1378988,60
-73.052677,-40.13778,60
-73.0526762,-40.1376619,60
-73.0526766,-40.1375553,60
-73.0526765,-40.1374361,60
-73.0526767,-40.1373175,60
-73.0526769,-40.1371985,60
-73.0526773,-40.1370914,60
</coordinates></LineString>
</Placemark>
<Placemark>
<name>DJI_202603251501_002_PENABLANCA008_Timestamp.MRK</name>
<description>Equipo: M3E | Fecha: 25-03-2026 | Puntos: 923</description>
<styleUrl>#m3e</styleUrl>
<LineString><altitudeMode>relativeToGround</altitudeMode><coordinates>
-73.0526779,-40.1369962,60
-73.0526779,-40.1369732,60
-73.0526781,-40.1369297,60
-73.0526775,-40.1368608,60
-73.0526768,-40.1367752,60
-73.0526768,-40.1366863,60
-73.0526767,-40.136577,60
-73.0526765,-40.1364707,60
-73.0526768,-40.1363374,60
-73.0526768,-40.1362301,60
-73.0526766,-40.1361112,60
-73.0526764,-40.136004,60
-73.0526763,-40.1358855,60
-73.0526763,-40.1357679,60
-73.0526769,-40.1356619,60
-73.0526766,-40.1355435,60
-73.0526769,-40.135425,60
-73.0526772,-40.1353183,60
-73.0526769,-40.1351993,60
-73.052677,-40.1350808,60
-73.052677,-40.1349756,60
-73.0526768,-40.1348434,60
-73.0526764,-40.134738,60
-73.0526708,-40.1346516,60
-73.0526529,-40.1345906,60
-73.0526089,-40.134576,60
-73.0525315,-40.1345871,60
-73.0524749,-40.1345994,60
-73.0524102,-40.1346338,60
-73.0523829,-40.1346837,60
-73.052377,-40.1347478,60
-73.0523759,-40.1348256,60
-73.0523762,-40.134919,60
-73.0523765,-40.1350241,60
-73.0523768,-40.1351277,60
-73.0523767,-40.1352489,60
-73.0523768,-40.1353591,60
-73.052377,-40.1354795,60
-73.0523771,-40.1355991,60
-73.0523772,-40.1357074,60
-73.052377,-40.1358265,60
-73.0523773,-40.135933,60
-73.0523772,-40.1360517,60
-73.0523772,-40.1361702,60
-73.0523768,-40.1362878,60
-73.0523768,-40.1363945,60
-73.0523767,-40.1365135,60
-73.0523768,-40.1366314,60
-73.0523771,-40.1367369,60
-73.0523769,-40.1368549,60
-73.052377,-40.1369733,60
-73.0523771,-40.1370802,60
-73.0523776,-40.1371994,60
-73.0523774,-40.1373163,60
-73.0523774,-40.1374229,60
-73.0523773,-40.1375415,60
-73.0523768,-40.1376604,60
-73.0523764,-40.1377674,60
-73.052377,-40.1378855,60
-73.0523766,-40.138004,60
-73.0523768,-40.1381126,60
-73.0523767,-40.1382313,60
-73.0523767,-40.1383499,60
-73.0523771,-40.1384563,60
-73.0523767,-40.1385749,60
-73.0523768,-40.1386927,60
-73.0523765,-40.1387994,60
-73.0523764,-40.1389184,60
-73.0523765,-40.1390371,60
-73.0523768,-40.1391434,60
-73.0523766,-40.1392612,60
-73.0523765,-40.1393802,60
-73.0523765,-40.1394875,60
-73.0523766,-40.139606,60
-73.0523769,-40.1397126,60
-73.0523762,-40.1398315,60
-73.0523765,-40.1399498,60
-73.0523767,-40.1400677,60
-73.0523763,-40.1401745,60
-73.0523762,-40.1402928,60
-73.0523764,-40.1404108,60
-73.0523765,-40.1405298,60
-73.0523767,-40.1406362,60
-73.0523766,-40.1407552,60
-73.0523762,-40.1408588,60
-73.0523688,-40.1409536,60
-73.0523394,-40.141016,60
-73.0522772,-40.1410551,60
-73.0521871,-40.1410824,60
-73.0521247,-40.1410865,60
-73.0520896,-40.1410607,60
-73.0520787,-40.1410162,60
-73.0520769,-40.1409673,60
-73.0520769,-40.1408914,60
-73.0520767,-40.140804,60
-73.0520773,-40.1407148,60
-73.0520766,-40.1406199,60
-73.0520761,-40.1405158,60
-73.0520767,-40.1404139,60
-73.0520759,-40.1402936,60
-73.0520757,-40.1401722,60
-73.0520757,-40.1400528,60
-73.0520757,-40.1399343,60
-73.0520759,-40.1398271,60
-73.0520754,-40.1397085,60
-73.0520755,-40.1396014,60
-73.0520754,-40.1394831,60
-73.0520761,-40.1393648,60
-73.0520755,-40.1392581,60
-73.0520757,-40.1391392,60
-73.0520757,-40.1390203,60
-73.0520761,-40.1389022,60
-73.0520756,-40.1387959,60
-73.0520755,-40.1386777,60
-73.0520751,-40.1385706,60
-73.0520754,-40.1384522,60
-73.0520755,-40.138346,60
-73.0520753,-40.138227,60
-73.0520759,-40.138109,60
-73.052076,-40.1379902,60
-73.052076,-40.1378725,60
-73.0520761,-40.137765,60
-73.0520755,-40.1376462,60
-73.0520762,-40.13754,60
-73.0520764,-40.1374214,60
-73.0520764,-40.1373019,60
-73.0520762,-40.137184,60
-73.052077,-40.1370776,60
-73.0520765,-40.1369584,60
-73.0520757,-40.1368399,60
-73.0520764,-40.1367336,60
-73.0520771,-40.1366149,60
-73.0520773,-40.1364968,60
-73.0520773,-40.1363896,60
-73.0520774,-40.1362713,60
-73.0520772,-40.1361644,60
-73.0520775,-40.1360456,60
-73.0520769,-40.135928,60
-73.0520766,-40.135809,60
-73.0520769,-40.1356915,60
-73.0520768,-40.1355859,60
-73.0520767,-40.1354705,60
-73.0520774,-40.1353514,60
-73.0520771,-40.1352423,60
-73.052077,-40.1351296,60
-73.0520758,-40.1350424,60
-73.052075,-40.1349821,60
-73.052075,-40.1349158,60
-73.052077,-40.1348558,60
-73.052077,-40.1347991,60
-73.0520759,-40.1347567,60
-73.0520603,-40.1347067,60
-73.05202,-40.1346797,60
-73.0519578,-40.1346763,60
-73.0518958,-40.1346888,60
-73.0518235,-40.1347217,60
-73.0517852,-40.1347725,60
-73.0517775,-40.1348326,60
-73.0517765,-40.1349009,60
-73.0517761,-40.1349843,60
-73.0517763,-40.1350595,60
-73.0517772,-40.1351199,60
-73.0517773,-40.1351889,60
-73.0517776,-40.1352417,60
-73.0517776,-40.1352835,60
-73.0517778,-40.1353375,60
-73.0517779,-40.1354043,60
-73.0517779,-40.1354917,60
-73.0517778,-40.1355948,60
-73.0517776,-40.1356962,60
-73.0517773,-40.1358165,60
-73.0517772,-40.135938,60
-73.0517776,-40.1360459,60
-73.0517776,-40.1361651,60
-73.0517775,-40.1362836,60
-73.0517778,-40.13639,60
-73.0517781,-40.1365084,60
-73.0517777,-40.1366261,60
-73.0517772,-40.1367442,60
-73.051777,-40.1368512,60
-73.0517769,-40.1369702,60
-73.0517768,-40.1370769,60
-73.051777,-40.137195,60
-73.0517777,-40.1373137,60
-73.0517773,-40.1374203,60
-73.051777,-40.1375387,60
-73.0517772,-40.1376566,60
-73.0517771,-40.1377627,60
-73.0517769,-40.1378823,60
-73.051777,-40.137989,60
-73.051777,-40.1381076,60
-73.0517765,-40.1382259,60
-73.0517768,-40.138344,60
-73.0517768,-40.138451,60
-73.0517767,-40.1385814,60
-73.0517762,-40.1386882,60
-73.0517762,-40.1388063,60
-73.0517766,-40.1389242,60
-73.0517762,-40.1390312,60
-73.0517764,-40.1391497,60
-73.0517767,-40.1392568,60
-73.0517771,-40.1393753,60
-73.0517768,-40.1394819,60
-73.0517768,-40.1396002,60
-73.0517763,-40.1397194,60
-73.0517768,-40.1398379,60
-73.051777,-40.1399566,60
-73.0517771,-40.1400634,60
-73.0517772,-40.1401815,60
-73.0517768,-40.1403006,60
-73.0517768,-40.1404068,60
-73.0517765,-40.1405257,60
-73.0517765,-40.140644,60
-73.0517766,-40.1407514,60
-73.0517768,-40.1408649,60
-73.0517773,-40.1409458,60
-73.0517774,-40.1410024,60
-73.0517768,-40.1410335,60
-73.0517764,-40.1410791,60
-73.0517702,-40.1411498,60
-73.0517341,-40.141215,60
-73.0516763,-40.141259,60
-73.0516054,-40.1412784,60
-73.0515367,-40.1412878,60
-73.0514955,-40.1412687,60
-73.0514787,-40.1412266,60
-73.0514764,-40.141174,60
-73.051476,-40.1411025,60
-73.0514761,-40.1410144,60
-73.0514759,-40.1409236,60
-73.0514758,-40.1408122,60
-73.0514756,-40.1407078,60
-73.0514755,-40.1405963,60
-73.0514753,-40.1404762,60
-73.0514752,-40.1403679,60
-73.0514748,-40.1402831,60
-73.0514754,-40.1402147,60
-73.0514756,-40.1401211,60
-73.0514754,-40.1400143,60
-73.0514761,-40.1398992,60
-73.0514759,-40.1397897,60
-73.0514758,-40.139668,60
-73.0514756,-40.1395608,60
-73.0514756,-40.1394416,60
-73.0514755,-40.139323,60
-73.0514755,-40.1392165,60
-73.0514756,-40.1390975,60
-73.0514753,-40.1389797,60
-73.0514751,-40.1388617,60
-73.0514754,-40.1387544,60
-73.0514755,-40.1386361,60
-73.0514759,-40.1385173,60
-73.0514763,-40.1384097,60
-73.0514762,-40.1382909,60
-73.0514765,-40.1381728,60
-73.0514765,-40.1380666,60
-73.0514766,-40.1379483,60
-73.0514766,-40.1378294,60
-73.0514763,-40.1377227,60
-73.0514761,-40.1376037,60
-73.0514763,-40.1374854,60
-73.0514763,-40.1373786,60
-73.0514759,-40.1372608,60
-73.0514761,-40.1371427,60
-73.0514756,-40.1370238,60
-73.0514754,-40.1369166,60
-73.0514756,-40.1367978,60
-73.051476,-40.1366909,60
-73.051476,-40.1365722,60
-73.0514761,-40.136468,60
-73.0514764,-40.1363492,60
-73.0514769,-40.1362304,60
-73.0514765,-40.1361111,60
-73.0514768,-40.1360045,60
-73.0514768,-40.1358865,60
-73.0514769,-40.1357745,60
-73.0514766,-40.1356689,60
-73.0514769,-40.1355495,60
-73.0514769,-40.1354355,60
-73.0514766,-40.1353316,60
-73.0514766,-40.1352269,60
-73.0514764,-40.1351098,60
-73.0514761,-40.1349981,60
-73.0514707,-40.1349134,60
-73.0514523,-40.1348635,60
-73.0514119,-40.134846,60
-73.051351,-40.1348558,60
-73.0512854,-40.1348787,60
-73.0512156,-40.1349242,60
-73.0511844,-40.1349826,60
-73.0511779,-40.1350555,60
-73.0511767,-40.1351227,60
-73.0511771,-40.1351778,60
-73.0511772,-40.1352238,60
-73.0511775,-40.1352653,60
-73.0511776,-40.1353274,60
-73.0511779,-40.1353717,60
-73.0511778,-40.1354284,60
-73.0511779,-40.1354957,60
-73.0511782,-40.1355898,60
-73.0511783,-40.1356935,60
-73.0511778,-40.1357959,60
-73.0511774,-40.1359166,60
-73.0511778,-40.1360371,60
-73.0511778,-40.1361451,60
-73.0511774,-40.1362637,60
-73.0511776,-40.1363818,60
-73.0511772,-40.1364882,60
-73.0511772,-40.1366064,60
-73.0511767,-40.1367133,60
-73.051177,-40.1368322,60
-73.051177,-40.1369506,60
-73.0511768,-40.1370576,60
-73.0511765,-40.1371756,60
-73.0511767,-40.1372941,60
-73.051177,-40.1374005,60
-73.0511769,-40.137518,60
-73.0511769,-40.1376371,60
-73.0511765,-40.1377565,60
-73.0511768,-40.1378631,60
-73.0511767,-40.1379817,60
-73.0511766,-40.1380881,60
-73.0511769,-40.1382187,60
-73.051177,-40.1383252,60
-73.0511769,-40.1384442,60
-73.0511765,-40.1385505,60
-73.0511762,-40.1386685,60
-73.0511765,-40.1387749,60
-73.0511764,-40.1388929,60
-73.0511764,-40.139012,60
-73.051176,-40.1391309,60
-73.051176,-40.1392374,60
-73.051176,-40.1393561,60
-73.0511761,-40.1394748,60
-73.0511766,-40.1395817,60
-73.0511761,-40.1397004,60
-73.0511762,-40.1398186,60
-73.0511759,-40.1399376,60
-73.051176,-40.1400444,60
-73.0511761,-40.1401628,60
-73.0511763,-40.1402695,60
-73.0511763,-40.1403877,60
-73.0511761,-40.1405016,60
-73.0511765,-40.1406059,60
-73.0511764,-40.1407262,60
-73.0511761,-40.1408331,60
-73.0511766,-40.1409499,60
-73.0511774,-40.1410412,60
-73.0511766,-40.1411056,60
-73.0511761,-40.1411719,60
-73.0511763,-40.1412605,60
-73.0511687,-40.1413464,60
-73.0511375,-40.1414118,60
-73.0510688,-40.1414559,60
-73.0509819,-40.1414824,60
-73.0509279,-40.1414849,60
-73.0508876,-40.1414571,60
-73.050878,-40.1414116,60
-73.0508767,-40.1413621,60
-73.0508763,-40.1412937,60
-73.050876,-40.1412387,60
-73.050876,-40.1412022,60
-73.0508754,-40.1411423,60
-73.0508753,-40.141078,60
-73.0508748,-40.1409968,60
-73.050875,-40.1409015,60
-73.050875,-40.1407983,60
-73.0508749,-40.1406989,60
-73.0508749,-40.1405771,60
-73.0508748,-40.1404547,60
-73.0508748,-40.1403459,60
-73.0508746,-40.1402262,60
-73.0508742,-40.1401083,60
-73.0508752,-40.1400014,60
-73.0508749,-40.1398841,60
-73.0508747,-40.1397666,60
-73.0508751,-40.1396828,60
-73.050875,-40.1395883,60
-73.0508752,-40.1394767,60
-73.0508753,-40.1393683,60
-73.0508759,-40.1392464,60
-73.0508764,-40.1391378,60
-73.0508762,-40.1390191,60
-73.0508758,-40.1389011,60
-73.0508761,-40.1387949,60
-73.0508763,-40.1386642,60
-73.050876,-40.1385582,60
-73.050876,-40.1384395,60
-73.0508759,-40.138333,60
-73.0508756,-40.1382148,60
-73.0508758,-40.1380959,60
-73.0508756,-40.1379893,60
-73.0508759,-40.1378711,60
-73.0508753,-40.1377648,60
-73.050876,-40.1376451,60
-73.0508753,-40.1375269,60
-73.0508759,-40.137421,60
-73.050876,-40.1373021,60
-73.0508762,-40.1371835,60
-73.0508764,-40.1370766,60
-73.050877,-40.1369459,60
-73.0508766,-40.1368404,60
-73.0508762,-40.1367216,60
-73.0508767,-40.1366164,60
-73.0508763,-40.1365004,60
-73.0508762,-40.1363822,60
-73.0508764,-40.1362757,60
-73.0508761,-40.1361604,60
-73.0508759,-40.136058,60
-73.0508757,-40.1359646,60
-73.0508757,-40.1358525,60
-73.0508756,-40.1357475,60
-73.0508758,-40.1356317,60
-73.0508756,-40.1355288,60
-73.0508757,-40.135414,60
-73.0508763,-40.1353141,60
-73.0508758,-40.1351985,60
-73.0508705,-40.1351127,60
-73.0508497,-40.1350638,60
-73.0508004,-40.1350474,60
-73.050741,-40.1350596,60
-73.0506816,-40.1350809,60
-73.0506112,-40.1351263,60
-73.0505824,-40.1351921,60
-73.0505772,-40.1352574,60
-73.050577,-40.1353417,60
-73.0505764,-40.1354185,60
-73.0505767,-40.1354835,60
-73.0505768,-40.1355426,60
-73.0505771,-40.1355922,60
-73.0505774,-40.1356312,60
-73.0505773,-40.1356822,60
-73.0505776,-40.1357561,60
-73.0505779,-40.1358351,60
-73.0505776,-40.1359347,60
-73.0505773,-40.1360338,60
-73.0505771,-40.1361527,60
-73.0505773,-40.1362742,60
-73.050577,-40.1363946,60
-73.0505774,-40.1365018,60
-73.0505778,-40.13662,60
-73.0505777,-40.1367388,60
-73.0505771,-40.1368455,60
-73.0505772,-40.136964,60
-73.0505771,-40.1370825,60
-73.0505769,-40.1371895,60
-73.0505766,-40.1373078,60
-73.0505765,-40.1374262,60
-73.050577,-40.1375325,60
-73.0505768,-40.1376509,60
-73.0505765,-40.1377577,60
-73.0505767,-40.1378761,60
-73.0505771,-40.1379943,60
-73.0505765,-40.1381134,60
-73.050577,-40.1382203,60
-73.0505766,-40.1383503,60
-73.0505768,-40.1384451,60
-73.0505764,-40.1385636,60
-73.0505766,-40.1386819,60
-73.0505768,-40.1388001,60
-73.0505766,-40.1389063,60
-73.0505766,-40.1390252,60
-73.0505766,-40.1391437,60
-73.0505761,-40.139262,60
-73.0505759,-40.1393689,60
-73.0505761,-40.1394874,60
-73.0505763,-40.1396066,60
-73.0505762,-40.1397123,60
-73.0505763,-40.1398236,60
-73.0505759,-40.1399312,60
-73.050576,-40.1400527,60
-73.0505762,-40.1401728,60
-73.050576,-40.1402804,60
-73.0505753,-40.1403988,60
-73.0505752,-40.1405176,60
-73.0505753,-40.1406362,60
-73.0505754,-40.140743,60
-73.050576,-40.1408737,60
-73.0505758,-40.1409686,60
-73.0505761,-40.1410849,60
-73.0505761,-40.1412028,60
-73.0505765,-40.1413213,60
-73.0505764,-40.1414261,60
-73.0505723,-40.1415264,60
-73.0505592,-40.141594,60
-73.050528,-40.1416204,60
-73.0504626,-40.1416382,60
-73.0503759,-40.1416508,60
-73.0503207,-40.1416434,60
-73.0502844,-40.1416079,60
-73.050277,-40.1415634,60
-73.0502755,-40.1415016,60
-73.0502754,-40.1414221,60
-73.0502761,-40.1413286,60
-73.0502755,-40.1412309,60
-73.0502755,-40.1411127,60
-73.0502753,-40.1409908,60
-73.0502754,-40.1408825,60
-73.0502753,-40.1407631,60
-73.050275,-40.1406444,60
-73.050275,-40.1405378,60
-73.050275,-40.14042,60
-73.050275,-40.1403187,60
-73.0502749,-40.1402023,60
-73.0502749,-40.1400808,60
-73.0502753,-40.1399925,60
-73.0502764,-40.1399023,60
-73.0502754,-40.1397972,60
-73.0502752,-40.1396807,60
-73.0502751,-40.1395717,60
-73.0502752,-40.139451,60
-73.0502751,-40.1393313,60
-73.0502758,-40.1392237,60
-73.0502757,-40.1391044,60
-73.0502752,-40.1389852,60
-73.0502748,-40.138867,60
-73.050275,-40.1387608,60
-73.0502748,-40.138642,60
-73.0502755,-40.1385234,60
-73.0502748,-40.1384167,60
-73.050275,-40.1382985,60
-73.0502754,-40.1381808,60
-73.0502752,-40.1380744,60
-73.0502752,-40.1379556,60
-73.0502753,-40.1378488,60
-73.0502752,-40.1377301,60
-73.0502752,-40.1376115,60
-73.0502757,-40.1374936,60
-73.0502759,-40.1373869,60
-73.0502756,-40.1372691,60
-73.0502757,-40.1371627,60
-73.0502761,-40.1370432,60
-73.0502759,-40.1369246,60
-73.0502758,-40.1368065,60
-73.0502756,-40.1366998,60
-73.0502756,-40.1365818,60
-73.0502759,-40.1364777,60
-73.0502759,-40.1363601,60
-73.0502762,-40.1362408,60
-73.050276,-40.1361338,60
-73.0502765,-40.1360152,60
-73.0502767,-40.1359041,60
-73.0502762,-40.1358349,60
-73.0502759,-40.1357704,60
-73.0502757,-40.1357063,60
-73.0502757,-40.1356397,60
-73.0502756,-40.1355762,60
-73.0502761,-40.1355243,60
-73.0502763,-40.135482,60
-73.0502764,-40.1354417,60
-73.0502758,-40.1354065,60
-73.0502751,-40.1353707,60
-73.0502754,-40.135342,60
-73.0502752,-40.1353139,60
-73.0502562,-40.1352782,60
-73.0502171,-40.1352626,60
-73.0501684,-40.135277,60
-73.050122,-40.1353004,60
-73.0500545,-40.1353431,60
-73.0499988,-40.1354101,60
-73.0499824,-40.1354659,60
-73.0499764,-40.1355243,60
-73.0499754,-40.1355867,60
-73.0499757,-40.1356384,60
-73.049976,-40.1356871,60
-73.0499766,-40.1357357,60
-73.0499764,-40.1358049,60
-73.0499773,-40.1358752,60
-73.049977,-40.1359673,60
-73.0499777,-40.136064,60
-73.0499777,-40.1361444,60
-73.0499765,-40.1362013,60
-73.049976,-40.1362367,60
-73.0499769,-40.1362681,60
-73.0499764,-40.1363046,60
-73.0499768,-40.1363534,60
-73.0499772,-40.1364152,60
-73.0499772,-40.1364998,60
-73.0499768,-40.1365986,60
-73.0499769,-40.1367088,60
-73.0499767,-40.1368154,60
-73.0499768,-40.1369369,60
-73.0499765,-40.137057,60
-73.0499766,-40.1371642,60
-73.0499768,-40.1372827,60
-73.0499767,-40.1374012,60
-73.0499771,-40.1375081,60
-73.0499767,-40.1376261,60
-73.0499765,-40.1377324,60
-73.0499769,-40.1378508,60
-73.0499763,-40.1379693,60
-73.0499765,-40.1380755,60
-73.0499764,-40.1381937,60
-73.0499763,-40.1383122,60
-73.049976,-40.138419,60
-73.0499759,-40.1385378,60
-73.0499761,-40.1386561,60
-73.0499756,-40.1387746,60
-73.0499758,-40.1388814,60
-73.0499758,-40.1390001,60
-73.0499759,-40.1391183,60
-73.0499757,-40.1392243,60
-73.0499757,-40.1393432,60
-73.0499758,-40.1394501,60
-73.0499761,-40.1395681,60
-73.0499758,-40.139685,60
-73.049976,-40.1398042,60
-73.0499758,-40.139912,60
-73.0499757,-40.1400311,60
-73.0499761,-40.1401498,60
-73.0499761,-40.1402568,60
-73.0499759,-40.1403755,60
-73.0499761,-40.1404821,60
-73.0499756,-40.1406003,60
-73.0499758,-40.1407186,60
-73.0499756,-40.1408254,60
-73.0499753,-40.1409437,60
-73.0499755,-40.1410743,60
-73.0499753,-40.1411806,60
-73.0499749,-40.1412877,60
-73.0499753,-40.1414055,60
-73.0499751,-40.1415235,60
-73.0499714,-40.1416197,60
-73.0499489,-40.1416856,60
-73.0498893,-40.1417181,60
-73.0498097,-40.141731,60
-73.049742,-40.1417302,60
-73.0496938,-40.1417034,60
-73.0496784,-40.1416604,60
-73.0496761,-40.1416047,60
-73.0496757,-40.1415322,60
-73.0496756,-40.1414391,60
-73.0496756,-40.1413442,60
-73.0496757,-40.1412312,60
-73.0496755,-40.1411107,60
-73.0496747,-40.1410017,60
-73.0496747,-40.1408811,60
-73.0496743,-40.1407624,60
-73.0496745,-40.1406559,60
-73.0496744,-40.1405381,60
-73.0496747,-40.1404212,60
-73.0496746,-40.1403148,60
-73.0496746,-40.1401999,60
-73.049674,-40.1400909,60
-73.049674,-40.1399583,60
-73.0496745,-40.139853,60
-73.0496743,-40.1397458,60
-73.0496744,-40.139625,60
-73.0496746,-40.139506,60
-73.0496749,-40.1394006,60
-73.0496747,-40.1392815,60
-73.0496751,-40.1391625,60
-73.0496754,-40.139044,60
-73.0496751,-40.1389375,60
-73.0496752,-40.1388183,60
-73.049675,-40.1387115,60
-73.0496754,-40.1385804,60
-73.0496751,-40.1384742,60
-73.0496748,-40.1383564,60
-73.0496749,-40.1382496,60
-73.0496754,-40.138131,60
-73.0496751,-40.1380125,60
-73.0496752,-40.1379051,60
-73.0496754,-40.1377875,60
-73.0496752,-40.1376805,60
-73.0496752,-40.1375617,60
-73.0496754,-40.1374437,60
-73.0496753,-40.1373372,60
-73.0496754,-40.1372176,60
-73.0496756,-40.1371126,60
-73.0496758,-40.136991,60
-73.0496761,-40.1368829,60
-73.0496753,-40.1367644,60
-73.049676,-40.1366481,60
-73.0496762,-40.1365723,60
-73.0496764,-40.1364914,60
-73.049676,-40.1364142,60
-73.0496761,-40.1363702,60
-73.0496762,-40.1363166,60
-73.0496757,-40.1362419,60
-73.0496759,-40.1361678,60
-73.0496754,-40.1360714,60
-73.0496735,-40.1359811,60
-73.0496626,-40.1359175,60
-73.0496378,-40.1359033,60
-73.0496183,-40.1359204,60
-73.0495984,-40.1359456,60
-73.0495664,-40.1359911,60
-73.0495281,-40.1360483,60
-73.0494753,-40.1361264,60
-73.0494167,-40.1362164,60
-73.0493845,-40.1362886,60
-73.049377,-40.1363645,60
-73.0493762,-40.1364512,60
-73.0493761,-40.136552,60
-73.0493762,-40.1366517,60
-73.0493761,-40.1367714,60
-73.0493761,-40.1368891,60
-73.0493765,-40.1369961,60
-73.0493766,-40.1371063,60
-73.049376,-40.1371906,60
-73.0493762,-40.1372369,60
-73.0493758,-40.1372697,60
-73.0493768,-40.1373216,60
-73.0493776,-40.1373932,60
-73.0493768,-40.1374731,60
-73.0493766,-40.1375756,60
-73.0493768,-40.137683,60
-73.0493771,-40.1377902,60
-73.049377,-40.1379016,60
-73.0493768,-40.1380236,60
-73.0493766,-40.1381428,60
-73.049376,-40.1382617,60
-73.0493764,-40.1383683,60
-73.0493758,-40.1384868,60
-73.0493757,-40.1386049,60
-73.049376,-40.1387115,60
-73.049376,-40.1388289,60
-73.0493752,-40.1389357,60
-73.0493754,-40.1390549,60
-73.0493749,-40.1391718,60
-73.0493748,-40.1392916,60
-73.0493747,-40.1393995,60
-73.0493749,-40.1395181,60
-73.0493749,-40.1396362,60
-73.0493751,-40.1397434,60
-73.0493757,-40.1398619,60
-73.0493756,-40.1399804,60
-73.0493756,-40.1400872,60
-73.0493756,-40.1402061,60
-73.0493755,-40.1403243,60
-73.0493752,-40.1404312,60
-73.0493751,-40.1405497,60
-73.0493745,-40.1406684,60
-73.0493749,-40.1407754,60
-73.0493747,-40.1408938,60
-73.0493753,-40.1410127,60
-73.0493752,-40.1411188,60
-73.0493755,-40.1412374,60
-73.0493752,-40.1413565,60
-73.049375,-40.1414634,60
-73.049375,-40.1415766,60
-73.0493667,-40.1416569,60
-73.0493556,-40.1416903,60
-73.0493174,-40.1416975,60
-73.0492851,-40.1416781,60
-73.0492516,-40.1416478,60
-73.0491976,-40.1415976,60
-73.0491334,-40.1415304,60
-73.0490899,-40.1414523,60
-73.0490741,-40.1413415,60
-73.0490749,-40.1412445,60
-73.0490747,-40.1411284,60
-73.0490745,-40.1410198,60
-73.0490746,-40.1408998,60
-73.0490748,-40.1407922,60
-73.0490747,-40.140674,60
-73.0490746,-40.1405557,60
-73.049074,-40.1404365,60
-73.0490742,-40.1403299,60
-73.049075,-40.1402118,60
-73.0490747,-40.1400985,60
-73.0490746,-40.1399897,60
-73.0490746,-40.1398693,60
-73.0490747,-40.1397495,60
-73.0490751,-40.1396312,60
-73.0490748,-40.1395247,60
-73.0490749,-40.1394054,60
-73.0490745,-40.1392984,60
-73.0490746,-40.1391795,60
-73.0490746,-40.1390722,60
-73.049075,-40.1389534,60
-73.0490748,-40.138835,60
-73.0490748,-40.1387163,60
-73.049075,-40.1386096,60
-73.0490752,-40.1384916,60
-73.0490755,-40.1383852,60
-73.0490753,-40.1382671,60
-73.0490746,-40.138149,60
-73.0490747,-40.1380302,60
-73.0490751,-40.1379227,60
-73.0490754,-40.137805,60
-73.0490753,-40.1376864,60
-73.0490752,-40.1375794,60
-73.0490748,-40.137461,60
-73.0490751,-40.1373484,60
-73.0490749,-40.1372686,60
-73.0490748,-40.1372142,60
-73.049075,-40.1371634,60
-73.0490754,-40.1371056,60
-73.0490753,-40.1370409,60
-73.0490747,-40.136966,60
-73.0490743,-40.136876,60
-73.0490652,-40.1368071,60
-73.0490573,-40.1367775,60
-73.049034,-40.1367773,60
-73.0490151,-40.136802,60
-73.0489916,-40.1368403,60
-73.0489566,-40.1368996,60
-73.048917,-40.1369664,60
-73.0488647,-40.1370551,60
-73.0488111,-40.137156,60
-73.0487834,-40.1372472,60
-73.0487773,-40.1373612,60
-73.0487756,-40.1374761,60
-73.0487754,-40.137569,60
-73.0487749,-40.1376387,60
-73.0487751,-40.1376975,60
-73.0487757,-40.1377559,60
-73.0487766,-40.1378316,60
-73.0487772,-40.1379082,60
-73.0487775,-40.138044,60
-73.0487774,-40.1381081,60
-73.048777,-40.1382198,60
-73.048777,-40.1383175,60
-73.0487767,-40.1384135,60
-73.0487763,-40.1384904,60
-73.0487763,-40.1385867,60
-73.0487767,-40.1386934,60
-73.048776,-40.1388085,60
-73.0487759,-40.1389176,60
-73.0487756,-40.1390386,60
-73.0487754,-40.1391581,60
-73.0487752,-40.1392768,60
-73.0487749,-40.1393836,60
-73.0487751,-40.1395018,60
-73.0487747,-40.139608,60
-73.0487751,-40.1397265,60
-73.0487747,-40.1398333,60
-73.0487751,-40.1399508,60
-73.0487747,-40.14007,60
-73.0487746,-40.1401769,60
-73.048775,-40.1402954,60
-73.0487753,-40.1404252,60
-73.0487758,-40.1405199,60
-73.0487749,-40.1406391,60
-73.0487752,-40.1407569,60
-73.0487754,-40.1408756,60
-73.0487751,-40.1409831,60
-73.0487701,-40.1410841,60
-73.0487529,-40.1411467,60
-73.0487216,-40.1411563,60
-73.0486897,-40.1411308,60
-73.0486523,-40.1410933,60
-73.0486037,-40.1410484,60
-73.0485389,-40.140983,60
-73.0484921,-40.1409069,60
-73.0484725,-40.1408069,60
-73.0484748,-40.1406996,60
-73.0484745,-40.140596,60
-73.0484743,-40.1404755,60
-73.0484741,-40.1403559,60
-73.0484738,-40.1402367,60
-73.0484736,-40.1401301,60
-73.0484739,-40.1400117,60
-73.0484736,-40.1398921,60
-73.0484737,-40.1397855,60
-73.0484738,-40.1396674,60
-73.0484737,-40.139549,60
-73.048474,-40.1394423,60
-73.0484741,-40.1393255,60
-73.0484741,-40.1392097,60
-73.0484745,-40.1391003,60
-73.0484748,-40.1389869,60
-73.0484745,-40.1388916,60
-73.0484747,-40.1387724,60
-73.0484746,-40.1386784,60
-73.0484745,-40.1385806,60
-73.0484747,-40.1384683,60
-73.0484745,-40.1383356,60
-73.0484705,-40.1382433,60
-73.048454,-40.1381943,60
-73.0484268,-40.1381802,60
-73.0484139,-40.1381998,60
-73.048399,-40.1382233,60
-73.0483685,-40.1382631,60
-73.0483222,-40.1383225,60
-73.0482645,-40.138397,60
-73.048213,-40.1384764,60
-73.0481804,-40.1385803,60
-73.0481766,-40.1386942,60
-73.0481755,-40.1388034,60
-73.0481754,-40.1389253,60
-73.0481755,-40.1390308,60
-73.0481758,-40.1391317,60
-73.0481753,-40.1391977,60
-73.0481747,-40.1392524,60
-73.0481756,-40.1393169,60
-73.0481753,-40.1393897,60
-73.0481757,-40.1394594,60
-73.0481756,-40.1395578,60
-73.0481751,-40.1396689,60
-73.0481752,-40.1397885,60
-73.0481751,-40.1398983,60
-73.0481749,-40.140018,60
-73.0481755,-40.1401373,60
-73.0481754,-40.1402441,60
-73.0481753,-40.1403624,60
-73.0481744,-40.1404766,60
-73.0481658,-40.1405446,60
-73.0481523,-40.1405737,60
-73.0481285,-40.1405718,60
-73.0481076,-40.1405467,60
-73.0480806,-40.1405065,60
-73.0480403,-40.1404456,60
-73.0479897,-40.1403681,60
-73.0479381,-40.1402877,60
-73.0478917,-40.1401861,60
-73.0478774,-40.1400827,60
-73.0478754,-40.1399614,60
-73.0478754,-40.1398403,60
-73.047875,-40.1397328,60
-73.0478749,-40.139615,60
-73.0478744,-40.1394981,60
-73.0478744,-40.1393944,60
-73.047874,-40.1392724,60
-73.0478743,-40.139163,60
-73.0478748,-40.1390826,60
-73.0478743,-40.1389966,60
-73.0478738,-40.1389208,60
-73.0478747,-40.1388865,60
-73.0478744,-40.138863,60
-73.0478743,-40.1388589,60
</coordinates></LineString>
</Placemark>
<Placemark>
<name>DJI_202603251501_003_PENABLANCA007_Timestamp.MRK</name>
<description>Equipo: M3E | Fecha: 25-03-2026 | Puntos: 433</description>
<styleUrl>#m3e</styleUrl>
<LineString><altitudeMode>relativeToGround</altitudeMode><coordinates>
-73.0477799,-40.1390636,60
-73.04778,-40.1390868,60
-73.0477796,-40.1391417,60
-73.0477801,-40.1392048,60
-73.0477803,-40.139287,60
-73.0477802,-40.1393878,60
-73.0477801,-40.1394865,60
-73.0477798,-40.1396022,60
-73.0477798,-40.1397196,60
-73.0477799,-40.1398289,60
-73.0477806,-40.1399482,60
-73.047781,-40.1400489,60
-73.0477805,-40.1401678,60
-73.0477804,-40.1402886,60
-73.0477804,-40.1404082,60
-73.0477805,-40.1405274,60
-73.0477807,-40.1406338,60
-73.0477805,-40.1407527,60
-73.0477805,-40.140859,60
-73.0477806,-40.1409775,60
-73.0477802,-40.1410963,60
-73.0477801,-40.1412023,60
-73.0477796,-40.1413206,60
-73.04778,-40.1414394,60
-73.04778,-40.1415459,60
-73.0477799,-40.141665,60
-73.0477798,-40.1417833,60
-73.0477795,-40.1418901,60
-73.0477796,-40.1420085,60
-73.0477793,-40.1421276,60
-73.0477796,-40.1422348,60
-73.0477795,-40.1423518,60
-73.0477792,-40.1424571,60
-73.0477802,-40.1425766,60
-73.0477797,-40.1426932,60
-73.0477798,-40.1428123,60
-73.0477842,-40.1429028,60
-73.0478011,-40.1429516,60
-73.0478353,-40.1429635,60
-73.047871,-40.142945,60
-73.0479113,-40.142913,60
-73.0479691,-40.1428648,60
-73.0480273,-40.1428049,60
-73.048071,-40.1427178,60
-73.0480805,-40.1426203,60
-73.0480799,-40.1425244,60
-73.0480794,-40.1424178,60
-73.0480792,-40.1423101,60
-73.0480789,-40.1422,60
-73.0480788,-40.1420771,60
-73.0480787,-40.1419579,60
-73.0480792,-40.1418512,60
-73.0480793,-40.1417328,60
-73.0480791,-40.141615,60
-73.0480795,-40.1415082,60
-73.0480787,-40.1413895,60
-73.0480787,-40.1412714,60
-73.0480788,-40.1411647,60
-73.0480785,-40.1410463,60
-73.0480787,-40.1409281,60
-73.048079,-40.1408211,60
-73.0480792,-40.1407027,60
-73.0480793,-40.1405882,60
-73.0480795,-40.1404841,60
-73.0480793,-40.1403643,60
-73.0480796,-40.140244,60
-73.0480795,-40.1401365,60
-73.0480796,-40.140018,60
-73.0480799,-40.1399006,60
-73.0480795,-40.1398032,60
-73.0480793,-40.1396905,60
-73.0480797,-40.1395692,60
-73.0480798,-40.1394593,60
-73.0480796,-40.1393388,60
-73.0480813,-40.1392295,60
-73.0480923,-40.139173,60
-73.0481035,-40.1391536,60
-73.0481246,-40.1391656,60
-73.0481408,-40.1391919,60
-73.0481664,-40.1392384,60
-73.0482025,-40.1393053,60
-73.0482416,-40.1393769,60
-73.0482925,-40.1394721,60
-73.0483439,-40.1395779,60
-73.0483729,-40.1396815,60
-73.0483799,-40.1398018,60
-73.0483809,-40.1399218,60
-73.0483812,-40.1400415,60
-73.0483809,-40.1401482,60
-73.0483806,-40.1402665,60
-73.0483811,-40.1403854,60
-73.0483808,-40.1404915,60
-73.0483803,-40.1406094,60
-73.0483803,-40.1407166,60
-73.0483804,-40.1408352,60
-73.0483805,-40.1409544,60
-73.0483804,-40.1410731,60
-73.0483807,-40.1411799,60
-73.0483802,-40.1412978,60
-73.0483798,-40.1414155,60
-73.0483803,-40.1415232,60
-73.0483799,-40.141642,60
-73.0483799,-40.1417605,60
-73.0483799,-40.141868,60
-73.0483801,-40.1419864,60
-73.0483802,-40.1420909,60
-73.0483802,-40.1422069,60
-73.0483804,-40.1423273,60
-73.04839,-40.1424155,60
-73.0484109,-40.1424525,60
-73.0484419,-40.1424521,60
-73.0484732,-40.1424232,60
-73.0485075,-40.1423872,60
-73.0485612,-40.1423301,60
-73.0486241,-40.142257,60
-73.0486659,-40.1421747,60
-73.0486806,-40.1420691,60
-73.0486799,-40.1419568,60
-73.0486799,-40.1418496,60
-73.0486797,-40.141729,60
-73.0486797,-40.1416092,60
-73.0486797,-40.141502,60
-73.0486794,-40.1413836,60
-73.0486799,-40.1412646,60
-73.0486799,-40.1411585,60
-73.0486797,-40.1410401,60
-73.0486799,-40.1409219,60
-73.0486797,-40.1408034,60
-73.0486797,-40.1406966,60
-73.0486797,-40.1405782,60
-73.0486797,-40.1404714,60
-73.0486822,-40.1403629,60
-73.0486973,-40.140304,60
-73.0487193,-40.140289,60
-73.0487508,-40.1403063,60
-73.0487805,-40.1403381,60
-73.0488192,-40.1403825,60
-73.0488759,-40.1404486,60
-73.0489368,-40.1405305,60
-73.0489726,-40.1406182,60
-73.0489822,-40.1407293,60
-73.0489803,-40.1408487,60
-73.0489801,-40.1409569,60
-73.0489803,-40.141077,60
-73.0489802,-40.1411962,60
-73.0489806,-40.1413146,60
-73.04898,-40.1414217,60
-73.0489804,-40.1415403,60
-73.0489809,-40.1416587,60
-73.0489803,-40.1417651,60
-73.0489807,-40.1418816,60
-73.0489801,-40.141986,60
-73.0489799,-40.1421012,60
-73.0489817,-40.142214,60
-73.048994,-40.1422884,60
-73.0490309,-40.1423235,60
-73.0490971,-40.1423363,60
-73.0491656,-40.1423349,60
-73.0492367,-40.1423163,60
-73.0492704,-40.1422766,60
-73.0492801,-40.1422283,60
-73.0492805,-40.1421621,60
-73.0492804,-40.142079,60
-73.0492806,-40.1419928,60
-73.0492803,-40.1418906,60
-73.0492802,-40.1417796,60
-73.04928,-40.1416738,60
-73.0492799,-40.1415539,60
-73.0492795,-40.1414337,60
-73.0492793,-40.1413264,60
-73.049279,-40.1412249,60
-73.0492785,-40.1411417,60
-73.0492819,-40.1410622,60
-73.0492927,-40.1410088,60
-73.0493147,-40.1409965,60
-73.0493415,-40.1410134,60
-73.0493665,-40.1410451,60
-73.0493996,-40.1410904,60
-73.0494489,-40.1411577,60
-73.0495005,-40.1412301,60
-73.0495549,-40.1413248,60
-73.0495799,-40.1414333,60
-73.0495809,-40.1415508,60
-73.0495805,-40.1416591,60
-73.0495806,-40.141768,60
-73.0495808,-40.1418624,60
-73.0495811,-40.1419443,60
-73.0495809,-40.1420225,60
-73.0495759,-40.1421134,60
-73.0495503,-40.1421837,60
-73.049488,-40.1422415,60
-73.0494118,-40.1422769,60
-73.0493072,-40.1423258,60
-73.049193,-40.1423705,60
-73.0491039,-40.1423799,60
-73.0490092,-40.1423547,60
-73.0489135,-40.1423127,60
-73.0488146,-40.1422678,60
-73.0487184,-40.1422318,60
-73.0486723,-40.1422265,60
-73.0486485,-40.1422489,60
-73.0486318,-40.1422875,60
-73.0485942,-40.1423398,60
-73.048535,-40.1423934,60
-73.0484522,-40.1424632,60
-73.0483576,-40.1425425,60
-73.0482654,-40.1426194,60
-73.0481607,-40.1427066,60
-73.0480548,-40.1427954,60
-73.0479624,-40.142873,60
-73.0478571,-40.1429616,60
-73.047756,-40.1430464,60
-73.0476613,-40.143126,60
-73.0475595,-40.1432102,60
-73.0474887,-40.1432614,60
-73.0474566,-40.1432719,60
-73.0474569,-40.1432462,60
-73.0474761,-40.1432095,60
-73.0474792,-40.1431604,60
-73.0474794,-40.1430919,60
-73.0474788,-40.1430056,60
-73.0474792,-40.1429086,60
-73.0474792,-40.1428098,60
-73.0474784,-40.142692,60
-73.0474784,-40.1425879,60
-73.0474791,-40.1424791,60
-73.0474789,-40.1423628,60
-73.0474789,-40.1422559,60
-73.0474786,-40.1421377,60
-73.0474785,-40.1420168,60
-73.0474785,-40.1419095,60
-73.0474787,-40.1418162,60
-73.0474791,-40.1417395,60
-73.0474794,-40.1416596,60
-73.0474791,-40.1415559,60
-73.0474792,-40.1414451,60
-73.0474792,-40.1413387,60
-73.0474792,-40.1412178,60
-73.0474791,-40.1410979,60
-73.0474792,-40.1409784,60
-73.0474789,-40.1408717,60
-73.0474788,-40.1407555,60
-73.0474784,-40.1406377,60
-73.0474787,-40.1405313,60
-73.047478,-40.1404165,60
-73.0474786,-40.1403245,60
-73.0474788,-40.1402344,60
-73.0474788,-40.1401252,60
-73.0474791,-40.1400065,60
-73.0474787,-40.1398958,60
-73.0474793,-40.1397808,60
-73.0474792,-40.1396824,60
-73.047479,-40.1395833,60
-73.0474793,-40.1394715,60
-73.0474787,-40.1393651,60
-73.0474779,-40.1392908,60
-73.0474778,-40.1392148,60
-73.0474775,-40.1391639,60
-73.0474738,-40.1391441,60
-73.0474749,-40.1391436,60
-73.0474739,-40.1391417,60
-73.0474683,-40.1391372,60
-73.0474367,-40.1391392,60
-73.0474106,-40.1391623,60
-73.0473873,-40.1391923,60
-73.0473572,-40.1392354,60
-73.0473258,-40.1392798,60
-73.0472945,-40.1393242,60
-73.0472515,-40.1393859,60
-73.0472089,-40.1394623,60
-73.0471873,-40.1395422,60
-73.0471812,-40.1396456,60
-73.0471802,-40.1397554,60
-73.0471805,-40.1398558,60
-73.0471801,-40.1399413,60
-73.0471797,-40.1399966,60
-73.0471804,-40.1400528,60
-73.0471808,-40.1401318,60
-73.0471803,-40.1402265,60
-73.0471801,-40.1403339,60
-73.0471801,-40.14044,60
-73.0471799,-40.1405615,60
-73.0471795,-40.1406829,60
-73.0471802,-40.1407903,60
-73.0471802,-40.140909,60
-73.0471797,-40.1410275,60
-73.0471801,-40.1411339,60
-73.0471797,-40.1412529,60
-73.0471798,-40.1413605,60
-73.0471802,-40.141479,60
-73.0471794,-40.1415969,60
-73.0471794,-40.1417033,60
-73.0471793,-40.1418198,60
-73.0471796,-40.1419393,60
-73.0471799,-40.1420455,60
-73.0471798,-40.1421644,60
-73.0471799,-40.1422828,60
-73.04718,-40.1424009,60
-73.0471793,-40.1425073,60
-73.0471792,-40.1426223,60
-73.0471797,-40.1427399,60
-73.0471792,-40.1428456,60
-73.0471795,-40.1429514,60
-73.04718,-40.143057,60
-73.0471795,-40.1431606,60
-73.0471792,-40.1432802,60
-73.0471795,-40.1434003,60
-73.0471795,-40.1435083,60
-73.0471714,-40.1436244,60
-73.0471375,-40.1437177,60
-73.0470752,-40.1437868,60
-73.0469939,-40.1438669,60
-73.0469352,-40.1439101,60
-73.0469037,-40.1439155,60
-73.0468837,-40.1438914,60
-73.0468802,-40.1438542,60
-73.0468797,-40.1438051,60
-73.0468796,-40.1437306,60
-73.0468795,-40.1436416,60
-73.0468792,-40.1435496,60
-73.0468792,-40.1434382,60
-73.0468783,-40.143321,60
-73.0468785,-40.1432187,60
-73.0468788,-40.1430987,60
-73.0468787,-40.1429792,60
-73.0468782,-40.142873,60
-73.0468787,-40.142756,60
-73.046879,-40.1426381,60
-73.046879,-40.1425359,60
-73.0468787,-40.142423,60
-73.0468791,-40.1423022,60
-73.0468793,-40.1421949,60
-73.0468786,-40.1420807,60
-73.0468786,-40.1419601,60
-73.0468786,-40.1418457,60
-73.0468787,-40.1417449,60
-73.0468783,-40.1416241,60
-73.0468787,-40.1415153,60
-73.0468783,-40.1413959,60
-73.0468783,-40.1412768,60
-73.0468785,-40.141158,60
-73.0468779,-40.1410516,60
-73.0468783,-40.1409384,60
-73.0468782,-40.1408612,60
-73.0468787,-40.1407727,60
-73.0468781,-40.1406699,60
-73.0468783,-40.1405686,60
-73.0468786,-40.1404468,60
-73.0468791,-40.1403232,60
-73.0468787,-40.1402135,60
-73.0468791,-40.1401188,60
-73.046879,-40.1400052,60
-73.0468761,-40.1399033,60
-73.0468667,-40.1398491,60
-73.0468464,-40.1398187,60
-73.0468022,-40.1398292,60
-73.0467717,-40.1398541,60
-73.0467248,-40.1398958,60
-73.0466614,-40.1399515,60
-73.0466101,-40.14002,60
-73.046578,-40.1401136,60
-73.0465786,-40.1402164,60
-73.0465789,-40.1403133,60
-73.0465792,-40.1404264,60
-73.0465796,-40.1405416,60
-73.0465797,-40.1406535,60
-73.0465797,-40.1407768,60
-73.0465795,-40.1408963,60
-73.0465797,-40.1410039,60
-73.0465799,-40.1411231,60
-73.0465799,-40.1412421,60
-73.0465799,-40.1413609,60
-73.0465793,-40.1414678,60
-73.0465794,-40.1415862,60
-73.0465796,-40.141691,60
-73.0465797,-40.1418093,60
-73.0465796,-40.1419289,60
-73.0465797,-40.1420488,60
-73.04658,-40.1421564,60
-73.0465796,-40.1422758,60
-73.0465792,-40.1423941,60
-73.0465793,-40.1425015,60
-73.0465791,-40.1426199,60
-73.0465793,-40.1427393,60
-73.0465789,-40.1428461,60
-73.0465789,-40.1429648,60
-73.0465791,-40.1430709,60
-73.0465795,-40.14319,60
-73.0465793,-40.1433091,60
-73.0465798,-40.1434258,60
-73.0465796,-40.1435442,60
-73.0465795,-40.143653,60
-73.0465797,-40.1437662,60
-73.0465799,-40.1438711,60
-73.0465784,-40.1439881,60
-73.0465698,-40.1440759,60
-73.0465394,-40.1441325,60
-73.0464643,-40.1441696,60
-73.046375,-40.1441906,60
-73.0463238,-40.1441893,60
-73.0462886,-40.1441549,60
-73.0462804,-40.1441071,60
-73.0462793,-40.1440537,60
-73.0462788,-40.1439764,60
-73.0462784,-40.1438835,60
-73.0462786,-40.1437882,60
-73.046278,-40.1436727,60
-73.0462779,-40.1435511,60
-73.046278,-40.1434306,60
-73.0462782,-40.1433225,60
-73.0462778,-40.1432079,60
-73.0462782,-40.1431056,60
-73.0462777,-40.1429848,60
-73.0462781,-40.1428635,60
-73.046278,-40.1427544,60
-73.0462778,-40.1426349,60
-73.0462781,-40.1425175,60
-73.0462783,-40.1424134,60
-73.0462778,-40.1422927,60
-73.046278,-40.1421725,60
-73.0462778,-40.1420536,60
-73.0462776,-40.1419461,60
-73.0462776,-40.1418272,60
-73.0462778,-40.1417202,60
-73.0462776,-40.1416017,60
-73.046278,-40.1414833,60
-73.0462782,-40.1413759,60
-73.0462777,-40.141254,60
-73.0462782,-40.1411855,60
-73.046279,-40.1411208,60
-73.0462786,-40.1410328,60
-73.0462785,-40.1409353,60
-73.046279,-40.1408341,60
</coordinates></LineString>
</Placemark>
<Placemark>
<name>DJI_202603251526_004_PENABLANCA007_Timestamp.MRK</name>
<description>Equipo: M3E | Fecha: 25-03-2026 | Puntos: 542</description>
<styleUrl>#m3e</styleUrl>
<LineString><altitudeMode>relativeToGround</altitudeMode><coordinates>
-73.0462795,-40.1408459,60
-73.0462797,-40.1408231,60
-73.0462799,-40.1407746,60
-73.0462795,-40.140704,60
-73.0462789,-40.1406326,60
-73.0462782,-40.1405649,60
-73.0462782,-40.1405194,60
-73.046278,-40.1404726,60
-73.0462737,-40.1404166,60
-73.0462577,-40.1403828,60
-73.0462228,-40.1403775,60
-73.0461868,-40.1403993,60
-73.0461484,-40.1404343,60
-73.0460985,-40.1404812,60
-73.0460348,-40.1405495,60
-73.0459929,-40.1406294,60
-73.0459773,-40.1407282,60
-73.0459778,-40.1408429,60
-73.0459782,-40.1409327,60
-73.0459785,-40.1410183,60
-73.0459785,-40.1411198,60
-73.0459786,-40.1412335,60
-73.0459785,-40.1413414,60
-73.0459787,-40.1414623,60
-73.0459789,-40.1415827,60
-73.0459791,-40.1416892,60
-73.0459787,-40.1418086,60
-73.045979,-40.141926,60
-73.045979,-40.1420342,60
-73.0459788,-40.1421511,60
-73.0459789,-40.1422689,60
-73.045979,-40.1423773,60
-73.045979,-40.142496,60
-73.0459789,-40.1426145,60
-73.0459787,-40.1427215,60
-73.045979,-40.1428393,60
-73.0459792,-40.1429579,60
-73.0459794,-40.1430647,60
-73.0459792,-40.1431831,60
-73.0459788,-40.1433009,60
-73.0459791,-40.1434081,60
-73.0459791,-40.143527,60
-73.0459793,-40.1436461,60
-73.0459791,-40.1437403,60
-73.0459795,-40.143826,60
-73.0459792,-40.1439176,60
-73.0459777,-40.144019,60
-73.0459728,-40.1441025,60
-73.0459512,-40.144152,60
-73.0458979,-40.1441701,60
-73.0458362,-40.1441678,60
-73.0457586,-40.1441529,60
-73.0457019,-40.1441164,60
-73.0456823,-40.1440662,60
-73.0456793,-40.1440022,60
-73.0456791,-40.1439225,60
-73.045679,-40.1438378,60
-73.0456787,-40.143731,60
-73.0456786,-40.143626,60
-73.0456783,-40.1435042,60
-73.0456777,-40.143383,60
-73.0456778,-40.1432757,60
-73.0456777,-40.1431562,60
-73.0456778,-40.1430375,60
-73.0456774,-40.1429191,60
-73.0456773,-40.142813,60
-73.0456776,-40.1426948,60
-73.045678,-40.142576,60
-73.0456777,-40.1424703,60
-73.0456784,-40.1423511,60
-73.0456784,-40.1422444,60
-73.0456783,-40.1421146,60
-73.0456782,-40.142008,60
-73.0456781,-40.1419016,60
-73.045678,-40.1417827,60
-73.0456779,-40.1416637,60
-73.0456781,-40.1415571,60
-73.0456778,-40.141439,60
-73.0456779,-40.1413183,60
-73.0456781,-40.1412095,60
-73.0456776,-40.1410922,60
-73.0456779,-40.1409736,60
-73.0456738,-40.1408697,60
-73.0456581,-40.1408182,60
-73.0456216,-40.140796,60
-73.0455733,-40.1408027,60
-73.0455203,-40.1408271,60
-73.0454529,-40.1408674,60
-73.0453991,-40.1409249,60
-73.0453756,-40.1410057,60
-73.0453778,-40.1410961,60
-73.045378,-40.1411945,60
-73.0453781,-40.1412929,60
-73.0453782,-40.1414109,60
-73.0453781,-40.1415337,60
-73.045378,-40.1416538,60
-73.0453786,-40.141763,60
-73.0453787,-40.1418818,60
-73.0453788,-40.1419879,60
-73.0453786,-40.1421065,60
-73.045379,-40.1422246,60
-73.0453785,-40.1423305,60
-73.0453785,-40.1424487,60
-73.0453784,-40.1425684,60
-73.0453789,-40.1426756,60
-73.045378,-40.1427944,60
-73.0453784,-40.1429131,60
-73.045378,-40.1430196,60
-73.0453781,-40.1431374,60
-73.0453787,-40.143256,60
-73.0453781,-40.1433744,60
-73.0453788,-40.1434808,60
-73.0453793,-40.1435959,60
-73.0453792,-40.143712,60
-73.0453791,-40.1438172,60
-73.045379,-40.1439345,60
-73.0453733,-40.1440141,60
-73.0453583,-40.1440624,60
-73.0453236,-40.1440795,60
-73.0452676,-40.1440749,60
-73.0452062,-40.1440617,60
-73.0451324,-40.1440291,60
-73.0450883,-40.1439749,60
-73.0450792,-40.1439157,60
-73.0450782,-40.1438385,60
-73.0450782,-40.1437587,60
-73.0450783,-40.1436591,60
-73.0450788,-40.1435512,60
-73.0450782,-40.1434315,60
-73.0450778,-40.1433234,60
-73.0450773,-40.1431992,60
-73.0450771,-40.1430789,60
-73.0450772,-40.1429716,60
-73.0450775,-40.1428525,60
-73.0450776,-40.1427449,60
-73.0450769,-40.1426261,60
-73.045077,-40.1425079,60
-73.0450774,-40.1424014,60
-73.0450774,-40.1422825,60
-73.0450774,-40.142164,60
-73.0450773,-40.142046,60
-73.0450775,-40.1419393,60
-73.0450779,-40.1418205,60
-73.0450775,-40.1417136,60
-73.0450771,-40.1415984,60
-73.0450769,-40.1415011,60
-73.0450773,-40.1413957,60
-73.0450776,-40.141292,60
-73.0450755,-40.1411873,60
-73.0450638,-40.141132,60
-73.0450465,-40.1411166,60
-73.0450285,-40.1411365,60
-73.0449963,-40.1411456,60
-73.0449716,-40.1411311,60
-73.0449499,-40.1411008,60
-73.0449153,-40.1410512,60
-73.0448743,-40.140991,60
-73.0448267,-40.1409383,60
-73.0447985,-40.1409211,60
-73.044781,-40.1409387,60
-73.044778,-40.1409711,60
-73.0447775,-40.1410206,60
-73.0447774,-40.1410827,60
-73.0447779,-40.1411795,60
-73.044778,-40.1412685,60
-73.044778,-40.1413677,60
-73.0447784,-40.1414814,60
-73.0447782,-40.1415925,60
-73.0447786,-40.1417108,60
-73.0447787,-40.1418235,60
-73.0447786,-40.1419465,60
-73.0447785,-40.1420541,60
-73.0447784,-40.1421727,60
-73.0447784,-40.1422918,60
-73.0447784,-40.1423988,60
-73.0447782,-40.1425176,60
-73.0447785,-40.1426357,60
-73.0447782,-40.1427539,60
-73.0447786,-40.14286,60
-73.044779,-40.1429785,60
-73.0447792,-40.1430865,60
-73.0447791,-40.143202,60
-73.0447798,-40.1432898,60
-73.0447793,-40.1433571,60
-73.0447788,-40.1434292,60
-73.0447787,-40.1435246,60
-73.044779,-40.1436118,60
-73.0447783,-40.1437124,60
-73.044776,-40.1438249,60
-73.044765,-40.1438934,60
-73.0447319,-40.143921,60
-73.0446738,-40.1439241,60
-73.0446185,-40.1439099,60
-73.0445421,-40.1438773,60
-73.0444922,-40.1438225,60
-73.0444794,-40.1437622,60
-73.0444779,-40.1436871,60
-73.0444777,-40.1435962,60
-73.0444776,-40.1435046,60
-73.0444774,-40.1433908,60
-73.0444774,-40.1432573,60
-73.0444775,-40.1431475,60
-73.0444775,-40.1430391,60
-73.0444772,-40.1429203,60
-73.0444774,-40.1428139,60
-73.0444769,-40.1426953,60
-73.0444767,-40.1425769,60
-73.044477,-40.1424702,60
-73.0444772,-40.1423518,60
-73.044477,-40.1422331,60
-73.0444772,-40.1421267,60
-73.0444777,-40.1420184,60
-73.0444775,-40.1419024,60
-73.0444775,-40.1417918,60
-73.0444774,-40.1416712,60
-73.0444773,-40.1415526,60
-73.0444773,-40.1414456,60
-73.0444772,-40.1413264,60
-73.0444776,-40.1412081,60
-73.0444777,-40.1410899,60
-73.0444782,-40.1409825,60
-73.044478,-40.140864,60
-73.0444781,-40.1407586,60
-73.0444684,-40.1406505,60
-73.04443,-40.1405714,60
-73.0443631,-40.1405131,60
-73.044277,-40.1404662,60
-73.044224,-40.1404544,60
-73.0441862,-40.1404785,60
-73.0441778,-40.1405151,60
-73.0441769,-40.1405659,60
-73.0441775,-40.1406371,60
-73.0441775,-40.140712,60
-73.044178,-40.1408119,60
-73.0441777,-40.140921,60
-73.0441778,-40.1410254,60
-73.0441779,-40.1411462,60
-73.0441778,-40.1412664,60
-73.0441779,-40.141373,60
-73.0441782,-40.1414922,60
-73.0441776,-40.1415985,60
-73.0441781,-40.1417164,60
-73.0441786,-40.141835,60
-73.0441788,-40.1419351,60
-73.0441783,-40.1420524,60
-73.0441784,-40.142173,60
-73.0441783,-40.1422812,60
-73.0441786,-40.1424007,60
-73.0441787,-40.1425195,60
-73.0441785,-40.142626,60
-73.0441793,-40.1427452,60
-73.0441786,-40.1428633,60
-73.0441787,-40.1429699,60
-73.0441784,-40.1430888,60
-73.0441783,-40.143207,60
-73.0441786,-40.1433251,60
-73.0441782,-40.1434322,60
-73.0441781,-40.1435466,60
-73.0441736,-40.1436419,60
-73.0441603,-40.1436893,60
-73.0441173,-40.14371,60
-73.0440662,-40.1437024,60
-73.044006,-40.1436808,60
-73.0439348,-40.1436394,60
-73.0438896,-40.1435807,60
-73.0438787,-40.1435046,60
-73.0438776,-40.1434212,60
-73.0438772,-40.1433329,60
-73.0438771,-40.1432237,60
-73.0438765,-40.1431108,60
-73.0438769,-40.1430034,60
-73.0438763,-40.1428801,60
-73.0438765,-40.1427597,60
-73.0438765,-40.1426406,60
-73.0438769,-40.1425339,60
-73.0438772,-40.1424157,60
-73.0438774,-40.142309,60
-73.0438777,-40.1421911,60
-73.0438775,-40.1420732,60
-73.0438772,-40.1419661,60
-73.0438774,-40.1418486,60
-73.0438773,-40.1417486,60
-73.0438775,-40.1416538,60
-73.0438774,-40.1415546,60
-73.0438781,-40.1414347,60
-73.0438777,-40.1413245,60
-73.0438773,-40.1412038,60
-73.0438771,-40.1410841,60
-73.0438774,-40.1409783,60
-73.0438769,-40.1408815,60
-73.0438769,-40.1408019,60
-73.0438773,-40.1407079,60
-73.0438781,-40.1406154,60
-73.0438778,-40.1405084,60
-73.043877,-40.1403886,60
-73.0438693,-40.1402912,60
-73.0438306,-40.1402136,60
-73.0437613,-40.1401593,60
-73.0436754,-40.1401162,60
-73.0436192,-40.1401051,60
-73.0435866,-40.14013,60
-73.0435782,-40.1401726,60
-73.0435773,-40.1402257,60
-73.0435774,-40.1402905,60
-73.0435777,-40.1403789,60
-73.0435784,-40.1404816,60
-73.0435775,-40.1405828,60
-73.0435775,-40.1407032,60
-73.043578,-40.1408251,60
-73.0435779,-40.140945,60
-73.0435779,-40.1410518,60
-73.043578,-40.1411704,60
-73.0435778,-40.1412762,60
-73.0435778,-40.1413948,60
-73.0435779,-40.141513,60
-73.043578,-40.1416317,60
-73.0435781,-40.1417382,60
-73.0435779,-40.1418576,60
-73.0435779,-40.1419764,60
-73.0435781,-40.1420831,60
-73.043578,-40.1422028,60
-73.043578,-40.1423215,60
-73.043578,-40.1424272,60
-73.0435778,-40.1425372,60
-73.043578,-40.1426423,60
-73.0435779,-40.1427626,60
-73.0435786,-40.1428791,60
-73.0435782,-40.1429991,60
-73.0435775,-40.1431069,60
-73.0435777,-40.1432164,60
-73.0435785,-40.1433166,60
-73.0435762,-40.1434086,60
-73.0435632,-40.1434707,60
-73.0435235,-40.143501,60
-73.0434671,-40.1435028,60
-73.0433987,-40.1434905,60
-73.0433313,-40.1434628,60
-73.0432879,-40.143412,60
-73.0432783,-40.1433484,60
-73.0432776,-40.143274,60
-73.043277,-40.143193,60
-73.0432767,-40.143089,60
-73.043277,-40.1429878,60
-73.0432766,-40.1428857,60
-73.0432766,-40.1427756,60
-73.0432766,-40.1426581,60
-73.0432773,-40.1425501,60
-73.043277,-40.1424296,60
-73.0432768,-40.1423101,60
-73.0432771,-40.1422039,60
-73.0432769,-40.142085,60
-73.0432773,-40.1419784,60
-73.0432774,-40.1418629,60
-73.0432772,-40.1417479,60
-73.0432766,-40.1416303,60
-73.0432767,-40.1415336,60
-73.043277,-40.1414434,60
-73.043277,-40.1413382,60
-73.0432769,-40.1412335,60
-73.043277,-40.141112,60
-73.043277,-40.1410026,60
-73.0432768,-40.1408827,60
-73.0432767,-40.1407634,60
-73.0432769,-40.1406571,60
-73.043277,-40.1405259,60
-73.0432764,-40.1404188,60
-73.0432769,-40.1403005,60
-73.0432768,-40.1401949,60
-73.0432762,-40.1400764,60
-73.0432666,-40.1399747,60
-73.0432309,-40.1399107,60
-73.0431522,-40.139858,60
-73.0430688,-40.1398254,60
-73.0430187,-40.1398211,60
-73.0429839,-40.1398528,60
-73.0429774,-40.1398983,60
-73.0429768,-40.1399487,60
-73.0429772,-40.1400255,60
-73.0429774,-40.1401085,60
-73.0429774,-40.1402111,60
-73.0429777,-40.1403257,60
-73.0429782,-40.1404461,60
-73.0429781,-40.1405667,60
-73.0429779,-40.1406741,60
-73.0429774,-40.140793,60
-73.0429778,-40.1408994,60
-73.0429775,-40.1410171,60
-73.0429781,-40.1411356,60
-73.0429785,-40.1412423,60
-73.042978,-40.1413602,60
-73.042978,-40.141479,60
-73.0429781,-40.1415856,60
-73.0429781,-40.1417043,60
-73.0429778,-40.1418218,60
-73.042978,-40.1419404,60
-73.0429776,-40.1420471,60
-73.0429776,-40.142165,60
-73.0429773,-40.1422719,60
-73.0429776,-40.1423889,60
-73.0429771,-40.1425084,60
-73.0429769,-40.1426257,60
-73.0429768,-40.142741,60
-73.0429774,-40.1428449,60
-73.0429766,-40.1429527,60
-73.0429769,-40.1430727,60
-73.0429769,-40.1431916,60
-73.0429717,-40.1432827,60
-73.0429618,-40.143322,60
-73.0429396,-40.1433261,60
-73.0429203,-40.1433039,60
-73.0429004,-40.1432705,60
-73.0428671,-40.143214,60
-73.0428254,-40.14314,60
-73.04278,-40.143062,60
-73.0427272,-40.1429671,60
-73.0426899,-40.1428659,60
-73.0426789,-40.1427485,60
-73.0426763,-40.1426258,60
-73.0426757,-40.1425063,60
-73.0426762,-40.1423978,60
-73.0426761,-40.1422796,60
-73.0426758,-40.1421751,60
-73.0426761,-40.1420594,60
-73.042676,-40.1419512,60
-73.0426759,-40.1418339,60
-73.0426761,-40.1417224,60
-73.042676,-40.1416016,60
-73.0426761,-40.1414825,60
-73.042676,-40.1413779,60
-73.0426763,-40.1412592,60
-73.0426765,-40.141139,60
-73.0426764,-40.1410316,60
-73.0426762,-40.140913,60
-73.0426761,-40.140795,60
-73.0426766,-40.1406878,60
-73.0426767,-40.1405688,60
-73.0426762,-40.1404503,60
-73.0426762,-40.1403317,60
-73.0426764,-40.1402255,60
-73.042676,-40.1401073,60
-73.0426763,-40.140001,60
-73.0426761,-40.1398828,60
-73.0426748,-40.1397668,60
-73.042665,-40.1396926,60
-73.0426274,-40.1396452,60
-73.042558,-40.1396212,60
-73.0424848,-40.1396141,60
-73.0424195,-40.1396259,60
-73.042384,-40.1396652,60
-73.0423776,-40.1397119,60
-73.0423762,-40.1397758,60
-73.0423765,-40.1398578,60
-73.042376,-40.1399439,60
-73.0423763,-40.1400518,60
-73.0423765,-40.1401691,60
-73.0423773,-40.140279,60
-73.0423775,-40.1404001,60
-73.0423774,-40.14052,60
-73.0423777,-40.140639,60
-73.0423773,-40.1407461,60
-73.0423768,-40.1408648,60
-73.0423773,-40.1409716,60
-73.0423773,-40.1410895,60
-73.0423769,-40.141208,60
-73.0423771,-40.1413139,60
-73.0423778,-40.1414322,60
-73.0423774,-40.1415492,60
-73.0423773,-40.141651,60
-73.0423768,-40.14176,60
-73.0423766,-40.1418684,60
-73.0423734,-40.141927,60
-73.0423699,-40.1419487,60
-73.0423602,-40.1419259,60
-73.0423422,-40.1418939,60
-73.0423043,-40.1418367,60
-73.0422631,-40.1417747,60
-73.0422145,-40.1417011,60
-73.0421549,-40.1416109,60
-73.0421008,-40.1415062,60
-73.0420821,-40.1414108,60
-73.0420769,-40.1413463,60
-73.0420766,-40.141273,60
-73.0420764,-40.1412021,60
-73.0420762,-40.1411214,60
-73.0420758,-40.1410472,60
-73.0420745,-40.1409734,60
-73.0420754,-40.1408983,60
-73.0420758,-40.1408064,60
-73.0420756,-40.1407025,60
-73.0420761,-40.1406039,60
-73.0420758,-40.1404861,60
-73.0420756,-40.1403774,60
-73.0420758,-40.1402573,60
-73.0420757,-40.1401381,60
-73.0420751,-40.1400198,60
-73.0420753,-40.1399142,60
-73.0420749,-40.1397985,60
-73.0420646,-40.1397166,60
-73.0420382,-40.1396801,60
-73.0419789,-40.1396672,60
-73.0419108,-40.1396755,60
-73.0418422,-40.1396966,60
-73.041792,-40.1397419,60
-73.0417782,-40.1397962,60
-73.0417762,-40.1398644,60
-73.041776,-40.1399494,60
-73.0417761,-40.1400486,60
-73.041776,-40.1401474,60
-73.0417762,-40.140266,60
-73.0417763,-40.1403763,60
-73.0417766,-40.1404971,60
-73.0417771,-40.1406165,60
-73.0417773,-40.1407343,60
-73.0417769,-40.14084,60
-73.0417705,-40.1409302,60
-73.0417538,-40.1409661,60
-73.0417281,-40.140964,60
-73.0417069,-40.1409386,60
-73.0416772,-40.140898,60
-73.0416396,-40.1408443,60
-73.0415872,-40.1407696,60
-73.0415293,-40.1406819,60
-73.0414898,-40.1405904,60
-73.0414788,-40.1404779,60
-73.0414763,-40.1403675,60
-73.0414758,-40.1402702,60
-73.0414759,-40.1401479,60
-73.0414754,-40.1400367,60
-73.0414754,-40.1399167,60
-73.0414677,-40.139826,60
-73.041441,-40.1397794,60
-73.0413906,-40.1397649,60
-73.041323,-40.1397727,60
-73.041247,-40.1397934,60
-73.0411975,-40.139831,60
-73.0411787,-40.1398895,60
-73.0411761,-40.1399574,60
-73.041176,-40.1400313,60
-73.0411761,-40.1401035,60
-73.0411763,-40.1401484,60
-73.041176,-40.1401711,60
-73.041177,-40.1401813,60
</coordinates></LineString>
</Placemark>
<Placemark>
<name>DJI_202603251526_005_PENABLANCA006_Timestamp.MRK</name>
<description>Equipo: M3E | Fecha: 25-03-2026 | Puntos: 577</description>
<styleUrl>#m3e</styleUrl>
<LineString><altitudeMode>relativeToGround</altitudeMode><coordinates>
-73.0472687,-40.1387448,60
-73.0472684,-40.1387675,60
-73.0472684,-40.1388161,60
-73.0472687,-40.138885,60
-73.047269,-40.1389611,60
-73.0472688,-40.1390575,60
-73.0472685,-40.1391646,60
-73.0472684,-40.1392684,60
-73.0472633,-40.1393763,60
-73.047234,-40.1394776,60
-73.0471925,-40.1395664,60
-73.0471329,-40.1396761,60
-73.0470796,-40.1397796,60
-73.047037,-40.1398522,60
-73.0469972,-40.1399075,60
-73.0469685,-40.1399244,60
-73.046975,-40.13991,60
-73.0469753,-40.1399021,60
-73.0469703,-40.1398779,60
-73.046969,-40.1398342,60
-73.0469684,-40.1397635,60
-73.046968,-40.139677,60
-73.0469676,-40.1395772,60
-73.0469677,-40.1394658,60
-73.0469674,-40.1393589,60
-73.046967,-40.1392386,60
-73.0469668,-40.1391448,60
-73.0469668,-40.1390715,60
-73.0469674,-40.1390169,60
-73.0469668,-40.1389527,60
-73.0469672,-40.1388674,60
-73.0469662,-40.1387678,60
-73.0469588,-40.1386917,60
-73.0469297,-40.1386407,60
-73.0468637,-40.1386126,60
-73.0467921,-40.1386035,60
-73.0467201,-40.1386093,60
-73.046679,-40.1386448,60
-73.0466685,-40.1386899,60
-73.0466674,-40.1387503,60
-73.0466677,-40.1388298,60
-73.0466678,-40.1389144,60
-73.0466677,-40.1390256,60
-73.0466678,-40.1391289,60
-73.0466678,-40.13924,60
-73.0466679,-40.1393638,60
-73.0466682,-40.1394843,60
-73.0466679,-40.1395918,60
-73.0466675,-40.1397094,60
-73.0466677,-40.1398271,60
-73.046668,-40.1399295,60
-73.0466683,-40.1400456,60
-73.0466652,-40.1401615,60
-73.0466442,-40.1402581,60
-73.0465827,-40.1403514,60
-73.0464987,-40.1404389,60
-73.0464357,-40.140496,60
-73.0463806,-40.1405259,60
-73.0463629,-40.1405077,60
-73.0463672,-40.1404738,60
-73.0463685,-40.1404329,60
-73.046368,-40.1403705,60
-73.0463678,-40.1402893,60
-73.0463675,-40.1402047,60
-73.0463666,-40.1400974,60
-73.046367,-40.1399932,60
-73.0463672,-40.1398713,60
-73.0463671,-40.1397499,60
-73.0463668,-40.1396418,60
-73.0463676,-40.1395229,60
-73.0463676,-40.1394048,60
-73.0463679,-40.1392863,60
-73.0463681,-40.1391792,60
-73.0463676,-40.1390637,60
-73.0463674,-40.138958,60
-73.0463676,-40.138836,60
-73.0463669,-40.1387174,60
-73.0463609,-40.138633,60
-73.0463349,-40.1385792,60
-73.0462727,-40.1385471,60
-73.0461937,-40.1385359,60
-73.0461279,-40.1385403,60
-73.0460809,-40.1385716,60
-73.0460689,-40.138621,60
-73.0460671,-40.1386745,60
-73.0460671,-40.1387506,60
-73.0460674,-40.1388322,60
-73.0460673,-40.1389152,60
-73.0460676,-40.139005,60
-73.046068,-40.1390959,60
-73.046068,-40.1392069,60
-73.0460681,-40.1393274,60
-73.0460686,-40.1394485,60
-73.0460688,-40.1395564,60
-73.0460684,-40.139675,60
-73.0460683,-40.1397819,60
-73.0460684,-40.1399,60
-73.0460684,-40.1400301,60
-73.0460686,-40.1401367,60
-73.0460687,-40.1402435,60
-73.0460686,-40.1403619,60
-73.0460681,-40.1404807,60
-73.0460633,-40.1405788,60
-73.0460444,-40.1406486,60
-73.0460153,-40.1406915,60
-73.0459722,-40.140712,60
-73.0458925,-40.140734,60
-73.0458243,-40.1407433,60
-73.0457864,-40.1407216,60
-73.0457695,-40.1406806,60
-73.0457676,-40.1406275,60
-73.0457676,-40.140565,60
-73.0457671,-40.140478,60
-73.0457668,-40.1403774,60
-73.0457665,-40.1402639,60
-73.0457662,-40.1401571,60
-73.0457663,-40.140035,60
-73.0457661,-40.1399261,60
-73.045766,-40.1398074,60
-73.0457662,-40.1396886,60
-73.0457665,-40.1395822,60
-73.0457666,-40.1394647,60
-73.0457664,-40.1393451,60
-73.0457667,-40.1392393,60
-73.045767,-40.1391222,60
-73.0457673,-40.1390222,60
-73.0457666,-40.1389064,60
-73.0457667,-40.1387883,60
-73.0457669,-40.1386696,60
-73.0457617,-40.1385773,60
-73.0457409,-40.1385161,60
-73.0456894,-40.1384841,60
-73.0456133,-40.1384693,60
-73.0455303,-40.1384708,60
-73.0454859,-40.1384974,60
-73.0454693,-40.1385399,60
-73.0454671,-40.1385964,60
-73.045467,-40.1386706,60
-73.0454669,-40.1387507,60
-73.0454673,-40.1388536,60
-73.0454672,-40.1389675,60
-73.0454668,-40.1390876,60
-73.0454669,-40.1391949,60
-73.0454672,-40.139315,60
-73.0454675,-40.1394218,60
-73.0454676,-40.1395627,60
-73.0454676,-40.1396595,60
-73.0454677,-40.1397681,60
-73.045468,-40.139887,60
-73.0454686,-40.1400018,60
-73.0454678,-40.1401013,60
-73.0454682,-40.1402223,60
-73.0454678,-40.1403465,60
-73.0454675,-40.1404521,60
-73.0454677,-40.140543,60
-73.0454678,-40.1406319,60
-73.045468,-40.1406921,60
-73.0454678,-40.1407479,60
-73.0454572,-40.1408053,60
-73.0454215,-40.1408319,60
-73.0453653,-40.1408354,60
-73.0453037,-40.1408177,60
-73.0452381,-40.1407885,60
-73.0451832,-40.140732,60
-73.0451688,-40.1406712,60
-73.0451675,-40.1406024,60
-73.045167,-40.1405276,60
-73.0451669,-40.1404298,60
-73.045167,-40.1403199,60
-73.0451665,-40.1402142,60
-73.0451662,-40.1400947,60
-73.0451664,-40.1399896,60
-73.0451665,-40.1398715,60
-73.0451667,-40.139751,60
-73.0451666,-40.139642,60
-73.0451662,-40.1395212,60
-73.0451663,-40.1394027,60
-73.0451668,-40.1392845,60
-73.0451666,-40.1391776,60
-73.0451666,-40.1390586,60
-73.0451664,-40.1389524,60
-73.045166,-40.1388342,60
-73.0451657,-40.138716,60
-73.0451657,-40.1386092,60
-73.0451614,-40.1385085,60
-73.045141,-40.1384504,60
-73.0450841,-40.1384181,60
-73.0450167,-40.1384089,60
-73.0449366,-40.1384115,60
-73.0448891,-40.1384354,60
-73.0448694,-40.1384847,60
-73.0448666,-40.1385426,60
-73.0448665,-40.1386096,60
-73.0448666,-40.1387002,60
-73.044867,-40.1388034,60
-73.0448666,-40.1389173,60
-73.0448672,-40.1390259,60
-73.0448673,-40.1391473,60
-73.0448672,-40.1392666,60
-73.0448676,-40.1393719,60
-73.0448678,-40.1394907,60
-73.0448681,-40.1395973,60
-73.0448684,-40.1397101,60
-73.0448683,-40.1398285,60
-73.044868,-40.1399471,60
-73.0448675,-40.1400576,60
-73.0448673,-40.1401791,60
-73.0448671,-40.1402983,60
-73.0448679,-40.1404047,60
-73.044867,-40.1405212,60
-73.0448594,-40.1405999,60
-73.0448371,-40.1406526,60
-73.0447966,-40.1406608,60
-73.044737,-40.1406402,60
-73.0446679,-40.1406165,60
-73.0445992,-40.1405686,60
-73.0445715,-40.1405119,60
-73.0445676,-40.1404388,60
-73.0445668,-40.1403554,60
-73.044567,-40.1402671,60
-73.0445667,-40.1401561,60
-73.0445666,-40.1400366,60
-73.0445665,-40.1399146,60
-73.0445666,-40.1398054,60
-73.0445665,-40.1396861,60
-73.0445663,-40.1395675,60
-73.0445662,-40.1394613,60
-73.0445661,-40.1393433,60
-73.0445657,-40.139237,60
-73.0445661,-40.1391188,60
-73.0445663,-40.1389999,60
-73.0445663,-40.138883,60
-73.0445666,-40.1387768,60
-73.0445667,-40.1386611,60
-73.0445661,-40.1385538,60
-73.0445595,-40.1384576,60
-73.0445335,-40.1384051,60
-73.0444796,-40.138379,60
-73.0444041,-40.1383698,60
-73.0443282,-40.1383773,60
-73.0442839,-40.1384066,60
-73.0442679,-40.1384576,60
-73.0442663,-40.1385182,60
-73.0442665,-40.1385963,60
-73.0442668,-40.13868,60
-73.0442671,-40.1387811,60
-73.0442672,-40.1388944,60
-73.044267,-40.1390047,60
-73.044267,-40.1391274,60
-73.0442668,-40.1392479,60
-73.0442665,-40.1393555,60
-73.0442672,-40.1394742,60
-73.0442666,-40.139581,60
-73.0442666,-40.1396998,60
-73.0442662,-40.1398184,60
-73.0442665,-40.1399362,60
-73.0442669,-40.1400426,60
-73.0442668,-40.1401612,60
-73.0442668,-40.1402798,60
-73.0442644,-40.1403751,60
-73.0442483,-40.1404365,60
-73.0442064,-40.1404614,60
-73.0441542,-40.1404582,60
-73.0440913,-40.1404401,60
-73.0440173,-40.1404002,60
-73.0439771,-40.1403486,60
-73.0439676,-40.1402804,60
-73.0439668,-40.1402069,60
-73.0439669,-40.1401127,60
-73.0439664,-40.1400064,60
-73.0439658,-40.1399023,60
-73.0439655,-40.139781,60
-73.0439656,-40.1396596,60
-73.0439661,-40.1395398,60
-73.0439657,-40.1394334,60
-73.0439658,-40.1393146,60
-73.0439656,-40.1392081,60
-73.0439662,-40.1390903,60
-73.0439656,-40.1389719,60
-73.0439656,-40.1388559,60
-73.0439658,-40.1387463,60
-73.0439663,-40.1386334,60
-73.0439658,-40.1385166,60
-73.0439602,-40.138428,60
-73.0439366,-40.1383721,60
-73.0438773,-40.1383428,60
-73.0438101,-40.138335,60
-73.043733,-40.1383409,60
-73.0436842,-40.1383726,60
-73.0436692,-40.1384186,60
-73.0436665,-40.1384778,60
-73.0436665,-40.1385551,60
-73.0436667,-40.1386373,60
-73.0436666,-40.1387417,60
-73.0436666,-40.1388568,60
-73.0436668,-40.1389627,60
-73.043667,-40.1390827,60
-73.0436671,-40.1392027,60
-73.0436669,-40.1393113,60
-73.0436671,-40.1394305,60
-73.0436673,-40.1395489,60
-73.0436673,-40.1396561,60
-73.0436672,-40.1397745,60
-73.0436667,-40.1398929,60
-73.043667,-40.1400113,60
-73.0436666,-40.1401175,60
-73.043664,-40.1402164,60
-73.0436481,-40.1402802,60
-73.0436073,-40.1403085,60
-73.0435448,-40.1403062,60
-73.0434834,-40.1402923,60
-73.0434103,-40.1402588,60
-73.0433744,-40.1402022,60
-73.0433674,-40.1401436,60
-73.0433668,-40.1400664,60
-73.0433668,-40.1399734,60
-73.0433665,-40.1398801,60
-73.0433666,-40.1397664,60
-73.0433666,-40.1396458,60
-73.0433659,-40.1395358,60
-73.0433659,-40.1394286,60
-73.0433667,-40.1393319,60
-73.0433664,-40.1392324,60
-73.0433654,-40.1391114,60
-73.0433658,-40.138989,60
-73.0433652,-40.138881,60
-73.0433655,-40.1387634,60
-73.0433652,-40.1386553,60
-73.0433654,-40.1385365,60
-73.0433638,-40.1384303,60
-73.0433522,-40.1383603,60
-73.0433164,-40.1383217,60
-73.0432474,-40.138303,60
-73.0431674,-40.1382999,60
-73.0431095,-40.1383144,60
-73.0430736,-40.138355,60
-73.0430662,-40.1384095,60
-73.0430653,-40.1384679,60
-73.0430659,-40.138552,60
-73.0430662,-40.1386514,60
-73.0430664,-40.1387469,60
-73.0430663,-40.1388637,60
-73.0430666,-40.1389741,60
-73.0430666,-40.1390953,60
-73.0430668,-40.1392113,60
-73.043067,-40.1393202,60
-73.0430676,-40.1394056,60
-73.043067,-40.1395112,60
-73.0430671,-40.139629,60
-73.0430667,-40.1397384,60
-73.0430664,-40.1398592,60
-73.0430667,-40.1399789,60
-73.0430643,-40.1400784,60
-73.0430526,-40.1401554,60
-73.0430256,-40.1401954,60
-73.0429729,-40.1401833,60
-73.0429191,-40.1401699,60
-73.0428414,-40.140145,60
-73.0427893,-40.1401051,60
-73.0427693,-40.1400445,60
-73.0427665,-40.1399764,60
-73.0427656,-40.1398989,60
-73.0427656,-40.1398175,60
-73.0427653,-40.1397153,60
-73.0427655,-40.1396153,60
-73.0427657,-40.1394952,60
-73.0427658,-40.1393729,60
-73.0427659,-40.1392527,60
-73.0427657,-40.1391458,60
-73.0427659,-40.1390274,60
-73.0427655,-40.1389086,60
-73.0427656,-40.138801,60
-73.0427651,-40.1386904,60
-73.0427655,-40.1386029,60
-73.0427653,-40.1384958,60
-73.0427625,-40.1383889,60
-73.0427508,-40.1383206,60
-73.0427131,-40.138293,60
-73.0426456,-40.13829,60
-73.0425728,-40.1383,60
-73.0425044,-40.1383303,60
-73.0424724,-40.1383754,60
-73.0424673,-40.1384365,60
-73.042466,-40.1385012,60
-73.0424658,-40.1385906,60
-73.0424656,-40.1386944,60
-73.0424655,-40.1387913,60
-73.0424662,-40.1389067,60
-73.0424668,-40.1390299,60
-73.0424666,-40.1391388,60
-73.0424664,-40.1392581,60
-73.0424666,-40.1393766,60
-73.0424667,-40.1394833,60
-73.0424673,-40.1396018,60
-73.0424668,-40.1397084,60
-73.0424668,-40.1398272,60
-73.0424665,-40.1399454,60
-73.0424634,-40.1400555,60
-73.0424497,-40.1401174,60
-73.0424044,-40.1401574,60
-73.042334,-40.140172,60
-73.0422612,-40.140173,60
-73.0422008,-40.1401542,60
-73.0421715,-40.1401101,60
-73.0421667,-40.1400612,60
-73.0421659,-40.1399925,60
-73.0421662,-40.1399071,60
-73.042166,-40.1398075,60
-73.0421655,-40.1397078,60
-73.0421655,-40.139589,60
-73.0421654,-40.1394791,60
-73.0421652,-40.1393568,60
-73.042165,-40.1392368,60
-73.0421654,-40.1391221,60
-73.0421651,-40.1390245,60
-73.0421648,-40.1389087,60
-73.0421651,-40.1387934,60
-73.0421656,-40.1386927,60
-73.0421648,-40.1385765,60
-73.0421582,-40.138487,60
-73.0421451,-40.1384354,60
-73.0421072,-40.1384212,60
-73.0420537,-40.1384391,60
-73.0419947,-40.138462,60
-73.0419273,-40.1385003,60
-73.0418787,-40.138552,60
-73.0418654,-40.1386258,60
-73.041865,-40.138712,60
-73.0418651,-40.1388008,60
-73.0418655,-40.1389103,60
-73.0418658,-40.1390288,60
-73.0418659,-40.1391376,60
-73.0418656,-40.1392584,60
-73.041866,-40.1393774,60
-73.0418667,-40.1394963,60
-73.0418667,-40.1396029,60
-73.0418668,-40.1397212,60
-73.0418668,-40.1398403,60
-73.0418661,-40.1399469,60
-73.0418654,-40.1400632,60
-73.0418556,-40.1401398,60
-73.0418205,-40.1401869,60
-73.041755,-40.1402086,60
-73.0416845,-40.1402132,60
-73.0416153,-40.1402023,60
-73.0415766,-40.1401629,60
-73.0415676,-40.1401109,60
-73.0415672,-40.1400535,60
-73.0415665,-40.1399728,60
-73.0415658,-40.1398761,60
-73.0415658,-40.1397796,60
-73.0415656,-40.139663,60
-73.0415651,-40.1395415,60
-73.0415647,-40.1394192,60
-73.0415642,-40.1393115,60
-73.0415644,-40.1391936,60
-73.0415642,-40.1390863,60
-73.0415644,-40.1389706,60
-73.0415632,-40.1388545,60
-73.0415551,-40.1387815,60
-73.0415368,-40.138742,60
-73.0415004,-40.1387454,60
-73.0414579,-40.1387705,60
-73.0414002,-40.1388015,60
-73.0413375,-40.1388228,60
-73.04129,-40.1388277,60
-73.0412682,-40.1388429,60
-73.0412649,-40.1388737,60
-73.0412645,-40.1389164,60
-73.0412649,-40.1389862,60
-73.0412648,-40.1390726,60
-73.0412654,-40.139162,60
-73.0412652,-40.1392716,60
-73.0412653,-40.1393894,60
-73.0412659,-40.1395114,60
-73.0412656,-40.1396195,60
-73.0412655,-40.1397376,60
-73.0412656,-40.1398414,60
-73.0412661,-40.1399628,60
-73.0412654,-40.1400754,60
-73.0412595,-40.1401585,60
-73.041245,-40.1402017,60
-73.0411908,-40.1402301,60
-73.0411281,-40.1402352,60
-73.0410504,-40.1402265,60
-73.0409932,-40.1401974,60
-73.0409701,-40.1401529,60
-73.0409669,-40.1401081,60
-73.0409658,-40.1400487,60
-73.0409653,-40.1399677,60
-73.0409651,-40.1398843,60
-73.0409652,-40.1397766,60
-73.0409645,-40.1396595,60
-73.0409644,-40.13955,60
-73.0409646,-40.1394284,60
-73.0409644,-40.139308,60
-73.0409643,-40.1392013,60
-73.040964,-40.1390854,60
-73.0409647,-40.1389662,60
-73.0409609,-40.1388611,60
-73.0409426,-40.1387728,60
-73.0408904,-40.1387122,60
-73.0408014,-40.1386615,60
-73.0407338,-40.1386351,60
-73.0406883,-40.1386447,60
-73.0406684,-40.1386777,60
-73.0406654,-40.138724,60
-73.0406649,-40.1387872,60
-73.0406654,-40.1388607,60
-73.0406655,-40.1389563,60
-73.0406654,-40.139064,60
-73.0406655,-40.1391689,60
-73.0406657,-40.1393367,60
-73.0406658,-40.1394074,60
-73.0406652,-40.1395168,60
-73.0406653,-40.1396375,60
-73.0406651,-40.1397568,60
-73.0406652,-40.1398689,60
-73.0406606,-40.1399513,60
-73.0406454,-40.1400003,60
-73.0406084,-40.1400174,60
-73.0405581,-40.1400048,60
-73.0405058,-40.1399783,60
-73.0404463,-40.1399428,60
-73.040386,-40.1398757,60
-73.0403644,-40.1397909,60
-73.0403659,-40.1397097,60
-73.0403656,-40.1396095,60
-73.0403653,-40.1394987,60
-73.0403651,-40.1393785,60
-73.0403648,-40.139269,60
-73.0403648,-40.1391487,60
-73.0403645,-40.1390297,60
-73.0403643,-40.1389233,60
-73.0403642,-40.1388053,60
-73.0403628,-40.1386935,60
-73.0403554,-40.1386273,60
-73.0403338,-40.1385895,60
-73.0402902,-40.1385855,60
-73.040235,-40.1386043,60
-73.0401754,-40.1386343,60
-73.0401077,-40.1386875,60
-73.0400695,-40.138755,60
-73.0400642,-40.1388398,60
-73.0400646,-40.1389331,60
-73.0400647,-40.139027,60
-73.0400648,-40.1391421,60
-73.0400647,-40.1392636,60
-73.0400644,-40.1393705,60
-73.0400645,-40.1394893,60
-73.0400622,-40.1395933,60
-73.0400471,-40.1396568,60
-73.0400126,-40.1396739,60
-73.0399645,-40.1396615,60
-73.0399202,-40.1396365,60
-73.039857,-40.1395969,60
-73.0397953,-40.1395314,60
-73.0397676,-40.1394608,60
-73.0397649,-40.1393711,60
-73.0397644,-40.1392693,60
-73.0397646,-40.1391582,60
-73.0397649,-40.1390508,60
-73.0397639,-40.1389315,60
-73.0397547,-40.1388478,60
-73.03973,-40.1388103,60
-73.0396716,-40.1387945,60
-73.0396032,-40.1388003,60
-73.0395339,-40.1388182,60
-73.0394816,-40.1388591,60
-73.0394666,-40.1389172,60
-73.0394649,-40.1389769,60
-73.0394642,-40.1390585,60
-73.0394646,-40.1391291,60
-73.0394648,-40.1391689,60
-73.0394651,-40.1391889,60
-73.039465,-40.1391918,60
-73.0394654,-40.1391941,60
</coordinates></LineString>
</Placemark>
<Placemark>
<name>DJI_202603251549_001_PENABLANCA005_Timestamp.MRK</name>
<description>Equipo: M3E | Fecha: 25-03-2026 | Puntos: 976</description>
<styleUrl>#m3e</styleUrl>
<LineString><altitudeMode>relativeToGround</altitudeMode><coordinates>
-73.0495011,-40.1353298,60
-73.049501,-40.1353585,60
-73.0495012,-40.1354141,60
-73.0495009,-40.1354865,60
-73.0495016,-40.1355732,60
-73.0495018,-40.1356609,60
-73.0495019,-40.1357657,60
-73.0495017,-40.1358659,60
-73.0495018,-40.1359766,60
-73.0495019,-40.1360904,60
-73.0495016,-40.1361918,60
-73.0494963,-40.1362944,60
-73.0494744,-40.1363935,60
-73.0494254,-40.1364889,60
-73.0493623,-40.1366034,60
-73.0493024,-40.1367134,60
-73.0492526,-40.1367865,60
-73.0492273,-40.1368124,60
-73.0492069,-40.1368079,60
-73.0492025,-40.1367836,60
-73.0492017,-40.1367425,60
-73.0492011,-40.1366791,60
-73.0492006,-40.1366061,60
-73.049201,-40.13651,60
-73.0492006,-40.136403,60
-73.0492006,-40.1362847,60
-73.0492003,-40.1361746,60
-73.0492009,-40.1360533,60
-73.0492009,-40.1359457,60
-73.0492009,-40.1358271,60
-73.0492006,-40.1357081,60
-73.0492005,-40.1356008,60
-73.0492002,-40.1354861,60
-73.0491937,-40.1353933,60
-73.0491732,-40.1353386,60
-73.0491224,-40.1353104,60
-73.0490479,-40.1353011,60
-73.0489728,-40.1353068,60
-73.0489251,-40.1353327,60
-73.0489036,-40.1353821,60
-73.0489005,-40.1354405,60
-73.0489005,-40.1355086,60
-73.0489003,-40.1355979,60
-73.0489008,-40.1356803,60
-73.0489013,-40.1357799,60
-73.0489013,-40.1358824,60
-73.0489019,-40.1359989,60
-73.0489015,-40.1361091,60
-73.0489017,-40.136231,60
-73.048901,-40.1363506,60
-73.0489004,-40.1364579,60
-73.048901,-40.1365747,60
-73.0489008,-40.1366625,60
-73.0489008,-40.1367634,60
-73.048901,-40.1368732,60
-73.0488989,-40.1369778,60
-73.048883,-40.1370791,60
-73.0488231,-40.1371545,60
-73.0487372,-40.137216,60
-73.0486724,-40.1372508,60
-73.0486293,-40.1372498,60
-73.0486059,-40.1372237,60
-73.048602,-40.1371829,60
-73.0486011,-40.1371261,60
-73.0486003,-40.1370506,60
-73.0486009,-40.1369693,60
-73.0486004,-40.1368625,60
-73.0486,-40.1367499,60
-73.0485999,-40.1366431,60
-73.0486004,-40.1365266,60
-73.0486003,-40.1364053,60
-73.0486005,-40.1362974,60
-73.0486001,-40.1362063,60
-73.0486004,-40.1361485,60
-73.0486004,-40.1360751,60
-73.0486006,-40.1359831,60
-73.0486004,-40.135882,60
-73.0486004,-40.1357832,60
-73.0486002,-40.1356647,60
-73.0486002,-40.1355472,60
-73.0485959,-40.1354599,60
-73.0485795,-40.1354063,60
-73.0485303,-40.1353819,60
-73.0484728,-40.1353852,60
-73.0484015,-40.135401,60
-73.0483341,-40.1354401,60
-73.0483064,-40.1354917,60
-73.0483008,-40.1355578,60
-73.0482997,-40.1356372,60
-73.0483003,-40.1357214,60
-73.0483001,-40.1358266,60
-73.0483002,-40.1359425,60
-73.0483002,-40.1360439,60
-73.0483007,-40.1361609,60
-73.0483009,-40.1362848,60
-73.0483007,-40.1363947,60
-73.0483008,-40.1365147,60
-73.0483008,-40.1366345,60
-73.0483012,-40.1367423,60
-73.0483012,-40.1368429,60
-73.0483015,-40.1369045,60
-73.0483013,-40.1369601,60
-73.0483015,-40.1370276,60
-73.0483007,-40.1371118,60
-73.0483009,-40.1372084,60
-73.0483004,-40.1373037,60
-73.048295,-40.1374089,60
-73.0482704,-40.1374652,60
-73.0482057,-40.1375012,60
-73.0481217,-40.1375178,60
-73.0480605,-40.1375173,60
-73.048015,-40.1374884,60
-73.0480024,-40.1374414,60
-73.0480002,-40.1373841,60
-73.0479998,-40.1373167,60
-73.0479999,-40.1372262,60
-73.0479998,-40.1371309,60
-73.0479995,-40.1370195,60
-73.0479996,-40.1369034,60
-73.0479995,-40.1367874,60
-73.0479994,-40.1366807,60
-73.0479992,-40.1365581,60
-73.0479993,-40.1364385,60
-73.0479993,-40.1363453,60
-73.0479996,-40.1362495,60
-73.048,-40.1361346,60
-73.0479998,-40.1360262,60
-73.0480001,-40.1359048,60
-73.048,-40.1357846,60
-73.048,-40.1356776,60
-73.0479944,-40.1355788,60
-73.0479735,-40.1355277,60
-73.0479281,-40.1355078,60
-73.0478644,-40.1355124,60
-73.0477918,-40.1355304,60
-73.047733,-40.1355673,60
-73.0477042,-40.1356261,60
-73.0476999,-40.1356928,60
-73.0476997,-40.1357655,60
-73.0476993,-40.1358598,60
-73.0476997,-40.1359676,60
-73.0476999,-40.1360726,60
-73.0476999,-40.1361941,60
-73.0477001,-40.1363156,60
-73.0476999,-40.1364238,60
-73.0477008,-40.1365423,60
-73.0477006,-40.1366611,60
-73.0477008,-40.1367676,60
-73.0477014,-40.1368863,60
-73.0477017,-40.1370046,60
-73.0477018,-40.1371118,60
-73.0477014,-40.1372309,60
-73.047701,-40.1373486,60
-73.0477006,-40.1374555,60
-73.0477003,-40.1375748,60
-73.0476929,-40.1376929,60
-73.0476648,-40.1377968,60
-73.0476156,-40.1379094,60
-73.0475623,-40.1380213,60
-73.0475144,-40.1381204,60
-73.0474636,-40.1382184,60
-73.0474266,-40.1382668,60
-73.0474064,-40.1382728,60
-73.047402,-40.138249,60
-73.047401,-40.138209,60
-73.0474002,-40.1381559,60
-73.0473991,-40.1380839,60
-73.0473993,-40.1380004,60
-73.0473991,-40.1379021,60
-73.0473993,-40.1378046,60
-73.0473985,-40.1376868,60
-73.0473988,-40.1375794,60
-73.0473993,-40.1374603,60
-73.0473992,-40.1373403,60
-73.047399,-40.1372336,60
-73.047399,-40.1371155,60
-73.0473987,-40.1369966,60
-73.0473986,-40.1368899,60
-73.047399,-40.1367718,60
-73.0473994,-40.1366526,60
-73.0473991,-40.1365457,60
-73.0473993,-40.1364271,60
-73.0473993,-40.1363112,60
-73.0473993,-40.136204,60
-73.0473996,-40.1360845,60
-73.0473996,-40.1359661,60
-73.0473994,-40.1358676,60
-73.0473983,-40.135755,60
-73.0473889,-40.1356771,60
-73.0473602,-40.1356433,60
-73.0473017,-40.135633,60
-73.0472358,-40.1356451,60
-73.0471677,-40.1356677,60
-73.0471161,-40.1357164,60
-73.047101,-40.1357793,60
-73.0470995,-40.1358429,60
-73.0470994,-40.1359291,60
-73.0470994,-40.1360298,60
-73.0471001,-40.136142,60
-73.0471005,-40.1362497,60
-73.0471004,-40.1363713,60
-73.0471,-40.1364918,60
-73.0471003,-40.1365992,60
-73.0471001,-40.1367179,60
-73.0471002,-40.1368363,60
-73.0471005,-40.1369431,60
-73.0471007,-40.1370621,60
-73.0471006,-40.1371812,60
-73.0471008,-40.1372884,60
-73.0471008,-40.1374073,60
-73.0471009,-40.1375259,60
-73.0471009,-40.1376318,60
-73.0471012,-40.1377498,60
-73.0471011,-40.137855,60
-73.0471007,-40.1379661,60
-73.0471008,-40.1380839,60
-73.0471005,-40.1382033,60
-73.0471006,-40.138295,60
-73.0471007,-40.1383741,60
-73.0471011,-40.1384669,60
-73.0471009,-40.1385602,60
-73.0470986,-40.1386741,60
-73.0470839,-40.1387739,60
-73.0470406,-40.1388442,60
-73.0469787,-40.1388971,60
-73.0469028,-40.1389377,60
-73.0468563,-40.1389573,60
-73.0468184,-40.1389446,60
-73.046802,-40.1389074,60
-73.0468003,-40.1388656,60
-73.0467999,-40.1388015,60
-73.0467998,-40.1387261,60
-73.0467998,-40.1386297,60
-73.0467991,-40.1385212,60
-73.0467989,-40.1384049,60
-73.0467988,-40.1382958,60
-73.0467984,-40.1381731,60
-73.0467987,-40.1380524,60
-73.0467987,-40.137945,60
-73.0467991,-40.1378259,60
-73.0467995,-40.1377077,60
-73.0467996,-40.137601,60
-73.0467993,-40.1374827,60
-73.0467992,-40.1373766,60
-73.0467993,-40.1372586,60
-73.0467989,-40.1371404,60
-73.0467988,-40.1370217,60
-73.0467991,-40.1369146,60
-73.0467993,-40.1367957,60
-73.0467991,-40.1366772,60
-73.0467994,-40.1365709,60
-73.0467992,-40.1364524,60
-73.0467991,-40.1363334,60
-73.0467988,-40.1362265,60
-73.0467994,-40.1361077,60
-73.0467993,-40.136001,60
-73.0467986,-40.1358853,60
-73.0467879,-40.1358048,60
-73.0467543,-40.1357685,60
-73.0467005,-40.1357612,60
-73.0466338,-40.1357722,60
-73.0465657,-40.1357962,60
-73.0465153,-40.1358458,60
-73.0465006,-40.1359094,60
-73.0464987,-40.1359735,60
-73.0464994,-40.1360621,60
-73.0464995,-40.1361614,60
-73.0465,-40.1362625,60
-73.0464999,-40.1363827,60
-73.0464996,-40.1365048,60
-73.0464998,-40.136613,60
-73.0465007,-40.1367327,60
-73.0465006,-40.1368516,60
-73.0464999,-40.1369711,60
-73.0464995,-40.1370774,60
-73.0465,-40.1371964,60
-73.0464999,-40.1373153,60
-73.0464998,-40.137422,60
-73.0465002,-40.1375404,60
-73.0465007,-40.1376474,60
-73.0465007,-40.137765,60
-73.0465005,-40.1378835,60
-73.0465006,-40.1380023,60
-73.0465008,-40.1381089,60
-73.0465006,-40.1382269,60
-73.0465009,-40.1383464,60
-73.0465004,-40.1384535,60
-73.0465007,-40.1385725,60
-73.0465009,-40.1386889,60
-73.0465012,-40.1387911,60
-73.0465011,-40.1389089,60
-73.0464951,-40.1390115,60
-73.046475,-40.1390673,60
-73.046427,-40.1391169,60
-73.0463379,-40.1391427,60
-73.0462672,-40.1391505,60
-73.0462191,-40.139128,60
-73.0462018,-40.1390844,60
-73.0461995,-40.1390373,60
-73.0461992,-40.1389678,60
-73.0461992,-40.1388793,60
-73.046199,-40.1387905,60
-73.0461995,-40.1386875,60
-73.0461992,-40.1385763,60
-73.0461988,-40.1384585,60
-73.0461988,-40.1383506,60
-73.0461986,-40.1382315,60
-73.0461989,-40.1381128,60
-73.0461993,-40.1380237,60
-73.0461999,-40.1379408,60
-73.0461991,-40.1378416,60
-73.0461987,-40.1377413,60
-73.0461987,-40.1376228,60
-73.0461983,-40.1375015,60
-73.0461986,-40.1373931,60
-73.0461992,-40.1372736,60
-73.0461986,-40.137155,60
-73.0461987,-40.1370475,60
-73.0461988,-40.1369296,60
-73.0461992,-40.136823,60
-73.0461991,-40.1367044,60
-73.0461993,-40.1365856,60
-73.046199,-40.1364792,60
-73.046199,-40.1363596,60
-73.0461986,-40.136241,60
-73.0461994,-40.1361353,60
-73.0461989,-40.1360186,60
-73.0461887,-40.1359344,60
-73.0461619,-40.1358984,60
-73.0461036,-40.1358874,60
-73.0460376,-40.135898,60
-73.045969,-40.1359209,60
-73.0459163,-40.1359685,60
-73.0459003,-40.1360309,60
-73.0458987,-40.1361029,60
-73.0458991,-40.1361809,60
-73.0458989,-40.136281,60
-73.0458989,-40.1363919,60
-73.0458992,-40.136499,60
-73.0458992,-40.1366204,60
-73.0458995,-40.1367412,60
-73.0458999,-40.1368486,60
-73.0458999,-40.1369668,60
-73.0458995,-40.137085,60
-73.0458996,-40.1371914,60
-73.0458998,-40.1373098,60
-73.0458996,-40.1374289,60
-73.0458997,-40.1375356,60
-73.0458994,-40.1376541,60
-73.0458999,-40.137773,60
-73.0459001,-40.1378812,60
-73.0459003,-40.1379996,60
-73.0459001,-40.1381169,60
-73.0459001,-40.1382359,60
-73.0459004,-40.138343,60
-73.0459008,-40.138462,60
-73.0459009,-40.1385689,60
-73.0459005,-40.1386836,60
-73.0459006,-40.138791,60
-73.0459001,-40.1389046,60
-73.0458951,-40.138988,60
-73.0458764,-40.1390372,60
-73.0458278,-40.1390512,60
-73.0457798,-40.1390392,60
-73.0457211,-40.1390131,60
-73.0456506,-40.1389658,60
-73.0456084,-40.1389024,60
-73.0455993,-40.1388213,60
-73.0455983,-40.1387323,60
-73.0455982,-40.1386425,60
-73.0455988,-40.1385341,60
-73.0455986,-40.1384123,60
-73.0455987,-40.1383034,60
-73.0455978,-40.1381856,60
-73.0455982,-40.1380736,60
-73.0455979,-40.137969,60
-73.045598,-40.1378587,60
-73.0455984,-40.1377569,60
-73.0455982,-40.1376564,60
-73.045599,-40.1375576,60
-73.0455994,-40.1374361,60
-73.0455993,-40.1373132,60
-73.0455988,-40.1372052,60
-73.0455987,-40.1370864,60
-73.0455985,-40.1369797,60
-73.0455984,-40.1368613,60
-73.0455985,-40.1367423,60
-73.0455989,-40.1366355,60
-73.0455992,-40.1365175,60
-73.0455993,-40.1364002,60
-73.0455992,-40.1362812,60
-73.0455987,-40.1361727,60
-73.0455921,-40.1360777,60
-73.0455731,-40.1360345,60
-73.0455212,-40.1360138,60
-73.0454569,-40.1360203,60
-73.0453909,-40.1360374,60
-73.0453272,-40.1360793,60
-73.0453024,-40.1361389,60
-73.045299,-40.1362073,60
-73.0452991,-40.1362814,60
-73.0452993,-40.1363781,60
-73.0452995,-40.1364756,60
-73.0452997,-40.1365929,60
-73.0452999,-40.1367146,60
-73.0453002,-40.1368349,60
-73.0452994,-40.1369425,60
-73.0453001,-40.1370612,60
-73.0453,-40.1371802,60
-73.0452997,-40.1372852,60
-73.0453002,-40.1374039,60
-73.0453,-40.1375217,60
-73.0452996,-40.1376241,60
-73.0452996,-40.1377399,60
-73.0452999,-40.1378599,60
-73.0452998,-40.1379687,60
-73.0452999,-40.138089,60
-73.0452996,-40.1382089,60
-73.0453,-40.1383122,60
-73.0452997,-40.1384137,60
-73.0452998,-40.1384966,60
-73.0453001,-40.1385811,60
-73.0452985,-40.1386694,60
-73.045288,-40.138747,60
-73.0452527,-40.1387723,60
-73.0452043,-40.1387681,60
-73.0451448,-40.138744,60
-73.0450829,-40.1387111,60
-73.0450211,-40.1386489,60
-73.0449963,-40.1385723,60
-73.0449986,-40.1384837,60
-73.0449987,-40.1383996,60
-73.044999,-40.1382927,60
-73.0449994,-40.1381751,60
-73.0449986,-40.1380644,60
-73.0449983,-40.1379458,60
-73.0449983,-40.137848,60
-73.0449985,-40.1377845,60
-73.0449985,-40.1377054,60
-73.0449983,-40.1376194,60
-73.0449984,-40.1375085,60
-73.0449982,-40.1373901,60
-73.0449977,-40.1372681,60
-73.0449979,-40.137159,60
-73.0449979,-40.1370395,60
-73.0449982,-40.1369205,60
-73.0449982,-40.1368141,60
-73.0449983,-40.1366953,60
-73.0449986,-40.1365771,60
-73.0449984,-40.1364733,60
-73.0449994,-40.1363548,60
-73.0449972,-40.1362434,60
-73.044986,-40.1361816,60
-73.0449642,-40.136143,60
-73.0449053,-40.136138,60
-73.0448404,-40.1361514,60
-73.0447652,-40.1361769,60
-73.0447153,-40.1362258,60
-73.0447004,-40.136282,60
-73.0446988,-40.136353,60
-73.0446986,-40.1364405,60
-73.0446986,-40.1365273,60
-73.0446988,-40.136637,60
-73.044699,-40.1367497,60
-73.0446989,-40.1368566,60
-73.044699,-40.1369777,60
-73.0446991,-40.1370977,60
-73.044699,-40.1372055,60
-73.0446997,-40.1373244,60
-73.0446995,-40.1374436,60
-73.0446993,-40.1375492,60
-73.0446995,-40.1376676,60
-73.0446996,-40.1377857,60
-73.0446993,-40.1378924,60
-73.0446993,-40.138011,60
-73.044699,-40.1381282,60
-73.0446988,-40.1382353,60
-73.0446989,-40.1383389,60
-73.0446992,-40.1384299,60
-73.0446987,-40.1385177,60
-73.0446901,-40.138605,60
-73.0446554,-40.138656,60
-73.0445955,-40.1386815,60
-73.0445148,-40.1386934,60
-73.0444477,-40.1386865,60
-73.0444111,-40.1386546,60
-73.0443997,-40.1386056,60
-73.044398,-40.1385439,60
-73.0443982,-40.1384732,60
-73.044398,-40.1383811,60
-73.0443979,-40.1382818,60
-73.0443976,-40.1381835,60
-73.0443976,-40.1380704,60
-73.0443972,-40.137949,60
-73.044397,-40.1378377,60
-73.0443973,-40.1377164,60
-73.0443973,-40.1376007,60
-73.0443972,-40.1374995,60
-73.0443972,-40.1373825,60
-73.0443978,-40.13726,60
-73.0443981,-40.1371512,60
-73.0443985,-40.1370316,60
-73.0443986,-40.1369132,60
-73.0443989,-40.1367977,60
-73.0443988,-40.1366952,60
-73.044399,-40.1365817,60
-73.0443993,-40.1364773,60
-73.0443965,-40.1363645,60
-73.0443831,-40.136292,60
-73.0443374,-40.1362646,60
-73.0442805,-40.1362675,60
-73.0442082,-40.1362848,60
-73.0441423,-40.1363176,60
-73.0441059,-40.1363732,60
-73.0440983,-40.1364386,60
-73.0440978,-40.1365081,60
-73.044098,-40.1366008,60
-73.0440985,-40.1367056,60
-73.0440986,-40.1368209,60
-73.0440995,-40.1369315,60
-73.0440999,-40.1370543,60
-73.0440998,-40.1371751,60
-73.0440996,-40.1372836,60
-73.0440995,-40.1374039,60
-73.0440996,-40.1375231,60
-73.0440993,-40.1376301,60
-73.0440988,-40.1377488,60
-73.044099,-40.1378669,60
-73.044099,-40.1379731,60
-73.0440991,-40.1380913,60
-73.0440992,-40.1382018,60
-73.0440989,-40.1382884,60
-73.0440993,-40.138394,60
-73.044099,-40.1385083,60
-73.0440983,-40.1386076,60
-73.0440881,-40.1386879,60
-73.0440526,-40.1387388,60
-73.0439919,-40.138763,60
-73.0439105,-40.1387731,60
-73.0438448,-40.1387648,60
-73.0438096,-40.1387317,60
-73.0437996,-40.1386818,60
-73.0437983,-40.1386191,60
-73.0437981,-40.1385468,60
-73.0437979,-40.1384523,60
-73.0437977,-40.1383457,60
-73.0437975,-40.1382455,60
-73.0437977,-40.1381257,60
-73.0437979,-40.1380057,60
-73.0437976,-40.1378955,60
-73.043798,-40.137775,60
-73.0437983,-40.1376562,60
-73.0437982,-40.1375497,60
-73.0437974,-40.1374316,60
-73.0437975,-40.1373132,60
-73.0437971,-40.1372065,60
-73.0437968,-40.1370876,60
-73.0437967,-40.1369683,60
-73.0437971,-40.1368496,60
-73.043798,-40.136746,60
-73.0437985,-40.1366319,60
-73.0437969,-40.1365158,60
-73.0437895,-40.1364464,60
-73.0437676,-40.1364041,60
-73.0437101,-40.1363921,60
-73.0436488,-40.1364023,60
-73.0435765,-40.1364243,60
-73.0435213,-40.1364566,60
-73.0434949,-40.1365087,60
-73.0434977,-40.1365841,60
-73.0434989,-40.1366689,60
-73.0434997,-40.1367562,60
-73.0434987,-40.1368651,60
-73.0434981,-40.1369824,60
-73.0434984,-40.1370929,60
-73.0434983,-40.1372136,60
-73.0434982,-40.1373333,60
-73.0434986,-40.1374406,60
-73.0434992,-40.1375599,60
-73.0434987,-40.1376785,60
-73.0434988,-40.1377859,60
-73.0434988,-40.1379042,60
-73.0434988,-40.1380216,60
-73.0434986,-40.1381287,60
-73.0434991,-40.1382478,60
-73.0434995,-40.138354,60
-73.0434993,-40.138473,60
-73.0434969,-40.1385763,60
-73.0434848,-40.1386366,60
-73.0434551,-40.1386664,60
-73.0433995,-40.1386713,60
-73.0433358,-40.1386556,60
-73.0432702,-40.1386291,60
-73.0432156,-40.1385766,60
-73.0432015,-40.1385079,60
-73.0431988,-40.1384412,60
-73.0431986,-40.1383552,60
-73.0431982,-40.1382551,60
-73.0431978,-40.1381536,60
-73.0431977,-40.1380348,60
-73.0431976,-40.1379128,60
-73.0431973,-40.1378045,60
-73.0431976,-40.1376857,60
-73.0431971,-40.1375677,60
-73.0431978,-40.1374592,60
-73.0431978,-40.1373415,60
-73.0431979,-40.1372278,60
-73.043197,-40.1371207,60
-73.0431973,-40.1370046,60
-73.0431974,-40.1368839,60
-73.0431971,-40.1367623,60
-73.0431963,-40.1366574,60
-73.0431892,-40.1365761,60
-73.0431713,-40.1365284,60
-73.0431243,-40.1365126,60
-73.043053,-40.1365269,60
-73.0429755,-40.1365499,60
-73.0429227,-40.1365901,60
-73.042901,-40.1366503,60
-73.0428985,-40.1367117,60
-73.0428981,-40.1367946,60
-73.0428981,-40.1368919,60
-73.0428983,-40.1370015,60
-73.0428982,-40.1371083,60
-73.0428982,-40.1372308,60
-73.0428985,-40.1373513,60
-73.0428985,-40.1374702,60
-73.0428984,-40.1375768,60
-73.0428987,-40.1376959,60
-73.0428989,-40.1378023,60
-73.0428991,-40.1379158,60
-73.0428986,-40.1380273,60
-73.0428979,-40.1381337,60
-73.0428981,-40.1382532,60
-73.0428983,-40.1383723,60
-73.0428925,-40.1384666,60
-73.042877,-40.138516,60
-73.0428364,-40.1385455,60
-73.0427696,-40.1385457,60
-73.042691,-40.1385364,60
-73.042629,-40.1385066,60
-73.0426038,-40.1384608,60
-73.0425982,-40.138401,60
-73.0425975,-40.1383258,60
-73.042598,-40.1382355,60
-73.0425979,-40.1381431,60
-73.0425974,-40.1380281,60
-73.0425977,-40.1379187,60
-73.0425974,-40.1377973,60
-73.0425976,-40.1376771,60
-73.0425976,-40.1375704,60
-73.0425975,-40.1374514,60
-73.0425979,-40.1373335,60
-73.0425979,-40.1372183,60
-73.0425985,-40.1371122,60
-73.0425983,-40.1369939,60
-73.0425984,-40.1368815,60
-73.0425968,-40.136777,60
-73.0425884,-40.1366995,60
-73.042574,-40.1366609,60
-73.0425238,-40.1366418,60
-73.0424514,-40.1366551,60
-73.0423753,-40.1366781,60
-73.0423225,-40.136719,60
-73.0423008,-40.1367803,60
-73.0422982,-40.1368495,60
-73.0422982,-40.1369251,60
-73.0422988,-40.1370231,60
-73.042299,-40.1371334,60
-73.0422989,-40.1372403,60
-73.0422989,-40.1373628,60
-73.0422985,-40.1374838,60
-73.0422981,-40.1375913,60
-73.0422985,-40.137709,60
-73.0422983,-40.137826,60
-73.0422979,-40.1379283,60
-73.042298,-40.1380482,60
-73.0422978,-40.1381523,60
-73.042298,-40.1382434,60
-73.0422977,-40.1383536,60
-73.042293,-40.1384491,60
-73.0422785,-40.1384923,60
-73.0422431,-40.1385048,60
-73.042191,-40.1385041,60
-73.0421214,-40.1385109,60
-73.042043,-40.1385149,60
-73.0420085,-40.1384973,60
-73.0419996,-40.1384648,60
-73.0419976,-40.138416,60
-73.0419971,-40.1383551,60
-73.0419968,-40.1382707,60
-73.0419971,-40.1381719,60
-73.0419969,-40.1380624,60
-73.0419973,-40.1379584,60
-73.0419976,-40.1378371,60
-73.0419969,-40.1377172,60
-73.0419973,-40.1376121,60
-73.0419979,-40.1375016,60
-73.041998,-40.1373849,60
-73.0419976,-40.1372841,60
-73.0419975,-40.1371717,60
-73.0419975,-40.137053,60
-73.0419967,-40.1369442,60
-73.0419919,-40.1368478,60
-73.0419747,-40.1367925,60
-73.0419224,-40.136774,60
-73.0418641,-40.1367824,60
-73.0417916,-40.1368007,60
-73.0417318,-40.1368381,60
-73.0417018,-40.1368969,60
-73.0416984,-40.1369649,60
-73.0416977,-40.1370373,60
-73.0416979,-40.1371326,60
-73.0416982,-40.1372415,60
-73.0416984,-40.1373433,60
-73.0416982,-40.1374655,60
-73.0416984,-40.1375889,60
-73.0416981,-40.1376972,60
-73.0416984,-40.137815,60
-73.0416978,-40.1379303,60
-73.0416978,-40.138037,60
-73.0416976,-40.1381449,60
-73.0416979,-40.1382577,60
-73.041698,-40.1383638,60
-73.0416955,-40.1384766,60
-73.0416805,-40.1385525,60
-73.0416331,-40.1385883,60
-73.0415541,-40.1386069,60
-73.0414719,-40.1386114,60
-73.0414248,-40.1385941,60
-73.0414012,-40.1385499,60
-73.0413981,-40.1384956,60
-73.0413975,-40.1384335,60
-73.0413971,-40.1383543,60
-73.041397,-40.1382693,60
-73.0413966,-40.1381913,60
-73.0413964,-40.1381144,60
-73.0413967,-40.1380352,60
-73.0413973,-40.1379695,60
-73.0413972,-40.1378958,60
-73.0413974,-40.1378012,60
-73.0413972,-40.1376962,60
-73.0413969,-40.137599,60
-73.041397,-40.137487,60
-73.0413971,-40.1373679,60
-73.0413968,-40.1372593,60
-73.0413966,-40.1371422,60
-73.0413955,-40.1370282,60
-73.0413892,-40.1369608,60
-73.0413656,-40.13692,60
-73.0413141,-40.1369075,60
-73.0412507,-40.136914,60
-73.0411762,-40.1369371,60
-73.0411179,-40.1369829,60
-73.0411,-40.1370378,60
-73.0410982,-40.1371069,60
-73.0410983,-40.1371824,60
-73.0410983,-40.1372807,60
-73.0410984,-40.1373901,60
-73.0410983,-40.1375094,60
-73.0410984,-40.1376197,60
-73.0410991,-40.1377397,60
-73.0410986,-40.137847,60
-73.0410983,-40.1379655,60
-73.0410985,-40.1380797,60
-73.0410979,-40.1381912,60
-73.0410982,-40.1382983,60
-73.0410985,-40.1384144,60
-73.0410977,-40.1385195,60
-73.0410959,-40.1386222,60
-73.0410834,-40.1387144,60
-73.0410316,-40.1387786,60
-73.040958,-40.1388204,60
-73.0408816,-40.1388468,60
-73.040831,-40.1388415,60
-73.0408044,-40.1388113,60
-73.0407984,-40.138766,60
-73.0407975,-40.1387065,60
-73.0407973,-40.1386358,60
-73.0407973,-40.1385432,60
-73.0407973,-40.1384373,60
-73.0407974,-40.1383339,60
-73.0407978,-40.138214,60
-73.0407978,-40.1381029,60
-73.0407973,-40.1379956,60
-73.0407968,-40.1378765,60
-73.0407969,-40.1377723,60
-73.0407972,-40.1376443,60
-73.040797,-40.1375393,60
-73.0407973,-40.1374276,60
-73.0407974,-40.1373206,60
-73.0407968,-40.1372077,60
-73.0407914,-40.1371146,60
-73.0407819,-40.1370699,60
-73.0407438,-40.1370407,60
-73.0406785,-40.1370411,60
-73.0406172,-40.1370526,60
-73.0405484,-40.1370854,60
-73.0405049,-40.1371355,60
-73.0404974,-40.1371873,60
-73.0404973,-40.137259,60
-73.0404974,-40.1373478,60
-73.0404975,-40.1374368,60
-73.0404978,-40.1375437,60
-73.0404985,-40.1376482,60
-73.0404982,-40.1377428,60
-73.0404989,-40.1378554,60
-73.0404987,-40.1379733,60
-73.0404986,-40.1380649,60
-73.0404987,-40.1381726,60
-73.0404986,-40.1382883,60
-73.0404986,-40.1383938,60
-73.0404987,-40.1385112,60
-73.0404981,-40.1386292,60
-73.0404984,-40.1387367,60
-73.0404974,-40.1388581,60
-73.0404878,-40.1389606,60
-73.0404551,-40.1390245,60
-73.040382,-40.1390764,60
-73.040295,-40.1391099,60
-73.0402408,-40.1391127,60
-73.0402084,-40.1390866,60
-73.0401987,-40.1390427,60
-73.0401978,-40.1389937,60
-73.040197,-40.1389204,60
-73.040197,-40.13883,60
-73.0401967,-40.1387369,60
-73.0401968,-40.1386236,60
-73.0401964,-40.1385031,60
-73.040196,-40.1383935,60
-73.0401959,-40.1382737,60
-73.0401957,-40.1381561,60
-73.040196,-40.1380493,60
-73.0401963,-40.1379335,60
-73.0401959,-40.1378207,60
-73.0401964,-40.1377319,60
-73.0401959,-40.137618,60
-73.0401956,-40.1375017,60
-73.040196,-40.1374024,60
-73.0401941,-40.1372895,60
-73.0401866,-40.1372172,60
-73.0401717,-40.1371846,60
-73.0401371,-40.1371602,60
-73.040073,-40.1371668,60
-73.0400078,-40.137185,60
-73.0399374,-40.1372221,60
-73.0399029,-40.1372792,60
-73.0398972,-40.1373382,60
-73.0398964,-40.1374153,60
-73.0398967,-40.1375085,60
-73.0398971,-40.1376032,60
-73.0398973,-40.137719,60
-73.0398974,-40.1378403,60
-73.0398971,-40.1379487,60
-73.0398973,-40.1380659,60
-73.0398977,-40.1381853,60
-73.0398976,-40.138283,60
-73.0398975,-40.1383935,60
-73.0398979,-40.138513,60
-73.0398976,-40.1386336,60
-73.0398975,-40.1387411,60
-73.0398977,-40.1388595,60
-73.0398968,-40.1389665,60
-73.0398936,-40.1390716,60
-73.0398743,-40.1391295,60
-73.0398244,-40.1391557,60
-73.0397649,-40.1391561,60
-73.0396891,-40.1391442,60
-73.0396267,-40.1391109,60
-73.0396018,-40.1390624,60
-73.0395972,-40.1389998,60
-73.0395964,-40.1389233,60
-73.0395961,-40.1388403,60
-73.0395962,-40.1387356,60
-73.0395959,-40.1386325,60
-73.039596,-40.1385119,60
-73.0395961,-40.138391,60
-73.0395964,-40.1382711,60
-73.039596,-40.1381647,60
-73.0395958,-40.1380467,60
-73.0395954,-40.1379312,60
-73.0395956,-40.1378296,60
-73.0395962,-40.137713,60
-73.0395956,-40.1375905,60
-73.0395957,-40.1374808,60
-73.0395918,-40.1373791,60
-73.0395751,-40.1373219,60
-73.0395322,-40.1372995,60
-73.0394691,-40.1373031,60
-73.0393985,-40.1373195,60
-73.039336,-40.1373534,60
-73.0393021,-40.137411,60
-73.0392966,-40.1374775,60
-73.0392959,-40.1375481,60
-73.0392967,-40.1376419,60
-73.039297,-40.1377373,60
-73.0392972,-40.1378528,60
-73.0392971,-40.1379741,60
-73.0392977,-40.138095,60
-73.0392974,-40.1382026,60
-73.0392975,-40.1383217,60
-73.0392976,-40.1384407,60
-73.0392976,-40.1385476,60
-73.0392978,-40.1386655,60
-73.0392978,-40.1387834,60
-73.0392972,-40.1388901,60
-73.0392945,-40.1389977,60
-73.0392758,-40.1390565,60
-73.0392369,-40.1390844,60
-73.0391719,-40.139087,60
-73.0391062,-40.1390794,60
-73.0390373,-40.1390515,60
-73.0390034,-40.1390007,60
-73.0389975,-40.1389398,60
-73.0389967,-40.1388735,60
-73.0389964,-40.1387841,60
-73.0389963,-40.1386815,60
-73.0389962,-40.1385842,60
-73.0389957,-40.1384641,60
-73.0389956,-40.1383462,60
-73.0389956,-40.1382367,60
-73.0389954,-40.1381144,60
-73.0389952,-40.1379946,60
-73.0389957,-40.1378759,60
-73.0389959,-40.1377692,60
-73.0389956,-40.1376504,60
-73.038994,-40.1375486,60
-73.0389836,-40.1374726,60
-73.0389518,-40.1374365,60
-73.0388933,-40.1374354,60
-73.0388343,-40.1374518,60
-73.0387595,-40.1374844,60
-73.0387138,-40.1375345,60
-73.0386984,-40.1376012,60
-73.0386963,-40.1376765,60
-73.038696,-40.137758,60
-73.0386964,-40.1378612,60
-73.0386971,-40.137975,60
-73.0386971,-40.1380834,60
-73.0386974,-40.1382051,60
-73.0386972,-40.1383255,60
-73.0386967,-40.138444,60
-73.0386968,-40.1385507,60
-73.0386972,-40.1386688,60
-73.0386974,-40.1387858,60
-73.0386923,-40.1388685,60
-73.0386792,-40.1389132,60
-73.038661,-40.1389254,60
-73.0386357,-40.138906,60
-73.0386123,-40.1388738,60
-73.03858,-40.1388278,60
-73.0385325,-40.1387592,60
-73.0384759,-40.1386773,60
-73.0384277,-40.1385913,60
-73.0384027,-40.1384856,60
-73.0383975,-40.1384034,60
-73.0383962,-40.1383142,60
-73.0383953,-40.138219,60
-73.038395,-40.1381039,60
-73.0383947,-40.1379829,60
-73.0383953,-40.1378737,60
-73.0383947,-40.1377559,60
-73.038385,-40.1376719,60
-73.0383618,-40.137636,60
-73.0383082,-40.1376261,60
-73.0382554,-40.1376398,60
-73.038186,-40.137666,60
-73.0381225,-40.1377185,60
-73.0380995,-40.1377863,60
-73.0380967,-40.1378535,60
-73.0380962,-40.1379417,60
-73.0380963,-40.1380268,60
-73.0380957,-40.1380834,60
-73.0380958,-40.1381106,60
-73.0380964,-40.1381202,60
-73.0380964,-40.1381226,60
</coordinates></LineString>
</Placemark>
<Placemark>
<name>DJI_202603251549_002_PENABLANCA004_Timestamp.MRK</name>
<description>Equipo: M3E | Fecha: 25-03-2026 | Puntos: 213</description>
<styleUrl>#m3e</styleUrl>
<LineString><altitudeMode>relativeToGround</altitudeMode><coordinates>
-73.038595,-40.1377399,60
-73.0385624,-40.1377453,60
-73.0384956,-40.1377552,60
-73.038402,-40.1377693,60
-73.0383008,-40.1377844,60
-73.0381712,-40.1378041,60
-73.0380296,-40.1378257,60
-73.0378933,-40.1378459,60
-73.0377379,-40.1378683,60
-73.0375888,-40.1378903,60
-73.0374496,-40.1379108,60
-73.0373098,-40.1379312,60
-73.037178,-40.1379518,60
-73.037022,-40.1379751,60
-73.0368667,-40.1379974,60
-73.0367287,-40.1380179,60
-73.0365766,-40.1380401,60
-73.0364302,-40.1380613,60
-73.0363329,-40.1380761,60
-73.0362426,-40.1380893,60
-73.0361459,-40.1381095,60
-73.0360882,-40.1381283,60
-73.0360719,-40.1381668,60
-73.0360925,-40.13822,60
-73.0361256,-40.1382748,60
-73.0361778,-40.1383104,60
-73.0362528,-40.1383178,60
-73.036337,-40.138309,60
-73.0364287,-40.1382955,60
-73.0365482,-40.1382772,60
-73.0366669,-40.1382584,60
-73.0368073,-40.1382375,60
-73.0369429,-40.138218,60
-73.0370638,-40.1381998,60
-73.037211,-40.1381778,60
-73.0373682,-40.1381544,60
-73.0375249,-40.1381315,60
-73.0376639,-40.138111,60
-73.0378167,-40.1380882,60
-73.0379541,-40.1380684,60
-73.0381066,-40.1380455,60
-73.038259,-40.1380231,60
-73.038412,-40.1380002,60
-73.0385464,-40.1379816,60
-73.0386544,-40.1379748,60
-73.0387245,-40.1379951,60
-73.0387662,-40.1380397,60
-73.0387972,-40.1380993,60
-73.0387954,-40.1381466,60
-73.0387585,-40.1381763,60
-73.0386965,-40.1381916,60
-73.038625,-40.1382032,60
-73.0385222,-40.138219,60
-73.0383996,-40.1382377,60
-73.0382756,-40.1382565,60
-73.0381266,-40.1382788,60
-73.0379713,-40.1383015,60
-73.0378164,-40.1383237,60
-73.0377103,-40.1383395,60
-73.0375916,-40.1383572,60
-73.037465,-40.138377,60
-73.0373119,-40.1383997,60
-73.0371551,-40.1384226,60
-73.0369998,-40.1384453,60
-73.0368622,-40.1384654,60
-73.0367104,-40.1384878,60
-73.0365572,-40.1385105,60
-73.036427,-40.1385312,60
-73.0363385,-40.1385554,60
-73.0363,-40.1385903,60
-73.0363044,-40.1386342,60
-73.0363297,-40.1386855,60
-73.0363738,-40.1387303,60
-73.036439,-40.1387527,60
-73.0365193,-40.1387478,60
-73.036603,-40.1387373,60
-73.0367147,-40.1387201,60
-73.0368432,-40.1387006,60
-73.0369879,-40.1386784,60
-73.0371174,-40.138659,60
-73.0372667,-40.1386366,60
-73.037424,-40.1386134,60
-73.0375641,-40.1385931,60
-73.0377174,-40.1385701,60
-73.0378564,-40.1385497,60
-73.0379893,-40.138529,60
-73.038145,-40.1385062,60
-73.0383004,-40.1384835,60
-73.0384385,-40.1384635,60
-73.0385914,-40.1384404,60
-73.0387434,-40.1384186,60
-73.0388584,-40.1384062,60
-73.038939,-40.1384143,60
-73.0389947,-40.138455,60
-73.039027,-40.1385066,60
-73.0390419,-40.1385611,60
-73.0390128,-40.1386008,60
-73.038961,-40.1386183,60
-73.0388889,-40.1386309,60
-73.0387924,-40.1386461,60
-73.0386878,-40.138662,60
-73.0385557,-40.1386818,60
-73.0384249,-40.1387015,60
-73.0382706,-40.1387242,60
-73.0381197,-40.1387465,60
-73.037967,-40.1387697,60
-73.0378341,-40.1387886,60
-73.0377029,-40.1388079,60
-73.0375544,-40.1388312,60
-73.0374111,-40.1388521,60
-73.0372526,-40.1388749,60
-73.0371136,-40.1388953,60
-73.0369604,-40.1389179,60
-73.0368078,-40.1389406,60
-73.0366643,-40.1389635,60
-73.0365701,-40.138983,60
-73.0365077,-40.1390081,60
-73.0365137,-40.1390454,60
-73.036533,-40.1390848,60
-73.0365697,-40.1391419,60
-73.0366269,-40.1391812,60
-73.0366942,-40.1391888,60
-73.0367775,-40.139179,60
-73.0368776,-40.1391637,60
-73.0369765,-40.1391483,60
-73.0371058,-40.1391286,60
-73.0372498,-40.1391067,60
-73.0373827,-40.1390871,60
-73.0375355,-40.1390639,60
-73.0376898,-40.1390419,60
-73.0378102,-40.1390246,60
-73.0379549,-40.1390015,60
-73.0381137,-40.1389776,60
-73.0382565,-40.1389572,60
-73.0384112,-40.1389348,60
-73.0385641,-40.1389119,60
-73.0387016,-40.1388921,60
-73.0388539,-40.1388697,60
-73.0390059,-40.1388469,60
-73.0391174,-40.1388355,60
-73.0391882,-40.1388415,60
-73.0392333,-40.1388767,60
-73.0392628,-40.1389218,60
-73.0393073,-40.138982,60
-73.0393283,-40.1390212,60
-73.0393232,-40.1390338,60
-73.039281,-40.139041,60
-73.0392242,-40.1390491,60
-73.0391489,-40.1390608,60
-73.0390452,-40.1390763,60
-73.0389213,-40.139095,60
-73.0387981,-40.139113,60
-73.038647,-40.139136,60
-73.0384917,-40.1391588,60
-73.0383353,-40.1391816,60
-73.0381979,-40.1392021,60
-73.0380475,-40.1392241,60
-73.0378941,-40.1392473,60
-73.0377686,-40.1392659,60
-73.0376457,-40.1392845,60
-73.0375262,-40.1393032,60
-73.0373738,-40.1393264,60
-73.0372203,-40.1393479,60
-73.0370797,-40.1393688,60
-73.0369281,-40.1393906,60
-73.0367987,-40.139413,60
-73.0367229,-40.1394353,60
-73.0366915,-40.1394863,60
-73.0366854,-40.1395532,60
-73.0366961,-40.1396061,60
-73.0367381,-40.1396374,60
-73.0368006,-40.1396413,60
-73.0368655,-40.1396335,60
-73.0369539,-40.13962,60
-73.0370667,-40.1396025,60
-73.0371808,-40.1395851,60
-73.0373142,-40.1395652,60
-73.0374539,-40.1395442,60
-73.0376017,-40.1395222,60
-73.0377045,-40.1395081,60
-73.0378166,-40.1394916,60
-73.0379337,-40.1394728,60
-73.0380761,-40.1394517,60
-73.0382271,-40.1394291,60
-73.0383821,-40.1394063,60
-73.0385215,-40.1393859,60
-73.038675,-40.1393632,60
-73.0388118,-40.1393428,60
-73.0389593,-40.139321,60
-73.0391013,-40.1393,60
-73.0392329,-40.1392799,60
-73.039385,-40.1392575,60
-73.0395297,-40.139241,60
-73.0396269,-40.139245,60
-73.0397226,-40.1392822,60
-73.0398018,-40.1393407,60
-73.0398367,-40.1393783,60
-73.0398275,-40.1394132,60
-73.0397812,-40.1394312,60
-73.0397278,-40.1394412,60
-73.039644,-40.1394545,60
-73.0395377,-40.1394709,60
-73.0394321,-40.1394865,60
-73.0393061,-40.1395049,60
-73.0391674,-40.1395259,60
-73.0390222,-40.1395475,60
-73.0388955,-40.1395669,60
-73.0387576,-40.1395873,60
-73.0386286,-40.1396066,60
-73.0384926,-40.1396257,60
-73.0383729,-40.1396431,60
-73.0382523,-40.1396614,60
-73.0381336,-40.1396794,60
</coordinates></LineString>
</Placemark>
<Placemark>
<name>DJI_202603251613_003_PENABLANCA004_Timestamp.MRK</name>
<description>Equipo: M3E | Fecha: 25-03-2026 | Puntos: 816</description>
<styleUrl>#m3e</styleUrl>
<LineString><altitudeMode>relativeToGround</altitudeMode><coordinates>
-73.0380619,-40.139689,60
-73.038025,-40.1396943,60
-73.0379531,-40.1397055,60
-73.0378672,-40.1397183,60
-73.0377521,-40.1397358,60
-73.0376212,-40.1397552,60
-73.037478,-40.1397766,60
-73.0373366,-40.1397978,60
-73.0371799,-40.1398205,60
-73.0370257,-40.1398431,60
-73.0369027,-40.1398617,60
-73.0367974,-40.1398795,60
-73.0367385,-40.1398946,60
-73.0367096,-40.1399076,60
-73.0366806,-40.139938,60
-73.0366695,-40.1399959,60
-73.0366746,-40.1400572,60
-73.0367047,-40.1400989,60
-73.0367634,-40.140112,60
-73.0368241,-40.1401062,60
-73.0369035,-40.1400944,60
-73.0370085,-40.1400786,60
-73.0371188,-40.1400624,60
-73.0372492,-40.1400428,60
-73.0373945,-40.1400203,60
-73.0375358,-40.1399999,60
-73.0376704,-40.1399802,60
-73.0377742,-40.1399645,60
-73.0378734,-40.1399491,60
-73.0380066,-40.1399295,60
-73.0381488,-40.1399085,60
-73.0382853,-40.1398879,60
-73.038437,-40.1398663,60
-73.03859,-40.139843,60
-73.0387282,-40.1398232,60
-73.0388809,-40.1398006,60
-73.0390183,-40.1397805,60
-73.0391702,-40.1397579,60
-73.0393218,-40.1397347,60
-73.0394728,-40.1397124,60
-73.0395988,-40.1396934,60
-73.0397484,-40.139671,60
-73.0398949,-40.1396498,60
-73.0400288,-40.1396324,60
-73.0401439,-40.1396316,60
-73.0402376,-40.1396652,60
-73.0403093,-40.1397163,60
-73.0403565,-40.1397649,60
-73.0403483,-40.1398004,60
-73.040308,-40.1398206,60
-73.0402471,-40.1398311,60
-73.0401622,-40.1398445,60
-73.0400698,-40.1398584,60
-73.0399421,-40.1398781,60
-73.0398031,-40.1398987,60
-73.0396666,-40.1399193,60
-73.0394649,-40.1399488,60
-73.0393569,-40.1399646,60
-73.0392193,-40.1399853,60
-73.0390681,-40.1400081,60
-73.0389168,-40.1400304,60
-73.0387793,-40.1400511,60
-73.0386271,-40.1400738,60
-73.0384761,-40.140096,60
-73.0383385,-40.1401164,60
-73.0382046,-40.1401365,60
-73.0380695,-40.1401568,60
-73.0379323,-40.1401767,60
-73.0377746,-40.1401997,60
-73.0376188,-40.1402223,60
-73.0374808,-40.1402432,60
-73.037329,-40.1402658,60
-73.037177,-40.1402883,60
-73.0370536,-40.1403068,60
-73.0369245,-40.140326,60
-73.0368017,-40.140345,60
-73.0367045,-40.1403686,60
-73.0366329,-40.140412,60
-73.0365859,-40.1404756,60
-73.0365689,-40.1405424,60
-73.0365829,-40.140588,60
-73.0366379,-40.140601,60
-73.0366952,-40.1405934,60
-73.0367716,-40.1405821,60
-73.0368742,-40.1405663,60
-73.0369846,-40.1405496,60
-73.0371209,-40.1405286,60
-73.0372702,-40.1405063,60
-73.0374104,-40.1404856,60
-73.0375576,-40.1404645,60
-73.037664,-40.1404485,60
-73.0377647,-40.1404332,60
-73.0379001,-40.1404125,60
-73.0380494,-40.1403903,60
-73.0381909,-40.1403695,60
-73.0383462,-40.1403467,60
-73.0384994,-40.1403241,60
-73.0386369,-40.140304,60
-73.0387894,-40.1402815,60
-73.0389411,-40.1402594,60
-73.0390778,-40.1402384,60
-73.0392306,-40.1402154,60
-73.0393822,-40.1401932,60
-73.0395185,-40.1401725,60
-73.0396712,-40.1401502,60
-73.0398234,-40.1401281,60
-73.0399599,-40.1401073,60
-73.0401132,-40.1400841,60
-73.0402614,-40.1400629,60
-73.0403869,-40.1400439,60
-73.0405178,-40.1400252,60
-73.0406357,-40.1400201,60
-73.0407245,-40.1400375,60
-73.0408066,-40.140091,60
-73.0408676,-40.1401475,60
-73.0408836,-40.1401825,60
-73.040848,-40.1402095,60
-73.0407823,-40.1402194,60
-73.0407123,-40.1402294,60
-73.0406122,-40.1402448,60
-73.0404919,-40.1402635,60
-73.0403701,-40.1402826,60
-73.0402242,-40.1403045,60
-73.0400856,-40.1403249,60
-73.0399305,-40.1403478,60
-73.0397775,-40.1403708,60
-73.039633,-40.1403916,60
-73.0395297,-40.1404075,60
-73.0394028,-40.1404263,60
-73.0392558,-40.140448,60
-73.0391178,-40.1404684,60
-73.0389617,-40.1404917,60
-73.0388229,-40.1405117,60
-73.0386699,-40.1405346,60
-73.0385172,-40.1405571,60
-73.0383641,-40.1405798,60
-73.0382269,-40.1406001,60
-73.0380744,-40.1406222,60
-73.0379221,-40.1406451,60
-73.0377855,-40.1406653,60
-73.0376328,-40.1406876,60
-73.0374806,-40.1407103,60
-73.0373439,-40.1407309,60
-73.0371919,-40.1407533,60
-73.0370549,-40.1407737,60
-73.0369025,-40.1407968,60
-73.0367514,-40.1408194,60
-73.0366058,-40.1408426,60
-73.0365087,-40.1408643,60
-73.0364534,-40.1409083,60
-73.0364292,-40.1409636,60
-73.0364279,-40.1410291,60
-73.0364537,-40.1410708,60
-73.0365055,-40.1410888,60
-73.0365639,-40.1410808,60
-73.036652,-40.1410678,60
-73.0367609,-40.1410514,60
-73.0368751,-40.1410335,60
-73.0370168,-40.1410122,60
-73.0371681,-40.1409893,60
-73.0372996,-40.1409698,60
-73.0374251,-40.1409509,60
-73.0375625,-40.1409292,60
-73.0377015,-40.1409091,60
-73.0378577,-40.1408865,60
-73.0379965,-40.1408665,60
-73.0381489,-40.1408437,60
-73.0383009,-40.1408213,60
-73.0384533,-40.1407981,60
-73.0385908,-40.1407778,60
-73.0387431,-40.140755,60
-73.0388954,-40.1407321,60
-73.0390323,-40.1407119,60
-73.0391849,-40.1406896,60
-73.0393376,-40.140667,60
-73.0394749,-40.1406469,60
-73.0396266,-40.1406248,60
-73.0397789,-40.1406019,60
-73.0399156,-40.1405815,60
-73.0400669,-40.1405587,60
-73.0402184,-40.1405366,60
-73.0403566,-40.1405161,60
-73.040509,-40.1404934,60
-73.0406557,-40.1404719,60
-73.0407783,-40.1404529,60
-73.0409231,-40.1404315,60
-73.0410699,-40.1404139,60
-73.0411691,-40.140413,60
-73.0412647,-40.1404438,60
-73.0413448,-40.1405003,60
-73.0413859,-40.1405419,60
-73.0413844,-40.1405775,60
-73.0413437,-40.140601,60
-73.0412897,-40.1406107,60
-73.0412106,-40.1406234,60
-73.0411075,-40.1406393,60
-73.0409988,-40.1406557,60
-73.0408644,-40.1406762,60
-73.040713,-40.1406991,60
-73.040572,-40.1407193,60
-73.0404161,-40.1407422,60
-73.0402622,-40.1407655,60
-73.0401287,-40.1407848,60
-73.039993,-40.1408053,60
-73.0398405,-40.140829,60
-73.039699,-40.1408496,60
-73.0395434,-40.1408725,60
-73.0393906,-40.1408948,60
-73.0392534,-40.1409147,60
-73.0391011,-40.1409374,60
-73.038949,-40.1409601,60
-73.0388123,-40.1409806,60
-73.0386599,-40.141003,60
-73.0385071,-40.1410256,60
-73.0383702,-40.1410463,60
-73.0382179,-40.1410691,60
-73.0380659,-40.1410917,60
-73.0379286,-40.1411122,60
-73.0377757,-40.1411347,60
-73.0376232,-40.1411574,60
-73.0374868,-40.1411777,60
-73.0373345,-40.1412002,60
-73.0371819,-40.141223,60
-73.0370295,-40.1412455,60
-73.0368925,-40.1412656,60
-73.0367399,-40.1412885,60
-73.0366076,-40.1413094,60
-73.0365108,-40.1413335,60
-73.036462,-40.1413723,60
-73.0364513,-40.1414234,60
-73.0364622,-40.1414853,60
-73.036488,-40.1415257,60
-73.0365461,-40.1415463,60
-73.0366159,-40.1415399,60
-73.0367008,-40.1415275,60
-73.0367971,-40.1415129,60
-73.0369224,-40.1414936,60
-73.0370621,-40.1414726,60
-73.037196,-40.1414526,60
-73.0373519,-40.1414293,60
-73.0375083,-40.1414065,60
-73.0376352,-40.1413874,60
-73.0377549,-40.1413706,60
-73.0378904,-40.1413487,60
-73.0380267,-40.1413283,60
-73.0381845,-40.1413052,60
-73.0383398,-40.1412824,60
-73.038478,-40.1412622,60
-73.0386304,-40.1412396,60
-73.0387825,-40.1412167,60
-73.0389194,-40.1411965,60
-73.0390716,-40.141174,60
-73.0392234,-40.1411513,60
-73.0393604,-40.1411312,60
-73.0395126,-40.1411088,60
-73.0396652,-40.1410857,60
-73.0398022,-40.1410653,60
-73.039954,-40.1410434,60
-73.0401068,-40.1410205,60
-73.0402444,-40.1410005,60
-73.0403966,-40.1409774,60
-73.0405487,-40.1409546,60
-73.0406864,-40.1409343,60
-73.0408396,-40.1409116,60
-73.0409922,-40.1408889,60
-73.0411216,-40.1408695,60
-73.0412486,-40.140851,60
-73.0413858,-40.1408301,60
-73.0415208,-40.1408104,60
-73.0416533,-40.1407996,60
-73.0417459,-40.1408182,60
-73.0418187,-40.1408531,60
-73.0418883,-40.1409152,60
-73.0419094,-40.1409558,60
-73.0418846,-40.1409842,60
-73.0418341,-40.1409974,60
-73.0417625,-40.1410096,60
-73.0416723,-40.1410236,60
-73.041551,-40.1410412,60
-73.041416,-40.1410616,60
-73.0412664,-40.1410841,60
-73.0411264,-40.1411044,60
-73.0409726,-40.1411271,60
-73.0408344,-40.1411476,60
-73.0406824,-40.1411705,60
-73.040531,-40.1411934,60
-73.0403938,-40.1412138,60
-73.0402413,-40.141236,60
-73.0400885,-40.1412582,60
-73.0399519,-40.1412788,60
-73.0398005,-40.1413014,60
-73.0396482,-40.141324,60
-73.039511,-40.1413442,60
-73.0393587,-40.1413675,60
-73.0392057,-40.1413899,60
-73.0390687,-40.1414104,60
-73.0389165,-40.1414328,60
-73.0387642,-40.1414553,60
-73.0386268,-40.1414755,60
-73.0384746,-40.1414983,60
-73.0383222,-40.1415208,60
-73.0381853,-40.1415412,60
-73.0380323,-40.141564,60
-73.0378808,-40.1415866,60
-73.0377444,-40.1416073,60
-73.0375919,-40.1416298,60
-73.0374387,-40.1416524,60
-73.0373014,-40.1416727,60
-73.0371491,-40.1416951,60
-73.0369965,-40.141718,60
-73.0368598,-40.1417382,60
-73.0367088,-40.1417609,60
-73.0366006,-40.1417814,60
-73.0365408,-40.1418078,60
-73.0365197,-40.1418554,60
-73.03653,-40.1419099,60
-73.0365582,-40.1419611,60
-73.0366138,-40.141994,60
-73.0366882,-40.1419958,60
-73.0367597,-40.1419868,60
-73.0368619,-40.1419709,60
-73.0369829,-40.141952,60
-73.037105,-40.1419335,60
-73.037253,-40.141911,60
-73.0373923,-40.1418904,60
-73.0375479,-40.1418681,60
-73.037701,-40.1418457,60
-73.0378515,-40.1418228,60
-73.0379892,-40.1418019,60
-73.0381422,-40.1417789,60
-73.0382793,-40.1417592,60
-73.0384307,-40.1417365,60
-73.038583,-40.1417135,60
-73.0387364,-40.1416911,60
-73.038874,-40.1416706,60
-73.0390255,-40.1416478,60
-73.0391774,-40.1416252,60
-73.0393145,-40.141605,60
-73.039467,-40.1415826,60
-73.0396188,-40.1415599,60
-73.0397559,-40.1415392,60
-73.0399081,-40.141517,60
-73.040061,-40.1414942,60
-73.0401993,-40.1414737,60
-73.0403514,-40.1414515,60
-73.0404884,-40.1414309,60
-73.0406415,-40.1414084,60
-73.0407938,-40.1413855,60
-73.0409307,-40.1413656,60
-73.0410829,-40.1413427,60
-73.041236,-40.1413198,60
-73.0413727,-40.1413,60
-73.0415246,-40.1412776,60
-73.0416724,-40.1412556,60
-73.0418012,-40.1412365,60
-73.041939,-40.1412164,60
-73.0420685,-40.1411981,60
-73.0421658,-40.1411919,60
-73.0422434,-40.1412013,60
-73.0422946,-40.1412188,60
-73.0422987,-40.141229,60
-73.0423014,-40.1412358,60
-73.0423284,-40.1412599,60
-73.0423649,-40.1413001,60
-73.0423856,-40.1413459,60
-73.0423574,-40.1413813,60
-73.0423061,-40.1413948,60
-73.0422362,-40.141406,60
-73.042142,-40.1414203,60
-73.0420385,-40.1414361,60
-73.0419028,-40.1414567,60
-73.0417578,-40.1414787,60
-73.0416039,-40.1415019,60
-73.0414643,-40.1415222,60
-73.0413099,-40.141545,60
-73.0411725,-40.1415654,60
-73.0410278,-40.1415861,60
-73.0409174,-40.1416015,60
-73.0408102,-40.1416185,60
-73.0406677,-40.1416406,60
-73.0405141,-40.1416639,60
-73.0403588,-40.1416864,60
-73.0402182,-40.1417064,60
-73.0400647,-40.1417288,60
-73.0399124,-40.1417514,60
-73.0397751,-40.1417716,60
-73.0396226,-40.1417945,60
-73.0394705,-40.1418172,60
-73.0393334,-40.1418377,60
-73.0391811,-40.1418611,60
-73.0390429,-40.1418816,60
-73.0388909,-40.1419041,60
-73.0387387,-40.1419262,60
-73.0386016,-40.1419472,60
-73.0384499,-40.1419696,60
-73.038298,-40.1419921,60
-73.0381449,-40.1420143,60
-73.0380073,-40.1420349,60
-73.0378549,-40.1420575,60
-73.0377026,-40.1420802,60
-73.0375652,-40.1421009,60
-73.0374134,-40.1421236,60
-73.0372806,-40.142143,60
-73.0371317,-40.1421656,60
-73.0369792,-40.1421883,60
-73.0368438,-40.1422087,60
-73.0367382,-40.1422316,60
-73.0366874,-40.1422607,60
-73.0366768,-40.1423056,60
-73.0366932,-40.1423602,60
-73.0367301,-40.1424136,60
-73.0367826,-40.1424389,60
-73.0368557,-40.1424381,60
-73.036938,-40.1424273,60
-73.037033,-40.1424126,60
-73.0371548,-40.1423943,60
-73.0372907,-40.1423732,60
-73.0374267,-40.1423525,60
-73.0375779,-40.1423306,60
-73.0376877,-40.1423153,60
-73.0377762,-40.142302,60
-73.0378983,-40.1422826,60
-73.0380345,-40.1422619,60
-73.0381826,-40.1422399,60
-73.0383217,-40.1422197,60
-73.0384772,-40.1421971,60
-73.0386311,-40.1421743,60
-73.0387683,-40.1421542,60
-73.038921,-40.1421313,60
-73.0390734,-40.1421091,60
-73.0392101,-40.1420885,60
-73.0393632,-40.1420657,60
-73.0395151,-40.1420436,60
-73.0396518,-40.1420226,60
-73.0398036,-40.1420001,60
-73.03994,-40.1419798,60
-73.0400926,-40.1419573,60
-73.0402452,-40.1419348,60
-73.0403972,-40.1419122,60
-73.0405343,-40.1418917,60
-73.0406877,-40.1418691,60
-73.0408396,-40.1418465,60
-73.040977,-40.1418258,60
-73.0411293,-40.1418032,60
-73.0412815,-40.1417811,60
-73.0414179,-40.1417613,60
-73.0415709,-40.1417379,60
-73.041724,-40.141715,60
-73.0418612,-40.141695,60
-73.0420086,-40.141673,60
-73.0421607,-40.1416501,60
-73.0422943,-40.1416317,60
-73.0424017,-40.1416231,60
-73.0424594,-40.1416432,60
-73.0424864,-40.1416843,60
-73.0424966,-40.1417405,60
-73.0424849,-40.1417989,60
-73.0424407,-40.1418345,60
-73.0423705,-40.1418537,60
-73.0422834,-40.141867,60
-73.0421846,-40.141882,60
-73.0420613,-40.1419005,60
-73.041933,-40.1419203,60
-73.0417798,-40.141943,60
-73.0416252,-40.1419658,60
-73.0414709,-40.1419888,60
-73.0413598,-40.1420047,60
-73.0412503,-40.1420215,60
-73.0411192,-40.1420417,60
-73.0409869,-40.1420611,60
-73.0408334,-40.1420831,60
-73.0406943,-40.1421032,60
-73.04054,-40.1421259,60
-73.0403879,-40.142149,60
-73.0402357,-40.1421716,60
-73.0400987,-40.1421921,60
-73.0399481,-40.1422142,60
-73.0397947,-40.1422368,60
-73.0396573,-40.1422569,60
-73.0395047,-40.1422794,60
-73.0393673,-40.1423,60
-73.0392156,-40.1423225,60
-73.0390676,-40.1423444,60
-73.0389303,-40.1423652,60
-73.0387757,-40.1423886,60
-73.038622,-40.1424114,60
-73.0384685,-40.1424342,60
-73.0383314,-40.1424545,60
-73.0381788,-40.1424773,60
-73.0380266,-40.1425003,60
-73.0378892,-40.1425206,60
-73.0377367,-40.1425432,60
-73.0375849,-40.142566,60
-73.0374479,-40.1425861,60
-73.0372953,-40.1426083,60
-73.0371433,-40.1426313,60
-73.037009,-40.1426517,60
-73.0369036,-40.1426746,60
-73.0368504,-40.1427046,60
-73.0368397,-40.1427453,60
-73.0368566,-40.142801,60
-73.0368906,-40.1428543,60
-73.0369444,-40.14288,60
-73.0370184,-40.142882,60
-73.0371019,-40.1428707,60
-73.0371958,-40.142856,60
-73.0373184,-40.1428373,60
-73.0374569,-40.1428164,60
-73.0375921,-40.1427959,60
-73.0377481,-40.1427731,60
-73.0378876,-40.1427526,60
-73.0380409,-40.1427298,60
-73.0381932,-40.1427074,60
-73.038345,-40.1426845,60
-73.038482,-40.1426642,60
-73.038634,-40.1426414,60
-73.0387859,-40.1426185,60
-73.0389229,-40.1425983,60
-73.0390757,-40.1425754,60
-73.0392219,-40.1425535,60
-73.0393363,-40.1425369,60
-73.039474,-40.1425156,60
-73.0396228,-40.1424932,60
-73.0397623,-40.1424728,60
-73.0399185,-40.1424502,60
-73.040072,-40.1424281,60
-73.0402089,-40.1424079,60
-73.0403609,-40.1423853,60
-73.0405105,-40.1423629,60
-73.0406379,-40.1423444,60
-73.0407901,-40.1423204,60
-73.0409454,-40.1422977,60
-73.0410997,-40.1422749,60
-73.0412376,-40.142255,60
-73.0413898,-40.142233,60
-73.0415276,-40.1422121,60
-73.0416751,-40.1421902,60
-73.041796,-40.1421727,60
-73.0419071,-40.1421559,60
-73.0420168,-40.1421389,60
-73.0421232,-40.1421225,60
-73.042209,-40.1421106,60
-73.0423237,-40.1420928,60
-73.0424468,-40.142077,60
-73.0425225,-40.1420748,60
-73.0425518,-40.1420977,60
-73.0425601,-40.1421379,60
-73.0425731,-40.1421875,60
-73.0425844,-40.1422503,60
-73.0425699,-40.1422829,60
-73.0425301,-40.1422969,60
-73.0424692,-40.1423067,60
-73.0423827,-40.1423201,60
-73.0422844,-40.1423346,60
-73.042157,-40.1423542,60
-73.04202,-40.1423748,60
-73.0418853,-40.1423954,60
-73.0417262,-40.1424186,60
-73.0415708,-40.1424414,60
-73.0414322,-40.1424616,60
-73.0413069,-40.1424802,60
-73.0411909,-40.1424972,60
-73.0410679,-40.1425164,60
-73.0409191,-40.1425384,60
-73.040763,-40.1425615,60
-73.0406238,-40.1425819,60
-73.0404706,-40.1426045,60
-73.0403176,-40.1426268,60
-73.040181,-40.1426475,60
-73.0400284,-40.14267,60
-73.0398761,-40.1426925,60
-73.0397392,-40.1427131,60
-73.0395871,-40.1427357,60
-73.0394506,-40.142756,60
-73.0392981,-40.1427788,60
-73.0391459,-40.1428014,60
-73.0389952,-40.1428239,60
-73.0388658,-40.142843,60
-73.038716,-40.1428657,60
-73.0385634,-40.1428881,60
-73.0384256,-40.1429086,60
-73.0382732,-40.1429307,60
-73.0381212,-40.1429531,60
-73.037984,-40.1429737,60
-73.0378334,-40.1429962,60
-73.0376791,-40.1430195,60
-73.0375312,-40.1430413,60
-73.0374081,-40.1430595,60
-73.0372918,-40.1430767,60
-73.0372139,-40.1430883,60
-73.0371556,-40.1430967,60
-73.0370921,-40.143109,60
-73.0370429,-40.1431317,60
-73.0370315,-40.1431693,60
-73.0370564,-40.1432124,60
-73.0370933,-40.1432536,60
-73.0371662,-40.1432975,60
-73.0372572,-40.1433099,60
-73.0373423,-40.143302,60
-73.0374493,-40.143286,60
-73.0375751,-40.1432663,60
-73.0377032,-40.1432467,60
-73.0378491,-40.1432256,60
-73.0379998,-40.143203,60
-73.0381385,-40.1431825,60
-73.0382918,-40.1431598,60
-73.0384437,-40.1431374,60
-73.0385805,-40.1431173,60
-73.0387304,-40.1430946,60
-73.0388842,-40.1430719,60
-73.0390211,-40.1430516,60
-73.0391677,-40.1430304,60
-73.0393058,-40.1430088,60
-73.0394329,-40.1429899,60
-73.0395668,-40.1429695,60
-73.0397203,-40.142946,60
-73.0398632,-40.1429255,60
-73.0400194,-40.1429027,60
-73.0401731,-40.1428803,60
-73.0403105,-40.1428597,60
-73.0404627,-40.142837,60
-73.0406152,-40.1428144,60
-73.0407527,-40.142794,60
-73.0409051,-40.1427715,60
-73.0410568,-40.142749,60
-73.0411931,-40.1427288,60
-73.0413459,-40.1427063,60
-73.0414978,-40.142684,60
-73.0416338,-40.1426635,60
-73.0417868,-40.1426406,60
-73.0419389,-40.1426179,60
-73.0420756,-40.1425981,60
-73.042204,-40.1425787,60
-73.0423121,-40.1425634,60
-73.0424239,-40.1425459,60
-73.0425513,-40.1425311,60
-73.0426435,-40.1425276,60
-73.0426933,-40.1425542,60
-73.042722,-40.1426093,60
-73.0427358,-40.1426718,60
-73.0427188,-40.1427138,60
-73.0426648,-40.1427421,60
-73.0426013,-40.1427538,60
-73.0425105,-40.1427678,60
-73.0423987,-40.142785,60
-73.0422678,-40.142805,60
-73.0421385,-40.1428245,60
-73.0419837,-40.1428473,60
-73.0418278,-40.1428703,60
-73.04169,-40.1428903,60
-73.0415374,-40.1429128,60
-73.0413853,-40.1429353,60
-73.0412486,-40.1429559,60
-73.0410969,-40.1429786,60
-73.0409454,-40.1430009,60
-73.0408085,-40.1430214,60
-73.0406563,-40.1430439,60
-73.0405036,-40.1430666,60
-73.0403669,-40.1430868,60
-73.040215,-40.1431093,60
-73.040063,-40.1431323,60
-73.0399261,-40.1431523,60
-73.0397744,-40.1431749,60
-73.0396229,-40.1431975,60
-73.039484,-40.143218,60
-73.0393353,-40.1432399,60
-73.0391831,-40.1432627,60
-73.0390465,-40.1432836,60
-73.0388935,-40.1433061,60
-73.0387443,-40.1433278,60
-73.0386331,-40.1433443,60
-73.0385242,-40.1433604,60
-73.0383994,-40.1433794,60
-73.0382791,-40.1433978,60
-73.0381254,-40.1434212,60
-73.0379697,-40.1434437,60
-73.0378446,-40.1434613,60
-73.0376958,-40.1434845,60
-73.0375578,-40.1435063,60
-73.0374884,-40.1435255,60
-73.0374478,-40.1435451,60
-73.0374527,-40.1435509,60
-73.0374588,-40.1435641,60
-73.0374866,-40.143595,60
-73.0375323,-40.1436301,60
-73.0375889,-40.1436667,60
-73.0376823,-40.1436986,60
-73.0377808,-40.143703,60
-73.0378997,-40.1436861,60
-73.0380253,-40.1436667,60
-73.0381553,-40.1436463,60
-73.0382861,-40.1436269,60
-73.0384432,-40.1436035,60
-73.0386019,-40.1435803,60
-73.0387411,-40.1435602,60
-73.0388944,-40.1435374,60
-73.0390445,-40.1435149,60
-73.0391765,-40.1434955,60
-73.0393316,-40.143472,60
-73.0394876,-40.1434496,60
-73.0396259,-40.1434291,60
-73.0397777,-40.1434065,60
-73.0399292,-40.1433836,60
-73.0400662,-40.1433632,60
-73.0402181,-40.1433404,60
-73.0403703,-40.1433181,60
-73.0405064,-40.1432979,60
-73.0406585,-40.1432752,60
-73.0408112,-40.1432527,60
-73.040948,-40.1432326,60
-73.0410996,-40.1432102,60
-73.0412521,-40.1431877,60
-73.0413895,-40.1431668,60
-73.0415404,-40.1431445,60
-73.0416932,-40.1431217,60
-73.0418304,-40.1431013,60
-73.0419801,-40.1430791,60
-73.0421304,-40.1430569,60
-73.0422836,-40.1430341,60
-73.0424225,-40.1430138,60
-73.0425726,-40.1429915,60
-73.0427032,-40.1429737,60
-73.042802,-40.1429681,60
-73.0428521,-40.142992,60
-73.0428771,-40.1430313,60
-73.0428998,-40.1430875,60
-73.0429084,-40.1431488,60
-73.0428972,-40.1431743,60
-73.0428487,-40.1431873,60
-73.0427679,-40.1431974,60
-73.0426753,-40.1432109,60
-73.0425542,-40.1432293,60
-73.0424181,-40.1432496,60
-73.0422858,-40.1432699,60
-73.0421315,-40.143293,60
-73.0419766,-40.1433156,60
-73.0418385,-40.143336,60
-73.0416857,-40.1433587,60
-73.0415338,-40.1433819,60
-73.0413973,-40.1434018,60
-73.0412452,-40.1434244,60
-73.0410931,-40.1434468,60
-73.0409564,-40.1434673,60
-73.0408053,-40.1434898,60
-73.0406536,-40.1435123,60
-73.0405152,-40.1435325,60
-73.0403629,-40.1435551,60
-73.040217,-40.1435763,60
-73.0400866,-40.1435964,60
-73.039945,-40.143617,60
-73.0398214,-40.1436348,60
-73.039696,-40.143655,60
-73.0395401,-40.1436788,60
-73.0393833,-40.1437018,60
-73.0392294,-40.1437239,60
-73.039092,-40.1437444,60
-73.0389556,-40.1437674,60
-73.0388774,-40.1437863,60
-73.0388422,-40.1438077,60
-73.0388586,-40.1438158,60
-73.0388787,-40.1438202,60
-73.0389205,-40.143832,60
-73.0389957,-40.1438518,60
-73.0390809,-40.1438747,60
-73.0391932,-40.1439027,60
-73.039311,-40.1439221,60
-73.0394063,-40.1439261,60
-73.0395304,-40.1439095,60
-73.0396642,-40.1438892,60
-73.0397988,-40.143869,60
-73.0399532,-40.1438457,60
-73.0401041,-40.1438245,60
-73.0402203,-40.1438082,60
-73.0403343,-40.1437916,60
-73.0404587,-40.143772,60
-73.0405821,-40.1437533,60
-73.0407317,-40.1437308,60
-73.0408871,-40.143708,60
-73.0410264,-40.1436882,60
-73.0411802,-40.1436659,60
-73.0413317,-40.1436433,60
-73.0414687,-40.143623,60
-73.0416193,-40.1436003,60
-73.0417568,-40.1435801,60
-73.0419008,-40.143559,60
-73.0420459,-40.1435367,60
-73.0421977,-40.1435138,60
-73.042333,-40.143494,60
-73.0424402,-40.1434791,60
-73.0425437,-40.1434632,60
-73.0426631,-40.1434445,60
-73.0427872,-40.1434256,60
-73.0429193,-40.1434111,60
-73.0429896,-40.1434157,60
-73.0430473,-40.1434481,60
-73.0430784,-40.1435043,60
-73.0430914,-40.1435594,60
-73.0430692,-40.1436015,60
-73.0430127,-40.1436249,60
-73.0429479,-40.1436368,60
-73.042854,-40.1436515,60
-73.0427425,-40.1436689,60
-73.0426248,-40.1436872,60
-73.0424834,-40.1437083,60
-73.0423328,-40.1437308,60
-73.0422022,-40.1437495,60
-73.0420575,-40.143771,60
-73.0419369,-40.1437879,60
-73.041826,-40.1438049,60
-73.0416901,-40.1438254,60
-73.0415411,-40.1438483,60
-73.0414018,-40.1438688,60
-73.0412913,-40.1438844,60
-73.0412437,-40.1438905,60
-73.0412226,-40.1438938,60
-73.0412174,-40.1438947,60
</coordinates></LineString>
</Placemark>
<Placemark>
<name>DJI_202603251613_004_PENABLANCA003_Timestamp.MRK</name>
<description>Equipo: M3E | Fecha: 25-03-2026 | Puntos: 524</description>
<styleUrl>#m3e</styleUrl>
<LineString><altitudeMode>relativeToGround</altitudeMode><coordinates>
-73.036925,-40.144083,60
-73.0369246,-40.1440552,60
-73.0369246,-40.1439999,60
-73.0369249,-40.1439235,60
-73.0369247,-40.1438414,60
-73.0369249,-40.1437783,60
-73.0369254,-40.1437132,60
-73.036925,-40.1436562,60
-73.0369254,-40.1436132,60
-73.0369248,-40.1435842,60
-73.0369252,-40.1435824,60
-73.0369245,-40.1435827,60
-73.0369256,-40.1435754,60
-73.036922,-40.1435493,60
-73.0369145,-40.1435204,60
-73.0369092,-40.1435054,60
-73.0369087,-40.1435026,60
-73.0369018,-40.1434909,60
-73.0368743,-40.1434561,60
-73.0368254,-40.1434124,60
-73.0367514,-40.1433572,60
-73.0366884,-40.1433219,60
-73.0366517,-40.1433161,60
-73.0366295,-40.1433489,60
-73.0366247,-40.1433918,60
-73.0366242,-40.143443,60
-73.0366246,-40.1435106,60
-73.0366241,-40.1435826,60
-73.0366246,-40.143649,60
-73.0366254,-40.1437303,60
-73.0366257,-40.1438016,60
-73.0366259,-40.1438357,60
-73.0366263,-40.1438745,60
-73.0366261,-40.1439172,60
-73.0366266,-40.1439482,60
-73.0366267,-40.1439663,60
-73.0366269,-40.1439903,60
-73.0366222,-40.144034,60
-73.0365848,-40.1440869,60
-73.0365194,-40.1441086,60
-73.0364503,-40.1441131,60
-73.0363775,-40.1441023,60
-73.0363388,-40.1440664,60
-73.0363229,-40.144023,60
-73.0363254,-40.1439587,60
-73.0363266,-40.1439096,60
-73.0363263,-40.1438762,60
-73.0363261,-40.143853,60
-73.0363256,-40.14384,60
-73.0363253,-40.1438169,60
-73.0363249,-40.1438011,60
-73.0363252,-40.1437793,60
-73.0363257,-40.143776,60
-73.0363247,-40.1437731,60
-73.0363255,-40.1437471,60
-73.0363251,-40.1437079,60
-73.0363247,-40.143639,60
-73.0363249,-40.1435535,60
-73.0363248,-40.1434648,60
-73.0363247,-40.143356,60
-73.0363246,-40.1432385,60
-73.0363248,-40.1431174,60
-73.0363244,-40.1430114,60
-73.0363249,-40.1428979,60
-73.0363243,-40.1427847,60
-73.0363242,-40.1426783,60
-73.0363244,-40.1425579,60
-73.0363241,-40.1424506,60
-73.0363119,-40.1423448,60
-73.0362653,-40.1422647,60
-73.0361921,-40.1422046,60
-73.0361114,-40.1421552,60
-73.0360618,-40.1421432,60
-73.0360326,-40.1421653,60
-73.0360252,-40.1422048,60
-73.0360244,-40.1422568,60
-73.0360245,-40.1423295,60
-73.0360247,-40.1424103,60
-73.0360252,-40.1425117,60
-73.0360255,-40.1426121,60
-73.0360249,-40.1427286,60
-73.0360251,-40.1428454,60
-73.0360246,-40.1429544,60
-73.0360255,-40.1430747,60
-73.0360253,-40.1431916,60
-73.0360252,-40.1432956,60
-73.036025,-40.1434126,60
-73.0360247,-40.1435222,60
-73.0360251,-40.1436259,60
-73.0360254,-40.143729,60
-73.0360254,-40.1437993,60
-73.0360251,-40.1438372,60
-73.0360253,-40.1438538,60
-73.0360253,-40.1438748,60
-73.0360258,-40.1438958,60
-73.0360258,-40.1439132,60
-73.0360251,-40.1439354,60
-73.0360259,-40.1439774,60
-73.0360261,-40.1440171,60
-73.0360184,-40.1440688,60
-73.0359841,-40.1441145,60
-73.0359178,-40.1441356,60
-73.0358396,-40.1441402,60
-73.0357767,-40.1441293,60
-73.0357365,-40.1440911,60
-73.0357254,-40.1440386,60
-73.0357253,-40.1439804,60
-73.0357255,-40.1439201,60
-73.0357257,-40.1438828,60
-73.0357252,-40.1438636,60
-73.035725,-40.1438437,60
-73.0357242,-40.1438323,60
-73.035725,-40.1438279,60
-73.0357245,-40.1438034,60
-73.0357241,-40.1437538,60
-73.0357242,-40.1436894,60
-73.035724,-40.1436028,60
-73.0357242,-40.1435029,60
-73.0357241,-40.1434038,60
-73.0357242,-40.1432855,60
-73.0357244,-40.1431638,60
-73.0357238,-40.1430554,60
-73.0357241,-40.1429365,60
-73.0357241,-40.142818,60
-73.0357243,-40.1427104,60
-73.0357243,-40.1425944,60
-73.0357245,-40.1424787,60
-73.0357243,-40.1423751,60
-73.0357241,-40.1422543,60
-73.035724,-40.1421488,60
-73.0357245,-40.1420811,60
-73.0357247,-40.1420035,60
-73.0357236,-40.1419498,60
-73.0357132,-40.1418906,60
-73.0356718,-40.1418262,60
-73.0356175,-40.1417768,60
-73.0355439,-40.1417269,60
-73.0354886,-40.1416989,60
-73.035454,-40.1417001,60
-73.035425,-40.1417224,60
-73.0354238,-40.1417696,60
-73.0354249,-40.1418288,60
-73.0354248,-40.1418969,60
-73.035425,-40.141988,60
-73.0354249,-40.1420927,60
-73.0354254,-40.1421957,60
-73.0354257,-40.1423131,60
-73.0354253,-40.142425,60
-73.0354257,-40.142532,60
-73.0354252,-40.1426516,60
-73.0354254,-40.1427591,60
-73.0354253,-40.1428776,60
-73.0354251,-40.1429954,60
-73.0354255,-40.1431133,60
-73.0354253,-40.1432202,60
-73.0354254,-40.1433382,60
-73.0354261,-40.1434541,60
-73.0354262,-40.1435579,60
-73.0354261,-40.1436699,60
-73.0354258,-40.1437619,60
-73.035426,-40.1438194,60
-73.0354258,-40.1438562,60
-73.0354254,-40.143881,60
-73.0354255,-40.1439184,60
-73.0354253,-40.1439501,60
-73.0354261,-40.1439714,60
-73.0354261,-40.1439817,60
-73.0354257,-40.1440143,60
-73.0354249,-40.1440551,60
-73.0354123,-40.144105,60
-73.035368,-40.1441492,60
-73.0352986,-40.1441635,60
-73.0352263,-40.1441634,60
-73.0351623,-40.1441459,60
-73.0351325,-40.1441063,60
-73.035126,-40.1440518,60
-73.0351245,-40.1439959,60
-73.0351245,-40.1439549,60
-73.0351242,-40.1439015,60
-73.0351245,-40.1438836,60
-73.0351244,-40.1438491,60
-73.0351239,-40.1438032,60
-73.0351238,-40.1437492,60
-73.0351239,-40.1436777,60
-73.0351237,-40.143598,60
-73.0351239,-40.1434965,60
-73.0351238,-40.1433846,60
-73.0351238,-40.143278,60
-73.0351238,-40.143155,60
-73.0351235,-40.1430358,60
-73.0351238,-40.1429291,60
-73.0351239,-40.1428107,60
-73.0351241,-40.1426926,60
-73.0351241,-40.1425856,60
-73.0351246,-40.1424668,60
-73.0351244,-40.1423592,60
-73.0351247,-40.1422508,60
-73.0351245,-40.1421675,60
-73.0351245,-40.1420994,60
-73.0351247,-40.1420078,60
-73.0351246,-40.1419075,60
-73.0351244,-40.1418211,60
-73.0351236,-40.1417283,60
-73.0351159,-40.1416488,60
-73.035095,-40.1415944,60
-73.035041,-40.1415566,60
-73.0349523,-40.1415326,60
-73.0348863,-40.1415318,60
-73.0348388,-40.1415577,60
-73.0348253,-40.1416041,60
-73.0348239,-40.1416539,60
-73.0348242,-40.141727,60
-73.0348246,-40.1418172,60
-73.0348249,-40.1419056,60
-73.0348247,-40.1420085,60
-73.0348253,-40.1421222,60
-73.0348248,-40.1422284,60
-73.0348253,-40.1423494,60
-73.0348255,-40.1424693,60
-73.0348257,-40.1425755,60
-73.0348254,-40.1426939,60
-73.0348249,-40.1428129,60
-73.0348243,-40.1429197,60
-73.0348241,-40.143037,60
-73.0348245,-40.1431423,60
-73.034825,-40.1432731,60
-73.0348245,-40.1433814,60
-73.0348251,-40.1434992,60
-73.0348252,-40.1436063,60
-73.0348254,-40.1437158,60
-73.0348258,-40.1438044,60
-73.0348253,-40.1438481,60
-73.0348256,-40.143894,60
-73.0348253,-40.1439351,60
-73.0348256,-40.143968,60
-73.0348256,-40.1440121,60
-73.0348258,-40.1440594,60
-73.0348154,-40.1441231,60
-73.0347746,-40.1441684,60
-73.0347146,-40.1441847,60
-73.0346353,-40.1441863,60
-73.0345677,-40.1441711,60
-73.0345336,-40.1441283,60
-73.0345259,-40.1440793,60
-73.0345241,-40.1440211,60
-73.0345243,-40.1439681,60
-73.0345238,-40.1439223,60
-73.0345241,-40.1438705,60
-73.0345238,-40.1438242,60
-73.0345239,-40.1437669,60
-73.0345236,-40.1436905,60
-73.0345234,-40.1435993,60
-73.0345236,-40.1435058,60
-73.0345233,-40.143392,60
-73.0345237,-40.1432818,60
-73.0345239,-40.14316,60
-73.0345241,-40.1430405,60
-73.0345237,-40.1429226,60
-73.0345237,-40.1428159,60
-73.034524,-40.142698,60
-73.0345239,-40.1425922,60
-73.0345239,-40.1424734,60
-73.0345237,-40.142355,60
-73.0345243,-40.1422511,60
-73.0345242,-40.1421655,60
-73.0345242,-40.1420818,60
-73.0345241,-40.1419839,60
-73.0345242,-40.1418884,60
-73.0345244,-40.1417673,60
-73.034524,-40.1416439,60
-73.0345206,-40.1415459,60
-73.0345046,-40.1414761,60
-73.034459,-40.1414322,60
-73.0343805,-40.1414048,60
-73.0343018,-40.1413949,60
-73.0342476,-40.1414108,60
-73.034226,-40.141449,60
-73.0342234,-40.141501,60
-73.0342236,-40.1415605,60
-73.0342238,-40.1416424,60
-73.0342242,-40.141743,60
-73.0342248,-40.1418524,60
-73.0342243,-40.141958,60
-73.0342247,-40.1420805,60
-73.0342247,-40.1421902,60
-73.0342247,-40.1423083,60
-73.0342247,-40.142427,60
-73.0342247,-40.1425345,60
-73.034225,-40.1426533,60
-73.0342247,-40.1427719,60
-73.0342246,-40.1428894,60
-73.0342248,-40.1429936,60
-73.0342246,-40.1430965,60
-73.034225,-40.1432104,60
-73.0342254,-40.14332,60
-73.0342249,-40.1434412,60
-73.0342248,-40.1435489,60
-73.0342246,-40.1436669,60
-73.0342248,-40.1437856,60
-73.0342248,-40.1438742,60
-73.0342251,-40.1439343,60
-73.0342253,-40.1439662,60
-73.0342245,-40.1439813,60
-73.0342248,-40.1440132,60
-73.0342247,-40.1440639,60
-73.0342198,-40.1441308,60
-73.0341859,-40.1441824,60
-73.0341216,-40.1442055,60
-73.0340441,-40.1442086,60
-73.0339794,-40.1441986,60
-73.0339365,-40.1441613,60
-73.0339266,-40.1441135,60
-73.0339249,-40.1440542,60
-73.0339243,-40.1440084,60
-73.0339248,-40.143974,60
-73.0339241,-40.1439286,60
-73.0339232,-40.1438836,60
-73.0339238,-40.1438639,60
-73.0339237,-40.1438298,60
-73.033923,-40.1437721,60
-73.0339223,-40.143704,60
-73.0339228,-40.1436137,60
-73.033923,-40.1435109,60
-73.0339231,-40.1434086,60
-73.0339233,-40.1432885,60
-73.0339236,-40.1431674,60
-73.0339237,-40.1430611,60
-73.0339239,-40.1429433,60
-73.033924,-40.1428228,60
-73.033924,-40.1427154,60
-73.0339235,-40.1425974,60
-73.0339239,-40.1424783,60
-73.0339238,-40.1423715,60
-73.0339233,-40.1422699,60
-73.0339241,-40.1421774,60
-73.0339241,-40.142085,60
-73.0339237,-40.1419727,60
-73.0339237,-40.1418518,60
-73.0339237,-40.1417413,60
-73.0339234,-40.1416229,60
-73.0339229,-40.1415339,60
-73.0339232,-40.1414872,60
-73.0339231,-40.1414348,60
-73.0339175,-40.1413684,60
-73.0338793,-40.1413108,60
-73.0338185,-40.1412785,60
-73.0337347,-40.1412604,60
-73.0336781,-40.1412611,60
-73.0336346,-40.1412912,60
-73.0336253,-40.1413363,60
-73.0336235,-40.14139,60
-73.0336234,-40.1414632,60
-73.0336236,-40.1415533,60
-73.0336235,-40.1416371,60
-73.0336242,-40.1417244,60
-73.0336242,-40.1418066,60
-73.0336243,-40.141888,60
-73.0336248,-40.1419889,60
-73.0336248,-40.1421045,60
-73.033625,-40.1422239,60
-73.0336246,-40.1423309,60
-73.0336243,-40.1424443,60
-73.0336243,-40.1425597,60
-73.0336238,-40.1426658,60
-73.0336245,-40.1427877,60
-73.0336245,-40.1429081,60
-73.0336246,-40.1430154,60
-73.0336242,-40.1431339,60
-73.0336242,-40.1432407,60
-73.0336242,-40.1433593,60
-73.0336243,-40.1434779,60
-73.0336245,-40.1435963,60
-73.0336246,-40.1437037,60
-73.0336247,-40.1438183,60
-73.0336237,-40.1438981,60
-73.0336247,-40.1439497,60
-73.033625,-40.1439635,60
-73.033625,-40.1439692,60
-73.0336252,-40.1439768,60
-73.0336251,-40.1439831,60
-73.0336248,-40.1440062,60
-73.0336247,-40.1440558,60
-73.0336251,-40.1440983,60
-73.0336237,-40.1441378,60
-73.033597,-40.1441926,60
-73.033538,-40.1442221,60
-73.0334711,-40.1442273,60
-73.033393,-40.1442198,60
-73.0333419,-40.1441879,60
-73.0333256,-40.1441366,60
-73.033324,-40.1440828,60
-73.0333235,-40.1440155,60
-73.0333236,-40.1439721,60
-73.0333233,-40.1439384,60
-73.0333242,-40.1439053,60
-73.0333232,-40.1438739,60
-73.0333235,-40.143832,60
-73.0333232,-40.1437694,60
-73.0333228,-40.1436982,60
-73.0333228,-40.1436054,60
-73.0333228,-40.1435,60
-73.0333229,-40.1433959,60
-73.0333231,-40.1432747,60
-73.0333234,-40.143154,60
-73.0333232,-40.1430457,60
-73.0333235,-40.1429268,60
-73.0333236,-40.1428082,60
-73.0333234,-40.1427013,60
-73.0333232,-40.1425834,60
-73.0333226,-40.1424667,60
-73.0333224,-40.1423734,60
-73.0333226,-40.1422674,60
-73.033323,-40.1421528,60
-73.0333231,-40.1420449,60
-73.0333233,-40.1419244,60
-73.0333234,-40.1418048,60
-73.0333231,-40.141698,60
-73.0333234,-40.1415808,60
-73.0333233,-40.14146,60
-73.0333229,-40.1413603,60
-73.0333217,-40.1412704,60
-73.0333167,-40.1412205,60
-73.0333143,-40.1412085,60
-73.0333149,-40.1412088,60
-73.0333119,-40.1412006,60
-73.0332846,-40.1411728,60
-73.0332299,-40.1411453,60
-73.0331527,-40.1411258,60
-73.0330895,-40.1411231,60
-73.0330414,-40.1411466,60
-73.0330249,-40.1411909,60
-73.0330228,-40.1412381,60
-73.0330218,-40.1413044,60
-73.0330228,-40.1413801,60
-73.033023,-40.1414528,60
-73.0330238,-40.1415424,60
-73.0330238,-40.1416333,60
-73.0330242,-40.1417258,60
-73.0330246,-40.1418364,60
-73.0330244,-40.1419561,60
-73.0330244,-40.1420632,60
-73.033024,-40.1421829,60
-73.0330243,-40.1422972,60
-73.0330241,-40.1423999,60
-73.0330239,-40.1425183,60
-73.0330245,-40.1426382,60
-73.0330248,-40.1427465,60
-73.0330244,-40.1428658,60
-73.0330244,-40.142985,60
-73.0330248,-40.143092,60
-73.0330244,-40.1432104,60
-73.033024,-40.1433293,60
-73.033024,-40.1434358,60
-73.0330245,-40.1435539,60
-73.0330241,-40.143671,60
-73.0330242,-40.1437799,60
-73.0330247,-40.1438923,60
-73.0330245,-40.1439659,60
-73.0330245,-40.1440064,60
-73.0330238,-40.1440382,60
-73.0330245,-40.1440548,60
-73.0330242,-40.1440807,60
-73.033024,-40.144129,60
-73.0330139,-40.1441845,60
-73.0329731,-40.1442231,60
-73.0329054,-40.1442389,60
-73.0328345,-40.1442388,60
-73.0327661,-40.1442228,60
-73.0327315,-40.1441789,60
-73.0327252,-40.1441237,60
-73.0327234,-40.1440724,60
-73.0327231,-40.1440249,60
-73.0327231,-40.1439875,60
-73.0327234,-40.1439454,60
-73.032723,-40.1439011,60
-73.0327229,-40.1438617,60
-73.0327227,-40.1438157,60
-73.0327228,-40.1437419,60
-73.0327228,-40.1436637,60
-73.0327222,-40.1435637,60
-73.0327222,-40.1434521,60
-73.0327219,-40.1433444,60
-73.0327226,-40.143223,60
-73.0327226,-40.1431032,60
-73.0327234,-40.1429874,60
-73.0327226,-40.1428794,60
-73.0327225,-40.1427588,60
-73.0327231,-40.1426411,60
-73.0327229,-40.1425345,60
-73.0327234,-40.1424155,60
-73.0327235,-40.1422999,60
-73.0327238,-40.1421972,60
-73.032723,-40.1420769,60
-73.0327228,-40.1419544,60
-73.0327233,-40.1418459,60
-73.0327233,-40.1417266,60
-73.0327231,-40.1416195,60
-73.0327234,-40.1415009,60
-73.0327233,-40.1413875,60
-73.0327228,-40.1412992,60
-73.0327232,-40.1412193,60
-73.0327219,-40.1411416,60
-73.0327191,-40.1410937,60
-73.0327174,-40.1410797,60
-73.0327159,-40.1410743,60
-73.0326982,-40.1410504,60
-73.0326549,-40.1410203,60
-73.0325733,-40.1409969,60
-73.0325051,-40.1409891,60
-73.0324525,-40.1410037,60
-73.0324251,-40.1410451,60
-73.0324232,-40.1410923,60
-73.0324221,-40.1411626,60
-73.0324217,-40.1412433,60
-73.0324226,-40.1413197,60
-73.0324227,-40.1413944,60
-73.0324233,-40.1414831,60
-73.0324232,-40.1415751,60
-73.0324233,-40.1416653,60
-73.0324235,-40.1417677,60
-73.0324232,-40.1418484,60
-73.0324233,-40.1419469,60
-73.0324237,-40.1420617,60
-73.0324239,-40.1421838,60
</coordinates></LineString>
</Placemark>
<Placemark>
<name>DJI_202603251638_005_PENABLANCA003_Timestamp.MRK</name>
<description>Equipo: M3E | Fecha: 25-03-2026 | Puntos: 630</description>
<styleUrl>#m3e</styleUrl>
<LineString><altitudeMode>relativeToGround</altitudeMode><coordinates>
-73.032424,-40.1422075,60
-73.0324231,-40.1422327,60
-73.0324234,-40.1422855,60
-73.0324232,-40.1423592,60
-73.0324238,-40.1424389,60
-73.0324232,-40.1425401,60
-73.0324234,-40.1426511,60
-73.0324234,-40.1427583,60
-73.0324238,-40.1428806,60
-73.0324235,-40.143,60
-73.0324234,-40.143107,60
-73.0324229,-40.1432257,60
-73.0324232,-40.1433439,60
-73.0324232,-40.1434332,60
-73.0324236,-40.1435153,60
-73.032423,-40.1436005,60
-73.0324227,-40.1437061,60
-73.0324222,-40.1438222,60
-73.0324228,-40.1439423,60
-73.0324232,-40.144043,60
-73.0324207,-40.1441451,60
-73.0324074,-40.1442173,60
-73.0323675,-40.1442471,60
-73.0323088,-40.1442504,60
-73.0322469,-40.1442527,60
-73.0321922,-40.1442451,60
-73.0321437,-40.1442124,60
-73.0321244,-40.1441713,60
-73.0321222,-40.1441341,60
-73.0321224,-40.1440852,60
-73.0321232,-40.1440211,60
-73.0321234,-40.1439478,60
-73.0321229,-40.1438566,60
-73.0321227,-40.1437702,60
-73.0321225,-40.1436839,60
-73.0321228,-40.1435785,60
-73.0321228,-40.1434645,60
-73.0321228,-40.1433536,60
-73.0321221,-40.1432375,60
-73.0321223,-40.1431187,60
-73.0321226,-40.1430117,60
-73.0321222,-40.142897,60
-73.0321224,-40.1427767,60
-73.0321229,-40.1426677,60
-73.0321226,-40.1425506,60
-73.032123,-40.1424434,60
-73.0321228,-40.1423273,60
-73.0321229,-40.1422063,60
-73.0321227,-40.1420952,60
-73.0321214,-40.142018,60
-73.0321216,-40.1419258,60
-73.0321228,-40.1418154,60
-73.0321229,-40.1417073,60
-73.0321224,-40.1415849,60
-73.0321219,-40.1414652,60
-73.0321218,-40.1413568,60
-73.0321216,-40.1412434,60
-73.0321211,-40.1411624,60
-73.0321211,-40.1410997,60
-73.0321213,-40.1410533,60
-73.0321223,-40.1410375,60
-73.0321218,-40.1410376,60
-73.0321214,-40.1410364,60
-73.0321235,-40.1410203,60
-73.0321228,-40.1409852,60
-73.0320996,-40.140927,60
-73.0320485,-40.1408865,60
-73.0319934,-40.1408704,60
-73.0319352,-40.1408592,60
-73.0318836,-40.1408579,60
-73.0318501,-40.1408728,60
-73.0318283,-40.1409174,60
-73.0318233,-40.1409633,60
-73.031822,-40.1410074,60
-73.0318217,-40.1410546,60
-73.0318223,-40.1411059,60
-73.0318225,-40.1411349,60
-73.0318235,-40.1411555,60
-73.0318233,-40.1411994,60
-73.0318232,-40.1412591,60
-73.031823,-40.1413417,60
-73.0318234,-40.141427,60
-73.0318233,-40.1415306,60
-73.0318235,-40.1416395,60
-73.0318228,-40.1417436,60
-73.0318231,-40.1418498,60
-73.0318232,-40.1419742,60
-73.0318238,-40.1420934,60
-73.0318235,-40.1421972,60
-73.0318231,-40.1423162,60
-73.0318232,-40.1424368,60
-73.0318233,-40.1425442,60
-73.031823,-40.1426625,60
-73.0318229,-40.1427811,60
-73.0318229,-40.1428881,60
-73.0318229,-40.1430022,60
-73.0318234,-40.1431071,60
-73.031824,-40.1431964,60
-73.0318236,-40.1432959,60
-73.0318233,-40.1434063,60
-73.0318234,-40.1435078,60
-73.0318233,-40.1436287,60
-73.0318231,-40.1437496,60
-73.0318233,-40.1438578,60
-73.0318238,-40.1439617,60
-73.0318248,-40.1440297,60
-73.0318247,-40.144084,60
-73.031822,-40.1441578,60
-73.0318101,-40.1442203,60
-73.0317736,-40.1442578,60
-73.0316979,-40.1442714,60
-73.0316161,-40.1442717,60
-73.0315613,-40.1442558,60
-73.0315296,-40.1442128,60
-73.0315244,-40.1441582,60
-73.0315236,-40.1441012,60
-73.0315228,-40.1440501,60
-73.0315229,-40.1440224,60
-73.0315228,-40.1439928,60
-73.0315227,-40.143983,60
-73.0315225,-40.1439821,60
-73.031522,-40.1439768,60
-73.0315221,-40.1439638,60
-73.0315226,-40.143963,60
-73.0315225,-40.1439594,60
-73.0315226,-40.1439345,60
-73.031523,-40.1438884,60
-73.0315228,-40.1438203,60
-73.0315222,-40.1437348,60
-73.0315222,-40.1436368,60
-73.0315227,-40.1435431,60
-73.0315227,-40.1434256,60
-73.0315221,-40.1433142,60
-73.0315217,-40.143192,60
-73.0315217,-40.143072,60
-73.0315221,-40.1429654,60
-73.0315228,-40.1428468,60
-73.0315229,-40.1427287,60
-73.0315232,-40.14261,60
-73.0315232,-40.1425034,60
-73.031522,-40.1423867,60
-73.031522,-40.1422961,60
-73.0315223,-40.1421984,60
-73.0315231,-40.1420852,60
-73.0315226,-40.1419633,60
-73.0315222,-40.1418543,60
-73.0315218,-40.141735,60
-73.0315222,-40.1416406,60
-73.0315222,-40.1415291,60
-73.0315228,-40.1414086,60
-73.0315227,-40.1412865,60
-73.0315228,-40.1411777,60
-73.0315218,-40.140985,60
-73.0315213,-40.1409574,60
-73.0315211,-40.1409246,60
-73.0315214,-40.1409108,60
-73.0315213,-40.1409113,60
-73.0315215,-40.1409048,60
-73.0315227,-40.140875,60
-73.0315149,-40.1408268,60
-73.0314705,-40.1407764,60
-73.0313938,-40.1407442,60
-73.0313176,-40.1407329,60
-73.0312596,-40.1407403,60
-73.0312282,-40.1407778,60
-73.0312236,-40.1408217,60
-73.0312219,-40.1408884,60
-73.0312218,-40.1409641,60
-73.0312224,-40.1410498,60
-73.0312226,-40.1411309,60
-73.0312232,-40.1412171,60
-73.0312235,-40.1412969,60
-73.0312232,-40.1413961,60
-73.0312232,-40.141507,60
-73.0312236,-40.1416195,60
-73.0312226,-40.1417103,60
-73.0312229,-40.1418116,60
-73.0312233,-40.1419272,60
-73.0312236,-40.1420389,60
-73.0312236,-40.1421612,60
-73.0312235,-40.1422813,60
-73.0312233,-40.1423887,60
-73.0312232,-40.1425075,60
-73.0312231,-40.1426144,60
-73.0312232,-40.1427331,60
-73.031223,-40.1428517,60
-73.0312231,-40.14297,60
-73.0312231,-40.1430767,60
-73.0312235,-40.1431952,60
-73.0312232,-40.1433134,60
-73.0312231,-40.1434205,60
-73.0312231,-40.1435372,60
-73.0312227,-40.1436557,60
-73.031223,-40.1437607,60
-73.0312232,-40.1438666,60
-73.0312239,-40.1439589,60
-73.0312239,-40.1440073,60
-73.0312239,-40.1440274,60
-73.0312236,-40.1440287,60
-73.0312233,-40.1440299,60
-73.0312232,-40.1440421,60
-73.0312233,-40.144084,60
-73.0312234,-40.1441363,60
-73.0312218,-40.1442044,60
-73.0312051,-40.1442598,60
-73.031152,-40.1442956,60
-73.0310792,-40.1443075,60
-73.0310005,-40.1443047,60
-73.0309506,-40.1442845,60
-73.0309224,-40.1442351,60
-73.0309227,-40.1441805,60
-73.0309226,-40.1441291,60
-73.0309222,-40.1440878,60
-73.0309218,-40.1440527,60
-73.0309216,-40.1440211,60
-73.0309219,-40.1439695,60
-73.0309216,-40.1439389,60
-73.0309217,-40.1439301,60
-73.0309217,-40.1439227,60
-73.0309212,-40.1438997,60
-73.0309217,-40.1438562,60
-73.0309215,-40.1437887,60
-73.0309215,-40.1437039,60
-73.0309218,-40.1436152,60
-73.0309219,-40.1435053,60
-73.0309217,-40.1433995,60
-73.0309216,-40.1432779,60
-73.0309218,-40.1431575,60
-73.0309217,-40.1430383,60
-73.0309217,-40.1429313,60
-73.0309221,-40.1428128,60
-73.0309218,-40.1426949,60
-73.0309222,-40.1425883,60
-73.0309223,-40.1424696,60
-73.0309226,-40.1423646,60
-73.0309225,-40.142248,60
-73.0309225,-40.1421285,60
-73.030922,-40.1420224,60
-73.0309219,-40.1419026,60
-73.0309221,-40.1417826,60
-73.0309221,-40.1416639,60
-73.030922,-40.1415564,60
-73.0309219,-40.1414382,60
-73.0309219,-40.1413318,60
-73.0309221,-40.1412125,60
-73.0309225,-40.1410941,60
-73.0309222,-40.1409821,60
-73.0309217,-40.1409025,60
-73.0309216,-40.1408362,60
-73.0309212,-40.1407838,60
-73.0309217,-40.140756,60
-73.0309215,-40.140727,60
-73.0309171,-40.1406988,60
-73.0308794,-40.1406527,60
-73.0308067,-40.1406199,60
-73.0307317,-40.1406046,60
-73.0306681,-40.1406079,60
-73.0306311,-40.1406428,60
-73.0306227,-40.1406918,60
-73.0306216,-40.1407469,60
-73.0306214,-40.1408251,60
-73.0306219,-40.1409154,60
-73.0306223,-40.1410052,60
-73.030622,-40.141112,60
-73.0306226,-40.141232,60
-73.0306221,-40.1413396,60
-73.0306224,-40.1414564,60
-73.0306223,-40.1415737,60
-73.0306225,-40.1416801,60
-73.0306223,-40.141767,60
-73.0306222,-40.1418589,60
-73.0306229,-40.1419567,60
-73.0306227,-40.1420773,60
-73.0306227,-40.1422003,60
-73.030623,-40.1423092,60
-73.0306228,-40.142429,60
-73.0306229,-40.1425479,60
-73.030623,-40.1426498,60
-73.0306232,-40.1427603,60
-73.0306227,-40.1428764,60
-73.030623,-40.1429845,60
-73.0306231,-40.1431043,60
-73.0306227,-40.1432227,60
-73.0306227,-40.1433294,60
-73.030623,-40.1434479,60
-73.0306232,-40.1435666,60
-73.0306233,-40.143685,60
-73.0306231,-40.1437918,60
-73.0306224,-40.1439087,60
-73.0306225,-40.1439931,60
-73.030623,-40.1440529,60
-73.030623,-40.1440862,60
-73.0306236,-40.1441095,60
-73.0306225,-40.1441235,60
-73.0306223,-40.1441575,60
-73.0306224,-40.1442103,60
-73.030619,-40.144269,60
-73.0305908,-40.1443245,60
-73.0305355,-40.1443539,60
-73.0304581,-40.1443659,60
-73.0303824,-40.1443624,60
-73.0303398,-40.1443348,60
-73.0303236,-40.1442867,60
-73.0303221,-40.1442277,60
-73.0303221,-40.1441599,60
-73.030322,-40.1440896,60
-73.0303222,-40.1440458,60
-73.0303214,-40.1440097,60
-73.0303212,-40.143958,60
-73.0303213,-40.143908,60
-73.0303211,-40.1438529,60
-73.0303213,-40.1437745,60
-73.0303215,-40.1436818,60
-73.0303221,-40.1435868,60
-73.030322,-40.1434715,60
-73.0303224,-40.1433507,60
-73.0303219,-40.1432418,60
-73.0303217,-40.1431213,60
-73.030322,-40.1430021,60
-73.0303221,-40.1428954,60
-73.0303218,-40.1427786,60
-73.0303214,-40.1426646,60
-73.0303214,-40.1425559,60
-73.0303217,-40.1424346,60
-73.0303213,-40.1423151,60
-73.0303212,-40.1422095,60
-73.030321,-40.1420975,60
-73.0303213,-40.1419968,60
-73.0303216,-40.141894,60
-73.0303216,-40.1417721,60
-73.0303215,-40.1416515,60
-73.0303214,-40.1415421,60
-73.0303218,-40.1414201,60
-73.0303216,-40.1413005,60
-73.0303217,-40.1411945,60
-73.030322,-40.1410789,60
-73.0303219,-40.1409593,60
-73.030322,-40.1408531,60
-73.0303219,-40.1407346,60
-73.030319,-40.1406236,60
-73.0303043,-40.1405584,60
-73.0302595,-40.1405124,60
-73.0301801,-40.1404861,60
-73.0301026,-40.140476,60
-73.030054,-40.1404886,60
-73.030027,-40.1405301,60
-73.0300224,-40.140576,60
-73.0300217,-40.1406414,60
-73.0300219,-40.1407089,60
-73.0300222,-40.1407934,60
-73.0300225,-40.1408835,60
-73.0300225,-40.1409945,60
-73.0300225,-40.1411009,60
-73.0300226,-40.141218,60
-73.0300224,-40.1413392,60
-73.0300226,-40.1414478,60
-73.0300228,-40.1415574,60
-73.0300227,-40.1416737,60
-73.0300227,-40.141794,60
-73.0300225,-40.1419019,60
-73.0300225,-40.1420213,60
-73.0300229,-40.1421286,60
-73.030023,-40.1422474,60
-73.030023,-40.1423658,60
-73.0300232,-40.1424665,60
-73.0300231,-40.1425791,60
-73.0300231,-40.142697,60
-73.0300227,-40.1428165,60
-73.0300229,-40.1429242,60
-73.0300227,-40.1430433,60
-73.0300225,-40.1431502,60
-73.0300224,-40.1432686,60
-73.0300228,-40.1433871,60
-73.030023,-40.1434938,60
-73.0300238,-40.1436106,60
-73.030023,-40.1437281,60
-73.0300229,-40.1438368,60
-73.0300228,-40.1439512,60
-73.0300224,-40.1440367,60
-73.0300227,-40.1441125,60
-73.0300221,-40.1441759,60
-73.0300223,-40.1442385,60
-73.0300192,-40.1443108,60
-73.0300031,-40.1443729,60
-73.0299534,-40.1444003,60
-73.0298923,-40.144399,60
-73.0298156,-40.1443862,60
-73.0297525,-40.1443526,60
-73.0297271,-40.1443046,60
-73.0297222,-40.1442425,60
-73.0297215,-40.144166,60
-73.0297218,-40.1440854,60
-73.0297218,-40.1439788,60
-73.0297222,-40.143862,60
-73.029722,-40.1437533,60
-73.0297218,-40.1436345,60
-73.0297214,-40.1435263,60
-73.0297209,-40.1434094,60
-73.0297214,-40.1432917,60
-73.0297213,-40.1432062,60
-73.0297221,-40.143123,60
-73.0297219,-40.1430328,60
-73.0297214,-40.1429287,60
-73.0297217,-40.1428257,60
-73.0297219,-40.1427076,60
-73.0297217,-40.1425986,60
-73.0297216,-40.1424959,60
-73.0297219,-40.1423766,60
-73.0297221,-40.1422571,60
-73.0297215,-40.1421506,60
-73.0297216,-40.1420315,60
-73.0297214,-40.1419136,60
-73.0297211,-40.1418064,60
-73.0297211,-40.1416873,60
-73.0297216,-40.1415692,60
-73.0297215,-40.1414634,60
-73.0297214,-40.1413507,60
-73.0297211,-40.1412432,60
-73.029721,-40.1411368,60
-73.0297214,-40.1410138,60
-73.0297212,-40.140894,60
-73.0297214,-40.1407875,60
-73.0297214,-40.1406706,60
-73.0297213,-40.1405624,60
-73.0297151,-40.1404644,60
-73.0296873,-40.1404115,60
-73.0296308,-40.1403895,60
-73.0295666,-40.1403904,60
-73.0294872,-40.1404021,60
-73.0294425,-40.1404335,60
-73.0294239,-40.1404858,60
-73.0294214,-40.1405483,60
-73.0294209,-40.1406254,60
-73.0294209,-40.1407016,60
-73.0294211,-40.1407933,60
-73.0294215,-40.1408895,60
-73.0294216,-40.1410033,60
-73.0294221,-40.1411223,60
-73.0294225,-40.14124,60
-73.0294231,-40.1413371,60
-73.0294231,-40.141453,60
-73.0294227,-40.1415744,60
-73.0294231,-40.1416832,60
-73.0294229,-40.141803,60
-73.0294222,-40.1419225,60
-73.0294224,-40.1420291,60
-73.0294219,-40.1421475,60
-73.0294219,-40.1422669,60
-73.0294217,-40.1423734,60
-73.0294219,-40.1424918,60
-73.0294224,-40.1426098,60
-73.0294225,-40.1427169,60
-73.0294223,-40.1428347,60
-73.029423,-40.1429348,60
-73.0294228,-40.1430293,60
-73.0294203,-40.1431371,60
-73.0294081,-40.143203,60
-73.0293745,-40.1432269,60
-73.0293214,-40.1432247,60
-73.0292703,-40.1432069,60
-73.0292013,-40.143172,60
-73.0291404,-40.1431107,60
-73.0291215,-40.1430348,60
-73.0291216,-40.1429607,60
-73.0291215,-40.1428666,60
-73.0291214,-40.1427576,60
-73.0291212,-40.142661,60
-73.0291211,-40.1425509,60
-73.029121,-40.1424331,60
-73.0291216,-40.1423257,60
-73.0291211,-40.1422054,60
-73.0291212,-40.1420865,60
-73.0291217,-40.1419794,60
-73.0291219,-40.1418608,60
-73.0291219,-40.1417428,60
-73.0291212,-40.14164,60
-73.0291212,-40.1415229,60
-73.0291213,-40.1414016,60
-73.0291214,-40.1412938,60
-73.0291208,-40.1411759,60
-73.0291212,-40.1410687,60
-73.029121,-40.1409495,60
-73.0291215,-40.1408312,60
-73.0291215,-40.1407136,60
-73.0291205,-40.1406067,60
-73.0291114,-40.14052,60
-73.0290844,-40.1404756,60
-73.0290308,-40.1404682,60
-73.0289633,-40.1404761,60
-73.0288877,-40.1404993,60
-73.028841,-40.1405397,60
-73.0288236,-40.1405998,60
-73.0288209,-40.1406682,60
-73.0288202,-40.1407406,60
-73.0288214,-40.1408233,60
-73.0288209,-40.1409059,60
-73.0288213,-40.1409954,60
-73.0288213,-40.141105,60
-73.0288216,-40.1412216,60
-73.028822,-40.1413107,60
-73.0288219,-40.1414075,60
-73.0288221,-40.1415184,60
-73.0288217,-40.1416276,60
-73.0288219,-40.1417506,60
-73.0288221,-40.1418714,60
-73.0288223,-40.141979,60
-73.0288223,-40.1420978,60
-73.0288223,-40.1422169,60
-73.0288223,-40.1423236,60
-73.0288219,-40.1424425,60
-73.0288219,-40.1425612,60
-73.0288212,-40.1426649,60
-73.0288213,-40.1427796,60
-73.0288184,-40.1428878,60
-73.0288056,-40.142941,60
-73.0287734,-40.1429664,60
-73.0287237,-40.1429574,60
-73.0286805,-40.1429352,60
-73.0286195,-40.1428977,60
-73.0285617,-40.1428453,60
-73.0285297,-40.1427797,60
-73.0285227,-40.1426922,60
-73.0285213,-40.142604,60
-73.0285207,-40.1425237,60
-73.0285204,-40.1424237,60
-73.0285207,-40.1423221,60
-73.0285206,-40.1422075,60
-73.0285204,-40.1420927,60
-73.0285204,-40.1419844,60
-73.0285209,-40.1418637,60
-73.0285211,-40.1417446,60
-73.0285211,-40.1416263,60
-73.0285213,-40.1415193,60
-73.028521,-40.1414105,60
-73.028521,-40.1413021,60
-73.0285212,-40.1411941,60
-73.0285215,-40.1410725,60
-73.0285212,-40.1409513,60
-73.028521,-40.1408453,60
-73.0285206,-40.1407401,60
-73.0285169,-40.1406516,60
-73.0285015,-40.140604,60
-73.0284643,-40.1405739,60
-73.0284089,-40.1405757,60
-73.0283346,-40.1405893,60
-73.0282639,-40.1406215,60
-73.0282284,-40.140675,60
-73.0282218,-40.1407326,60
-73.02822,-40.1408069,60
-73.0282204,-40.1408958,60
-73.0282209,-40.140967,60
-73.0282206,-40.1410301,60
-73.0282208,-40.1411001,60
-73.0282209,-40.1411969,60
-73.0282212,-40.1413052,60
-73.0282213,-40.1414222,60
-73.0282215,-40.1415321,60
-73.0282217,-40.141653,60
-73.0282216,-40.1417725,60
-73.0282221,-40.1418793,60
-73.0282217,-40.141995,60
-73.028222,-40.1421137,60
-73.028221,-40.1422202,60
-73.0282215,-40.1423345,60
-73.0282204,-40.1424504,60
-73.0282081,-40.1425155,60
-73.0281836,-40.1425445,60
-73.0281535,-40.1425453,60
-73.0281139,-40.1425172,60
-73.0280647,-40.1424795,60
-73.0280055,-40.14243,60
-73.0279462,-40.1423559,60
-73.0279212,-40.1422629,60
-73.0279216,-40.1421626,60
-73.0279209,-40.1420672,60
-73.0279206,-40.1419504,60
-73.0279206,-40.1418384,60
-73.0279204,-40.1417164,60
-73.0279206,-40.1415975,60
-73.0279205,-40.1414908,60
-73.0279201,-40.1413727,60
-73.0279203,-40.1412546,60
-73.0279203,-40.141148,60
-73.0279206,-40.1410303,60
-73.0279208,-40.1409154,60
-73.0279181,-40.1408099,60
-73.0279099,-40.1407481,60
-73.0278894,-40.1407229,60
-73.0278765,-40.1407439,60
-73.0278632,-40.140771,60
-73.0278371,-40.1408182,60
-73.0278058,-40.140876,60
-73.0277645,-40.1409501,60
-73.0277232,-40.1410291,60
-73.0276823,-40.1411067,60
-73.0276464,-40.1411861,60
-73.0276243,-40.1412901,60
-73.027621,-40.1413921,60
-73.0276208,-40.1415125,60
-73.0276212,-40.1416344,60
-73.0276216,-40.1417417,60
-73.0276216,-40.1418531,60
-73.0276212,-40.1419593,60
-73.0276261,-40.1420502,60
-73.0276464,-40.1421116,60
-73.0277041,-40.142148,60
-73.0277845,-40.1421594,60
-73.0278672,-40.1421642,60
-73.0279778,-40.1421689,60
-73.0280974,-40.1421733,60
-73.028239,-40.1421796,60
-73.028352,-40.1421833,60
-73.0284312,-40.142186,60
-73.0285157,-40.1421888,60
-73.0286279,-40.1421936,60
-73.0287463,-40.1421983,60
-73.0288922,-40.1422039,60
-73.029051,-40.1422098,60
-73.0292111,-40.1422157,60
-73.0293519,-40.1422209,60
-73.0295068,-40.1422271,60
-73.0296612,-40.1422332,60
-73.0298004,-40.1422386,60
-73.0299551,-40.1422447,60
-73.0301097,-40.1422504,60
-73.030249,-40.1422561,60
-73.0304036,-40.1422618,60
-73.0305578,-40.1422682,60
-73.0306968,-40.1422734,60
-73.0308517,-40.1422796,60
</coordinates></LineString>
</Placemark>
<Placemark>
<name>DJI_202603251638_006_PENABLANCA002_Timestamp.MRK</name>
<description>Equipo: M3E | Fecha: 25-03-2026 | Puntos: 359</description>
<styleUrl>#m3e</styleUrl>
<LineString><altitudeMode>relativeToGround</altitudeMode><coordinates>
-73.0281134,-40.1415386,60
-73.0281136,-40.1415072,60
-73.0281146,-40.141451,60
-73.0281159,-40.141383,60
-73.0281181,-40.1412926,60
-73.0281205,-40.1411901,60
-73.0281229,-40.141089,60
-73.0281263,-40.1409699,60
-73.0281291,-40.1408472,60
-73.0281262,-40.1407552,60
-73.028112,-40.1406905,60
-73.0280641,-40.1406686,60
-73.0279994,-40.1406739,60
-73.0279234,-40.1406905,60
-73.0278618,-40.1407275,60
-73.0278363,-40.1407798,60
-73.0278294,-40.1408442,60
-73.0278264,-40.1409238,60
-73.0278242,-40.1410046,60
-73.0278222,-40.1411072,60
-73.0278198,-40.1412193,60
-73.0278177,-40.1413274,60
-73.0278147,-40.1414502,60
-73.0278121,-40.141571,60
-73.0278094,-40.1416788,60
-73.0278071,-40.1417981,60
-73.027805,-40.1418899,60
-73.0278028,-40.1419846,60
-73.0278007,-40.1420671,60
-73.0277983,-40.142171,60
-73.0277963,-40.1422749,60
-73.0277933,-40.1423967,60
-73.0277906,-40.1425193,60
-73.0277885,-40.1426231,60
-73.0277864,-40.1427237,60
-73.0277847,-40.142833,60
-73.0277821,-40.1429363,60
-73.0277787,-40.1430519,60
-73.0277689,-40.1431739,60
-73.0277349,-40.1432811,60
-73.027686,-40.1433736,60
-73.027637,-40.1434568,60
-73.0275834,-40.1435413,60
-73.0275267,-40.1436257,60
-73.0274854,-40.1436702,60
-73.0274629,-40.1436647,60
-73.027465,-40.1436336,60
-73.0274669,-40.1435953,60
-73.0274673,-40.1435432,60
-73.0274691,-40.1434665,60
-73.0274709,-40.1433754,60
-73.027473,-40.1432814,60
-73.0274755,-40.1431667,60
-73.0274782,-40.143046,60
-73.0274806,-40.1429352,60
-73.0274831,-40.1428158,60
-73.0274855,-40.1426969,60
-73.0274878,-40.1425934,60
-73.0274905,-40.1424758,60
-73.0274934,-40.1423535,60
-73.0274952,-40.1422578,60
-73.0274978,-40.1421729,60
-73.0274996,-40.1420738,60
-73.0275029,-40.1419754,60
-73.0275052,-40.1418582,60
-73.0275078,-40.1417395,60
-73.02751,-40.1416315,60
-73.0275133,-40.1415147,60
-73.0275164,-40.1413976,60
-73.0275189,-40.1412903,60
-73.0275212,-40.14118,60
-73.0275231,-40.1410874,60
-73.0275254,-40.1410105,60
-73.027527,-40.1409244,60
-73.0275267,-40.1408442,60
-73.0275163,-40.1407922,60
-73.0274818,-40.1407626,60
-73.0274375,-40.1407581,60
-73.0273662,-40.1407687,60
-73.0272885,-40.1407739,60
-73.0272437,-40.1407732,60
-73.0272309,-40.1407831,60
-73.0272291,-40.1408105,60
-73.0272272,-40.1408602,60
-73.0272262,-40.1409229,60
-73.0272246,-40.1410063,60
-73.0272229,-40.1410753,60
-73.0272206,-40.141147,60
-73.0272202,-40.1412157,60
-73.0272189,-40.1412697,60
-73.0272175,-40.1413372,60
-73.0272159,-40.1414223,60
-73.027214,-40.1415101,60
-73.0272117,-40.1416155,60
-73.027209,-40.1417306,60
-73.0272069,-40.1418399,60
-73.0272047,-40.1419544,60
-73.0272013,-40.1420725,60
-73.027199,-40.1421801,60
-73.027196,-40.1422994,60
-73.0271933,-40.1424175,60
-73.0271908,-40.1425228,60
-73.0271887,-40.1426408,60
-73.027186,-40.1427584,60
-73.0271829,-40.142877,60
-73.0271802,-40.1429836,60
-73.0271776,-40.1431014,60
-73.0271753,-40.1432089,60
-73.027172,-40.1433281,60
-73.0271693,-40.1434472,60
-73.0271668,-40.1435585,60
-73.0271645,-40.1436632,60
-73.0271616,-40.1437851,60
-73.0271557,-40.1439025,60
-73.0271334,-40.143981,60
-73.0270699,-40.144049,60
-73.0269824,-40.1441006,60
-73.0269219,-40.144124,60
-73.0268769,-40.1441145,60
-73.0268575,-40.1440791,60
-73.0268552,-40.1440379,60
-73.0268559,-40.1439753,60
-73.0268578,-40.1439022,60
-73.02686,-40.1438096,60
-73.0268623,-40.1437312,60
-73.0268641,-40.1436509,60
-73.026866,-40.1435502,60
-73.0268691,-40.1434389,60
-73.0268714,-40.1433314,60
-73.0268743,-40.1432096,60
-73.0268765,-40.1430901,60
-73.0268792,-40.1429857,60
-73.0268811,-40.1428778,60
-73.0268827,-40.1427903,60
-73.0268852,-40.1426907,60
-73.0268879,-40.1425885,60
-73.026891,-40.1424684,60
-73.026894,-40.1423594,60
-73.0268966,-40.1422388,60
-73.026899,-40.1421194,60
-73.0269016,-40.1420048,60
-73.0269037,-40.1419166,60
-73.0269059,-40.1418101,60
-73.0269078,-40.1416945,60
-73.0269113,-40.1415857,60
-73.0269135,-40.1414651,60
-73.0269165,-40.1413448,60
-73.0269192,-40.1412389,60
-73.0269222,-40.1411229,60
-73.0269251,-40.1410198,60
-73.0269278,-40.1409038,60
-73.0269289,-40.1407833,60
-73.0269212,-40.1406977,60
-73.0268841,-40.1406305,60
-73.0268078,-40.1405826,60
-73.0267306,-40.1405551,60
-73.0266748,-40.1405541,60
-73.0266405,-40.1405869,60
-73.0266331,-40.1406285,60
-73.0266307,-40.1406858,60
-73.0266289,-40.1407636,60
-73.0266269,-40.1408463,60
-73.0266247,-40.1409508,60
-73.0266226,-40.141066,60
-73.0266199,-40.1411872,60
-73.0266179,-40.1412964,60
-73.0266159,-40.1414162,60
-73.0266133,-40.1415344,60
-73.0266111,-40.1416409,60
-73.026608,-40.1417607,60
-73.026605,-40.1418789,60
-73.026601,-40.1420567,60
-73.0265995,-40.1421148,60
-73.0265976,-40.1422212,60
-73.026595,-40.1423278,60
-73.0265926,-40.1424467,60
-73.0265897,-40.1425655,60
-73.0265871,-40.1426721,60
-73.0265844,-40.1427909,60
-73.0265821,-40.1428988,60
-73.0265792,-40.143017,60
-73.0265759,-40.1431358,60
-73.0265733,-40.1432548,60
-73.0265711,-40.1433611,60
-73.0265685,-40.1434799,60
-73.0265658,-40.143587,60
-73.0265629,-40.1437046,60
-73.0265598,-40.1438244,60
-73.0265576,-40.1439265,60
-73.0265551,-40.144045,60
-73.0265514,-40.1441616,60
-73.0265409,-40.1442354,60
-73.0265066,-40.1442786,60
-73.0264432,-40.1442944,60
-73.0263676,-40.1442924,60
-73.0263021,-40.1442762,60
-73.0262616,-40.1442348,60
-73.0262531,-40.1441848,60
-73.0262531,-40.1441194,60
-73.0262548,-40.1440365,60
-73.026257,-40.1439493,60
-73.026259,-40.1438401,60
-73.0262616,-40.1437296,60
-73.0262644,-40.143622,60
-73.0262675,-40.143499,60
-73.0262701,-40.1433783,60
-73.0262725,-40.1432592,60
-73.0262752,-40.143153,60
-73.0262779,-40.1430342,60
-73.0262803,-40.1429259,60
-73.0262823,-40.1428073,60
-73.0262853,-40.1426891,60
-73.0262878,-40.1425864,60
-73.0262903,-40.1424739,60
-73.0262934,-40.142358,60
-73.026296,-40.1422471,60
-73.0262984,-40.1421235,60
-73.0263009,-40.1420083,60
-73.0263036,-40.141891,60
-73.0263062,-40.1417818,60
-73.0263088,-40.1416617,60
-73.026311,-40.1415551,60
-73.0263141,-40.1414365,60
-73.0263169,-40.1413177,60
-73.0263192,-40.141211,60
-73.0263218,-40.1410926,60
-73.026324,-40.1409739,60
-73.0263262,-40.1408675,60
-73.0263291,-40.140749,60
-73.0263315,-40.14063,60
-73.0263286,-40.1405421,60
-73.0263076,-40.1404892,60
-73.0262541,-40.1404731,60
-73.026197,-40.1404795,60
-73.026124,-40.1404991,60
-73.0260611,-40.1405434,60
-73.0260361,-40.1405977,60
-73.0260315,-40.1406666,60
-73.0260293,-40.1407491,60
-73.0260275,-40.140837,60
-73.026026,-40.1409334,60
-73.0260237,-40.1410308,60
-73.0260212,-40.141144,60
-73.0260186,-40.1412533,60
-73.026016,-40.1413759,60
-73.0260136,-40.1414843,60
-73.0260111,-40.1416046,60
-73.0260086,-40.1417234,60
-73.0260063,-40.1418302,60
-73.0260037,-40.1419481,60
-73.0260007,-40.1420614,60
-73.025998,-40.1421549,60
-73.0259955,-40.1422733,60
-73.0259928,-40.1423968,60
-73.0259901,-40.1425057,60
-73.0259878,-40.142625,60
-73.0259854,-40.1427442,60
-73.0259825,-40.1428512,60
-73.0259799,-40.1429696,60
-73.0259767,-40.143088,60
-73.0259745,-40.1431946,60
-73.0259713,-40.1433121,60
-73.0259685,-40.143428,60
-73.0259663,-40.1435352,60
-73.0259633,-40.1436537,60
-73.0259609,-40.1437676,60
-73.0259587,-40.1438653,60
-73.0259558,-40.1439798,60
-73.0259511,-40.1440904,60
-73.0259387,-40.144152,60
-73.025902,-40.1441843,60
-73.025842,-40.1441865,60
-73.0257824,-40.1441739,60
-73.0257086,-40.1441433,60
-73.0256652,-40.1440894,60
-73.0256557,-40.1440319,60
-73.0256562,-40.1439568,60
-73.0256579,-40.1438671,60
-73.0256605,-40.1437741,60
-73.0256635,-40.1436627,60
-73.0256655,-40.1435518,60
-73.0256677,-40.1434461,60
-73.0256709,-40.1433251,60
-73.0256736,-40.1432036,60
-73.0256757,-40.143095,60
-73.0256787,-40.1429736,60
-73.0256814,-40.1428535,60
-73.0256838,-40.142749,60
-73.0256864,-40.1426365,60
-73.0256887,-40.1425243,60
-73.025691,-40.1424188,60
-73.0256943,-40.1423015,60
-73.0256971,-40.1421864,60
-73.0256991,-40.1420832,60
-73.0257006,-40.1419845,60
-73.0257035,-40.1418792,60
-73.0257063,-40.1417744,60
-73.0257093,-40.1416542,60
-73.0257111,-40.141533,60
-73.0257134,-40.1414246,60
-73.0257157,-40.1413059,60
-73.0257187,-40.1411883,60
-73.0257213,-40.1410805,60
-73.0257244,-40.1409613,60
-73.025727,-40.1408423,60
-73.0257278,-40.1407462,60
-73.025725,-40.1406884,60
-73.0257174,-40.1406742,60
-73.025713,-40.1406862,60
-73.025704,-40.1407214,60
-73.025694,-40.1407697,60
-73.0256816,-40.1408309,60
-73.0256636,-40.1409145,60
-73.0256434,-40.1410119,60
-73.0256232,-40.1411103,60
-73.0256008,-40.1412221,60
-73.0255766,-40.1413348,60
-73.0255553,-40.1414432,60
-73.0255318,-40.1415594,60
-73.0255072,-40.1416773,60
-73.0254872,-40.1417773,60
-73.0254638,-40.1418879,60
-73.0254389,-40.1420067,60
-73.0254178,-40.1421142,60
-73.0254007,-40.1422322,60
-73.0253934,-40.1423506,60
-73.0253907,-40.1424575,60
-73.0253878,-40.1425758,60
-73.0253856,-40.1426942,60
-73.0253829,-40.1428005,60
-73.02538,-40.1429193,60
-73.0253774,-40.1430379,60
-73.0253755,-40.1431428,60
-73.0253727,-40.1432478,60
-73.0253698,-40.143348,60
-73.0253674,-40.1434648,60
-73.0253644,-40.1435854,60
-73.0253618,-40.1437051,60
-73.0253597,-40.1438048,60
-73.0253536,-40.1438955,60
-73.025342,-40.1439407,60
-73.0253183,-40.1439616,60
-73.0252851,-40.1439547,60
-73.0252498,-40.1439271,60
-73.0252029,-40.1438882,60
-73.025141,-40.1438321,60
-73.0250869,-40.1437565,60
-73.0250638,-40.1436775,60
-73.0250657,-40.1435783,60
-73.0250669,-40.1434827,60
-73.0250691,-40.1433647,60
-73.025072,-40.1432462,60
-73.0250741,-40.143126,60
-73.0250764,-40.1430206,60
-73.0250794,-40.1429258,60
-73.0250804,-40.1428754,60
-73.0250808,-40.1428529,60
-73.0250804,-40.1428471,60
-73.0250798,-40.1428442,60
</coordinates></LineString>
</Placemark>
<Placemark>
<name>DJI_202603251658_001_PENABLANCA001_Timestamp.MRK</name>
<description>Equipo: M3E | Fecha: 25-03-2026 | Puntos: 650</description>
<styleUrl>#m3e</styleUrl>
<LineString><altitudeMode>relativeToGround</altitudeMode><coordinates>
-73.0242575,-40.140704,60
-73.0242574,-40.1407329,60
-73.0242578,-40.1407895,60
-73.0242583,-40.1408666,60
-73.0242583,-40.1409577,60
-73.024258,-40.1410617,60
-73.0242584,-40.1411641,60
-73.024258,-40.1412686,60
-73.0242582,-40.1413787,60
-73.024259,-40.1414945,60
-73.0242587,-40.1416139,60
-73.0242587,-40.141721,60
-73.0242589,-40.1418394,60
-73.0242586,-40.141957,60
-73.0242583,-40.1420637,60
-73.0242582,-40.1421825,60
-73.024258,-40.1422894,60
-73.024258,-40.1424131,60
-73.0242581,-40.142509,60
-73.0242578,-40.1426088,60
-73.0242583,-40.1427271,60
-73.024258,-40.1428478,60
-73.0242595,-40.1429667,60
-73.0242683,-40.1430475,60
-73.0243079,-40.1431033,60
-73.0243793,-40.1431368,60
-73.0244532,-40.1431523,60
-73.0245118,-40.1431491,60
-73.02455,-40.1431154,60
-73.0245584,-40.1430718,60
-73.0245588,-40.1430121,60
-73.024559,-40.142942,60
-73.0245588,-40.1428491,60
-73.0245586,-40.1427433,60
-73.0245588,-40.1426404,60
-73.0245585,-40.1425069,60
-73.0245584,-40.1423982,60
-73.0245585,-40.1422917,60
-73.0245581,-40.1421732,60
-73.0245579,-40.1420545,60
-73.024558,-40.141936,60
-73.024558,-40.1418295,60
-73.0245578,-40.1417104,60
-73.0245579,-40.141592,60
-73.0245577,-40.1414855,60
-73.0245576,-40.1413706,60
-73.0245578,-40.1412515,60
-73.0245581,-40.1411427,60
-73.0245577,-40.1410257,60
-73.0245575,-40.1409112,60
-73.0245597,-40.1408111,60
-73.024575,-40.14074,60
-73.024623,-40.1407083,60
-73.0246874,-40.1407002,60
-73.024767,-40.1407046,60
-73.0248271,-40.1407297,60
-73.0248521,-40.140772,60
-73.0248581,-40.1408289,60
-73.024858,-40.1409011,60
-73.0248576,-40.1409796,60
-73.0248583,-40.1410805,60
-73.0248585,-40.1411932,60
-73.0248586,-40.1413014,60
-73.0248587,-40.1414243,60
-73.0248585,-40.1415455,60
-73.0248588,-40.1416526,60
-73.0248584,-40.1417713,60
-73.0248582,-40.1418894,60
-73.0248583,-40.1419949,60
-73.0248583,-40.1421134,60
-73.0248584,-40.1422319,60
-73.0248583,-40.1423503,60
-73.0248577,-40.1424565,60
-73.0248579,-40.1425763,60
-73.0248578,-40.1426821,60
-73.0248579,-40.1428012,60
-73.0248585,-40.1429196,60
-73.0248591,-40.1430261,60
-73.0248668,-40.1431201,60
-73.0248953,-40.1431713,60
-73.0249495,-40.1431969,60
-73.0250268,-40.143204,60
-73.0251012,-40.1431945,60
-73.0251434,-40.1431632,60
-73.0251576,-40.14311,60
-73.0251589,-40.143048,60
-73.025159,-40.1429765,60
-73.0251592,-40.1428721,60
-73.0251589,-40.142777,60
-73.0251591,-40.1426604,60
-73.0251587,-40.14255,60
-73.0251581,-40.1424335,60
-73.0251578,-40.1423305,60
-73.0251581,-40.1422124,60
-73.0251583,-40.1420939,60
-73.0251582,-40.1419886,60
-73.0251583,-40.1418677,60
-73.0251579,-40.1417466,60
-73.0251579,-40.1416386,60
-73.0251579,-40.1415181,60
-73.0251582,-40.1414019,60
-73.0251584,-40.1412995,60
-73.0251581,-40.14118,60
-73.0251582,-40.1410609,60
-73.025158,-40.1409538,60
-73.0251593,-40.140836,60
-73.0251684,-40.1407521,60
-73.0252088,-40.1407127,60
-73.0252714,-40.1407025,60
-73.0253524,-40.1407079,60
-73.0254204,-40.1407286,60
-73.0254505,-40.1407691,60
-73.0254576,-40.140825,60
-73.0254584,-40.1408945,60
-73.0254582,-40.1409705,60
-73.0254584,-40.141072,60
-73.0254586,-40.1411825,60
-73.0254588,-40.1412892,60
-73.0254588,-40.1414122,60
-73.0254586,-40.1415321,60
-73.0254592,-40.1416355,60
-73.025459,-40.141755,60
-73.0254589,-40.1418743,60
-73.0254592,-40.1419927,60
-73.0254592,-40.1420993,60
-73.0254594,-40.1422179,60
-73.0254592,-40.1423241,60
-73.025459,-40.1424423,60
-73.0254586,-40.1425615,60
-73.0254588,-40.1426792,60
-73.0254583,-40.142786,60
-73.0254587,-40.1429055,60
-73.0254645,-40.1430006,60
-73.0254771,-40.1430423,60
-73.0254982,-40.1430552,60
-73.0255241,-40.1430348,60
-73.0255451,-40.1430038,60
-73.0255811,-40.142951,60
-73.0256243,-40.1428889,60
-73.0256805,-40.1428062,60
-73.0257317,-40.1427104,60
-73.025754,-40.142617,60
-73.0257583,-40.1425058,60
-73.0257587,-40.1423918,60
-73.0257579,-40.1422933,60
-73.0257582,-40.1422035,60
-73.0257584,-40.1420928,60
-73.0257587,-40.141969,60
-73.0257583,-40.1418595,60
-73.0257577,-40.141756,60
-73.0257576,-40.1416533,60
-73.0257577,-40.1415457,60
-73.025758,-40.1414226,60
-73.0257584,-40.1413017,60
-73.0257583,-40.1411943,60
-73.0257583,-40.1410753,60
-73.0257586,-40.1409568,60
-73.0257565,-40.140854,60
-73.0257439,-40.1407729,60
-73.0256986,-40.1407274,60
-73.0256343,-40.1407091,60
-73.0255509,-40.1407065,60
-73.0254477,-40.1407052,60
-73.0253383,-40.140704,60
-73.0252006,-40.1407028,60
-73.0250505,-40.1407011,60
-73.0249062,-40.1407,60
-73.024747,-40.1406982,60
-73.0245927,-40.1406969,60
-73.0244556,-40.1406953,60
-73.0243143,-40.1406874,60
-73.0242078,-40.140654,60
-73.0241272,-40.1405993,60
-73.0240474,-40.1405393,60
-73.0239987,-40.1405157,60
-73.0239652,-40.1405293,60
-73.0239595,-40.1405708,60
-73.0239577,-40.1406198,60
-73.0239577,-40.1406812,60
-73.0239577,-40.140765,60
-73.0239576,-40.1408645,60
-73.0239577,-40.1409737,60
-73.0239573,-40.1410823,60
-73.0239574,-40.1412046,60
-73.0239576,-40.141305,60
-73.0239578,-40.1413998,60
-73.0239587,-40.1415017,60
-73.0239589,-40.1416002,60
-73.0239583,-40.1417181,60
-73.0239583,-40.141839,60
-73.0239581,-40.1419466,60
-73.023959,-40.1420601,60
-73.0239586,-40.1421768,60
-73.0239589,-40.1422758,60
-73.0239589,-40.1423677,60
-73.0239583,-40.1424408,60
-73.0239582,-40.1425256,60
-73.0239581,-40.1426289,60
-73.0239565,-40.1427422,60
-73.0239469,-40.1428245,60
-73.0239252,-40.1428619,60
-73.0238956,-40.1428676,60
-73.0238708,-40.1428416,60
-73.0238323,-40.1428126,60
-73.0237876,-40.1427815,60
-73.0237502,-40.1427542,60
-73.0236993,-40.1427026,60
-73.0236644,-40.1426246,60
-73.0236587,-40.1425398,60
-73.0236577,-40.1424382,60
-73.0236576,-40.1423266,60
-73.023657,-40.142211,60
-73.0236568,-40.1421002,60
-73.0236568,-40.141979,60
-73.0236567,-40.1418734,60
-73.0236567,-40.1417593,60
-73.0236574,-40.1416529,60
-73.0236579,-40.1415307,60
-73.0236577,-40.1414101,60
-73.0236573,-40.1412966,60
-73.0236571,-40.1411958,60
-73.023657,-40.1410828,60
-73.0236571,-40.1409717,60
-73.0236568,-40.1408516,60
-73.023657,-40.1407426,60
-73.0236572,-40.1406239,60
-73.023657,-40.1405178,60
-73.0236568,-40.1403983,60
-73.0236508,-40.1402853,60
-73.0236218,-40.1402052,60
-73.0235637,-40.1401472,60
-73.0234756,-40.1401024,60
-73.0234154,-40.1400833,60
-73.023376,-40.1400983,60
-73.0233597,-40.1401371,60
-73.0233576,-40.1401856,60
-73.0233572,-40.1402456,60
-73.023357,-40.1403296,60
-73.0233568,-40.1404279,60
-73.023357,-40.1405267,60
-73.0233572,-40.1406427,60
-73.0233576,-40.1407516,60
-73.0233573,-40.1408696,60
-73.0233581,-40.1409848,60
-73.0233588,-40.1410718,60
-73.0233584,-40.1411759,60
-73.0233582,-40.1413059,60
-73.0233583,-40.1414156,60
-73.0233583,-40.141525,60
-73.0233586,-40.1416447,60
-73.0233578,-40.1417623,60
-73.0233583,-40.1418455,60
-73.0233581,-40.1419177,60
-73.0233583,-40.1420007,60
-73.0233581,-40.1420845,60
-73.0233577,-40.1421927,60
-73.0233574,-40.1423103,60
-73.0233534,-40.1423893,60
-73.0233466,-40.1424323,60
-73.0233377,-40.1424385,60
-73.0233129,-40.1424264,60
-73.0232662,-40.1424261,60
-73.0232096,-40.1424346,60
-73.0231389,-40.1424412,60
-73.0230855,-40.1424309,60
-73.0230625,-40.1423927,60
-73.0230578,-40.1423486,60
-73.0230572,-40.1422838,60
-73.0230571,-40.1422013,60
-73.0230571,-40.1421135,60
-73.0230569,-40.1420063,60
-73.0230569,-40.1418883,60
-73.0230569,-40.1417823,60
-73.0230568,-40.1416614,60
-73.023056,-40.1415417,60
-73.0230565,-40.141433,60
-73.0230563,-40.1413161,60
-73.0230558,-40.1411976,60
-73.0230562,-40.1410919,60
-73.0230557,-40.1410032,60
-73.0230557,-40.1409152,60
-73.0230561,-40.1408091,60
-73.0230565,-40.140704,60
-73.0230566,-40.1405821,60
-73.0230572,-40.1404609,60
-73.023057,-40.1403532,60
-73.0230564,-40.1402344,60
-73.0230569,-40.140128,60
-73.0230536,-40.1400142,60
-73.0230318,-40.1399355,60
-73.0229719,-40.1398773,60
-73.0228994,-40.1398432,60
-73.0228278,-40.1398247,60
-73.0227787,-40.1398391,60
-73.0227591,-40.1398746,60
-73.0227565,-40.1399239,60
-73.0227564,-40.1399828,60
-73.0227563,-40.140065,60
-73.0227563,-40.1401624,60
-73.0227563,-40.1402604,60
-73.0227565,-40.140378,60
-73.0227564,-40.1404978,60
-73.0227568,-40.1406148,60
-73.0227569,-40.1407172,60
-73.0227558,-40.1408036,60
-73.0227568,-40.1409083,60
-73.0227574,-40.141017,60
-73.0227571,-40.1411405,60
-73.0227572,-40.1412608,60
-73.0227577,-40.1413681,60
-73.0227577,-40.1414867,60
-73.0227579,-40.1416049,60
-73.0227579,-40.1417116,60
-73.0227579,-40.1418305,60
-73.0227579,-40.1419489,60
-73.0227579,-40.1420557,60
-73.0227577,-40.1421734,60
-73.0227577,-40.1422918,60
-73.0227551,-40.1423808,60
-73.0227409,-40.1424269,60
-73.0227194,-40.142437,60
-73.0227006,-40.1424231,60
-73.0226762,-40.1423875,60
-73.0226414,-40.142335,60
-73.0225954,-40.1422644,60
-73.0225462,-40.1421894,60
-73.0224917,-40.1420931,60
-73.0224641,-40.1419945,60
-73.0224579,-40.1418759,60
-73.0224568,-40.1417552,60
-73.0224565,-40.1416472,60
-73.0224562,-40.1415289,60
-73.0224566,-40.1414117,60
-73.0224564,-40.1412966,60
-73.022456,-40.1411937,60
-73.0224561,-40.1410768,60
-73.0224551,-40.1409674,60
-73.0224558,-40.1408467,60
-73.0224554,-40.1407375,60
-73.0224552,-40.1406335,60
-73.022456,-40.1405128,60
-73.0224561,-40.1403927,60
-73.0224562,-40.1402854,60
-73.0224558,-40.1401656,60
-73.0224559,-40.1400476,60
-73.0224515,-40.139956,60
-73.0224344,-40.1399002,60
-73.0223927,-40.1398755,60
-73.0223427,-40.1398835,60
-73.0222779,-40.1399023,60
-73.0222071,-40.1399424,60
-73.0221657,-40.1400041,60
-73.0221571,-40.1400666,60
-73.0221562,-40.140143,60
-73.0221563,-40.140216,60
-73.0221568,-40.1403153,60
-73.022157,-40.1404274,60
-73.0221572,-40.1405472,60
-73.0221576,-40.1406572,60
-73.0221576,-40.1407775,60
-73.0221578,-40.1408842,60
-73.0221574,-40.1410144,60
-73.0221575,-40.1411212,60
-73.0221574,-40.1412377,60
-73.0221572,-40.1413438,60
-73.0221575,-40.1414622,60
-73.0221569,-40.141581,60
-73.0221574,-40.1416879,60
-73.0221573,-40.1418026,60
-73.0221572,-40.1419013,60
-73.0221573,-40.1419975,60
-73.0221569,-40.1421228,60
-73.0221571,-40.1422314,60
-73.0221566,-40.1423482,60
-73.0221573,-40.1424544,60
-73.0221572,-40.1425757,60
-73.0221575,-40.1426736,60
-73.0221573,-40.1427792,60
-73.0221569,-40.142902,60
-73.0221571,-40.1430074,60
-73.0221573,-40.1431285,60
-73.0221576,-40.1432496,60
-73.0221576,-40.1433573,60
-73.0221581,-40.1434762,60
-73.0221575,-40.1435945,60
-73.0221514,-40.1436952,60
-73.0221301,-40.1437486,60
-73.0220718,-40.1437823,60
-73.0219954,-40.1437946,60
-73.0219268,-40.1437926,60
-73.0218732,-40.1437611,60
-73.0218587,-40.1437179,60
-73.0218569,-40.1436603,60
-73.0218567,-40.1435848,60
-73.0218564,-40.1435029,60
-73.0218566,-40.1434104,60
-73.0218566,-40.1432969,60
-73.0218564,-40.1431759,60
-73.0218561,-40.143067,60
-73.021856,-40.1429463,60
-73.0218565,-40.1428385,60
-73.0218564,-40.1427191,60
-73.0218569,-40.1426012,60
-73.0218567,-40.1424841,60
-73.0218568,-40.1423854,60
-73.0218572,-40.1422746,60
-73.0218568,-40.1421544,60
-73.0218567,-40.1420349,60
-73.0218574,-40.1419414,60
-73.021857,-40.1418564,60
-73.0218559,-40.141759,60
-73.0218561,-40.1416619,60
-73.0218565,-40.1415445,60
-73.0218561,-40.141435,60
-73.0218558,-40.141317,60
-73.0218559,-40.1411965,60
-73.0218561,-40.1410877,60
-73.0218559,-40.140969,60
-73.0218561,-40.1408624,60
-73.021856,-40.1407432,60
-73.0218557,-40.1406246,60
-73.021856,-40.1405065,60
-73.0218562,-40.1403989,60
-73.0218563,-40.1402803,60
-73.0218545,-40.1401678,60
-73.0218418,-40.1401011,60
-73.0218028,-40.1400724,60
-73.0217444,-40.1400755,60
-73.0216885,-40.1400923,60
-73.0216154,-40.1401284,60
-73.0215686,-40.1401884,60
-73.021558,-40.1402518,60
-73.0215563,-40.1403296,60
-73.0215562,-40.1404229,60
-73.0215566,-40.1405162,60
-73.0215563,-40.1406268,60
-73.0215563,-40.1407463,60
-73.0215566,-40.1408558,60
-73.0215571,-40.1409762,60
-73.0215572,-40.1410949,60
-73.0215571,-40.1412017,60
-73.0215569,-40.14132,60
-73.0215571,-40.1414377,60
-73.0215572,-40.141544,60
-73.0215572,-40.1416611,60
-73.0215574,-40.1417577,60
-73.0215574,-40.1418468,60
-73.0215573,-40.1419541,60
-73.0215572,-40.1420677,60
-73.0215578,-40.1421725,60
-73.0215568,-40.1422837,60
-73.0215569,-40.1423973,60
-73.0215567,-40.1425048,60
-73.0215571,-40.1426236,60
-73.0215569,-40.142742,60
-73.0215575,-40.1428495,60
-73.021557,-40.1429665,60
-73.0215571,-40.1430823,60
-73.0215571,-40.1431922,60
-73.0215544,-40.1432745,60
-73.0215493,-40.1433176,60
-73.0215432,-40.1433264,60
-73.0215337,-40.1433105,60
-73.021525,-40.1432795,60
-73.0215116,-40.1432306,60
-73.0214746,-40.1431658,60
-73.0214071,-40.1431218,60
-73.021334,-40.1430919,60
-73.0212795,-40.1430506,60
-73.0212588,-40.1429927,60
-73.0212565,-40.1429328,60
-73.0212559,-40.1428505,60
-73.0212558,-40.1427592,60
-73.0212555,-40.1426532,60
-73.021256,-40.1425514,60
-73.0212557,-40.1424474,60
-73.021255,-40.1423433,60
-73.0212553,-40.1422332,60
-73.0212557,-40.1421353,60
-73.0212561,-40.1420231,60
-73.0212565,-40.1419077,60
-73.0212565,-40.1418067,60
-73.0212563,-40.1416965,60
-73.021256,-40.1415878,60
-73.0212559,-40.1414669,60
-73.0212556,-40.1413603,60
-73.0212556,-40.1412405,60
-73.0212555,-40.1411208,60
-73.0212552,-40.1410015,60
-73.0212552,-40.1408947,60
-73.0212557,-40.1407761,60
-73.0212552,-40.1406594,60
-73.0212549,-40.1405648,60
-73.0212554,-40.1404534,60
-73.0212555,-40.1403477,60
-73.0212502,-40.1402444,60
-73.0212278,-40.1401831,60
-73.0211738,-40.1401519,60
-73.0210962,-40.1401368,60
-73.0210187,-40.140138,60
-73.0209754,-40.1401641,60
-73.0209576,-40.1402118,60
-73.0209557,-40.1402685,60
-73.0209557,-40.1403345,60
-73.0209559,-40.1404261,60
-73.0209559,-40.1405297,60
-73.020956,-40.1406328,60
-73.0209566,-40.1407537,60
-73.0209569,-40.140875,60
-73.0209569,-40.1409827,60
-73.0209571,-40.1411135,60
-73.0209575,-40.1412202,60
-73.0209577,-40.1413353,60
-73.0209572,-40.1414486,60
-73.0209575,-40.1415682,60
-73.020957,-40.1416759,60
-73.020957,-40.1417693,60
-73.0209572,-40.1418694,60
-73.0209569,-40.1420012,60
-73.0209569,-40.1420991,60
-73.0209575,-40.1422151,60
-73.0209568,-40.1423329,60
-73.0209571,-40.1424385,60
-73.0209565,-40.1425548,60
-73.0209524,-40.1426408,60
-73.0209471,-40.1426827,60
-73.0209332,-40.1426938,60
-73.0209199,-40.1426688,60
-73.0209058,-40.1426333,60
-73.0208859,-40.1425823,60
-73.0208581,-40.1425076,60
-73.0208243,-40.1424186,60
-73.0207858,-40.1423173,60
-73.0207489,-40.1422178,60
-73.0207061,-40.1421012,60
-73.0206717,-40.1419843,60
-73.0206587,-40.1418803,60
-73.020656,-40.1417639,60
-73.0206553,-40.1416471,60
-73.0206554,-40.1415368,60
-73.0206554,-40.1414141,60
-73.0206551,-40.1413096,60
-73.0206557,-40.1412185,60
-73.0206553,-40.1411332,60
-73.020656,-40.1410259,60
-73.0206558,-40.1409145,60
-73.0206558,-40.140806,60
-73.0206555,-40.1406886,60
-73.0206554,-40.1405822,60
-73.0206549,-40.1404849,60
-73.020655,-40.1403904,60
-73.020655,-40.1402854,60
-73.0206529,-40.1401923,60
-73.020638,-40.140123,60
-73.0205873,-40.1400811,60
-73.0205199,-40.140064,60
-73.0204383,-40.1400589,60
-73.0203829,-40.1400795,60
-73.0203602,-40.1401186,60
-73.0203547,-40.1401736,60
-73.0203552,-40.1402403,60
-73.0203554,-40.1403304,60
-73.0203552,-40.1404247,60
-73.0203555,-40.1405392,60
-73.020356,-40.1406603,60
-73.0203561,-40.140782,60
-73.0203566,-40.140901,60
-73.0203569,-40.1410199,60
-73.0203575,-40.1411263,60
-73.0203569,-40.1412317,60
-73.0203568,-40.1413404,60
-73.0203572,-40.1414481,60
-73.0203563,-40.1415679,60
-73.0203482,-40.1416447,60
-73.0203273,-40.141694,60
-73.0202864,-40.1417266,60
-73.0202128,-40.1417302,60
-73.0201327,-40.1417223,60
-73.0200831,-40.1416988,60
-73.0200597,-40.1416508,60
-73.0200567,-40.1415927,60
-73.0200565,-40.141527,60
-73.020056,-40.1414386,60
-73.0200558,-40.1413353,60
-73.0200558,-40.1412203,60
-73.020056,-40.1411158,60
-73.0200555,-40.1409983,60
-73.0200556,-40.1408907,60
-73.0200555,-40.1407724,60
-73.020055,-40.1406588,60
-73.0200553,-40.1405522,60
-73.0200554,-40.1404304,60
-73.020055,-40.1403123,60
-73.0200492,-40.1402325,60
-73.0200345,-40.1401781,60
-73.0200003,-40.1401639,60
-73.019957,-40.1401897,60
-73.0199173,-40.1402208,60
-73.0198553,-40.1402663,60
-73.0197909,-40.1403322,60
-73.0197573,-40.1404102,60
-73.0197538,-40.1405058,60
-73.019756,-40.1406095,60
-73.0197558,-40.1407114,60
-73.0197563,-40.1408312,60
-73.0197565,-40.1409508,60
-73.0197568,-40.1410587,60
-73.0197568,-40.1411756,60
-73.0197566,-40.1412939,60
-73.0197565,-40.1414016,60
-73.0197566,-40.1415212,60
-73.0197603,-40.1416305,60
-73.0197743,-40.1416912,60
-73.0198226,-40.1417296,60
-73.0198953,-40.1417396,60
-73.0199698,-40.1417375,60
-73.0200727,-40.141733,60
-73.0201958,-40.1417269,60
-73.0203168,-40.1417215,60
-73.0204475,-40.1417203,60
-73.0205305,-40.1417375,60
-73.0205855,-40.1417836,60
-73.0206101,-40.1418417,60
-73.0206442,-40.1419153,60
-73.0207025,-40.1419848,60
-73.0208004,-40.1420565,60
-73.0209107,-40.1421239,60
-73.02102,-40.142192,60
-73.0211168,-40.1422525,60
-73.0212325,-40.1423244,60
-73.0213384,-40.1423902,60
-73.0214576,-40.1424649,60
-73.0215773,-40.1425397,60
-73.021686,-40.1426073,60
-73.0218058,-40.1426815,60
-73.0219278,-40.1427572,60
-73.0220242,-40.1428177,60
-73.0221406,-40.142891,60
-73.0222458,-40.1429556,60
-73.0223262,-40.1430056,60
-73.0223882,-40.1430528,60
-73.0224386,-40.1431276,60
-73.0224536,-40.1432142,60
-73.0224566,-40.1433075,60
-73.0224569,-40.1433981,60
-73.0224574,-40.1434964,60
-73.0224574,-40.1435491,60
-73.0224577,-40.1435802,60
-73.0224578,-40.1435886,60
-73.0224583,-40.1435914,60
</coordinates></LineString>
</Placemark>
</Document>
</kml>